URL,Suburb ,Postcode,Address,Latitude,Longitude,Bedroom,Bathroom ,Type ,Car Park space,Last sold date,Land size,Y = Sold price,primary_school,secondary_school,preschool,train_station,distance_to_cbd
property-house-vic-oakleigh-150785740,Oakleigh,3166,1 Bishop Street,-37.905174,145.093334,2.0,1.0,house,3.0,2026-05-02,495.0,"$1,280,000",7.0,0.0,5.0,4.0,14615.124855769878
property-house-vic-oakleigh-150712212,Oakleigh,3166,170 Atherton Road,-37.900633,145.102345,3.0,2.0,house,2.0,2026-04-18,466.0,"$1,155,500",6.0,0.0,6.0,2.0,14899.573009604503
property-unit-vic-oakleigh-150649632,Oakleigh,3166,1/119 Burlington Street,-37.90325,145.103349,3.0,1.0,unit,2.0,2026-04-18,285.0,"$872,500",6.0,0.0,7.0,2.0,15149.318232040521
property-house-vic-oakleigh-150703704,Oakleigh,3166,33 Tamar Grove,-37.898402,145.096431,3.0,2.0,house,1.0,2026-04-08,539.0,"$1,800,000",7.0,0.0,5.0,4.0,14338.597151243337
property-house-vic-oakleigh-150511528,Oakleigh,3166,191 Huntingdale Road,-37.901866,145.105043,3.0,2.0,house,3.0,2026-03-28,544.0,"$1,245,000",6.0,0.0,6.0,2.0,15170.535900230338
property-house-vic-oakleigh-150408448,Oakleigh,3166,2 Norfolk Avenue,-37.898842,145.100821,3.0,2.0,house,3.0,2026-03-23,352.0,"$1,292,500",6.0,0.0,5.0,2.0,14671.709276626181
property-house-vic-oakleigh-150388028,Oakleigh,3166,5 Saxon Court,-37.8934539,145.1042014,5.0,3.0,house,4.0,2026-03-21,875.0,"$1,967,500",5.0,0.0,3.0,2.0,14554.051557957839
property-unit-vic-oakleigh-150488064,Oakleigh,3166,2/22 Palmerston Grove,-37.897121,145.091596,2.0,1.0,unit,1.0,2026-03-18,250.0,"$930,000",7.0,0.0,5.0,4.0,13918.90004190223
property-house-vic-oakleigh-150352064,Oakleigh,3166,21 Hatter Street,-37.905686,145.087702,3.0,1.0,house,2.0,2026-03-14,506.0,"$1,525,000",6.0,0.0,4.0,4.0,14287.778833022394
property-house-vic-oakleigh-150256844,Oakleigh,3166,112 Burlington Street,-37.903514,145.102737,3.0,1.0,house,1.0,2026-03-14,666.0,"$1,300,000",6.0,0.0,6.0,2.0,15125.886887778923
property-townhouse-vic-oakleigh-150213492,Oakleigh,3166,2/41 Andrew Street,-37.90951179,145.0936862,4.0,2.0,townhouse,2.0,2026-02-28,241.0,"$1,310,000",7.0,0.0,4.0,2.0,14961.936302106405
property-house-vic-oakleigh-150069040,Oakleigh,3166,44 Haughton Road,-37.90402575,145.0924121,5.0,2.0,house,2.0,2026-02-28,357.0,"$1,250,000",6.0,0.0,5.0,4.0,14469.980859239853
property-house-vic-oakleigh-150115688,Oakleigh,3166,96 Burlington Street,-37.903275,145.100787,2.0,1.0,house,4.0,2026-02-21,669.0,"$1,353,000",6.0,0.0,6.0,2.0,14976.345958256703
property-townhouse-vic-oakleigh-150071136,Oakleigh,3166,1/7 Holland Court,-37.90075905,145.0968711,2.0,2.0,townhouse,1.0,2026-02-21,240.0,"$1,125,000",7.0,0.0,5.0,4.0,14533.27410637268
property-unit-vic-oakleigh-150030256,Oakleigh,3166,1/3 Tamar Grove,-37.89652601,145.0968512,3.0,1.0,unit,2.0,2026-02-19,273.0,"$1,160,000",7.0,0.0,5.0,4.0,14238.632500946247
property-house-vic-oakleigh-149765764,Oakleigh,3166,140 Atherton Road,-37.900235,145.099478,4.0,3.0,house,2.0,2025-12-20,628.0,"$1,571,000",7.0,0.0,6.0,2.0,14674.705820584733
property-house-vic-oakleigh-149753276,Oakleigh,3166,23 George Street,-37.902609,145.101942,3.0,2.0,house,2.0,2025-12-20,544.0,"$1,475,000",6.0,0.0,7.0,2.0,15008.431904714867
property-house-vic-oakleigh-149160636,Oakleigh,3166,112 Warrigal Road,-37.904796,145.086178,4.0,1.0,house,2.0,2025-12-15,489.0,"$890,000",6.0,0.0,4.0,4.0,14122.516072819946
property-house-vic-oakleigh-149455824,Oakleigh,3166,20 Eastgate Street,-37.905674,145.08917,3.0,1.0,house,1.0,2025-11-25,534.0,"$1,450,000",6.0,0.0,4.0,4.0,14381.309059391644
property-apartment-vic-oakleigh-147442888,Oakleigh,3166,5/83-85 Drummond Street,-37.89241813,145.0906601,2.0,1.0,apartment,1.0,2025-11-19,73.0,"$460,000",8.0,0.0,1.0,4.0,13529.435830710458
property-unit-vic-oakleigh-149403384,Oakleigh,3166,1149A North Road,-37.909732,145.088367,2.0,1.0,unit,2.0,2025-11-15,262.0,"$730,000",6.0,0.0,4.0,3.0,14640.226980693487
property-house-vic-oakleigh-149366956,Oakleigh,3166,38 Tamar Grove,-37.898938,145.096736,2.0,1.0,house,4.0,2025-11-11,540.0,"$1,220,000",7.0,0.0,5.0,4.0,14396.703324111828
property-house-vic-oakleigh-149335132,Oakleigh,3166,22 Gadd Street,-37.909685,145.097039,4.0,2.0,house,4.0,2025-11-09,700.0,"$1,581,000",7.0,0.0,5.0,2.0,15191.870581536232
property-house-vic-oakleigh-148747072,Oakleigh,3166,23 Clyde Street,-37.897431,145.095478,8.0,3.0,house,3.0,2025-11-08,638.0,"$1,880,000",7.0,0.0,5.0,4.0,14205.947226463008
property-townhouse-vic-oakleigh-149224160,Oakleigh,3166,4/110 Atherton Road,-37.89981539,145.0963986,2.0,1.0,townhouse,1.0,2025-10-30,1219.0,"$597,000",7.0,0.0,5.0,4.0,14434.866602226983
property-house-vic-oakleigh-149173060,Oakleigh,3166,31a Clyde Street,-37.898437,145.095248,3.0,1.0,house,3.0,2025-10-25,487.0,"$1,510,000",7.0,0.0,5.0,4.0,14260.010871184053
property-house-vic-oakleigh-148132628,Oakleigh,3166,19 Winifred Street,-37.895868,145.101933,5.0,3.0,house,3.0,2025-10-18,697.0,"$1,410,000",6.0,0.0,5.0,2.0,14549.868887253733
property-unit-vic-oakleigh-149256788,Oakleigh,3166,1/36 Heath Avenue,-37.902356,145.099786,2.0,1.0,unit,2.0,2025-10-14,178.0,"$890,000",7.0,0.0,5.0,2.0,14843.692180125227
property-townhouse-vic-oakleigh-149097260,Oakleigh,3166,1/1151 North Road,-37.90975384,145.0885341,4.0,3.0,townhouse,2.0,2025-10-08,287.0,"$1,156,000",6.0,0.0,4.0,3.0,14652.43956308948
property-house-vic-oakleigh-149006364,Oakleigh,3166,26 Heath Avenue,-37.901975,145.098955,3.0,2.0,house,2.0,2025-10-04,548.0,"$1,575,000",7.0,0.0,5.0,2.0,14760.413217329999
property-townhouse-vic-oakleigh-148854820,Oakleigh,3166,2/19 John Street,-37.90218079,145.1010231,4.0,2.0,townhouse,2.0,2025-09-26,252.0,"$1,200,000",6.0,0.0,7.0,2.0,14915.768866711483
property-house-vic-oakleigh-147639092,Oakleigh,3166,7A Caloola Avenue,-37.89048,145.090335,3.0,1.0,house,1.0,2025-09-21,696.0,"$1,360,000",7.0,0.0,1.0,4.0,13375.970581258318
property-house-vic-oakleigh-148727752,Oakleigh,3166,22 Heath Avenue,-37.901915,145.09857,5.0,3.0,house,2.0,2025-09-13,548.0,"$2,025,000",7.0,0.0,5.0,3.0,14730.03472818047
property-house-vic-oakleigh-148844776,Oakleigh,3166,23 Gadd Street,-37.909536,145.096702,4.0,2.0,house,2.0,2025-09-08,542.0,"$1,950,000",7.0,0.0,5.0,2.0,15158.83234468085
property-house-vic-oakleigh-148623884,Oakleigh,3166,110 Burlington Street,-37.903484,145.102545,5.0,5.0,house,4.0,2025-08-24,631.0,"$2,510,000",6.0,0.0,6.0,2.0,15110.68822322102
property-house-vic-oakleigh-148588964,Oakleigh,3166,2/172 Atherton Road,-37.9006704,145.1026339,3.0,2.0,house,2.0,2025-08-16,300.0,"$1,430,000",6.0,0.0,6.0,2.0,14922.101725244831
property-house-vic-oakleigh-148477976,Oakleigh,3166,33 William Street,-37.904071,145.102643,3.0,2.0,house,2.0,2025-08-02,435.0,"$1,305,000",6.0,0.0,6.0,2.0,15158.482714642638
property-house-vic-oakleigh-148362516,Oakleigh,3166,180 Atherton Road,-37.900816,145.103648,4.0,1.0,house,4.0,2025-07-26,696.0,"$1,500,000",6.0,0.0,6.0,2.0,15002.239609648488
property-house-vic-oakleigh-148297176,Oakleigh,3166,10 Ford Avenue,-37.907632,145.096592,4.0,3.0,house,4.0,2025-07-12,564.0,"$1,836,000",7.0,0.0,5.0,2.0,15010.32658982698
property-house-vic-oakleigh-147920956,Oakleigh,3166,23 John Street,-37.902494,145.100966,3.0,2.0,house,3.0,2025-06-30,558.0,"$1,550,000",6.0,0.0,6.0,2.0,14933.744539506362
property-house-vic-oakleigh-147963572,Oakleigh,3166,13 Abbeygate Street,-37.905352,145.089872,4.0,1.0,house,3.0,2025-05-31,573.0,"$1,480,000",6.0,0.0,4.0,4.0,14402.494695900841
property-house-vic-oakleigh-147360484,Oakleigh,3166,39 Edward Street,-37.905676,145.102682,5.0,2.0,house,4.0,2025-04-16,494.0,"$1,370,000",7.0,0.0,6.0,2.0,15274.374692796016
property-house-vic-oakleigh-147586456,Oakleigh,3166,10 Gillon Court,-37.892366,145.104934,3.0,1.0,house,1.0,2025-04-13,739.0,"$1,261,000",5.0,0.0,3.0,1.0,14537.531230406454
property-house-vic-oakleigh-147509300,Oakleigh,3166,28 Hatter Street,-37.906061,145.088056,3.0,2.0,house,2.0,2025-04-05,533.0,"$1,457,000",7.0,0.0,4.0,4.0,14338.937563816227
property-apartment-vic-oakleigh-147087520,Oakleigh,3166,115/6 Dalgety Street,-37.89199272,145.089514,2.0,2.0,apartment,1.0,2025-03-11,9635.0,"$535,500",8.0,0.0,1.0,4.0,13420.951967777602
property-unit-vic-oakleigh-147008652,Oakleigh,3166,45 Andrew Street,-37.909756,145.093637,3.0,2.0,unit,2.0,2025-02-28,307.0,"$1,260,000",7.0,0.0,4.0,2.0,14977.250887618946
property-house-vic-oakleigh-147115624,Oakleigh,3166,7 Abbeygate Street,-37.904947,145.08995,3.0,1.0,house,1.0,2025-02-22,534.0,"$1,520,000",6.0,0.0,4.0,4.0,14377.236111245698
property-house-vic-oakleigh-147051036,Oakleigh,3166,17 Downing Street,-37.900556,145.093646,3.0,2.0,house,1.0,2025-02-17,397.0,"$1,395,000",7.0,0.0,5.0,4.0,14300.822816927348
property-house-vic-oakleigh-146791128,Oakleigh,3166,12 Taylor Street,-37.895868,145.091868,4.0,2.0,house,4.0,2025-02-08,550.0,"$1,955,000",7.0,0.0,4.0,4.0,13849.90895895525
property-townhouse-vic-oakleigh-146994380,Oakleigh,3166,1/34 Golf Links Avenue,-37.90724296,145.0911324,4.0,2.0,townhouse,2.0,2025-02-07,329.0,"$1,368,888",7.0,0.0,4.0,4.0,14626.148699834459
property-house-vic-oakleigh-146683188,Oakleigh,3166,132 Warrigal Road,-37.906171,145.085915,2.0,1.0,house,4.0,2025-02-05,558.0,"$1,060,000",6.0,1.0,4.0,4.0,14210.700041884922
property-house-vic-oakleigh-146297072,Oakleigh,3166,46 John Street,-37.904854,145.100872,5.0,3.0,house,2.0,2025-01-29,543.0,"$1,574,000",6.0,0.0,6.0,2.0,15093.808340852773
property-house-vic-oakleigh-146553532,Oakleigh,3166,4 William Street,-37.901274,145.103545,4.0,2.0,house,3.0,2024-11-30,544.0,"$1,760,000",6.0,0.0,6.0,2.0,15026.418296024194
property-house-vic-oakleigh-146494292,Oakleigh,3166,1135 North Road,-37.90951,145.086796,4.0,2.0,house,1.0,2024-11-30,671.0,"$1,130,000",6.0,1.0,4.0,4.0,14524.35315215143
property-house-vic-oakleigh-146117852,Oakleigh,3166,36 Golf Links Avenue,-37.907337,145.091151,4.0,2.0,house,2.0,2024-11-22,796.0,"$1,480,000",7.0,0.0,4.0,4.0,14634.441805671477
property-house-vic-oakleigh-146073768,Oakleigh,3166,142 Haughton Road,-37.9101472,145.1006133,3.0,1.0,house,3.0,2024-10-12,379.0,"$1,010,000",7.0,0.0,6.0,2.0,15459.857702909101
property-house-vic-oakleigh-145963004,Oakleigh,3166,25 Hatter Street,-37.905946,145.08765,3.0,1.0,house,2.0,2024-10-05,566.0,"$1,427,000",7.0,0.0,4.0,4.0,14304.1880125783
property-unit-vic-oakleigh-145986188,Oakleigh,3166,1/1 Leroux Street,-37.89617211,145.1042212,2.0,1.0,unit,1.0,2024-10-05,197.0,"$726,000",6.0,0.0,5.0,2.0,14731.67513738639
property-house-vic-oakleigh-145798568,Oakleigh,3166,13 Golf Links Avenue,-37.905588,145.091117,3.0,1.0,house,5.0,2024-09-14,932.0,"$1,760,000",7.0,0.0,4.0,4.0,14500.96013372429
property-house-vic-oakleigh-145866712,Oakleigh,3166,5 George Street,-37.901253,145.102204,2.0,1.0,house,3.0,2024-09-09,544.0,"$1,170,000",6.0,0.0,7.0,2.0,14932.455165355106
property-house-vic-oakleigh-145433108,Oakleigh,3166,4 Stamford Road,-37.891819,145.101229,3.0,1.0,house,2.0,2024-09-07,725.0,"$1,205,500",5.0,0.0,3.0,1.0,14236.12341279993
property-unit-vic-oakleigh-145634016,Oakleigh,3166,1/16 Bishop Street,-37.906336,145.093473,3.0,1.0,unit,2.0,2024-08-07,317.0,"$1,140,000",7.0,0.0,4.0,3.0,14710.18959570418
property-house-vic-oakleigh-145374784,Oakleigh,3166,1470 Dandenong Road,-37.89640219,145.0975866,3.0,2.0,house,2.0,2024-08-03,521.0,"$1,212,000",6.0,0.0,5.0,4.0,14281.265416246046
property-house-vic-oakleigh-145390440,Oakleigh,3166,1179 North Road,-37.91011,145.092103,3.0,1.0,house,4.0,2024-07-27,568.0,"$1,080,000",8.0,0.0,4.0,2.0,14905.997055319576
property-unit-vic-oakleigh-144820888,Oakleigh,3166,1/201-203 Huntingdale Road,-37.90262743,145.1049148,2.0,1.0,unit,4.0,2024-06-13,132.0,"$640,000",7.0,0.0,6.0,2.0,15213.860136550184
property-house-vic-oakleigh-144892820,Oakleigh,3166,16 Schoolhall Street,-37.907268,145.088036,3.0,1.0,house,2.0,2024-05-25,599.0,"$1,311,000",8.0,0.0,4.0,4.0,14429.625797663388
property-house-vic-oakleigh-144630380,Oakleigh,3166,8 Allen Street,-37.889684,145.090106,3.0,1.0,house,2.0,2024-05-11,650.0,"$1,275,000",6.0,0.0,1.0,4.0,13306.745677026624
property-house-vic-oakleigh-144492752,Oakleigh,3166,10 George Street,-37.901564,145.102492,4.0,1.0,house,2.0,2024-04-06,544.0,"$1,450,000",6.0,0.0,7.0,2.0,14973.721560439555
property-house-vic-oakleigh-144169512,Oakleigh,3166,2 Andrew Street,-37.906141,145.094651,4.0,2.0,house,2.0,2024-03-02,580.0,"$1,585,000",7.0,0.0,5.0,3.0,14772.915988072658
property-house-vic-oakleigh-144134520,Oakleigh,3166,34 Bishop Street,-37.907489,145.093274,4.0,2.0,house,2.0,2024-02-22,613.0,"$1,808,888",7.0,0.0,4.0,3.0,14783.159523252652
property-house-vic-oakleigh-143535884,Oakleigh,3166,94 Haughton Road,-37.907304,145.096896,5.0,3.0,house,4.0,2024-02-17,754.0,"$1,255,000",7.0,0.0,5.0,2.0,15006.134393469503
property-house-vic-oakleigh-143700552,Oakleigh,3166,797 Warrigal Road,-37.890889,145.088858,4.0,2.0,house,3.0,2024-02-15,605.0,"$1,360,000",7.0,0.0,1.0,5.0,13300.393242948572
property-unit-vic-oakleigh-143875016,Oakleigh,3166,1197 North Road,-37.91021665,145.0939216,3.0,1.0,unit,2.0,2024-02-03,312.0,"$833,500",7.0,0.0,4.0,2.0,15030.430923429798
property-house-vic-oakleigh-143704692,Oakleigh,3166,19 Devon Grove,-37.89489,145.1033,3.0,1.0,house,1.0,2024-01-31,713.0,"$1,476,000",6.0,0.0,5.0,2.0,14582.474717094803
property-house-vic-oakleigh-143700500,Oakleigh,3166,28 Davey Avenue,-37.903086,145.0891,3.0,1.0,house,1.0,2023-12-14,586.0,"$1,320,000",6.0,0.0,4.0,4.0,14183.28551037949
property-house-vic-oakleigh-142475156,Oakleigh,3166,17 Andrew Street,-37.906917,145.094165,2.0,1.0,house,2.0,2023-11-13,601.0,"$1,320,000",7.0,0.0,5.0,3.0,14798.521898529052
property-house-vic-oakleigh-143253124,Oakleigh,3166,117 Atherton Road,-37.89951331,145.0965967,3.0,1.0,house,2.0,2023-10-28,288.0,"$1,050,000",7.0,0.0,5.0,4.0,14427.251210898643
property-house-vic-oakleigh-143165012,Oakleigh,3166,1532 Dandenong Road,-37.89945711,145.102603,4.0,3.0,house,5.0,2023-10-21,697.0,"$1,565,000",6.0,0.0,5.0,2.0,14837.26249712724
property-unit-vic-oakleigh-143034476,Oakleigh,3166,1/103 Burlington Street,-37.90299035,145.1012069,3.0,2.0,unit,2.0,2023-10-07,451.0,"$1,255,000",6.0,0.0,6.0,2.0,14984.915510760586
property-house-vic-oakleigh-143081792,Oakleigh,3166,13 The Avenue,-37.896702,145.095008,3.0,1.0,house,3.0,2023-09-21,884.0,"$2,002,000",7.0,0.0,5.0,4.0,14123.310221054766
property-house-vic-oakleigh-142839328,Oakleigh,3166,1A Westley Street,-37.895311,145.094782,4.0,2.0,house,2.0,2023-09-16,672.0,"$1,664,000",7.0,0.0,3.0,4.0,14012.36285022512
property-house-vic-oakleigh-142887448,Oakleigh,3166,71 Burlington Street,-37.902723,145.09897,3.0,2.0,house,2.0,2023-09-16,557.0,"$1,335,000",7.0,0.0,5.0,2.0,14814.164566595775
property-house-vic-oakleigh-142738948,Oakleigh,3166,8 Westgate Street,-37.904705,145.08725,5.0,2.0,house,2.0,2023-08-26,536.0,"$2,121,000",7.0,0.0,4.0,4.0,14184.461866268106
property-house-vic-oakleigh-142719456,Oakleigh,3166,8 Young Street,-37.907498,145.095503,3.0,1.0,house,4.0,2023-08-26,547.0,"$1,336,500",7.0,0.0,5.0,2.0,14929.067924006586
property-house-vic-oakleigh-142487532,Oakleigh,3166,15 Mora Avenue,-37.901987,145.089117,3.0,1.0,house,2.0,2023-08-24,557.0,"$1,430,000",6.0,0.0,4.0,4.0,14103.20293791894
property-house-vic-oakleigh-142771168,Oakleigh,3166,9 Best Street,-37.90857898,145.0917036,4.0,1.0,house,1.0,2023-08-21,581.0,"$1,258,000",7.0,0.0,4.0,3.0,14763.926522418882
property-house-vic-oakleigh-142643836,Oakleigh,3166,29 Tamar Grove,-37.898159,145.096495,2.0,1.0,house,1.0,2023-08-12,543.0,"$1,255,000",7.0,0.0,5.0,4.0,14326.168819700733
property-house-vic-oakleigh-142494148,Oakleigh,3166,21 Dalgety Street,-37.891702,145.090634,5.0,2.0,house,2.0,2023-07-20,633.0,"$2,110,000",8.0,0.0,1.0,4.0,13479.077210606774
property-house-vic-oakleigh-142214352,Oakleigh,3166,17 Logie Street,-37.894431,145.091109,3.0,1.0,house,2.0,2023-06-24,576.0,"$1,380,000",7.0,0.0,2.0,3.0,13698.308394498543
property-house-vic-oakleigh-142012476,Oakleigh,3166,2 The Avenue,-37.896809,145.093777,4.0,1.0,house,2.0,2023-06-03,1048.0,"$1,792,000",7.0,0.0,5.0,4.0,14046.086801042724
property-house-vic-oakleigh-142069200,Oakleigh,3166,5 Ferntree Gully Road,-37.896165,145.100788,3.0,1.0,house,2.0,2023-05-31,588.0,"$900,000",6.0,0.0,5.0,2.0,14489.005126408141
property-house-vic-oakleigh-142065296,Oakleigh,3166,44 Golf Links Avenue,-37.90810569,145.0909795,4.0,2.0,house,4.0,2023-05-27,801.0,"$2,040,000",7.0,0.0,4.0,3.0,14681.574892112016
property-house-vic-oakleigh-142083272,Oakleigh,3166,14 Mora Avenue,-37.902245,145.088894,3.0,1.0,house,2.0,2023-05-18,475.0,"$1,400,000",6.0,0.0,4.0,4.0,14107.571887253998
property-house-vic-oakleigh-141952500,Oakleigh,3166,1444 Dandenong Road,-37.8950298,145.0951996,4.0,1.0,house,2.0,2023-05-10,794.0,"$1,280,000",7.0,0.0,4.0,4.0,14022.210543859965
property-house-vic-oakleigh-141841092,Oakleigh,3166,110 Burlington Street,-37.903484,145.102545,2.0,1.0,house,2.0,2023-04-29,631.0,"$1,240,000",6.0,0.0,6.0,2.0,15110.68822322102
property-house-vic-oakleigh-141821528,Oakleigh,3166,5 Parer Street,-37.909079,145.098022,3.0,1.0,house,2.0,2023-04-22,700.0,"$1,305,000",7.0,0.0,5.0,2.0,15211.004437293173
property-house-vic-oakleigh-141580908,Oakleigh,3166,3 Henry Street,-37.901347,145.104169,3.0,1.0,house,2.0,2023-03-25,538.0,"$1,050,000",6.0,0.0,6.0,2.0,15074.574854158469
property-house-vic-oakleigh-141581188,Oakleigh,3166,72 Eastgate Street,-37.909366,145.088471,3.0,1.0,house,1.0,2023-03-25,561.0,"$1,010,000",6.0,0.0,4.0,3.0,14618.469264294294
property-house-vic-oakleigh-141337900,Oakleigh,3166,42 Bishop Street,-37.908216,145.093142,4.0,2.0,house,2.0,2023-02-25,592.0,"$1,970,000",7.0,0.0,4.0,2.0,14829.143489956725
property-house-vic-oakleigh-140809743,Oakleigh,3166,20 Davey Avenue,-37.903022,145.088488,4.0,1.0,house,2.0,2022-12-03,591.0,"$1,632,000",6.0,0.0,4.0,4.0,14138.560192806277
property-house-vic-oakleigh-140769871,Oakleigh,3166,161 Atherton Road,-37.900147,145.101243,4.0,3.0,house,4.0,2022-11-24,654.0,"$1,950,000",6.0,0.0,6.0,2.0,14790.134353852518
property-house-vic-oakleigh-140574987,Oakleigh,3166,8 Grandview Grove,-37.894008,145.105642,3.0,1.0,house,2.0,2022-11-23,676.0,"$1,050,000",5.0,0.0,3.0,2.0,14692.88886230395
property-house-vic-oakleigh-140019467,Oakleigh,3166,32 Stamford Road,-37.895422,145.100557,3.0,2.0,house,3.0,2022-11-22,655.0,"$1,430,000",6.0,0.0,5.0,2.0,14423.346942772296
property-house-vic-oakleigh-140389659,Oakleigh,3166,6 Wilson Street,-37.908202,145.093938,4.0,2.0,house,2.0,2022-10-22,543.0,"$1,337,000",7.0,0.0,4.0,2.0,14879.613913458244
property-house-vic-oakleigh-139735463,Oakleigh,3166,1446 Dandenong Road,-37.89512228,145.0953451,3.0,2.0,house,1.0,2022-09-01,714.0,"$1,100,000",6.0,0.0,4.0,4.0,14038.60048960854
property-house-vic-oakleigh-139763223,Oakleigh,3166,7 Ferntree Gully Road,-37.896186,145.100969,4.0,2.0,house,2.0,2022-07-30,589.0,"$1,799,000",6.0,0.0,5.0,2.0,14503.117807552428
property-house-vic-oakleigh-139636083,Oakleigh,3166,1189 North Road,-37.910198,145.093079,4.0,2.0,house,2.0,2022-07-25,555.0,"$1,215,000",7.0,0.0,4.0,2.0,14975.034544501434
property-house-vic-oakleigh-139695107,Oakleigh,3166,108 Burlington Street,-37.903463,145.102352,3.0,1.0,house,2.0,2022-07-16,630.0,"$1,130,000",6.0,0.0,6.0,2.0,15096.055289677452
property-house-vic-oakleigh-139590391,Oakleigh,3166,4 Rua Court,-37.891659,145.102462,4.0,3.0,house,4.0,2022-07-09,741.0,"$1,611,000",5.0,0.0,3.0,1.0,14314.501419246102
property-house-vic-oakleigh-139360707,Oakleigh,3166,48 John Street,-37.904989,145.100845,2.0,1.0,house,1.0,2022-06-18,547.0,"$950,000",6.0,0.0,6.0,2.0,15101.593906301534
property-house-vic-oakleigh-139301735,Oakleigh,3166,1 Westgate Street,-37.90415145,145.0869396,5.0,2.0,house,2.0,2022-06-04,661.0,"$1,650,000",7.0,0.0,4.0,4.0,14122.680839176368
property-house-vic-oakleigh-139310387,Oakleigh,3166,6 McIntosh Street,-37.910229,145.099448,4.0,2.0,house,2.0,2022-06-04,741.0,"$1,650,000",8.0,0.0,6.0,2.0,15389.48768076762
property-house-vic-oakleigh-139214323,Oakleigh,3166,57 Bishop Street,-37.909208,145.092593,2.0,1.0,house,1.0,2022-05-18,600.0,"$1,421,000",7.0,0.0,4.0,2.0,14868.694634560516
property-house-vic-oakleigh-139102651,Oakleigh,3166,41 Bishop Street,-37.907788,145.092868,3.0,2.0,house,2.0,2022-05-14,600.0,"$1,422,500",7.0,0.0,4.0,3.0,14779.262604348029
property-house-vic-oakleigh-138701947,Oakleigh,3166,37 Clyde Street,-37.898895,145.095145,4.0,2.0,house,5.0,2022-03-26,735.0,"$1,950,000",7.0,0.0,5.0,4.0,14284.973043417698
property-house-vic-oakleigh-138570583,Oakleigh,3166,16 Caloola Avenue,-37.89093013,145.0905723,5.0,2.0,house,4.0,2022-03-19,893.0,"$2,850,000",7.0,0.0,1.0,4.0,13422.768758642731
property-townhouse-vic-oakleigh-138615091,Oakleigh,3166,41 Estelle Street,-37.89282715,145.1055095,3.0,2.0,townhouse,2.0,2022-03-19,348.0,"$1,520,000",5.0,0.0,3.0,1.0,14608.234751680317
property-house-vic-oakleigh-137911162,Oakleigh,3166,1187 North Road,-37.910186,145.09292,4.0,2.0,house,2.0,2022-02-28,557.0,"$1,150,000",7.0,0.0,4.0,2.0,14963.953386441965
property-house-vic-oakleigh-138306962,Oakleigh,3166,43 Abbeygate Street,-37.907445,145.089465,2.0,1.0,house,1.0,2022-02-12,506.0,"$1,425,000",8.0,0.0,4.0,4.0,14534.355373878543
property-unit-vic-oakleigh-138292502,Oakleigh,3166,1/25 Connell Road,-37.90223949,145.0980662,2.0,1.0,unit,2.0,2022-02-03,178.0,"$728,000",7.0,0.0,5.0,3.0,14718.77579486744
property-unit-vic-oakleigh-137975054,Oakleigh,3166,1/22 Palmerston Grove,-37.897121,145.091596,3.0,1.0,unit,2.0,2021-12-29,359.0,"$1,140,000",7.0,0.0,5.0,4.0,13918.90004190223
property-unit-vic-oakleigh-137887954,Oakleigh,3166,1/12 Golf Links Avenue,-37.905351,145.091498,3.0,2.0,unit,1.0,2021-12-11,364.0,"$1,207,500",7.0,0.0,4.0,4.0,14508.098088110606
property-unit-vic-oakleigh-137693218,Oakleigh,3166,1/1221 North Road,-37.91037467,145.096545,3.0,1.0,unit,3.0,2021-11-20,431.0,"$900,000",8.0,0.0,4.0,2.0,15211.419041407808
property-house-vic-oakleigh-137577934,Oakleigh,3166,21 Bishop Street,-37.906405,145.09312,2.0,1.0,house,1.0,2021-11-15,566.0,"$1,370,000",7.0,0.0,4.0,3.0,14692.274711261753
property-house-vic-oakleigh-137478634,Oakleigh,3166,2/27 Downing Street,-37.90116555,145.0935333,3.0,1.0,house,2.0,2021-11-06,224.0,"$1,056,000",7.0,0.0,5.0,4.0,14336.850258466178
property-house-vic-oakleigh-137543518,Oakleigh,3166,35 Westgate Street,-37.90654,145.086486,4.0,2.0,house,2.0,2021-11-03,544.0,"$1,985,000",7.0,0.0,4.0,4.0,14275.274137910385
property-house-vic-oakleigh-137381018,Oakleigh,3166,6 Young Street,-37.907219,145.095556,3.0,1.0,house,2.0,2021-10-16,638.0,"$1,475,000",7.0,0.0,5.0,2.0,14911.884829013845
property-house-vic-oakleigh-136911930,Oakleigh,3166,98 Atkinson Street,-37.896393,145.093128,4.0,2.0,house,2.0,2021-09-03,1156.0,"$2,825,000",7.0,0.0,4.0,4.0,13972.722668828812
property-house-vic-oakleigh-136724354,Oakleigh,3166,1203 North Road,-37.910328,145.094407,4.0,1.0,house,2.0,2021-08-14,709.0,"$1,140,000",7.0,0.0,4.0,2.0,15070.032266255725
property-house-vic-oakleigh-136729974,Oakleigh,3166,45 William Street,-37.904907,145.102485,3.0,2.0,house,2.0,2021-08-05,547.0,"$1,710,000",6.0,0.0,6.0,2.0,15206.610316692706
property-house-vic-oakleigh-136644358,Oakleigh,3166,29 Estelle Street,-37.892678,145.104175,3.0,1.0,house,2.0,2021-07-31,585.0,"$1,389,000",5.0,0.0,3.0,1.0,14502.613166756984
property-house-vic-oakleigh-136348686,Oakleigh,3166,14 Regent Street,-37.90036,145.094959,2.0,1.0,house,2.0,2021-07-16,360.0,"$870,000",7.0,0.0,5.0,4.0,14375.482292026581
property-house-vic-oakleigh-136348366,Oakleigh,3166,19 Golf Links Avenue,-37.906217,145.090998,3.0,1.0,house,1.0,2021-07-09,966.0,"$1,770,600",7.0,0.0,4.0,4.0,14540.303585491245
property-house-vic-oakleigh-136177018,Oakleigh,3166,140 Haughton Road,-37.910108,145.100561,4.0,2.0,house,3.0,2021-06-12,407.0,"$895,000",7.0,0.0,6.0,2.0,15453.533061449793
property-house-vic-oakleigh-136251654,Oakleigh,3166,38 William Street,-37.90441,145.102942,4.0,2.0,house,1.0,2021-06-05,546.0,"$1,670,000",6.0,0.0,6.0,2.0,15202.62651479171
property-house-vic-oakleigh-136338502,Oakleigh,3166,11 Connell Road,-37.901181,145.098316,3.0,1.0,house,1.0,2021-06-05,700.0,"$1,579,000",7.0,0.0,5.0,3.0,14661.187151753276
property-house-vic-oakleigh-136018454,Oakleigh,3166,18 Bishop Street,-37.906437,145.093461,4.0,1.0,house,2.0,2021-05-15,660.0,"$1,390,000",7.0,0.0,4.0,3.0,14716.905210298373
property-house-vic-oakleigh-136069378,Oakleigh,3166,9 Winifred Street,-37.895194,145.102052,3.0,1.0,house,1.0,2021-05-15,689.0,"$1,360,000",6.0,0.0,5.0,2.0,14513.836968951864
property-house-vic-oakleigh-134870846,Oakleigh,3166,4 Caloola Avenue,-37.890799,145.089406,4.0,2.0,house,2.0,2021-05-12,675.0,"$1,450,000",8.0,0.0,1.0,5.0,13332.484960492435
property-unit-vic-oakleigh-135904446,Oakleigh,3166,1/136 Haughton Road,-37.90990124,145.1002894,3.0,2.0,unit,1.0,2021-04-24,323.0,"$875,000",7.0,0.0,6.0,2.0,15420.453520147297
property-house-vic-oakleigh-135768626,Oakleigh,3166,1 Andrew Street,-37.905875,145.09434,4.0,2.0,house,2.0,2021-04-17,903.0,"$1,450,000",7.0,0.0,5.0,3.0,14732.878765333178
property-house-vic-oakleigh-135555642,Oakleigh,3166,797 Warrigal Road,-37.890889,145.088858,4.0,2.0,house,2.0,2021-03-20,601.0,"$1,280,000",7.0,0.0,1.0,5.0,13300.393242948572
property-house-vic-oakleigh-135464974,Oakleigh,3166,10 Henry Street,-37.901793,145.104442,5.0,2.0,house,3.0,2021-03-08,543.0,"$1,540,000",6.0,0.0,6.0,2.0,15123.966362433308
property-house-vic-oakleigh-135450534,Oakleigh,3166,1255 North Road,-37.910987,145.100054,3.0,1.0,house,1.0,2021-03-06,689.0,"$1,360,000",6.0,0.0,6.0,2.0,15485.309201920521
property-house-vic-oakleigh-134965070,Oakleigh,3166,10 Schoolhall Street,-37.907165,145.087197,5.0,3.0,house,2.0,2020-12-17,596.0,"$1,350,000",6.0,0.0,4.0,4.0,14368.374198395877
property-house-vic-oakleigh-134800486,Oakleigh,3166,73 Drummond Street,-37.890419,145.090997,3.0,1.0,house,2.0,2020-11-28,624.0,"$1,351,000",7.0,0.0,1.0,4.0,13418.318868706441
property-house-vic-oakleigh-134510906,Oakleigh,3166,52 Haughton Road,-37.905011,145.09385,3.0,1.0,house,1.0,2020-11-14,595.0,"$999,000",6.0,0.0,5.0,4.0,14637.063055142684
property-unit-vic-oakleigh-134478582,Oakleigh,3166,1/8 Parer Street,-37.9096076,145.0982704,3.0,2.0,unit,2.0,2020-10-31,297.0,"$830,000",7.0,0.0,5.0,2.0,15266.417331466726
property-unit-vic-oakleigh-134268066,Oakleigh,3166,5/24 Grant Street,-37.898831,145.0979987,2.0,1.0,unit,1.0,2020-10-23,179.0,"$684,500",7.0,0.0,6.0,4.0,14475.979883945336
property-house-vic-oakleigh-134107178,Oakleigh,3166,41 Edward Street,-37.905697,145.10284,4.0,2.0,house,2.0,2020-10-22,511.0,"$1,330,000",7.0,0.0,6.0,2.0,15286.540607404477
property-apartment-vic-oakleigh-134453422,Oakleigh,3166,5/110 Atherton Road,-37.89981539,145.0963986,2.0,1.0,apartment,1.0,2020-10-22,1219.0,"$545,200",7.0,0.0,5.0,4.0,14434.866602226983
property-townhouse-vic-oakleigh-134012526,Oakleigh,3166,2/10 Winifred Street,-37.89521169,145.1023901,3.0,2.0,townhouse,1.0,2020-08-02,398.0,"$965,000",6.0,0.0,5.0,2.0,14538.937880160049
property-house-vic-oakleigh-133959558,Oakleigh,3166,25 Tamar Grove,-37.897926,145.096535,4.0,2.0,house,2.0,2020-07-31,540.0,"$1,490,000",7.0,0.0,5.0,4.0,14312.82183580887
property-house-vic-oakleigh-133857866,Oakleigh,3166,15 Davey Avenue,-37.902723,145.088359,5.0,2.0,house,4.0,2020-07-14,674.0,"$1,680,000",6.0,0.0,4.0,4.0,14107.927534601751
property-house-vic-oakleigh-133600682,Oakleigh,3166,11 Tamar Grove,-37.897037,145.09674,4.0,3.0,house,3.0,2020-07-02,624.0,"$1,876,200",7.0,0.0,5.0,4.0,14265.843928320723
property-house-vic-oakleigh-133720694,Oakleigh,3166,5 Holland Court,-37.900517,145.096855,3.0,1.0,house,2.0,2020-06-27,573.0,"$1,065,000",7.0,0.0,5.0,4.0,14515.158446523848
property-house-vic-oakleigh-133462298,Oakleigh,3166,20 Westminster Street,-37.901696,145.095641,3.0,1.0,house,2.0,2020-06-16,459.0,"$1,320,000",7.0,0.0,5.0,4.0,14516.424555401683
property-house-vic-oakleigh-133558302,Oakleigh,3166,2 Norfolk Avenue,-37.898842,145.100821,2.0,1.0,house,1.0,2020-06-12,352.0,"$760,000",6.0,0.0,5.0,2.0,14671.709276626181
property-house-vic-oakleigh-133319354,Oakleigh,3166,165 Atherton Road,-37.900229,145.101855,3.0,1.0,house,1.0,2020-04-23,970.0,"$1,650,000",6.0,0.0,5.0,2.0,14838.030776649375
property-house-vic-oakleigh-133249142,Oakleigh,3166,44 George Street,-37.904969,145.101835,3.0,1.0,house,1.0,2020-04-18,542.0,"$1,125,000",6.0,0.0,6.0,2.0,15167.001146182538
property-house-vic-oakleigh-133249138,Oakleigh,3166,45 Andrew Street,-37.909756,145.093637,3.0,1.0,house,1.0,2020-04-17,687.0,"$1,030,300",7.0,0.0,4.0,2.0,14977.250887618946
property-house-vic-oakleigh-132904134,Oakleigh,3166,17 Mora Avenue,-37.902008,145.089276,4.0,2.0,house,2.0,2020-02-29,566.0,"$1,546,000",6.0,0.0,4.0,4.0,14115.206821299898
property-unit-vic-oakleigh-132689034,Oakleigh,3166,4/15 Taylor Street,-37.895609,145.092101,2.0,1.0,unit,1.0,2020-02-15,250.0,"$839,500",7.0,0.0,3.0,4.0,13847.91615931168
property-house-vic-oakleigh-132464442,Oakleigh,3166,15 Gillon Court,-37.892331,145.104434,3.0,2.0,house,2.0,2019-12-14,650.0,"$1,170,000",5.0,0.0,3.0,1.0,14499.239335042494
property-house-vic-oakleigh-132429086,Oakleigh,3166,33 Eastgate Street,-37.906538,145.088579,3.0,1.0,house,2.0,2019-12-08,539.0,"$1,255,000",8.0,0.0,4.0,4.0,14408.67828870221
property-house-vic-oakleigh-132448374,Oakleigh,3166,4 Taylor Street,-37.895794,145.091199,2.0,2.0,house,2.0,2019-12-07,547.0,"$1,455,000",7.0,0.0,4.0,4.0,13798.972903965167
property-house-vic-oakleigh-132327458,Oakleigh,3166,12 Gadd Street,-37.908985,145.097171,4.0,1.0,house,5.0,2019-11-30,713.0,"$1,320,000",7.0,0.0,5.0,2.0,15148.384313417379
property-townhouse-vic-oakleigh-132027702,Oakleigh,3166,1/69 Drummond Street,-37.89014671,145.0910801,3.0,2.0,townhouse,3.0,2019-10-19,259.0,"$1,000,000",7.0,0.0,1.0,4.0,13406.020113911205
property-house-vic-oakleigh-129844046,Oakleigh,3166,20 Mora Avenue,-37.902362,145.089436,3.0,1.0,house,3.0,2019-10-18,723.0,"$1,149,000",6.0,0.0,4.0,4.0,14151.79055257082
property-house-vic-oakleigh-130274294,Oakleigh,3166,38 Andrew Street,-37.909505,145.094192,3.0,1.0,house,5.0,2019-09-28,673.0,"$1,100,000",7.0,0.0,4.0,2.0,14993.994743940102
property-house-vic-oakleigh-131853890,Oakleigh,3166,13 Henry Street,-37.902021,145.104038,3.0,1.0,house,1.0,2019-09-21,543.0,"$1,120,000",6.0,0.0,6.0,2.0,15111.70599252379
property-house-vic-oakleigh-131770438,Oakleigh,3166,12 Lincoln Avenue,-37.898812,145.099537,4.0,2.0,house,2.0,2019-08-28,532.0,"$1,640,000",6.0,0.0,6.0,3.0,14580.753990137022
property-house-vic-oakleigh-131594850,Oakleigh,3166,14 Andrew Street,-37.906968,145.094505,3.0,1.0,house,2.0,2019-08-17,613.0,"$970,000",7.0,0.0,5.0,2.0,14824.518551531863
property-house-vic-oakleigh-131487766,Oakleigh,3166,12 Merbow Street,-37.901404,145.10016,3.0,1.0,house,1.0,2019-08-03,589.0,"$1,090,000",6.0,0.0,6.0,2.0,14802.623664617373
property-house-vic-oakleigh-130625986,Oakleigh,3166,1460 Dandenong Road,-37.895924,145.096535,3.0,1.0,house,1.0,2019-07-02,589.0,"$700,000",7.0,0.0,5.0,4.0,14175.72249809997
property-house-vic-oakleigh-131224834,Oakleigh,3166,15 Eastgate Street,-37.905313,145.08871,3.0,2.0,house,2.0,2019-06-22,543.0,"$1,201,000",6.0,0.0,4.0,4.0,14324.428334321134
property-house-vic-oakleigh-131209530,Oakleigh,3166,125 Atherton Road,-37.899476,145.097283,4.0,2.0,house,2.0,2019-06-15,694.0,"$1,564,000",7.0,0.0,5.0,4.0,14471.566347550997
property-house-vic-oakleigh-130402934,Oakleigh,3166,29 Bishop Street,-37.906947,145.092878,4.0,2.0,house,4.0,2019-06-08,565.0,"$1,018,000",7.0,0.0,4.0,3.0,14716.920424474205
property-house-vic-oakleigh-131025682,Oakleigh,3166,165 Atherton Road,-37.900125,145.101868,3.0,1.0,house,4.0,2019-05-18,970.0,"$1,480,000",6.0,0.0,5.0,2.0,14831.80974931246
property-townhouse-vic-oakleigh-130730882,Oakleigh,3166,2/12 Parer Street,-37.909873,145.098591,4.0,2.0,townhouse,2.0,2019-05-10,263.0,"$960,000",8.0,0.0,6.0,2.0,15307.057360162016
property-house-vic-oakleigh-130660942,Oakleigh,3166,1516 Dandenong Road,-37.898759,145.101229,2.0,1.0,house,1.0,2019-04-18,697.0,"$849,000",6.0,0.0,5.0,2.0,14694.386953257228
property-house-vic-oakleigh-130964230,Oakleigh,3166,65 Drummond Street,-37.889931,145.090956,5.0,3.0,house,2.0,2019-04-11,660.0,"$1,430,000",7.0,0.0,1.0,4.0,13382.950893648818
property-house-vic-oakleigh-129785730,Oakleigh,3166,134a Atherton Road,-37.900181,145.098982,3.0,2.0,house,2.0,2019-02-11,350.0,"$1,100,000",7.0,0.0,6.0,3.0,14636.935873351047
property-house-vic-oakleigh-128568082,Oakleigh,3166,14 Leroux Street,-37.895373,145.104875,3.0,2.0,house,2.0,2019-02-06,688.0,"$1,070,000",6.0,0.0,5.0,2.0,14725.982149954734
property-house-vic-oakleigh-130304906,Oakleigh,3166,34 Hatter Street,-37.90647,145.088075,4.0,1.0,house,2.0,2019-01-21,533.0,"$1,098,000",8.0,0.0,4.0,4.0,14371.240479065138
property-unit-vic-oakleigh-129871126,Oakleigh,3166,27 George Street,-37.902972,145.101795,2.0,1.0,unit,1.0,2018-12-08,261.0,"$730,000",6.0,0.0,6.0,2.0,15023.723074207534
property-townhouse-vic-oakleigh-129757002,Oakleigh,3166,106B Burlington Street,-37.903533,145.102122,3.0,2.0,townhouse,2.0,2018-11-28,207.0,"$855,500",6.0,0.0,6.0,2.0,15085.280508636335
property-house-vic-oakleigh-129416566,Oakleigh,3166,45 Edward Street,-37.905653,145.103193,3.0,2.0,house,1.0,2018-11-02,520.0,"$911,000",7.0,0.0,6.0,2.0,15307.296969086185
property-unit-vic-oakleigh-129163922,Oakleigh,3166,3/46 Abbeygate Street,-37.908217,145.08985,2.0,2.0,unit,1.0,2018-09-22,95.0,"$610,000",8.0,0.0,4.0,4.0,14617.770932775467
property-house-vic-oakleigh-128917558,Oakleigh,3166,7 Gadd Street,-37.908097,145.096824,3.0,1.0,house,2.0,2018-08-29,652.0,"$1,101,000",7.0,0.0,5.0,2.0,15059.891104932385
property-house-vic-oakleigh-128863694,Oakleigh,3166,21 Dalgety Street,-37.891564,145.090684,4.0,2.0,house,2.0,2018-08-18,641.0,"$1,601,000",8.0,0.0,1.0,4.0,13473.243058333232
property-house-vic-oakleigh-128810626,Oakleigh,3166,6 Young Street,-37.907241,145.095679,3.0,1.0,house,2.0,2018-08-14,638.0,"$1,175,000",7.0,0.0,5.0,2.0,14921.571486322633
property-house-vic-oakleigh-128829854,Oakleigh,3166,40 Andrew Street,-37.909651,145.094166,2.0,1.0,house,2.0,2018-08-11,676.0,"$1,165,000",7.0,0.0,4.0,2.0,15003.338113101043
property-house-vic-oakleigh-128698726,Oakleigh,3166,38 Clyde Street,-37.898467,145.095823,3.0,1.0,house,2.0,2018-07-28,547.0,"$1,335,000",7.0,0.0,5.0,4.0,14301.436183863128
property-house-vic-oakleigh-128672026,Oakleigh,3166,2 Heath Avenue,-37.901709,145.09601,4.0,2.0,house,2.0,2018-07-21,684.0,"$1,200,000",7.0,0.0,5.0,4.0,14542.217679645406
property-unit-vic-oakleigh-128499830,Oakleigh,3166,2/2 Parer Street,-37.909195,145.098559,2.0,2.0,unit,2.0,2018-06-30,385.0,"$660,000",7.0,0.0,6.0,2.0,15254.766293310382
property-house-vic-oakleigh-128504546,Oakleigh,3166,12 Lincoln Avenue,-37.898828,145.099709,3.0,2.0,house,1.0,2018-06-28,562.0,"$942,200",6.0,0.0,5.0,3.0,14593.74045746299
property-house-vic-oakleigh-125070154,Oakleigh,3166,141 Atherton Road,-37.899751,145.099331,4.0,3.0,house,4.0,2018-06-27,691.0,"$1,670,000",7.0,0.0,6.0,3.0,14631.133633546917
property-house-vic-oakleigh-128439330,Oakleigh,3166,16 Raymond Court,-37.891986,145.10362,4.0,2.0,house,5.0,2018-06-23,697.0,"$1,278,000",5.0,0.0,3.0,1.0,14418.6830249008
property-house-vic-oakleigh-128347662,Oakleigh,3166,15 Davey Avenue,-37.902587,145.088382,5.0,2.0,house,4.0,2018-06-20,674.0,"$1,550,000",6.0,0.0,4.0,4.0,14099.340097756665
property-unit-vic-oakleigh-128322074,Oakleigh,3166,2/25 Grant Street,-37.898662,145.097455,3.0,1.0,unit,2.0,2018-06-02,429.0,"$1,000,000",7.0,0.0,6.0,4.0,14426.918263311094
property-house-vic-oakleigh-127827878,Oakleigh,3166,10 Merbow Street,-37.901378,145.099978,3.0,1.0,house,2.0,2018-04-14,683.0,"$1,265,000",7.0,0.0,6.0,2.0,14788.365575373713
property-house-vic-oakleigh-126191106,Oakleigh,3166,110-112 Warrigal Road,-37.904662,145.086301,6.0,2.0,house,4.0,2018-03-26,1044.0,"$2,000,000",6.0,0.0,4.0,4.0,14120.227644523755
property-house-vic-oakleigh-127623686,Oakleigh,3166,2 Allen Street,-37.889778,145.089636,5.0,3.0,house,4.0,2018-03-24,1378.0,"$2,920,000",6.0,0.0,1.0,4.0,13280.013311181854
property-house-vic-oakleigh-127688970,Oakleigh,3166,57 Bishop Street,-37.909197,145.092473,2.0,1.0,house,2.0,2018-03-24,607.0,"$1,227,000",7.0,0.0,4.0,2.0,14860.161364834745
property-townhouse-vic-oakleigh-127414082,Oakleigh,3166,2/14 Gadd Street,-37.909153,145.097306,3.0,2.0,townhouse,2.0,2018-03-15,226.0,"$1,030,000",7.0,0.0,5.0,2.0,15169.674890587166
property-house-vic-oakleigh-127443606,Oakleigh,3166,2 William Street,-37.901157,145.103689,4.0,2.0,house,2.0,2018-03-03,541.0,"$1,546,000",6.0,0.0,6.0,2.0,15028.369497697478
property-house-vic-oakleigh-127403522,Oakleigh,3166,4 Best Street,-37.90819,145.092224,4.0,2.0,house,2.0,2018-02-24,508.0,"$1,580,000",7.0,0.0,4.0,3.0,14767.952306402434
property-apartment-vic-oakleigh-127235174,Oakleigh,3166,10/1 Heath Avenue,-37.901027,145.09619,2.0,1.0,apartment,1.0,2018-02-16,65.0,"$477,000",7.0,0.0,5.0,4.0,14505.994653361777
property-house-vic-oakleigh-126377170,Oakleigh,3166,77 Drummond Street,-37.891041,145.090887,3.0,1.0,house,2.0,2018-01-18,671.0,"$1,260,000",7.0,0.0,1.0,4.0,13452.226564319062
property-townhouse-vic-oakleigh-126805314,Oakleigh,3166,1/35 Tamar Grove,-37.898511,145.096284,2.0,2.0,townhouse,1.0,2017-11-25,207.0,"$1,050,000",7.0,0.0,5.0,4.0,14336.07543586253
property-house-vic-oakleigh-126351466,Oakleigh,3166,128 Haughton Road,-37.909553,145.099721,4.0,2.0,house,1.0,2017-11-23,450.0,"$1,040,000",7.0,0.0,6.0,2.0,15357.44726769002
property-house-vic-oakleigh-126936550,Oakleigh,3166,1470 Dandenong Road,-37.896467,145.097559,2.0,2.0,house,3.0,2017-11-23,522.0,"$890,000",6.0,0.0,5.0,4.0,14283.745913974815
property-house-vic-oakleigh-126709322,Oakleigh,3166,89 Burlington Street,-37.902833,145.100698,3.0,1.0,house,2.0,2017-11-21,410.0,"$960,000",6.0,0.0,6.0,2.0,14939.232124017128
property-house-vic-oakleigh-126728782,Oakleigh,3166,2/23 Dalgety Street,-37.891583,145.090834,4.0,2.0,house,2.0,2017-11-18,267.0,"$615,000",8.0,0.0,1.0,4.0,13484.988135959276
property-house-vic-oakleigh-126412986,Oakleigh,3166,175 Atherton Road,-37.90024,145.102854,5.0,3.0,house,4.0,2017-11-17,667.0,"$1,960,000",6.0,0.0,6.0,2.0,14907.932228638658
property-house-vic-oakleigh-126458482,Oakleigh,3166,50 William Street,-37.905246,145.1029,4.0,3.0,house,2.0,2017-11-15,541.0,"$1,480,000",7.0,0.0,6.0,2.0,15258.677018538707
property-house-vic-oakleigh-126458454,Oakleigh,3166,15 Andrew Street,-37.906787,145.094038,3.0,1.0,house,1.0,2017-11-08,615.0,"$1,120,000",7.0,0.0,5.0,3.0,14780.574949612332
property-house-vic-oakleigh-126218886,Oakleigh,3166,33 Abbeygate Street,-37.90667,145.0895,5.0,3.0,house,2.0,2017-09-28,547.0,"$1,820,000",7.0,0.0,4.0,4.0,14477.786493998565
property-house-vic-oakleigh-126238494,Oakleigh,3166,1243 North Road,-37.910724,145.09881,4.0,1.0,house,2.0,2017-09-23,708.0,"$1,091,000",8.0,0.0,6.0,2.0,15384.607620418119
property-unit-vic-oakleigh-126218046,Oakleigh,3166,1/126 Atherton Road,-37.900509,145.097871,2.0,1.0,unit,2.0,2017-09-23,200.0,"$743,000",7.0,0.0,5.0,3.0,14583.801212081735
property-house-vic-oakleigh-126144486,Oakleigh,3166,55 Golf Links Avenue,-37.908805,145.090286,4.0,1.0,house,2.0,2017-09-09,720.0,"$1,470,000",8.0,0.0,4.0,3.0,14690.47277516914
property-house-vic-oakleigh-126033654,Oakleigh,3166,8 William Street,-37.901564,145.103611,3.0,2.0,house,2.0,2017-08-26,538.0,"$1,360,000",6.0,0.0,6.0,2.0,15050.857902794893
property-house-vic-oakleigh-125833206,Oakleigh,3166,128 Atherton Road,-37.900213,145.09803,2.0,1.0,house,1.0,2017-08-11,553.0,"$1,080,000",7.0,0.0,5.0,3.0,14573.991495865892
property-house-vic-oakleigh-126026058,Oakleigh,3166,38 Andrew Street,-37.909505,145.094192,2.0,1.0,house,1.0,2017-08-09,673.0,"$1,260,000",7.0,0.0,4.0,2.0,14993.994743940102
property-unit-vic-oakleigh-125917674,Oakleigh,3166,3/25 Connell Road,-37.90227,145.097856,2.0,1.0,unit,3.0,2017-08-05,195.0,"$739,000",7.0,0.0,5.0,3.0,14706.711101287829
property-unit-vic-oakleigh-125885222,Oakleigh,3166,4/1 York Avenue,-37.899282,145.101395,2.0,1.0,unit,1.0,2017-08-05,190.0,"$690,000",6.0,0.0,5.0,2.0,14741.489304421111
property-house-vic-oakleigh-125823942,Oakleigh,3166,142 Atherton Road,-37.90038,145.099619,4.0,1.0,house,2.0,2017-07-20,606.0,"$1,405,000",7.0,0.0,6.0,2.0,14694.427869805526
property-house-vic-oakleigh-125728486,Oakleigh,3166,42 Bishop Street,-37.908245,145.093279,4.0,2.0,house,2.0,2017-07-15,592.0,"$1,610,000",7.0,0.0,4.0,2.0,14840.179450213924
property-unit-vic-oakleigh-125721158,Oakleigh,3166,2/1514 Dandenong Road,-37.898674,145.101092,3.0,2.0,unit,2.0,2017-07-15,221.0,"$775,000",6.0,0.0,5.0,2.0,14679.09597400197
property-house-vic-oakleigh-125720046,Oakleigh,3166,32 Stamford Road,-37.8954,145.100624,3.0,2.0,house,2.0,2017-07-08,655.0,"$1,365,000",6.0,0.0,5.0,2.0,14426.606734185187
property-house-vic-oakleigh-125567586,Oakleigh,3166,5 Eastgate Street,-37.904632,145.088843,5.0,2.0,house,2.0,2017-06-24,546.0,"$1,750,000",6.0,0.0,4.0,4.0,14281.84157188833
property-house-vic-oakleigh-125640866,Oakleigh,3166,10 Henry Street,-37.901816,145.104554,3.0,1.0,house,4.0,2017-06-14,543.0,"$1,250,000",6.0,0.0,6.0,2.0,15133.284579312918
property-house-vic-oakleigh-125118934,Oakleigh,3166,3 Caloola Avenue,-37.890239,145.089665,3.0,1.0,house,2.0,2017-05-30,890.0,"$1,625,000",6.0,0.0,1.0,4.0,13312.903756164686
property-house-vic-oakleigh-125331322,Oakleigh,3166,14 Mora Avenue,-37.902298,145.088877,3.0,1.0,house,2.0,2017-05-27,475.0,"$1,170,000",6.0,0.0,4.0,4.0,14110.369560418932
property-unit-vic-oakleigh-125216310,Oakleigh,3166,1/1438 Dandenong Road,-37.894646,145.094355,3.0,1.0,unit,2.0,2017-05-15,160.0,"$717,000",7.0,0.0,3.0,4.0,13937.464625868524
property-house-vic-oakleigh-125235758,Oakleigh,3166,24 Gadd Street,-37.909839,145.097176,5.0,3.0,house,2.0,2017-05-13,707.0,"$1,351,000",7.0,0.0,5.0,2.0,15212.272150634455
property-house-vic-oakleigh-125366770,Oakleigh,3166,160 Warrigal Road,-37.907714,145.085729,3.0,2.0,house,2.0,2017-05-11,572.0,"$930,000",7.0,1.0,4.0,4.0,14317.869690327685
property-house-vic-oakleigh-125113490,Oakleigh,3166,65 Drummond Street,-37.889931,145.090956,5.0,3.0,house,2.0,2017-05-06,660.0,"$1,570,000",7.0,0.0,1.0,4.0,13382.950893648818
property-house-vic-oakleigh-125032110,Oakleigh,3166,7 Hilbert Court,-37.895024,145.101506,4.0,2.0,house,2.0,2017-04-22,538.0,"$1,145,000",6.0,0.0,5.0,2.0,14464.025140777669
property-unit-vic-oakleigh-124896950,Oakleigh,3166,9/167 Atherton Road,-37.900109,145.102147,2.0,1.0,unit,1.0,2017-04-17,115.0,"$535,000",6.0,0.0,6.0,2.0,14850.019218552123
property-house-vic-oakleigh-124913866,Oakleigh,3166,32 Henry Street,-37.904141,145.104107,3.0,1.0,house,2.0,2017-04-08,530.0,"$1,077,000",7.0,0.0,7.0,2.0,15263.21742175311
property-townhouse-vic-oakleigh-124896994,Oakleigh,3166,5/28 Devon Grove,-37.896011,145.103603,4.0,2.0,townhouse,4.0,2017-04-01,250.0,"$986,000",6.0,0.0,5.0,2.0,14677.312792883597
property-house-vic-oakleigh-124750202,Oakleigh,3166,13 Hilbert Court,-37.895188,145.100992,3.0,1.0,house,2.0,2017-03-18,548.0,"$1,033,000",6.0,0.0,5.0,2.0,14438.522935797886
property-unit-vic-oakleigh-124746826,Oakleigh,3166,1/62 Golf Links Avenue,-37.909334,145.090953,3.0,1.0,unit,2.0,2017-03-18,290.0,"$849,500",8.0,0.0,4.0,3.0,14773.405902590794
property-townhouse-vic-oakleigh-123304122,Oakleigh,3166,3/110 Haughton Road,-37.908564,145.098276,4.0,3.0,townhouse,2.0,2017-03-16,223.0,"$940,000",7.0,0.0,5.0,2.0,15189.63142688995
property-house-vic-oakleigh-124585874,Oakleigh,3166,128 Atherton Road,-37.900213,145.09803,2.0,1.0,house,2.0,2017-03-04,553.0,"$1,010,000",7.0,0.0,5.0,3.0,14573.991495865892
property-house-vic-oakleigh-124549062,Oakleigh,3166,197 Huntingdale Road,-37.902271,145.104876,3.0,1.0,house,2.0,2017-02-25,544.0,"$1,025,000",7.0,0.0,6.0,2.0,15186.7098611692
property-house-vic-oakleigh-124454282,Oakleigh,3166,13 Classic Court,-37.893992,145.105195,4.0,2.0,house,2.0,2017-02-18,531.0,"$1,200,000",5.0,0.0,3.0,2.0,14659.787554751778
property-house-vic-oakleigh-124426630,Oakleigh,3166,3 Estelle Street,-37.89226,145.101368,3.0,1.0,house,2.0,2017-02-11,602.0,"$1,045,000",5.0,0.0,3.0,1.0,14274.3897468978
property-unit-vic-oakleigh-124327034,Oakleigh,3166,5/24 Grant Street,-37.898892,145.098352,2.0,1.0,unit,1.0,2017-01-18,179.0,"$627,500",7.0,0.0,6.0,3.0,14504.50317472831
property-house-vic-oakleigh-123882158,Oakleigh,3166,134 Atherton Road,-37.90029,145.09896,4.0,1.0,house,2.0,2016-11-19,803.0,"$1,641,000",7.0,0.0,6.0,3.0,14642.995211997879
property-house-vic-oakleigh-123907058,Oakleigh,3166,53 Queens Avenue,-37.903813,145.09081,4.0,1.0,house,2.0,2016-11-17,593.0,"$1,310,000",6.0,0.0,4.0,4.0,14349.049643029151
property-house-vic-oakleigh-123815514,Oakleigh,3166,105 Atkinson Street,-37.895552,145.09264,3.0,1.0,house,2.0,2016-11-12,554.0,"$1,225,000",7.0,0.0,3.0,4.0,13881.007721390512
property-house-vic-oakleigh-123819454,Oakleigh,3166,1173 North Road,-37.909955,145.09145,3.0,1.0,house,2.0,2016-11-12,650.0,"$1,035,000",8.0,0.0,4.0,2.0,14852.549130356898
property-unit-vic-oakleigh-123805726,Oakleigh,3166,2/34 Queens Avenue,-37.904072,145.089474,3.0,2.0,unit,2.0,2016-11-12,379.0,"$969,000",6.0,0.0,4.0,4.0,14280.977748668998
property-house-vic-oakleigh-123521182,Oakleigh,3166,6 Cambridge Street,-37.904477,145.09243,3.0,1.0,house,3.0,2016-10-14,483.0,"$1,100,000",6.0,0.0,5.0,4.0,14504.365493017769
property-house-vic-oakleigh-123428202,Oakleigh,3166,46 John Street,-37.904874,145.100979,4.0,3.0,house,2.0,2016-10-08,550.0,"$1,160,000",6.0,0.0,6.0,2.0,15102.447938991178
property-house-vic-oakleigh-123535406,Oakleigh,3166,4 Leroux Street,-37.896094,145.104749,3.0,1.0,house,2.0,2016-10-08,690.0,"$1,076,000",6.0,0.0,5.0,2.0,14763.994735253029
property-house-vic-oakleigh-123588074,Oakleigh,3166,53 William Street,-37.905448,145.102274,3.0,2.0,house,2.0,2016-10-06,543.0,"$1,050,000",6.0,0.0,6.0,2.0,15230.635860661034
property-house-vic-oakleigh-123386834,Oakleigh,3166,56 Burlington Street,-37.902852,145.097022,3.0,1.0,house,2.0,2016-09-17,636.0,"$1,040,500",7.0,0.0,5.0,3.0,14691.832472455379
property-house-vic-oakleigh-123026822,Oakleigh,3166,33 Ferntree Gully Road,-37.896435,145.1039,3.0,2.0,house,4.0,2016-09-09,780.0,"$1,155,250",6.0,0.0,5.0,2.0,14726.208218730575
property-house-vic-oakleigh-123255450,Oakleigh,3166,15 Golf Links Avenue,-37.905701,145.090842,4.0,2.0,house,2.0,2016-09-03,885.0,"$1,546,000",7.0,0.0,4.0,4.0,14491.539483033961
property-house-vic-oakleigh-122762766,Oakleigh,3166,62 Eastgate Street,-37.908685,145.08871,4.0,1.0,house,2.0,2016-06-25,604.0,"$1,180,000",6.0,0.0,4.0,4.0,14581.100222737141
property-house-vic-oakleigh-122768326,Oakleigh,3166,9 Winifred Street,-37.895187,145.101896,3.0,1.0,house,2.0,2016-06-25,697.0,"$1,124,000",6.0,0.0,5.0,2.0,14502.337725769918
property-house-vic-oakleigh-122730738,Oakleigh,3166,799 Warrigal Road,-37.89105,145.088938,2.0,1.0,house,2.0,2016-06-18,602.0,"$690,000",7.0,0.0,1.0,5.0,13316.86993410989
property-house-vic-oakleigh-122572918,Oakleigh,3166,5 Grant Street,-37.897307,145.09775,5.0,3.0,house,2.0,2016-06-09,699.0,"$1,655,000",7.0,0.0,5.0,4.0,14354.191355375311
property-unit-vic-oakleigh-122540442,Oakleigh,3166,2/1 York Avenue,-37.899282,145.101395,2.0,1.0,unit,1.0,2016-05-28,222.0,"$600,000",6.0,0.0,5.0,2.0,14741.489304421111
property-house-vic-oakleigh-122300734,Oakleigh,3166,13 Eastgate Street,-37.905177,145.088737,4.0,2.0,house,2.0,2016-04-30,550.0,"$1,370,000",6.0,0.0,4.0,4.0,14315.92918434901
property-house-vic-oakleigh-122304466,Oakleigh,3166,1446 Dandenong Road,-37.89522,145.095281,3.0,1.0,house,2.0,2016-04-30,714.0,"$872,000",6.0,0.0,4.0,4.0,14040.786350519182
property-house-vic-oakleigh-122146478,Oakleigh,3166,1 Best Street,-37.908005,145.091708,4.0,3.0,house,2.0,2016-04-09,535.0,"$951,000",7.0,0.0,4.0,3.0,14720.755949199802
property-house-vic-oakleigh-121967654,Oakleigh,3166,22 Westminster Street,-37.901849,145.095708,3.0,1.0,house,2.0,2016-04-05,500.0,"$980,000",7.0,0.0,5.0,4.0,14531.843256086922
property-house-vic-oakleigh-121759238,Oakleigh,3166,128A Atherton Road,-37.90023,145.098137,4.0,2.0,house,1.0,2016-03-09,500.0,"$1,115,000",7.0,0.0,5.0,3.0,14582.491084357704
property-house-vic-oakleigh-121760986,Oakleigh,3166,28 Young Street,-37.910072,145.09515,5.0,2.0,house,2.0,2016-03-05,540.0,"$1,275,000",7.0,0.0,4.0,2.0,15098.518106896605
property-unit-vic-oakleigh-121713422,Oakleigh,3166,5/16 Regent Street,-37.900643,145.095063,2.0,1.0,unit,1.0,2016-02-20,229.0,"$543,000",7.0,0.0,5.0,4.0,14402.569426542563
property-house-vic-oakleigh-121561198,Oakleigh,3166,15 Raymond Court,-37.892105,145.102941,4.0,1.0,house,2.0,2016-01-19,578.0,"$1,090,000",5.0,0.0,3.0,1.0,14377.353709858466
property-house-vic-oakleigh-120792005,Oakleigh,3166,6 Grant Street,-37.897691,145.098473,3.0,1.0,house,2.0,2015-11-18,820.0,"$1,200,000",6.0,0.0,5.0,4.0,14430.48212946082
property-unit-vic-oakleigh-120878181,Oakleigh,3166,4/15 Taylor Street,-37.895554,145.092293,2.0,1.0,unit,1.0,2015-11-14,244.0,"$618,000",7.0,0.0,3.0,4.0,13857.293688932788
property-house-vic-oakleigh-120935481,Oakleigh,3166,16 Hatter Street,-37.905268,145.088307,2.0,1.0,house,2.0,2015-11-07,560.0,"$945,000",6.0,0.0,4.0,4.0,14295.049080633298
property-house-vic-oakleigh-120849317,Oakleigh,3166,1181 North Road,-37.910033,145.092287,3.0,1.0,house,1.0,2015-10-23,568.0,"$830,000",8.0,0.0,4.0,2.0,14911.856937443703
property-house-vic-oakleigh-120834801,Oakleigh,3166,29 Gadd Street,-37.909947,145.096522,2.0,1.0,house,2.0,2015-10-22,537.0,"$880,000",7.0,0.0,4.0,2.0,15177.86712575345
property-house-vic-oakleigh-120760445,Oakleigh,3166,2 Gillon Court,-37.891847,145.104602,4.0,4.0,house,2.0,2015-10-20,658.0,"$1,050,000",5.0,0.0,3.0,1.0,14480.788293724423
property-house-vic-oakleigh-120762369,Oakleigh,3166,33 Abbeygate Street,-37.90667,145.0895,5.0,3.0,house,2.0,2015-10-19,547.0,"$1,575,000",7.0,0.0,4.0,4.0,14477.786493998565
property-house-vic-oakleigh-120781409,Oakleigh,3166,2 Mill Road,-37.901407,145.087994,4.0,2.0,house,2.0,2015-10-17,563.0,"$1,451,000",6.0,0.0,4.0,4.0,13986.66856913746
property-unit-vic-oakleigh-120692641,Oakleigh,3166,1/34 Heath Avenue,-37.90227,145.099604,3.0,2.0,unit,1.0,2015-10-10,240.0,"$763,000",7.0,0.0,5.0,2.0,14825.272423665927
property-house-vic-oakleigh-120449277,Oakleigh,3166,199 Huntingdale Road,-37.902407,145.104851,3.0,2.0,house,1.0,2015-09-26,543.0,"$865,000",7.0,0.0,6.0,2.0,15194.315359955013
property-house-vic-oakleigh-120225069,Oakleigh,3166,132 Drummond Street,-37.896009,145.090641,3.0,1.0,house,1.0,2015-08-07,809.0,"$1,660,000",7.0,0.0,3.0,4.0,13775.887195557241
property-house-vic-oakleigh-120102921,Oakleigh,3166,45 George Street,-37.904787,145.101404,2.0,1.0,house,1.0,2015-07-25,534.0,"$930,000",6.0,0.0,6.0,2.0,15124.966187863974
property-house-vic-oakleigh-120018065,Oakleigh,3166,212A Huntingdale Road,-37.902591,145.10513,3.0,2.0,house,2.0,2015-07-04,378.0,"$820,000",7.0,0.0,6.0,2.0,15226.203891722325
property-house-vic-oakleigh-119772899,Oakleigh,3166,25 George Street,-37.902733,145.101801,4.0,3.0,house,2.0,2015-06-13,549.0,"$1,163,000",6.0,0.0,7.0,2.0,15007.441051438127
property-house-vic-oakleigh-119469991,Oakleigh,3166,51 William Street,-37.905312,145.1023,5.0,2.0,house,2.0,2015-05-02,550.0,"$1,320,000",6.0,0.0,6.0,2.0,15222.74717820728
property-house-vic-oakleigh-119469475,Oakleigh,3166,7 Holland Court,-37.900692,145.096832,3.0,1.0,house,1.0,2015-05-02,771.0,"$1,189,000",7.0,0.0,5.0,4.0,14525.89950206453
property-house-vic-oakleigh-119337751,Oakleigh,3166,43 Queens Avenue,-37.903723,145.089973,3.0,1.0,house,1.0,2015-04-18,492.0,"$1,015,000",6.0,0.0,4.0,4.0,14287.597670272382
property-house-vic-oakleigh-119298123,Oakleigh,3166,67 Drummond Street,-37.890056,145.090933,4.0,2.0,house,2.0,2015-04-11,592.0,"$1,275,000",7.0,0.0,1.0,4.0,13389.642108363398
property-house-vic-oakleigh-119198627,Oakleigh,3166,781 Warrigal Road (access via Allen St),-37.889173,145.089335,3.0,1.0,house,2.0,2015-03-28,562.0,"$845,500",6.0,0.0,1.0,5.0,13218.534456528447
property-unit-vic-oakleigh-119157427,Oakleigh,3166,1/16 Parer Street,-37.91012,145.098365,3.0,1.0,unit,1.0,2015-03-21,340.0,"$702,000",8.0,0.0,6.0,2.0,15310.648102626992
property-house-vic-oakleigh-118278255,Oakleigh,3166,42 Abbeygate Street,-37.907885,145.089913,3.0,1.0,house,2.0,2014-11-22,660.0,"$870,000",8.0,0.0,4.0,4.0,14596.496451656752
property-house-vic-oakleigh-118133511,Oakleigh,3166,4 York Avenue,-37.899737,145.102097,3.0,2.0,house,1.0,2014-11-07,747.0,"$1,080,000",6.0,0.0,5.0,2.0,14821.168394936973
property-house-vic-oakleigh-117890559,Oakleigh,3166,17 George Street,-37.902052,145.101932,3.0,1.0,house,2.0,2014-10-11,544.0,"$830,500",6.0,0.0,7.0,2.0,14969.016781251958
property-house-vic-oakleigh-116850755,Oakleigh,3166,24 Davey Avenue,-37.903162,145.088771,4.0,2.0,house,2.0,2014-09-18,580.0,"$937,500",6.0,0.0,4.0,4.0,14167.43426575527
property-house-vic-oakleigh-116633683,Oakleigh,3166,1219 North Road,-37.910461,145.09633,3.0,1.0,house,2.0,2014-05-05,668.0,"$650,000",8.0,0.0,4.0,2.0,15203.99565947163
property-house-vic-oakleigh-115374431,Oakleigh,3166,37 Clyde Street,-37.898874,145.095038,4.0,2.0,house,4.0,2013-11-30,735.0,"$1,288,000",7.0,0.0,5.0,4.0,14276.208558787383
property-house-vic-oakleigh-115186147,Oakleigh,3166,26 Estelle Street,-37.893195,145.105055,4.0,2.0,house,2.0,2013-11-16,558.0,"$750,000",5.0,0.0,3.0,2.0,14598.837822143896
property-house-vic-oakleigh-143762056,Oakleigh,3166,26 Westgate Street,-37.905873,145.087026,4.0,2.0,house,2.0,2025-07-17,579.0,"$2,025,000",7.0,0.0,4.0,4.0,14258.711698764688
property-house-vic-oakleigh-145442784,Oakleigh,3166,116 Drummond Street,-37.894409,145.090814,2.0,1.0,house,1.0,2024-07-02,401.0,"$1,210,000",8.0,0.0,2.0,3.0,13676.492758778977
property-apartment-vic-oakleigh-145989980,Oakleigh,3166,G04/16 Dalgety Street,-37.89212027,145.090512,2.0,2.0,apartment,2.0,2024-07-01,116.0,"$715,000",8.0,0.0,1.0,4.0,13498.913914705927
property-apartment-vic-oakleigh-143285724,Oakleigh,3166,713/6 Dalgety Street,-37.89198965,145.0893929,3.0,2.0,apartment,2.0,2023-08-28,128.0,"$840,000",8.0,0.0,1.0,5.0,13412.34693040636
property-house-vic-oakleigh-142720460,Oakleigh,3166,21 Dalgety Street,-37.891702,145.090634,5.0,2.0,house,2.0,2023-07-20,633.0,"$2,110,000",8.0,0.0,1.0,4.0,13479.077210606774
property-house-vic-oakleigh-137726454,Oakleigh,3166,18 Raymond Court,-37.892098,145.103417,3.0,2.0,house,3.0,2021-03-27,697.0,"$1,256,000",5.0,0.0,3.0,1.0,14411.166343359517
property-house-vic-oakleigh-135601434,Oakleigh,3166,18 Raymond Court,-37.892098,145.103417,3.0,2.0,house,3.0,2021-03-27,697.0,"$1,256,000",5.0,0.0,3.0,1.0,14411.166343359517
property-house-vic-oakleigh-127153762,Oakleigh,3166,19 Westgate Street,-37.905378,145.086597,4.0,2.0,house,2.0,2017-12-05,566.0,"$1,560,000",7.0,0.0,4.0,4.0,14193.592231943114
property-unit-vic-oakleigh-123554814,Oakleigh,3166,1/122 Burlington Street,-37.90376,145.104079,3.0,1.0,unit,2.0,2016-11-15,366.0,"$790,625",7.0,0.0,7.0,2.0,15234.762578715608
property-house-vic-oakleigh-122186562,Oakleigh,3166,1243 North Road,-37.910724,145.09881,3.0,1.0,house,1.0,2016-08-02,700.0,"$945,000",8.0,0.0,6.0,2.0,15384.607620418119
property-townhouse-vic-oakleigh-122745914,Oakleigh,3166,2/10 Winifred Street,-37.895264,145.102551,3.0,2.0,townhouse,1.0,2016-06-12,398.0,"$812,888",6.0,0.0,5.0,2.0,14553.768518625813
property-house-vic-oakleigh-121682406,Oakleigh,3166,151 Atherton Road,-37.899969,145.100162,2.0,1.0,house,1.0,2016-02-09,357.0,"$652,000",6.0,0.0,6.0,2.0,14703.36003523793
property-house-vic-oakleigh-119913365,Oakleigh,3166,122 Haughton Road,-37.909227,145.099156,2.0,1.0,house,1.0,2015-06-26,700.0,"$910,000",7.0,0.0,6.0,2.0,15296.304537122882
property-house-vic-oakleigh-119830995,Oakleigh,3166,10 Wilson Street,-37.90837,145.094388,5.0,2.0,house,4.0,2015-06-11,555.0,"$916,000",7.0,0.0,4.0,2.0,14921.37739761713
property-unit-vic-oakleigh-119760295,Oakleigh,3166,2/122 Atherton Road,-37.900366,145.097338,3.0,1.0,unit,2.0,2015-06-06,221.0,"$642,500",7.0,0.0,5.0,4.0,14537.449807834628
property-unit-vic-oakleigh-119620935,Oakleigh,3166,1/63 Golflinks Avenue,-37.909444,145.090081,2.0,1.0,unit,1.0,2015-05-23,211.0,"$571,000",8.0,0.0,4.0,3.0,14726.368371174494
property-house-vic-oakleigh-119129047,Oakleigh,3166,32 Estelle Street,-37.893325,145.105836,3.0,2.0,house,4.0,2015-03-21,1085.0,"$1,478,000",5.0,0.0,3.0,2.0,14663.332099739446
property-house-vic-oakleigh-119085203,Oakleigh,3166,110 Burlington Street,-37.903574,145.102529,2.0,1.0,house,2.0,2015-02-28,635.0,"$826,000",6.0,0.0,6.0,2.0,15115.891565194228
property-unit-vic-oakleigh-118519607,Oakleigh,3166,2/1 York Avenue,-37.899282,145.101395,2.0,1.0,unit,1.0,2014-12-14,163.0,"$547,000",6.0,0.0,5.0,2.0,14741.489304421111
property-house-vic-oakleigh-118331991,Oakleigh,3166,38 George Street,-37.904583,145.10203,2.0,1.0,house,1.0,2014-11-29,544.0,"$803,000",6.0,0.0,6.0,2.0,15152.893830895091
property-house-vic-oakleigh-116235515,Oakleigh,3166,1/48 Haughton Road,-37.904236,145.0928045,3.0,3.0,house,1.0,2014-07-08,170.0,"$650,000",6.0,0.0,5.0,4.0,14511.270475075366
property-house-vic-oakleigh-116788003,Oakleigh,3166,158 Warrigal Road,-37.90757,145.085756,3.0,2.0,house,1.0,2014-06-07,576.0,"$600,000",7.0,1.0,4.0,4.0,14308.421661925282
property-house-vic-oakleigh-116695419,Oakleigh,3166,1143 North Road,-37.909517,145.087654,4.0,2.0,house,2.0,2014-05-13,663.0,"$645,888",6.0,0.0,4.0,4.0,14578.716946381954
property-townhouse-vic-oakleigh-116298975,Oakleigh,3166,2/106 Burlington Street,-37.903526,145.102134,3.0,2.0,townhouse,1.0,2014-04-02,206.0,"$716,000",6.0,0.0,6.0,2.0,15085.607517889695
property-house-vic-oakleigh-112318587,Oakleigh,3166,59 Bishop Street,-37.909342,145.092447,3.0,2.0,house,3.0,2014-02-10,606.0,"$830,000",7.0,0.0,4.0,2.0,14869.49888280914
property-townhouse-vic-oakleigh-115881463,Oakleigh,3166,1546A Dandenong Road,-37.900116,145.103532,3.0,2.0,townhouse,1.0,2014-02-03,351.0,"$750,000",6.0,0.0,6.0,2.0,14946.54919599933
property-house-vic-oakleigh-113122939,Oakleigh,3166,1 Ferntree Gully Road,-37.8959301,145.0978417,3.0,1.0,house,1.0,2013-09-12,584.0,"$570,000",6.0,0.0,5.0,4.0,14267.075035519325
property-townhouse-vic-oakleigh-113231975,Oakleigh,3166,Unit 1/42 Golf Links Avenue,-37.907982,145.091401,4.0,3.0,townhouse,2.0,2013-05-17,330.0,"$670,000",7.0,0.0,4.0,3.0,14699.270275848898
property-unit-vic-oakleigh-112748915,Oakleigh,3166,4/4 Lincoln Avenue,-37.8976745,145.0997797,2.0,1.0,unit,1.0,2013-02-09,249.0,"$451,000",6.0,0.0,5.0,3.0,14520.050373836233
property-house-vic-oakleigh-110534873,Oakleigh,3166,41 Burlington Street,-37.9022941,145.0960408,3.0,1.0,house,2.0,2012-06-16,409.0,"$493,000",7.0,0.0,5.0,4.0,14586.00196579648
property-house-vic-oakleigh-110228117,Oakleigh,3166,1201 North Road,-37.910204,145.094221,3.0,1.0,house,1.0,2012-05-12,536.0,"$500,000",7.0,0.0,4.0,2.0,15048.69337354826
property-house-vic-oakleigh-110044709,Oakleigh,3166,28 Andrew Street,-37.908772,145.094326,2.0,1.0,house,1.0,2012-04-28,685.0,"$590,000",7.0,0.0,4.0,2.0,14947.49382183709
property-unit-vic-oakleigh-110053909,Oakleigh,3166,1/103 Burlington Street,-37.902991,145.1012408,3.0,2.0,unit,1.0,2012-04-21,450.0,"$518,000",6.0,0.0,6.0,2.0,14987.270085194365
property-house-vic-oakleigh-110032721,Oakleigh,3166,24 Ross Street,-37.90771,145.107089,2.0,1.0,house,1.0,2012-03-26,502.0,"$530,430",6.0,0.0,6.0,2.0,15716.571805492398
property-unit-vic-oakleigh-107592214,Oakleigh,3166,1/42 Golflinks Avenue,-37.907982,145.091401,4.0,2.0,unit,2.0,2011-09-05,333.0,"$610,000",7.0,0.0,4.0,3.0,14699.270275848898
property-house-vic-oakleigh-107586078,Oakleigh,3166,1/112 Haughton Road,-37.908754,145.09853,3.0,2.0,house,2.0,2011-09-03,424.0,"$515,000",7.0,0.0,6.0,2.0,15220.320449298984
property-house-vic-oakleigh-105990400,Oakleigh,3166,35 Andrew Street,-37.90901947,145.0937805,3.0,1.0,house,2.0,2009-10-03,704.0,"$665,000",7.0,0.0,4.0,2.0,14930.853589092192
property-house-vic-oakleigh-105249125,Oakleigh,3166,94 Haughton Road,-37.90730286,145.0968933,5.0,3.0,house,2.0,2008-10-30,740.0,"$622,000",7.0,0.0,5.0,2.0,15005.872893463116
property-house-vic-oakleigh-105230646,Oakleigh,3166,6 Worcester St,-37.903165,145.106075,3.0,1.0,house,1.0,2008-10-21,530.0,"$478,888",7.0,0.0,6.0,2.0,15330.833488059388
property-house-vic-oakleigh-104919259,Oakleigh,3166,1592 Dandenong Road,-37.90354538,145.1091919,2.0,1.0,house,3.0,2008-08-22,662.0,"$495,000",6.0,0.0,6.0,2.0,15572.665686721723
property-house-vic-oakleigh-104801307,Oakleigh,3166,132 Ferntree Gully Road,-37.898564,145.11751,4.0,2.0,house,2.0,2008-06-19,733.0,"$524,760",4.0,0.0,4.0,1.0,15837.294205875987
property-house-vic-oakleigh-104818631,Oakleigh,3166,42 Heath Avenue,-37.90216827,145.1003571,3.0,2.0,house,3.0,2008-05-17,876.0,"$735,000",6.0,0.0,5.0,2.0,14869.430015379741
property-house-vic-oakleigh-104815413,Oakleigh,3166,4 Greville Street,-37.90595245,145.1053314,3.0,1.0,house,1.0,2008-05-10,709.0,"$495,000",7.0,0.0,6.0,2.0,15473.483854638966
property-townhouse-vic-oakleigh-150379248,Oakleigh,3166,43 Devon Grove,-37.89642449,145.1030099,4.0,3.0,townhouse,3.0,2026-04-29,380.0,Contact agent,6.0,0.0,5.0,2.0,14662.637456092112
property-house-vic-oakleigh-149046792,Oakleigh,3166,16 William Street,-37.902092,145.103388,5.0,2.0,house,2.0,2026-01-23,540.0,Contact agent,6.0,0.0,7.0,2.0,15071.80316084519
property-house-vic-oakleigh-150340940,Oakleigh,3166,8 Allen Street,-37.889684,145.090106,3.0,1.0,house,2.0,2026-01-19,650.0,Contact agent,6.0,0.0,1.0,4.0,13306.745677026624
property-house-vic-oakleigh-148479760,Oakleigh,3166,1165 North Road,-37.909952,145.090663,4.0,1.0,house,3.0,2026-01-06,863.0,Contact agent,7.0,0.0,4.0,2.0,14802.304804939668
property-house-vic-oakleigh-149636380,Oakleigh,3166,22A Clyde Street,-37.89752024,145.0958639,2.0,1.0,house,2.0,2025-12-06,294.0,"$1,071,000",7.0,0.0,5.0,4.0,14238.647726661062
property-house-vic-oakleigh-149430108,Oakleigh,3166,33 Andrew Street,-37.908867,145.093807,4.0,3.0,house,2.0,2025-11-28,695.0,"$1,430,000",7.0,0.0,4.0,2.0,14921.081282334757
property-house-vic-oakleigh-148794064,Oakleigh,3166,23 Ferntree Gully Road,-37.896364,145.102511,3.0,2.0,house,2.0,2025-11-18,727.0,"$1,160,000",6.0,0.0,5.0,2.0,14623.451228641821
property-house-vic-oakleigh-148870464,Oakleigh,3166,10 Wilson Street,-37.908264,145.094414,5.0,2.0,house,4.0,2025-11-11,548.0,"$1,655,000",7.0,0.0,4.0,2.0,14915.132530782304
property-apartment-vic-oakleigh-149275604,Oakleigh,3166,6/110 Atherton Road,-37.89981539,145.0963986,2.0,1.0,apartment,1.0,2025-11-01,71.0,"$593,600",7.0,0.0,5.0,4.0,14434.866602226983
property-house-vic-oakleigh-149059096,Oakleigh,3166,1177 North Road,-37.910099,145.091944,3.0,1.0,house,2.0,2025-10-18,567.0,"$981,000",8.0,0.0,4.0,2.0,14895.022107092016
property-apartment-vic-oakleigh-148895200,Oakleigh,3166,7/119-123 Atkinson Street,-37.89761544,145.0923695,2.0,1.0,apartment,1.0,2025-09-24,2659.0,"$460,000",7.0,0.0,5.0,4.0,14006.244821099559
property-townhouse-vic-oakleigh-148469804,Oakleigh,3166,2/1478 Dandenong Road,-37.89692308,145.0981112,3.0,2.0,townhouse,2.0,2025-09-11,176.0,"$970,000",6.0,0.0,5.0,4.0,14353.08761988451
property-apartment-vic-oakleigh-148759024,Oakleigh,3166,9/10 Albert Avenue,-37.8982,145.09456,2.0,1.0,apartment,1.0,2025-09-06,2653.0,"$567,000",7.0,0.0,5.0,4.0,14196.46994665935
property-house-vic-oakleigh-148639956,Oakleigh,3166,160 Warrigal Road,-37.907716,145.085614,3.0,2.0,house,2.0,2025-08-30,573.0,"$902,000",7.0,1.0,4.0,4.0,14310.787521452477
property-house-vic-oakleigh-148637452,Oakleigh,3166,23 Abbeygate Street,-37.906017,145.089752,3.0,1.0,house,2.0,2025-07-29,539.0,"$1,362,500",7.0,0.0,4.0,4.0,14444.705679386729
property-house-vic-oakleigh-147551936,Oakleigh,3166,4 Mead Court,-37.90673528,145.0920836,2.0,1.0,house,3.0,2025-07-24,256.0,"$795,000",7.0,0.0,4.0,4.0,14649.509894778128
property-house-vic-oakleigh-147906948,Oakleigh,3166,1516 Dandenong Road,-37.89866189,145.1013497,3.0,1.0,house,1.0,2025-06-14,697.0,"$1,138,888",6.0,0.0,5.0,2.0,14696.18389956568
property-house-vic-oakleigh-147945000,Oakleigh,3166,20 Mora Avenue,-37.902317,145.089461,6.0,5.0,house,9.0,2025-05-31,723.0,Contact agent,6.0,0.0,4.0,4.0,14150.118388217381
property-house-vic-oakleigh-147957280,Oakleigh,3166,33 Queens Avenue,-37.903764,145.089185,2.0,1.0,house,1.0,2025-05-28,457.0,"$1,245,000",6.0,0.0,4.0,4.0,14239.210768586441
property-house-vic-oakleigh-147755692,Oakleigh,3166,2 The Avenue,-37.896809,145.093777,4.0,1.0,house,1.0,2025-05-13,1048.0,"$1,600,000",7.0,0.0,5.0,4.0,14046.086801042724
property-townhouse-vic-oakleigh-147742736,Oakleigh,3166,35C Ferntree Gully Road,-37.89635324,145.1041896,4.0,3.0,townhouse,2.0,2025-05-03,230.0,"$1,200,000",6.0,0.0,5.0,2.0,14741.324574698318
property-house-vic-oakleigh-147493208,Oakleigh,3166,50 Queens Avenue,-37.904175,145.090664,2.0,1.0,house,2.0,2025-04-05,340.0,"$1,020,000",6.0,0.0,4.0,4.0,14366.291943220349
property-house-vic-oakleigh-146813684,Oakleigh,3166,1253 North Road,-37.910957,145.099862,5.0,4.0,house,2.0,2025-03-17,685.0,"$990,000",6.0,0.0,6.0,2.0,15470.542297182701
property-house-vic-oakleigh-147264788,Oakleigh,3166,18 John Street,-37.902123,145.101397,3.0,1.0,house,2.0,2025-03-15,543.0,"$1,400,000",6.0,0.0,7.0,2.0,14937.308779079125
property-unit-vic-oakleigh-147058800,Oakleigh,3166,3/29 Clyde Street,-37.89792818,145.095085,2.0,1.0,unit,2.0,2025-02-22,211.0,"$895,000",7.0,0.0,5.0,4.0,14213.438457709943
property-house-vic-oakleigh-147083928,Oakleigh,3166,121 Burlington Street,-37.903275,145.103574,4.0,2.0,house,3.0,2025-02-20,636.0,"$1,350,000",6.0,0.0,7.0,2.0,15166.46370694747
property-duplex+semi-detached-vic-oakleigh-146580668,Oakleigh,3166,32 Haughton Road,-37.902466,145.090299,2.0,1.0,duplex/semi-detached,2.0,2024-12-03,478.0,"$885,000",6.0,0.0,4.0,4.0,14216.221508943245
property-house-vic-oakleigh-146399432,Oakleigh,3166,4 Queens Avenue,-37.903798,145.086898,3.0,2.0,house,2.0,2024-11-23,511.0,"$1,500,000",7.0,0.0,4.0,4.0,14093.370845569038
property-house-vic-oakleigh-146039980,Oakleigh,3166,1/64 Golf Links Avenue,-37.909439,145.090744,2.0,1.0,house,2.0,2024-10-29,323.0,"$970,000",8.0,0.0,4.0,3.0,14768.125480084078
property-house-vic-oakleigh-146170820,Oakleigh,3166,27 Eastgate Street,-37.906143,145.088668,4.0,2.0,house,2.0,2024-10-26,534.0,"$1,415,000",7.0,0.0,4.0,4.0,14384.427066615912
property-house-vic-oakleigh-145877452,Oakleigh,3166,52 John Street,-37.905267,145.100793,4.0,2.0,house,2.0,2024-10-26,544.0,"$1,330,500",6.0,0.0,6.0,2.0,15117.904185150228
property-house-vic-oakleigh-146145320,Oakleigh,3166,73 Burlington Street,-37.902744,145.099152,3.0,1.0,house,2.0,2024-10-26,557.0,"$1,110,000",7.0,0.0,5.0,2.0,14827.978272899702
property-house-vic-oakleigh-146055948,Oakleigh,3166,5 Davey Avenue,-37.902628,145.087497,4.0,2.0,house,4.0,2024-10-12,677.0,"$1,500,000",7.0,0.0,4.0,4.0,14044.630494355977
property-house-vic-oakleigh-145616700,Oakleigh,3166,26 Mora Avenue,-37.902391,145.09013,5.0,2.0,house,2.0,2024-10-09,545.0,"$1,410,000",6.0,0.0,4.0,4.0,14199.58030566447
property-house-vic-oakleigh-145812852,Oakleigh,3166,15 Golf Links Avenue,-37.905732,145.091079,4.0,2.0,house,2.0,2024-09-21,885.0,"$1,760,000",7.0,0.0,4.0,4.0,14509.247431397416
property-unit-vic-oakleigh-145818212,Oakleigh,3166,9/122 Atherton Road,-37.899955,145.097417,2.0,1.0,unit,1.0,2024-09-13,159.0,"$662,000",7.0,0.0,5.0,4.0,14514.108300523238
property-house-vic-oakleigh-145813780,Oakleigh,3166,20 Parer Street,-37.910361,145.098137,3.0,2.0,house,2.0,2024-09-05,736.0,"$1,392,000",8.0,0.0,5.0,2.0,15313.735592580757
property-house-vic-oakleigh-145558724,Oakleigh,3166,75 Drummond Street,-37.890531,145.090698,3.0,2.0,house,2.0,2024-08-17,610.0,"$1,330,000",7.0,0.0,1.0,4.0,13404.822322002698
property-townhouse-vic-oakleigh-144916252,Oakleigh,3166,1/1145 North Road,-37.9093855,145.0878537,4.0,2.0,townhouse,2.0,2024-08-09,273.0,"$1,154,500",6.0,0.0,4.0,4.0,14581.079068481758
property-house-vic-oakleigh-145319256,Oakleigh,3166,67 Eastgate Street,-37.90943379,145.0880323,3.0,2.0,house,2.0,2024-07-20,219.0,"$1,220,000",6.0,0.0,4.0,4.0,14596.061635396178
property-unit-vic-oakleigh-145223428,Oakleigh,3166,5/201-203 Huntingdale Road,-37.90262743,145.1049148,2.0,1.0,unit,1.0,2024-07-06,187.0,"$683,000",7.0,0.0,6.0,2.0,15213.860136550184
property-house-vic-oakleigh-145137004,Oakleigh,3166,1A Lincoln Avenue,-37.897836,145.099357,4.0,1.0,house,3.0,2024-06-22,1128.0,"$1,600,000",6.0,0.0,5.0,3.0,14501.656179083844
property-house-vic-oakleigh-144939556,Oakleigh,3166,170 Atherton Road,-37.900633,145.102345,3.0,2.0,house,2.0,2024-06-01,466.0,"$1,112,500",6.0,0.0,6.0,2.0,14899.573009604503
property-house-vic-oakleigh-144710620,Oakleigh,3166,118 Atherton Road,-37.899897,145.096973,4.0,1.0,house,4.0,2024-05-31,631.0,"$1,700,000",7.0,0.0,5.0,4.0,14479.74450032121
property-house-vic-oakleigh-144854492,Oakleigh,3166,141 Atherton Road,-37.89989,145.099305,4.0,3.0,house,4.0,2024-05-18,697.0,"$1,850,000",7.0,0.0,6.0,3.0,14638.950637734544
property-house-vic-oakleigh-144766656,Oakleigh,3166,11 Westminster Street,-37.900549,145.0955,3.0,1.0,house,2.0,2024-05-11,455.0,"$1,250,000",7.0,0.0,5.0,4.0,14425.47089910876
property-house-vic-oakleigh-144953076,Oakleigh,3166,39 Bishop Street,-37.907654,145.092895,3.0,1.0,house,2.0,2024-04-19,546.0,"$1,290,000",7.0,0.0,4.0,3.0,14770.952458293541
property-house-vic-oakleigh-144290584,Oakleigh,3166,59 Golf Links Avenue,-37.909119,145.090434,2.0,1.0,house,2.0,2024-04-13,905.0,"$1,390,000",8.0,0.0,4.0,3.0,14723.90678449985
property-house-vic-oakleigh-143569376,Oakleigh,3166,11 Eastgate Street,-37.905056,145.088878,5.0,3.0,house,2.0,2024-03-25,545.0,"$2,150,000",6.0,0.0,4.0,4.0,14315.938237869099
property-house-vic-oakleigh-143539912,Oakleigh,3166,14 Andrew Street,-37.906968,145.094505,5.0,5.0,house,3.0,2024-02-27,613.0,"$2,745,000",7.0,0.0,5.0,2.0,14824.518551531863
property-house-vic-oakleigh-144063968,Oakleigh,3166,23 Downing Street,-37.900879,145.093581,3.0,2.0,house,2.0,2024-02-24,400.0,"$1,616,000",7.0,0.0,5.0,4.0,14319.529496779907
property-house-vic-oakleigh-143665516,Oakleigh,3166,13 Connell Road,-37.901307,145.09829,3.0,1.0,house,2.0,2023-12-16,696.0,"$1,377,000",7.0,0.0,5.0,3.0,14668.257148168397
property-townhouse-vic-oakleigh-143500980,Oakleigh,3166,2/12 Golf Links Avenue,-37.905351,145.091498,3.0,2.0,townhouse,2.0,2023-11-25,244.0,"$1,000,000",7.0,0.0,4.0,4.0,14508.098088110606
property-house-vic-oakleigh-143314308,Oakleigh,3166,12 Wilson Street,-37.908275,145.094562,3.0,1.0,house,1.0,2023-11-23,548.0,"$1,135,000",7.0,0.0,4.0,2.0,14925.564566247023
property-house-vic-oakleigh-143303636,Oakleigh,3166,57 Bishop Street,-37.909208,145.092593,2.0,1.0,house,1.0,2023-11-18,600.0,"$1,241,000",7.0,0.0,4.0,2.0,14868.694634560516
property-house-vic-oakleigh-143831604,Oakleigh,3166,18 Raymond Court,-37.892098,145.103417,3.0,2.0,house,3.0,2023-11-16,691.0,"$1,350,000",5.0,0.0,3.0,1.0,14411.166343359517
property-house-vic-oakleigh-142813300,Oakleigh,3166,18 Raymond Court,-37.892098,145.103417,3.0,2.0,house,3.0,2023-11-16,691.0,Contact agent,5.0,0.0,3.0,1.0,14411.166343359517
property-house-vic-oakleigh-143199860,Oakleigh,3166,1/1526 Dandenong Road,-37.8991983,145.1022002,4.0,2.0,house,2.0,2023-11-08,428.0,"$1,825,000",6.0,0.0,5.0,2.0,14791.701736164003
property-house-vic-oakleigh-143253608,Oakleigh,3166,785 Warrigal Road,-37.889748,145.08907,5.0,2.0,house,4.0,2023-10-28,626.0,"$1,575,000",6.0,0.0,1.0,5.0,13238.331847819996
property-house-vic-oakleigh-143168128,Oakleigh,3166,114 Drummond Street,-37.894301,145.090851,2.0,1.0,house,1.0,2023-10-17,405.0,"$1,210,000",8.0,0.0,2.0,3.0,13671.584327791248
property-house-vic-oakleigh-143046820,Oakleigh,3166,31 Gadd Street,-37.910102,145.096608,2.0,1.0,house,1.0,2023-10-05,536.0,"$1,170,000",8.0,0.0,4.0,2.0,15195.052793645851
property-house-vic-oakleigh-142794940,Oakleigh,3166,1/17 Norfolk Avenue,-37.899467,145.100271,3.0,1.0,house,2.0,2023-09-02,289.0,"$1,160,000",6.0,0.0,6.0,2.0,14676.363553020768
property-house-vic-oakleigh-142803676,Oakleigh,3166,7 John Street,-37.901263,145.101201,3.0,1.0,house,2.0,2023-08-31,313.0,"$1,110,000",6.0,0.0,6.0,2.0,14864.17647670076
property-house-vic-oakleigh-142525100,Oakleigh,3166,43 Westgate Street,-37.907654,145.086275,4.0,2.0,house,2.0,2023-08-06,577.0,"$1,630,000",7.0,1.0,4.0,4.0,14347.642191933504
property-house-vic-oakleigh-142521152,Oakleigh,3166,211A Huntingdale Road,-37.904067,145.104634,3.0,1.0,house,4.0,2023-08-01,561.0,"$970,000",7.0,0.0,7.0,2.0,15294.1073951111
property-townhouse-vic-oakleigh-142481636,Oakleigh,3166,8/13 Heath Avenue,-37.90146696,145.0972921,3.0,2.0,townhouse,2.0,2023-07-22,291.0,"$1,258,000",7.0,0.0,5.0,3.0,14611.743454806781
property-apartment-vic-oakleigh-142332140,Oakleigh,3166,G01/83-85 Drummond Street,-37.89241813,145.0906601,2.0,1.0,apartment,1.0,2023-06-28,111.0,Contact agent,8.0,0.0,1.0,4.0,13529.435830710458
property-house-vic-oakleigh-142196796,Oakleigh,3166,41 Golf Links Avenue,-37.90787,145.09066,4.0,1.0,house,4.0,2023-06-26,1056.0,Contact agent,7.0,0.0,4.0,4.0,14643.201119822577
property-house-vic-oakleigh-142170684,Oakleigh,3166,13 Lincoln Avenue,-37.898608,145.099167,3.0,2.0,house,1.0,2023-06-03,650.0,Contact agent,6.0,0.0,6.0,3.0,14541.20669549905
property-townhouse-vic-oakleigh-142026336,Oakleigh,3166,1/19 John Street,-37.90218079,145.1010231,4.0,2.0,townhouse,2.0,2023-05-27,251.0,"$1,025,000",6.0,0.0,7.0,2.0,14915.768866711483
property-house-vic-oakleigh-141091204,Oakleigh,3166,2 Rua Court,-37.891514,145.102431,2.0,1.0,house,1.0,2023-05-12,1380.0,Contact agent,5.0,0.0,3.0,1.0,14303.053922569165
property-house-vic-oakleigh-141821940,Oakleigh,3166,78 Burlington Street,-37.903033,145.099178,3.0,1.0,house,2.0,2023-05-04,557.0,"$985,000",7.0,0.0,5.0,2.0,14850.172043919762
property-house-vic-oakleigh-141842352,Oakleigh,3166,5 Downing Street,-37.900017,145.093751,3.0,2.0,house,4.0,2023-04-29,697.0,"$1,350,000",7.0,0.0,5.0,4.0,14269.52420177495
property-house-vic-oakleigh-141772724,Oakleigh,3166,30 Henry Street,-37.903994,145.104021,3.0,1.0,house,4.0,2023-04-15,543.0,"$1,150,000",7.0,0.0,7.0,2.0,15247.090099933137
property-unit-vic-oakleigh-141152328,Oakleigh,3166,1/1169 North Road,-37.91000979,145.0909849,4.0,2.0,unit,1.0,2023-03-17,321.0,"$855,000",8.0,0.0,4.0,2.0,14827.17545747715
property-house-vic-oakleigh-141167740,Oakleigh,3166,2 Queens Avenue,-37.903778,145.086773,4.0,2.0,house,2.0,2023-02-04,417.0,"$1,111,000",7.0,0.0,4.0,4.0,14083.792947114367
property-house-vic-oakleigh-140948708,Oakleigh,3166,34 Oxford Street,-37.90149,145.092906,3.0,1.0,house,1.0,2022-12-17,506.0,"$1,251,000",6.0,0.0,5.0,4.0,14318.18257185685
property-house-vic-oakleigh-140543891,Oakleigh,3166,40 John Street,-37.904441,145.10095,4.0,2.0,house,2.0,2022-11-25,545.0,"$1,431,000",6.0,0.0,6.0,2.0,15069.749573671588
property-apartment-vic-oakleigh-140882720,Oakleigh,3166,206/19-21 Hanover Street,-37.90085826,145.0917337,1.0,1.0,apartment,1.0,2022-10-14,52.0,"$326,578",6.0,0.0,5.0,4.0,14194.33093256981
property-house-vic-oakleigh-140276191,Oakleigh,3166,127 Atkinson Street,-37.898136,145.092276,3.0,1.0,house,4.0,2022-10-08,756.0,"$1,498,000",7.0,0.0,5.0,4.0,14036.548833132594
property-house-vic-oakleigh-140070619,Oakleigh,3166,4 Tamar Grove,-37.896783,145.097178,3.0,1.0,house,4.0,2022-10-08,667.0,"$1,288,888",7.0,0.0,5.0,4.0,14278.806364771428
property-townhouse-vic-oakleigh-140047895,Oakleigh,3166,3/4 Lincoln Avenue,-37.89813109,145.0996873,2.0,1.0,townhouse,1.0,2022-09-09,94.0,"$685,500",6.0,0.0,5.0,3.0,14544.659332900756
property-house-vic-oakleigh-139249639,Oakleigh,3166,46 George Street,-37.905112,145.101809,3.0,1.0,house,2.0,2022-09-07,542.0,Contact agent,6.0,0.0,6.0,2.0,15175.383593968687
property-house-vic-oakleigh-139441419,Oakleigh,3166,126 Haughton Road,-37.90932,145.099528,2.0,1.0,house,2.0,2022-06-20,700.0,Contact agent,7.0,0.0,6.0,2.0,15327.600504854692
property-house-vic-oakleigh-139335187,Oakleigh,3166,10 Classic Court,-37.893891,145.104508,5.0,3.0,house,2.0,2022-06-04,532.0,"$1,230,000",5.0,0.0,3.0,2.0,14604.064939869517
property-house-vic-oakleigh-138313382,Oakleigh,3166,1 Norfolk Avenue,-37.8985325,145.1005025,5.0,2.0,house,3.0,2022-06-02,765.0,"$1,740,000",6.0,0.0,5.0,2.0,14628.543933509602
property-house-vic-oakleigh-139020551,Oakleigh,3166,1/119 Burlington Street,-37.90325,145.103349,3.0,1.0,house,1.0,2022-04-30,285.0,"$845,000",6.0,0.0,7.0,2.0,15149.318232040521
property-house-vic-oakleigh-138633399,Oakleigh,3166,1179 North Road,-37.91011,145.092103,3.0,1.0,house,2.0,2022-03-23,569.0,"$1,055,000",8.0,0.0,4.0,2.0,14905.997055319576
property-house-vic-oakleigh-138319186,Oakleigh,3166,94 Atkinson Street,-37.89606,145.093194,3.0,2.0,house,3.0,2022-03-11,1369.0,"$2,200,000",8.0,0.0,4.0,4.0,13954.196088665993
property-house-vic-oakleigh-138328726,Oakleigh,3166,21 Logie Street,-37.894493,145.091597,7.0,3.0,house,4.0,2022-02-24,1200.0,Contact agent,7.0,0.0,3.0,3.0,13736.191036400614
property-house-vic-oakleigh-138051338,Oakleigh,3166,2 Ford Avenue,-37.90755979,145.0959685,4.0,2.0,house,2.0,2022-02-18,548.0,Contact agent,7.0,0.0,5.0,2.0,14964.11361783184
property-house-vic-oakleigh-138045518,Oakleigh,3166,5 Hilbert Court,-37.894868,145.101367,3.0,1.0,house,2.0,2021-12-22,698.0,"$1,515,000",6.0,0.0,5.0,2.0,14443.928857984036
property-house-vic-oakleigh-137834278,Oakleigh,3166,12 Grant Street,-37.898062,145.098168,4.0,1.0,house,2.0,2021-12-04,612.0,"$1,580,000",7.0,0.0,6.0,4.0,14434.759297036275
property-unit-vic-oakleigh-137644166,Oakleigh,3166,1/6 Parer Street,-37.9094321,145.0983018,2.0,1.0,unit,1.0,2021-11-18,326.0,"$894,250",7.0,0.0,5.0,2.0,15255.462412458008
property-house-vic-oakleigh-136912210,Oakleigh,3166,26 Henry Street,-37.902889,145.104232,2.0,1.0,house,1.0,2021-08-28,547.0,Contact agent,6.0,0.0,7.0,2.0,15184.871972943909
property-house-vic-oakleigh-137680730,Oakleigh,3166,26 Henry Street,-37.902889,145.104232,2.0,1.0,house,1.0,2021-08-28,547.0,"$1,245,000",6.0,0.0,7.0,2.0,15184.871972943909
property-unit-vic-oakleigh-137154670,Oakleigh,3166,1/20 Grandview Grove,-37.89484515,145.1054978,3.0,1.0,unit,2.0,2021-08-28,300.0,"$1,065,000",5.0,0.0,4.0,2.0,14736.288409981891
property-house-vic-oakleigh-136288430,Oakleigh,3166,128 Atherton Road,-37.900051,145.098084,5.0,3.0,house,2.0,2021-08-20,554.0,Contact agent,7.0,0.0,5.0,3.0,14566.397808151829
property-house-vic-oakleigh-136305318,Oakleigh,3166,13 Station Street,-37.899129,145.088474,2.0,3.0,house,5.0,2021-07-17,193.0,Contact agent,6.0,0.0,4.0,4.0,13851.99302091176
property-townhouse-vic-oakleigh-136516458,Oakleigh,3166,1/127 Huntingdale Road,-37.893823,145.106477,4.0,3.0,townhouse,2.0,2021-07-09,268.0,Contact agent,5.0,0.0,3.0,2.0,14741.13192277131
property-house-vic-oakleigh-136013078,Oakleigh,3166,37 Abbeygate Street,-37.906906,145.089581,3.0,1.0,house,2.0,2021-05-10,383.0,"$1,050,000",7.0,0.0,4.0,4.0,14500.865121657793
property-house-vic-oakleigh-135923510,Oakleigh,3166,14-16 Palmerston Grove,-37.897619,145.091505,4.0,2.0,house,6.0,2021-05-01,814.0,Contact agent,7.0,0.0,5.0,4.0,13947.78358257159
property-house-vic-oakleigh-135944706,Oakleigh,3166,17 Leroux Street,-37.895034,145.104411,4.0,1.0,house,1.0,2021-05-01,702.0,"$1,387,000",6.0,0.0,5.0,2.0,14670.919818109833
property-house-vic-oakleigh-135786482,Oakleigh,3166,1153  North Road,-37.909777,145.08879,2.0,1.0,house,1.0,2021-03-25,511.0,"$975,000",6.0,0.0,4.0,3.0,14670.356164488707
property-house-vic-oakleigh-135309110,Oakleigh,3166,12  Albert Avenue,-37.89819149,145.0948333,8.0,3.0,house,3.0,2021-02-20,1297.0,Contact agent,7.0,0.0,5.0,4.0,14214.547603589292
property-house-vic-oakleigh-134851014,Oakleigh,3166,50 Henry Street,-37.905351,145.103759,4.0,2.0,house,6.0,2021-01-14,542.0,"$1,342,000",7.0,0.0,6.0,2.0,15324.33525042023
property-townhouse-vic-oakleigh-134680750,Oakleigh,3166,2/29 Golf Links Avenue,-37.9069723,145.090823,3.0,2.0,townhouse,2.0,2020-11-14,239.0,"$881,000",7.0,0.0,4.0,4.0,14585.789583564056
property-unit-vic-oakleigh-133262458,Oakleigh,3166,40 Bishop Street,-37.90810842,145.0931388,3.0,2.0,unit,2.0,2020-04-08,416.0,"$963,000",7.0,0.0,4.0,2.0,14820.849437607681
property-house-vic-oakleigh-133013366,Oakleigh,3166,36 Eastgate Street,-37.906743,145.08896,4.0,1.0,house,1.0,2020-03-31,500.0,"$1,133,000",8.0,0.0,4.0,4.0,14448.663337126021
property-house-vic-oakleigh-132981410,Oakleigh,3166,8 Heath Avenue,-37.901639,145.096553,3.0,1.0,house,3.0,2020-03-18,1039.0,"$1,550,000",7.0,0.0,5.0,4.0,14573.897432274523
property-house-vic-oakleigh-132968138,Oakleigh,3166,15 Raymond Court,-37.892119,145.103052,3.0,1.0,house,2.0,2020-03-16,578.0,"$1,150,000",5.0,0.0,3.0,1.0,14386.23005644156
property-house-vic-oakleigh-132464402,Oakleigh,3166,2 Heath Avenue,-37.901577,145.096043,4.0,2.0,house,2.0,2019-12-14,684.0,"$1,350,000",7.0,0.0,5.0,4.0,14535.057502476608
property-house-vic-oakleigh-132464678,Oakleigh,3166,39 Burlington Street,-37.902214,145.09589,3.0,1.0,house,1.0,2019-12-14,575.0,"$925,000",7.0,0.0,5.0,4.0,14570.140409550815
property-house-vic-oakleigh-132322054,Oakleigh,3166,50 Abbeygate Street,-37.908467,145.0897,3.0,1.0,house,1.0,2019-11-08,509.0,"$1,120,000",8.0,0.0,4.0,4.0,14627.298238735979
property-house-vic-oakleigh-131210734,Oakleigh,3166,86 Warrigal Road,-37.902943,145.086683,3.0,1.0,house,1.0,2019-08-05,522.0,"$725,000",7.0,0.0,4.0,4.0,14015.258876967608
property-house-vic-oakleigh-131531578,Oakleigh,3166,1460 Dandenong Road,-37.895924,145.096535,3.0,1.0,house,1.0,2019-07-10,589.0,"$700,000",7.0,0.0,5.0,4.0,14175.72249809997
property-house-vic-oakleigh-128497666,Oakleigh,3166,92 Haughton Road,-37.907252,145.09666,2.0,1.0,house,2.0,2019-05-27,475.0,"$830,000",7.0,0.0,5.0,2.0,14986.784801554513
property-house-vic-oakleigh-130503298,Oakleigh,3166,42 Andrew Street,-37.909796,145.09414,4.0,1.0,house,2.0,2019-04-04,726.0,"$977,500",7.0,0.0,4.0,2.0,15012.61799742998
property-house-vic-oakleigh-128290182,Oakleigh,3166,11A Golf Links Avenue,-37.905403,145.090896,4.0,2.0,house,2.0,2018-07-13,762.0,"$1,520,000",7.0,0.0,4.0,4.0,14472.779266094965
property-house-vic-oakleigh-128515566,Oakleigh,3166,12 Young Street,-37.907758,145.095611,2.0,1.0,house,2.0,2018-06-30,560.0,"$1,150,000",7.0,0.0,5.0,2.0,14955.40587368033
property-house-vic-oakleigh-127683182,Oakleigh,3166,57 Hatter Street,-37.908732,145.087002,5.0,3.0,house,2.0,2018-06-22,568.0,"$1,950,000",6.0,0.0,4.0,4.0,14476.850844382448
property-unit-vic-oakleigh-128276330,Oakleigh,3166,1/3 Tamar Grove,-37.896458,145.096729,3.0,1.0,unit,2.0,2018-05-30,265.0,"$840,000",7.0,0.0,5.0,4.0,14225.525032462552
property-house-vic-oakleigh-128284294,Oakleigh,3166,30 Gadd Street,-37.910245,145.097101,3.0,1.0,house,2.0,2018-05-21,703.0,"$1,075,000",8.0,0.0,5.0,2.0,15237.736474221321
property-house-vic-oakleigh-128280790,Oakleigh,3166,15 Mora Avenue,-37.901878,145.089133,3.0,1.0,house,2.0,2018-05-11,558.0,Contact agent,6.0,0.0,4.0,4.0,14096.235093899742
property-house-vic-oakleigh-127771270,Oakleigh,3166,33 William Street,-37.904047,145.102543,3.0,2.0,house,2.0,2018-05-01,435.0,"$1,000,000",6.0,0.0,6.0,2.0,15149.99308260533
property-unit-vic-oakleigh-126725886,Oakleigh,3166,1/172 Atherton Road,-37.900782,145.10266,3.0,1.0,unit,3.0,2018-02-16,400.0,"$891,000",6.0,0.0,6.0,2.0,14931.549550993477
property-house-vic-oakleigh-127022102,Oakleigh,3166,11 The Avenue,-37.896498,145.094896,2.0,1.0,house,2.0,2017-12-20,1072.0,"$1,800,000",7.0,0.0,4.0,4.0,14101.549402142684
property-house-vic-oakleigh-126823446,Oakleigh,3166,805 Warrigal Road,-37.891499,145.088866,4.0,3.0,house,2.0,2017-12-06,578.0,"$1,200,000",8.0,0.0,1.0,5.0,13342.376460908603
property-house-vic-oakleigh-126423498,Oakleigh,3166,8 Mill Road,-37.901469,145.088509,2.0,1.0,house,1.0,2017-10-17,280.0,Contact agent,6.0,0.0,4.0,4.0,14025.091597571247
property-house-vic-oakleigh-126160914,Oakleigh,3166,8 Abbeygate Street,-37.90497,145.090473,3.0,1.0,house,2.0,2017-09-16,567.0,"$1,295,000",6.0,0.0,4.0,4.0,14412.95443500735
property-townhouse-vic-oakleigh-126099786,Oakleigh,3166,3/34 Golf Links Avenue,-37.907179,145.091406,4.0,2.0,townhouse,2.0,2017-09-02,210.0,"$1,065,000",7.0,0.0,4.0,4.0,14638.97897436903
property-townhouse-vic-oakleigh-126345826,Oakleigh,3166,4/34 Golf Links Avenue,-37.907179,145.091406,4.0,2.0,townhouse,2.0,2017-09-02,220.0,"$1,006,000",7.0,0.0,4.0,4.0,14638.97897436903
property-unit-vic-oakleigh-125227310,Oakleigh,3166,4 Mead Court,-37.906748,145.092015,2.0,1.0,unit,2.0,2017-05-20,258.0,"$676,000",7.0,0.0,4.0,4.0,14646.013361472336
property-townhouse-vic-oakleigh-124885602,Oakleigh,3166,3/134 Atherton Road,-37.90029,145.09896,3.0,2.0,townhouse,2.0,2017-05-11,340.0,Contact agent,7.0,0.0,6.0,3.0,14642.995211997879
property-house-vic-oakleigh-124811494,Oakleigh,3166,43 George Street,-37.904651,145.10143,3.0,2.0,house,2.0,2017-03-25,545.0,"$1,320,000",6.0,0.0,6.0,2.0,15117.084264104906
property-house-vic-oakleigh-123729538,Oakleigh,3166,94 Burlington Street,-37.903338,145.100574,3.0,1.0,house,1.0,2017-03-22,670.0,"$830,000",6.0,0.0,6.0,2.0,14966.319910322374
property-house-vic-oakleigh-124903566,Oakleigh,3166,57 Bishop Street,-37.909197,145.092473,2.0,1.0,house,1.0,2017-03-04,610.0,"$1,050,100",7.0,0.0,4.0,2.0,14860.161364834745
property-townhouse-vic-oakleigh-124550566,Oakleigh,3166,4/28 Devon Grove,-37.896011,145.103603,4.0,2.0,townhouse,2.0,2017-02-25,208.0,Contact agent,6.0,0.0,5.0,2.0,14677.312792883597
property-townhouse-vic-oakleigh-124548790,Oakleigh,3166,1/12 Parer Street,-37.909873,145.098591,4.0,2.0,townhouse,2.0,2017-02-10,305.0,"$1,120,000",8.0,0.0,6.0,2.0,15307.057360162016
property-townhouse-vic-oakleigh-123969038,Oakleigh,3166,2/34 Golf Links Avenue,-37.907179,145.091406,4.0,2.0,townhouse,2.0,2016-11-26,220.0,"$1,040,000",7.0,0.0,4.0,4.0,14638.97897436903
property-house-vic-oakleigh-123337766,Oakleigh,3166,1249 North Road,-37.910808,145.099523,3.0,1.0,house,2.0,2016-09-14,693.0,Contact agent,7.0,0.0,6.0,2.0,15437.343969156615
property-house-vic-oakleigh-123060326,Oakleigh,3166,98 Haughton Road,-37.907965,145.097487,2.0,1.0,house,1.0,2016-08-06,733.0,"$780,000",7.0,0.0,5.0,2.0,15093.653766850397
property-house-vic-oakleigh-122774094,Oakleigh,3166,24 Mora Avenue,-37.902414,145.08988,3.0,1.0,house,2.0,2016-06-25,550.0,Contact agent,6.0,0.0,4.0,4.0,14184.81331944525
property-house-vic-oakleigh-122597590,Oakleigh,3166,8/105 Atherton Road,-37.89926,145.095539,2.0,1.0,house,1.0,2016-06-18,70.0,"$347,000",7.0,0.0,5.0,4.0,14337.386361164401
property-house-vic-oakleigh-122572906,Oakleigh,3166,2/77 Burlington Street,-37.902695,145.099504,3.0,2.0,house,2.0,2016-06-14,196.0,"$845,000",7.0,0.0,5.0,2.0,14848.388614226964
property-house-vic-oakleigh-122253966,Oakleigh,3166,37 Clyde Street,-37.898874,145.095038,4.0,2.0,house,3.0,2016-04-30,735.0,"$1,480,000",7.0,0.0,5.0,4.0,14276.208558787383
property-house-vic-oakleigh-121996762,Oakleigh,3166,37 Westgate Street,-37.906654,145.086349,3.0,1.0,house,3.0,2016-03-19,553.0,"$950,000",7.0,1.0,4.0,4.0,14275.319576939704
property-townhouse-vic-oakleigh-121319942,Oakleigh,3166,2/16 Parer Street,-37.91012,145.098365,4.0,3.0,townhouse,2.0,2015-12-12,220.0,"$860,000",8.0,0.0,6.0,2.0,15310.648102626992
property-house-vic-oakleigh-121225222,Oakleigh,3166,7 Mora Avenue,-37.901796,145.088446,3.0,1.0,house,2.0,2015-12-11,556.0,"$1,060,000",6.0,0.0,4.0,4.0,14045.03629962519
property-house-vic-oakleigh-121137394,Oakleigh,3166,20 Grandview Grove,-37.894879,145.105644,3.0,1.0,house,2.0,2015-12-01,676.0,Contact agent,5.0,0.0,4.0,2.0,14748.925199341813
property-house-vic-oakleigh-120832357,Oakleigh,3166,136 Atherton Road,-37.900314,145.099142,3.0,2.0,house,2.0,2015-10-17,625.0,"$900,000",7.0,0.0,6.0,3.0,14657.13481836047
property-house-vic-oakleigh-120508769,Oakleigh,3166,51 Golf Links Avenue,-37.908562,145.09033,3.0,2.0,house,2.0,2015-09-14,728.0,"$950,000",8.0,0.0,4.0,3.0,14674.727704680467
property-house-vic-oakleigh-120109309,Oakleigh,3166,17 Palmerston Grove,-37.897415,145.090967,4.0,2.0,house,2.0,2015-07-13,898.0,"$2,000,000",7.0,0.0,4.0,4.0,13896.909582055729
property-house-vic-oakleigh-119893693,Oakleigh,3166,9 Winifred Street,-37.895187,145.101896,3.0,1.0,house,1.0,2015-06-16,697.0,"$1,005,000",6.0,0.0,5.0,2.0,14502.337725769918
property-townhouse-vic-oakleigh-119331188,Oakleigh,3166,20/6 Willgilson Court,-37.90618,145.092482,3.0,2.0,townhouse,2.0,2015-04-15,172.0,"$690,100",7.0,0.0,4.0,4.0,14633.941883297528
property-house-vic-oakleigh-118242451,Oakleigh,3166,1542 Dandenong Road,-37.899959,145.103198,3.0,2.0,house,2.0,2014-11-22,611.0,"$785,000",6.0,0.0,6.0,2.0,14912.681740807753
property-house-vic-oakleigh-118015507,Oakleigh,3166,24 Gadd Street,-37.909839,145.097176,5.0,2.0,house,2.0,2014-10-29,700.0,"$1,020,000",7.0,0.0,5.0,2.0,15212.272150634455
property-house-vic-oakleigh-117938431,Oakleigh,3166,3 Raymond Court,-37.891289,145.10308,5.0,3.0,house,2.0,2014-10-18,593.0,"$1,125,000",5.0,0.0,3.0,1.0,14335.606634471593
property-house-vic-oakleigh-117844347,Oakleigh,3166,789 Warrigal Road,-37.89005,145.089153,4.0,2.0,house,3.0,2014-09-23,620.0,Contact agent,6.0,0.0,1.0,5.0,13264.394932427394
property-house-vic-oakleigh-117468459,Oakleigh,3166,35 Ferntree Gully Road,-37.896463,145.10414,3.0,2.0,house,2.0,2014-08-09,776.0,"$900,000",6.0,0.0,5.0,2.0,14745.027740372201
property-house-vic-oakleigh-117274543,Oakleigh,3166,13 Palmerston Grove,-37.897639,145.090927,4.0,1.0,house,2.0,2014-08-04,439.0,Contact agent,7.0,0.0,4.0,4.0,13910.037485300007
property-house-vic-oakleigh-117352599,Oakleigh,3166,16 Raymond Court,-37.891986,145.10362,4.0,2.0,house,2.0,2014-07-26,697.0,"$796,000",5.0,0.0,3.0,1.0,14418.6830249008
property-townhouse-vic-oakleigh-115053191,Oakleigh,3166,2/131 Huntingdale Road,-37.894087,145.106287,3.0,2.0,townhouse,2.0,2014-07-16,320.0,Contact agent,5.0,0.0,3.0,2.0,14744.2706514819
property-house-vic-oakleigh-116771955,Oakleigh,3166,15 Westminster Street,-37.900587,145.095399,3.0,1.0,house,1.0,2014-05-30,436.0,"$675,000",7.0,0.0,5.0,4.0,14421.323231613638
property-townhouse-vic-oakleigh-116506059,Oakleigh,3166,1/16 Winifred Street,-37.895672,145.102479,3.0,2.0,townhouse,2.0,2014-05-23,276.0,"$650,000",6.0,0.0,5.0,2.0,14575.491610662664
property-house-vic-oakleigh-116538099,Oakleigh,3166,15 Clyde Street,-37.896867,145.095509,4.0,1.0,house,3.0,2014-04-29,607.0,"$970,000",7.0,0.0,5.0,4.0,14169.19282414307
property-house-vic-oakleigh-116104895,Oakleigh,3166,1 Holland Court,-37.900225,145.096985,3.0,1.0,house,2.0,2014-03-15,618.0,Contact agent,7.0,0.0,5.0,4.0,14503.518584143309
property-house-vic-oakleigh-115849475,Oakleigh,3166,35 Grant Street,-37.899497,145.097447,3.0,2.0,house,4.0,2014-02-15,295.0,"$810,000",7.0,0.0,5.0,4.0,14484.253364626544
property-house-vic-oakleigh-114325243,Oakleigh,3166,1488 Dandenong Road,-37.897386,145.099078,3.0,1.0,house,2.0,2013-08-10,533.0,"$722,000",6.0,0.0,5.0,3.0,14451.696321091114
property-house-vic-oakleigh-114182159,Oakleigh,3166,13 Winifred Street,-37.895457,145.101846,3.0,1.0,house,2.0,2013-07-27,689.0,"$765,000",6.0,0.0,5.0,2.0,14516.584474775244
property-house-vic-oakleigh-113207747,Oakleigh,3166,3 Parer Street,-37.908938,145.097868,3.0,1.0,house,1.0,2013-04-18,700.0,"$760,000",7.0,0.0,5.0,2.0,15190.486114710231
property-unit-vic-oakleigh-112487663,Oakleigh,3166,1/1 Parer Street,-37.908713,145.097866,2.0,1.0,unit,1.0,2012-12-15,198.0,"$395,000",7.0,0.0,5.0,2.0,15173.718218944681
property-townhouse-vic-oakleigh-111804947,Oakleigh,3166,1/23 Fenton Street,-37.908934,145.110168,4.0,2.0,townhouse,2.0,2012-11-08,400.0,Contact agent,5.0,0.0,4.0,2.0,16011.863567488346
property-townhouse-vic-oakleigh-106926562,Oakleigh,3166,2/15A Golf Links Avenue,-37.905858,145.090813,4.0,2.0,townhouse,2.0,2012-09-29,357.0,"$630,000",7.0,0.0,4.0,4.0,14501.408857156352
property-house-vic-oakleigh-110388073,Oakleigh,3166,1/5 Rua Court,-37.891651,145.101846,2.0,1.0,house,2.0,2012-05-26,346.0,Contact agent,5.0,0.0,3.0,1.0,14269.681424608463
property-house-vic-oakleigh-109048766,Oakleigh,3166,121 Atherton Road,-37.899453,145.096929,4.0,3.0,house,3.0,2012-02-18,528.0,Contact agent,7.0,0.0,5.0,4.0,14445.749142344099
property-house-vic-oakleigh-108434311,Oakleigh,3166,10 Raymond Court,-37.891578,145.103693,2.0,1.0,house,1.0,2011-11-26,692.0,Contact agent,5.0,0.0,3.0,1.0,14398.13176956614
property-house-vic-oakleigh-107893891,Oakleigh,3166,6 Merbow Street,-37.901334,145.099615,4.0,1.0,house,2.0,2011-10-15,660.0,"$751,000",7.0,0.0,5.0,2.0,14760.48815238417
property-house-vic-oakleigh-107395995,Oakleigh,3166,5 Norfolk Avenue,-37.898751,145.100255,3.0,1.0,house,3.0,2011-07-07,604.0,"$620,000",6.0,0.0,5.0,2.0,14626.269397867349
property-townhouse-vic-thornbury-150665160,Thornbury,3071,185 Mansfield Street,-37.75762961,145.0141192,1.0,1.0,townhouse,1.0,2026-04-25,121.0,"$710,000",9.0,1.0,0.0,3.0,7802.6195409367965
property-house-vic-thornbury-150815032,Thornbury,3071,330 Raleigh Street,-37.76147,145.024982,3.0,1.0,house,1.0,2026-04-14,497.0,"$1,155,000",7.0,1.0,1.0,3.0,7990.624001742156
property-house-vic-thornbury-150632248,Thornbury,3071,139 Rossmoyne Street,-37.757946,145.009479,3.0,1.0,house,2.0,2026-04-11,481.0,"$1,685,000",10.0,1.0,0.0,4.0,7571.462284667718
property-house-vic-thornbury-150553604,Thornbury,3071,49 Fenwick Street,-37.762051,145.004953,3.0,1.0,house,2.0,2026-04-11,347.0,"$1,380,000",12.0,2.0,0.0,5.0,6982.534154885377
property-house-vic-thornbury-150489104,Thornbury,3071,210 Harold Street,-37.75504765,144.9851974,3.0,2.0,house,1.0,2026-03-27,360.0,"$1,650,000",9.0,0.0,0.0,4.0,7143.018204404459
property-house-vic-thornbury-150452372,Thornbury,3071,183 Clarendon Street,-37.760841,145.01384,3.0,1.0,house,6.0,2026-03-26,620.0,"$1,650,000",12.0,1.0,0.0,3.0,7484.756483389503
property-house-vic-thornbury-150342448,Thornbury,3071,214 Harold Street,-37.755024,144.984984,2.0,1.0,house,1.0,2026-03-14,360.0,"$1,145,000",9.0,1.0,0.0,4.0,7141.831059468295
property-house-vic-thornbury-150339048,Thornbury,3071,245 Darebin Road,-37.76501,145.017373,3.0,1.0,house,3.0,2026-03-11,547.0,"$1,300,000",10.0,1.0,0.0,5.0,7273.347695998066
property-house-vic-thornbury-150191608,Thornbury,3071,305 Raleigh Street,-37.760995,145.022997,4.0,2.0,house,3.0,2026-03-03,470.0,"$2,075,000",9.0,1.0,1.0,0.0,7926.165159976241
property-house-vic-thornbury-150060952,Thornbury,3071,16 Collins Street,-37.755075,145.002746,3.0,1.0,house,2.0,2026-02-14,358.0,"$1,790,000",11.0,1.0,0.0,5.0,7603.164845940149
property-house-vic-thornbury-150006016,Thornbury,3071,45 Rennie Street,-37.753245,144.990003,3.0,1.0,house,1.0,2026-02-07,432.0,"$1,250,000",10.0,0.0,0.0,5.0,7434.00451647891
property-house-vic-thornbury-148984644,Thornbury,3071,164 Dundas Street,-37.754306,145.018044,3.0,2.0,house,2.0,2026-02-03,865.0,"$1,800,000",8.0,1.0,1.0,2.0,8297.239829089624
property-house-vic-thornbury-146963228,Thornbury,3071,118 Normanby Avenue,-37.758226,144.989346,3.0,1.0,house,3.0,2026-01-31,495.0,"$1,265,000",13.0,1.0,0.0,4.0,6883.856898344588
property-house-vic-thornbury-149687460,Thornbury,3071,41A Normanby Avenue,-37.75923783,144.9964448,2.0,1.0,house,1.0,2026-01-30,255.0,"$1,250,000",13.0,1.0,0.0,4.0,6967.734932361294
property-house-vic-thornbury-150004420,Thornbury,3071,155B Gooch Street,-37.75886366,145.0105941,4.0,3.0,house,2.0,2026-01-27,317.0,"$2,150,000",10.0,1.0,0.0,4.0,7529.003107386397
property-house-vic-thornbury-149539584,Thornbury,3071,154 Dundas Street,-37.75422,145.017207,2.0,1.0,house,4.0,2026-01-13,527.0,"$1,285,000",8.0,1.0,0.0,2.0,8267.298440802908
property-house-vic-thornbury-149596100,Thornbury,3071,15 Flinders Street,-37.755607,145.002766,3.0,1.0,house,1.0,2025-12-22,357.0,"$1,300,000",11.0,1.0,0.0,5.0,7549.484976073243
property-house-vic-thornbury-149473972,Thornbury,3071,172 Raleigh Street,-37.76004289,145.0112178,4.0,2.0,house,2.0,2025-12-17,289.0,"$1,535,000",11.0,1.0,0.0,4.0,7442.128592777918
property-house-vic-thornbury-149609848,Thornbury,3071,48 Martin Street,-37.761358,145.003394,3.0,2.0,house,2.0,2025-12-11,450.0,"$1,530,000",13.0,2.0,0.0,4.0,6990.55117645342
property-apartment-vic-thornbury-149642528,Thornbury,3071,9/109 Flinders Street,-37.75653332,145.0113025,2.0,1.0,apartment,1.0,2025-12-11,986.0,"$735,000",8.0,1.0,0.0,3.0,7785.913485815181
property-townhouse-vic-thornbury-149337664,Thornbury,3071,17A Ethel Street,-37.753245,144.99923,3.0,1.0,townhouse,2.0,2025-12-05,164.0,"$1,200,000",10.0,0.0,0.0,5.0,7677.663640822596
property-house-vic-thornbury-149742840,Thornbury,3071,47 Swift Street,-37.762871,145.017214,3.0,1.0,house,2.0,2025-12-03,492.0,"$1,480,000",12.0,1.0,0.0,4.0,7459.252676821775
property-house-vic-thornbury-149538328,Thornbury,3071,227 Mansfield Street,-37.75799,145.017401,3.0,1.0,house,3.0,2025-11-29,458.0,"$1,440,000",9.0,1.0,0.0,2.0,7919.969534718153
property-house-vic-thornbury-149556924,Thornbury,3071,12 Kelvin Grove,-37.762732,145.002585,3.0,1.0,house,1.0,2025-11-28,413.0,"$1,410,000",13.0,1.0,0.0,6.0,6822.046498324857
property-house-vic-thornbury-149399292,Thornbury,3071,185 Clarendon Street,-37.760862,145.014044,3.0,1.0,house,2.0,2025-11-26,641.0,"$1,647,500",12.0,1.0,0.0,3.0,7492.276124923997
property-house-vic-thornbury-149488520,Thornbury,3071,99 Woolton Avenue,-37.760417,144.989911,3.0,1.0,house,1.0,2025-11-22,426.0,"$1,410,000",11.0,1.0,1.0,5.0,6662.741502190927
property-house-vic-thornbury-149477672,Thornbury,3071,13 Gooch Street,-37.757943,145.001863,2.0,1.0,house,3.0,2025-11-22,353.0,"$1,293,000",12.0,0.0,0.0,4.0,7279.574578145412
property-townhouse-vic-thornbury-149461684,Thornbury,3071,15 Ibis Place,-37.76086812,145.0265812,3.0,2.0,townhouse,2.0,2025-11-22,130.0,"$854,000",7.0,1.0,1.0,3.0,8130.397661162207
property-house-vic-thornbury-149462216,Thornbury,3071,286 Victoria Road,-37.76184006,145.0129304,3.0,1.0,house,1.0,2025-11-20,332.0,"$1,280,000",12.0,1.0,0.0,5.0,7348.191223479704
property-house-vic-thornbury-149332980,Thornbury,3071,80 Fyffe Street,-37.753541,144.987839,3.0,2.0,house,1.0,2025-11-18,379.0,"$1,750,000",11.0,1.0,0.0,4.0,7356.533818645925
property-house-vic-thornbury-149249880,Thornbury,3071,15 Hill Street,-37.754804,144.98314,4.0,2.0,house,1.0,2025-11-10,512.0,"$1,837,500",8.0,1.0,0.0,5.0,7135.370324352488
property-house-vic-thornbury-149339036,Thornbury,3071,59 Comas Grove,-37.751389,144.985309,3.0,1.0,house,1.0,2025-11-10,409.0,"$1,750,000",12.0,1.0,1.0,4.0,7543.793454151747
property-house-vic-thornbury-149405836,Thornbury,3071,51 Martin Street,-37.761178,145.004455,4.0,2.0,house,2.0,2025-11-07,478.0,"$2,410,000",13.0,2.0,0.0,4.0,7049.542849812272
property-unit-vic-thornbury-148978940,Thornbury,3071,11/70 Collins Street,-37.755343,145.007502,1.0,1.0,unit,1.0,2025-11-03,50.0,"$375,000",10.0,1.0,0.0,5.0,7749.960716146554
property-apartment-vic-thornbury-149328792,Thornbury,3071,4/46 Smith Street,-37.75722964,144.9965595,2.0,1.0,apartment,1.0,2025-11-01,678.0,"$588,000",13.0,1.0,0.0,4.0,7180.857215322613
property-house-vic-thornbury-149194416,Thornbury,3071,33 Clapham Street,-37.75453065,144.9979731,3.0,2.0,house,2.0,2025-10-31,242.0,"$1,330,000",13.0,0.0,0.0,5.0,7505.357274151061
property-townhouse-vic-thornbury-149366996,Thornbury,3071,25 Sparks Avenue,-37.76128976,145.025598,2.0,2.0,townhouse,1.0,2025-10-29,133.0,"$750,800",7.0,1.0,1.0,3.0,8039.895524242996
property-house-vic-thornbury-149335380,Thornbury,3071,277 Victoria Road,-37.762296,145.012473,3.0,1.0,house,2.0,2025-10-28,480.0,"$1,250,000",13.0,1.0,0.0,5.0,7283.911717421171
property-house-vic-thornbury-149214736,Thornbury,3071,122 Woolton Avenue,-37.759972,144.988175,5.0,3.0,house,3.0,2025-10-26,476.0,"$2,900,000",12.0,1.0,0.0,4.0,6669.675024601666
property-house-vic-thornbury-149209708,Thornbury,3071,85 Darebin Road,-37.763936,145.007185,3.0,1.0,house,2.0,2025-10-25,470.0,"$1,475,000",11.0,2.0,0.0,7.0,6890.468468776098
property-house-vic-thornbury-149203872,Thornbury,3071,40 Armadale Street,-37.76013493,145.0021651,4.0,1.0,house,2.0,2025-10-25,404.0,"$1,325,000",13.0,1.0,0.0,4.0,7067.755228078771
property-townhouse-vic-thornbury-149262648,Thornbury,3071,35A Clapham Street,-37.754402,144.997709,3.0,1.0,townhouse,1.0,2025-10-21,113.0,"$1,110,000",13.0,0.0,0.0,5.0,7510.916014175901
property-house-vic-thornbury-149213980,Thornbury,3071,172 Dundas Street,-37.75438,145.018689,3.0,2.0,house,4.0,2025-10-20,660.0,"$1,760,000",8.0,1.0,1.0,2.0,8319.96015459904
property-house-vic-thornbury-149085468,Thornbury,3071,72 Rossmoyne Street,-37.757751,145.004876,5.0,3.0,house,1.0,2025-10-10,427.0,"$2,365,000",11.0,1.0,0.0,4.0,7408.592456007953
property-townhouse-vic-thornbury-148926144,Thornbury,3071,1/116 Normanby Avenue,-37.75822238,144.989525,2.0,2.0,townhouse,1.0,2025-09-30,116.0,"$786,500",13.0,1.0,0.0,4.0,6888.391467387448
property-house-vic-thornbury-149002144,Thornbury,3071,113 Keon Street,-37.751829,144.985751,3.0,2.0,house,1.0,2025-09-27,368.0,"$1,675,000",11.0,1.0,1.0,4.0,7503.4123457520645
property-house-vic-thornbury-148862524,Thornbury,3071,182A Collins Street,-37.756191,145.018698,4.0,3.0,house,2.0,2025-09-23,420.0,"$2,250,000",8.0,1.0,1.0,2.0,8149.9271470945205
property-house-vic-thornbury-148828080,Thornbury,3071,12 Speight Street,-37.762258,145.007559,3.0,1.0,house,2.0,2025-09-22,446.0,"$1,385,000",12.0,1.0,0.0,5.0,7069.535647973421
property-house-vic-thornbury-148880200,Thornbury,3071,295 Gooch Street,-37.760385,145.024784,3.0,2.0,house,2.0,2025-09-20,472.0,"$1,485,000",6.0,1.0,1.0,0.0,8075.2183091929455
property-house-vic-thornbury-148816232,Thornbury,3071,29 Raleigh Street,-37.758829,145.002531,3.0,2.0,house,1.0,2025-09-13,380.0,"$1,785,000",12.0,1.0,0.0,4.0,7213.291048083576
property-house-vic-thornbury-148893704,Thornbury,3071,3 Bradley Avenue,-37.761352,144.991929,3.0,2.0,house,2.0,2025-09-09,436.0,"$1,530,000",10.0,1.0,1.0,5.0,6615.313683886587
property-house-vic-thornbury-148630268,Thornbury,3071,113 Collins Street,-37.755699,145.013569,4.0,1.0,house,2.0,2025-08-30,492.0,"$1,625,000",8.0,1.0,0.0,3.0,7963.968434413655
property-house-vic-thornbury-148641980,Thornbury,3071,308 Victoria Road,-37.759956,145.013217,2.0,1.0,house,1.0,2025-08-23,376.0,"$1,300,000",11.0,1.0,0.0,4.0,7539.959638338617
property-villa-vic-thornbury-148599628,Thornbury,3071,1/79 Fyffe Street,-37.75377765,144.9872129,2.0,1.0,villa,2.0,2025-08-16,230.0,"$1,040,000",11.0,1.0,0.0,4.0,7318.537893748217
property-house-vic-thornbury-148480912,Thornbury,3071,273 Victoria Road,-37.763167,145.012325,2.0,1.0,house,2.0,2025-08-13,352.0,"$901,000",13.0,1.0,0.0,5.0,7194.852554208301
property-townhouse-vic-thornbury-148425296,Thornbury,3071,163A Collins Street,-37.755841,145.018253,4.0,3.0,townhouse,2.0,2025-08-08,275.0,"$1,870,000",8.0,1.0,1.0,2.0,8161.862322543816
property-townhouse-vic-thornbury-148396728,Thornbury,3071,4 Aviary Grove,-37.76130133,145.0259587,2.0,2.0,townhouse,1.0,2025-08-08,65.0,"$612,000",7.0,1.0,1.0,3.0,8058.611147922485
property-house-vic-thornbury-148444188,Thornbury,3071,124 Smith Street,-37.756538,144.990743,2.0,1.0,house,1.0,2025-08-04,360.0,"$1,054,000",11.0,1.0,0.0,4.0,7097.542715499571
property-house-vic-thornbury-148275108,Thornbury,3071,10 Hobson Street,-37.75467,144.992224,3.0,1.0,house,2.0,2025-08-02,453.0,"$1,520,000",13.0,0.0,0.0,5.0,7333.147911241012
property-apartment-vic-thornbury-147982192,Thornbury,3071,14/42-44 Clarendon Street,-37.76001565,145.0033671,3.0,1.0,apartment,1.0,2025-07-23,1755.0,"$950,000",13.0,2.0,0.0,4.0,7124.2424200068
property-house-vic-thornbury-147895748,Thornbury,3071,11A Smith Street,-37.75774,144.998894,3.0,1.0,house,4.0,2025-06-13,416.0,"$1,420,000",13.0,0.0,0.0,4.0,7200.353636578972
property-house-vic-thornbury-147960428,Thornbury,3071,9 Walsh Avenue,-37.757651,145.023417,3.0,1.0,house,2.0,2025-06-06,265.0,"$1,063,000",7.0,1.0,1.0,0.0,8247.860685615587
property-house-vic-thornbury-147738216,Thornbury,3071,169 Clarendon Street,-37.760573,145.011316,3.0,2.0,house,2.0,2025-06-03,700.0,"$1,880,000",11.0,1.0,0.0,4.0,7395.527555267413
property-house-vic-thornbury-147965968,Thornbury,3071,82B Collins Street,-37.755513,145.009044,3.0,2.0,house,2.0,2025-06-02,304.0,"$1,515,000",9.0,1.0,0.0,3.0,7793.557917946887
property-house-vic-thornbury-147800304,Thornbury,3071,11 Harold Street,-37.756931,144.999529,3.0,1.0,house,1.0,2025-05-31,406.0,"$1,860,000",12.0,0.0,0.0,4.0,7304.552663849164
property-townhouse-vic-thornbury-147849724,Thornbury,3071,6/4 Strettle Street,-37.7548845,144.9824562,3.0,2.0,townhouse,1.0,2025-05-31,207.0,"$1,350,000",9.0,1.0,0.0,4.0,7116.165340032333
property-house-vic-thornbury-147981556,Thornbury,3071,14 Martin Street,-37.76115555,145.0014231,2.0,1.0,house,2.0,2025-05-31,395.0,"$1,276,000",14.0,1.0,0.0,5.0,6937.443918720425
property-house-vic-thornbury-148084980,Thornbury,3071,148 Ballantyne Street,-37.75714574,144.9883668,3.0,1.0,house,4.0,2025-05-31,515.0,"$1,040,000",12.0,1.0,0.0,4.0,6978.115448548028
property-house-vic-thornbury-147704764,Thornbury,3071,12 Blythe Street,-37.75394,145.000143,3.0,1.0,house,3.0,2025-05-28,426.0,"$1,270,000",11.0,0.0,0.0,5.0,7633.871563646169
property-house-vic-thornbury-147959604,Thornbury,3071,125 Flinders Street,-37.756777,145.01337,3.0,1.0,house,2.0,2025-05-23,470.0,"$1,380,000",8.0,1.0,0.0,3.0,7851.229251599062
property-house-vic-thornbury-147889920,Thornbury,3071,5 Strettle Street,-37.755189,144.983038,3.0,1.0,house,4.0,2025-05-21,600.0,"$1,600,000",8.0,1.0,0.0,5.0,7091.649385256372
property-house-vic-thornbury-147844624,Thornbury,3071,299 Raleigh Street,-37.76095,145.022487,4.0,2.0,house,3.0,2025-05-17,470.0,"$1,505,000",9.0,1.0,1.0,0.0,7903.322397494789
property-house-vic-thornbury-147854240,Thornbury,3071,265 Raleigh Street,-37.76048,145.018107,3.0,1.0,house,3.0,2025-05-17,430.0,"$1,400,000",8.0,1.0,0.0,2.0,7722.900266190805
property-house-vic-thornbury-147967524,Thornbury,3071,300 Gillies Street,-37.765066,145.019108,3.0,1.0,house,1.0,2025-05-14,601.0,"$1,485,000",9.0,1.0,0.0,4.0,7358.905960553573
property-unit-vic-thornbury-147477964,Thornbury,3071,9/56 Pender Street,-37.754464,145.00947,1.0,1.0,unit,1.0,2025-05-12,1048.0,"$375,000",9.0,1.0,0.0,4.0,7914.518828495234
property-house-vic-thornbury-147769956,Thornbury,3071,138 Gooch Street,-37.759069,145.00979,3.0,1.0,house,2.0,2025-05-10,374.0,"$1,235,000",10.0,1.0,0.0,4.0,7474.757546989469
property-house-vic-thornbury-147575396,Thornbury,3071,76 Harold Street,-37.75620417,144.9955223,4.0,2.0,house,1.0,2025-04-14,480.0,"$1,570,000",12.0,0.0,0.0,5.0,7258.180271625062
property-house-vic-thornbury-147562532,Thornbury,3071,29 Newman Street,-37.756875,144.986239,4.0,2.0,house,1.0,2025-04-10,334.0,"$1,710,000",10.0,1.0,0.0,4.0,6963.7242049250335
property-house-vic-thornbury-146980556,Thornbury,3071,214 Dundas Street,-37.754742,145.022028,3.0,1.0,house,4.0,2025-04-09,690.0,"$1,135,000",7.0,1.0,1.0,0.0,8444.76403929766
property-house-vic-thornbury-147290288,Thornbury,3071,75 Flinders Street,-37.756074,145.006953,4.0,2.0,house,2.0,2025-03-15,923.0,"$2,500,000",11.0,1.0,0.0,4.0,7655.745128685639
property-house-vic-thornbury-147310548,Thornbury,3071,325 Rossmoyne Street,-37.759421,145.023186,2.0,1.0,house,2.0,2025-03-15,470.0,"$1,170,000",8.0,1.0,1.0,0.0,8076.575568101749
property-house-vic-thornbury-147159416,Thornbury,3071,6 Harold Street,-37.756721,144.999898,3.0,1.0,house,2.0,2025-03-01,625.0,"$1,630,000",11.0,0.0,0.0,4.0,7338.275341867165
property-house-vic-thornbury-147166824,Thornbury,3071,77 Rennie Street,-37.75293597,144.9875398,2.0,1.0,house,1.0,2025-03-01,357.0,"$1,415,000",11.0,1.0,1.0,4.0,7416.171268554109
property-house-vic-thornbury-147055048,Thornbury,3071,94 Collins Street,-37.755678,145.010732,3.0,1.0,house,2.0,2025-02-15,696.0,"$1,910,000",9.0,1.0,0.0,3.0,7845.812242326898
property-townhouse-vic-thornbury-146595292,Thornbury,3071,13 Ibis Place,-37.76096376,145.0265751,3.0,1.0,townhouse,1.0,2025-02-08,71.0,"$730,000",7.0,1.0,1.0,3.0,8121.759071037319
property-house-vic-thornbury-146335192,Thornbury,3071,366 Victoria Road,-37.756047,145.013889,3.0,1.0,house,4.0,2025-01-09,618.0,"$1,310,000",8.0,1.0,0.0,3.0,7944.341327259883
property-house-vic-thornbury-146820092,Thornbury,3071,76 Hutton Street,-37.75478521,144.9907895,4.0,3.0,house,2.0,2024-12-22,266.0,"$1,585,000",12.0,0.0,0.0,5.0,7286.381859322884
property-house-vic-thornbury-146063436,Thornbury,3071,63 Speight Street,-37.762419,145.011766,5.0,2.0,house,4.0,2024-12-03,550.0,"$3,050,000",12.0,1.0,0.0,5.0,7239.683253199572
property-house-vic-thornbury-146543076,Thornbury,3071,123 Rennie Street,-37.752591,144.984471,3.0,1.0,house,2.0,2024-11-27,475.0,"$1,301,000",11.0,1.0,1.0,4.0,7398.602255876843
property-house-vic-thornbury-146354196,Thornbury,3071,23 Gooch Street,-37.758007,145.00244,3.0,1.0,house,3.0,2024-11-23,381.0,"$1,150,000",12.0,1.0,0.0,4.0,7293.466143814117
property-house-vic-thornbury-146409616,Thornbury,3071,52 Fyffe Street,-37.753777,144.990057,3.0,1.0,house,1.0,2024-11-15,357.0,"$1,290,000",10.0,0.0,0.0,5.0,7377.955247523432
property-unit-vic-thornbury-146429844,Thornbury,3071,6/30 Kemp Street,-37.76180113,144.9941468,2.0,1.0,unit,1.0,2024-11-06,828.0,"$540,000",13.0,1.0,1.0,5.0,6630.759116175338
property-house-vic-thornbury-146190688,Thornbury,3071,23 Kemp Street,-37.762153,144.994496,4.0,2.0,house,1.0,2024-10-26,724.0,"$1,950,000",13.0,1.0,1.0,5.0,6604.3578446286665
property-house-vic-thornbury-145890920,Thornbury,3071,205 Gooch Street,-37.759411,145.015638,4.0,3.0,house,1.0,2024-09-17,470.0,"$1,967,500",9.0,1.0,0.0,2.0,7703.46007309319
property-house-vic-thornbury-145629364,Thornbury,3071,95 Keon Street,-37.751947,144.986861,3.0,2.0,house,1.0,2024-09-10,371.0,"$1,795,000",12.0,1.0,1.0,4.0,7510.5839503097295
property-house-vic-thornbury-145751072,Thornbury,3071,170 Rossmoyne Street,-37.758427,145.011283,3.0,1.0,house,2.0,2024-09-07,705.0,"$1,860,000",10.0,1.0,0.0,4.0,7600.988188550401
property-house-vic-thornbury-145712208,Thornbury,3071,149 Collins Street,-37.755714,145.017099,3.0,1.0,house,3.0,2024-08-31,526.0,"$1,275,000",9.0,1.0,0.0,3.0,8120.334561559864
property-unitblock-vic-thornbury-144857076,Thornbury,3071,45 Hutton Street,-37.7557249,144.9966633,8.0,4.0,unitblock,8.0,2024-08-27,901.0,"$2,425,000",13.0,0.0,0.0,5.0,7341.479401491615
property-house-vic-thornbury-145649344,Thornbury,3071,183 Rossmoyne Street,-37.758309,145.012807,3.0,1.0,house,3.0,2024-08-24,482.0,"$1,370,000",9.0,1.0,0.0,3.0,7679.015034004399
property-house-vic-thornbury-145592216,Thornbury,3071,141 Mansfield Street,-37.757293,145.010813,4.0,1.0,house,3.0,2024-08-17,656.0,"$1,881,000",9.0,1.0,0.0,4.0,7691.152137542505
property-house-vic-thornbury-145187488,Thornbury,3071,350 Victoria Road,-37.757107,145.013702,3.0,1.0,house,1.0,2024-06-29,480.0,"$1,055,000",9.0,1.0,0.0,3.0,7834.109348356104
property-villa-vic-thornbury-145240832,Thornbury,3071,2/379 Station Street,-37.75993046,145.0215587,2.0,1.0,villa,2.0,2024-06-28,148.0,"$630,000",6.0,1.0,1.0,0.0,7946.68032147435
property-house-vic-thornbury-145072580,Thornbury,3071,46 Ballantyne Street,-37.75806256,144.996252,3.0,2.0,house,3.0,2024-06-15,613.0,"$1,800,000",13.0,1.0,0.0,4.0,7084.568588052266
property-house-vic-thornbury-144871900,Thornbury,3071,326 Victoria Road,-37.758851,145.013405,2.0,1.0,house,2.0,2024-05-18,426.0,"$950,000",10.0,1.0,0.0,3.0,7653.799295958961
property-house-vic-thornbury-144513092,Thornbury,3071,31 Raleigh Street,-37.75884,145.002645,3.0,1.0,house,3.0,2024-05-03,333.0,"$1,455,000",12.0,1.0,0.0,4.0,7216.3014473553885
property-house-vic-thornbury-144656296,Thornbury,3071,9 Flinders Street,-37.755564,145.00237,4.0,1.0,house,1.0,2024-04-27,441.0,"$1,480,000",11.0,1.0,0.0,5.0,7540.185813742119
property-house-vic-thornbury-144600548,Thornbury,3071,279 Rathmines Street,-37.764801,145.018354,3.0,1.0,house,4.0,2024-04-22,661.0,"$1,355,000",10.0,1.0,0.0,4.0,7342.985907752046
property-apartment-vic-thornbury-144737720,Thornbury,3071,5/85 Hutton Street,-37.75538524,144.9935337,2.0,2.0,apartment,1.0,2024-04-18,95.0,"$612,000",12.0,0.0,0.0,5.0,7290.3619215061835
property-house-vic-thornbury-144446156,Thornbury,3071,155 Ballantyne Street,-37.757429,144.988585,3.0,1.0,house,2.0,2024-04-14,664.0,"$1,315,000",12.0,1.0,0.0,4.0,6952.37036709154
property-house-vic-thornbury-144561688,Thornbury,3071,16 Kelvin Grove,-37.76254035,145.0026596,2.0,1.0,house,1.0,2024-04-06,208.0,"$1,640,000",13.0,1.0,0.0,6.0,6844.087558799362
property-house-vic-thornbury-144481160,Thornbury,3071,7 Rossmoyne Street,-37.757184,145.002023,4.0,1.0,house,3.0,2024-04-06,650.0,"$1,620,000",11.0,0.0,0.0,4.0,7362.599453087951
property-house-vic-thornbury-144446820,Thornbury,3071,169 Hutton Street,-37.754679,144.986923,3.0,1.0,house,1.0,2024-04-04,355.0,"$1,143,100",10.0,0.0,0.0,4.0,7215.157792305496
property-house-vic-thornbury-144342668,Thornbury,3071,251 Gooch St,-37.759892,145.020143,3.0,1.0,house,1.0,2024-03-26,556.0,"$1,340,000",6.0,1.0,1.0,1.0,7878.227786693445
property-house-vic-thornbury-144378204,Thornbury,3071,46 Johnson Street,-37.762418,144.998961,3.0,2.0,house,3.0,2024-03-15,442.0,"$1,613,000",15.0,1.0,0.0,5.0,6721.59709035033
property-house-vic-thornbury-144135892,Thornbury,3071,230 Rossmoyne Street,-37.75875776,145.0146698,2.0,1.0,house,4.0,2024-03-02,780.0,"$1,800,000",9.0,1.0,0.0,3.0,7720.175740658443
property-house-vic-thornbury-144115836,Thornbury,3071,5 Jones Street,-37.757845,145.022695,3.0,1.0,house,2.0,2024-02-24,669.0,"$1,350,000",6.0,1.0,1.0,0.0,8193.476266813
property-unitblock-vic-thornbury-143260140,Thornbury,3071,1-7/10 Murray Street,-37.754247,144.99539,9.0,7.0,unitblock,8.0,2023-12-20,762.0,"$2,100,000",13.0,0.0,0.0,5.0,7460.774677708615
property-house-vic-thornbury-143678812,Thornbury,3071,94 Smith Street,-37.756771,144.992802,3.0,1.0,house,1.0,2023-12-13,425.0,"$1,137,000",11.0,1.0,0.0,4.0,7124.116644235998
property-house-vic-thornbury-143642720,Thornbury,3071,117A Flinders Street,-37.756671,145.012431,4.0,2.0,house,4.0,2023-12-12,645.0,"$1,500,000",8.0,1.0,0.0,3.0,7820.644768663344
property-house-vic-thornbury-143634852,Thornbury,3071,13 Normanby Avenue,-37.759516,144.998949,3.0,1.0,house,2.0,2023-12-09,349.0,"$1,480,000",13.0,1.0,0.0,4.0,7018.880163947202
property-house-vic-thornbury-143526128,Thornbury,3071,16 Bradley Avenue,-37.761013,144.991042,2.0,1.0,house,2.0,2023-12-06,439.0,"$1,302,500",10.0,1.0,1.0,5.0,6627.770639930844
property-house-vic-thornbury-143526540,Thornbury,3071,215 Raleigh Street,-37.760276,145.016171,3.0,1.0,house,2.0,2023-11-25,469.0,"$1,405,000",8.0,1.0,0.0,2.0,7647.73369259319
property-house-vic-thornbury-143101000,Thornbury,3071,320 Gillies Street,-37.76379,145.019324,4.0,2.0,house,3.0,2023-11-18,536.0,"$2,600,000",9.0,1.0,0.0,4.0,7484.068619519682
property-house-vic-thornbury-143454684,Thornbury,3071,80 Smith Street,-37.75700216,144.9947036,4.0,1.0,house,3.0,2023-11-18,615.0,"$2,020,000",12.0,1.0,0.0,4.0,7151.037684549542
property-house-vic-thornbury-143368056,Thornbury,3071,36 Harold Street,-37.756437,144.997556,3.0,2.0,house,3.0,2023-11-10,500.0,"$1,420,000",12.0,0.0,0.0,5.0,7293.707767803084
property-house-vic-thornbury-143464036,Thornbury,3071,368 Station Street,-37.76189164,145.0207647,3.0,1.0,house,2.0,2023-11-10,383.0,"$955,000",8.0,1.0,1.0,1.0,7729.166282464169
property-house-vic-thornbury-142796864,Thornbury,3071,292 Mansfield Street,-37.758933,145.023664,3.0,1.0,house,4.0,2023-11-02,470.0,"$1,160,000",8.0,1.0,1.0,0.0,8145.184206268603
property-unitblock-vic-thornbury-142920416,Thornbury,3071,1-7/79 Harold Street,-37.75615,144.992853,9.0,7.0,unitblock,7.0,2023-10-11,717.0,"$1,900,000",12.0,0.0,0.0,4.0,7191.416349523075
property-apartment-vic-thornbury-143027968,Thornbury,3071,15/58 Clarendon Street,-37.7601253,145.0043795,3.0,2.0,apartment,2.0,2023-09-30,114.0,"$850,000",13.0,1.0,0.0,4.0,7151.681118596313
property-house-vic-thornbury-142962340,Thornbury,3071,266 Raleigh Street,-37.760771,145.018235,3.0,1.0,house,2.0,2023-09-23,673.0,"$1,511,000",8.0,1.0,0.0,2.0,7702.477073876698
property-house-vic-thornbury-142855892,Thornbury,3071,65  Alston Street,-37.755494,145.022224,3.0,1.0,house,3.0,2023-09-22,685.0,"$1,280,000",6.0,1.0,1.0,0.0,8384.90647637516
property-townhouse-vic-thornbury-142881576,Thornbury,3071,5/54 Clarendon Street,-37.76009943,145.0041406,2.0,2.0,townhouse,1.0,2023-09-16,97.0,"$837,500",13.0,1.0,0.0,4.0,7145.113627599458
property-house-vic-thornbury-143022852,Thornbury,3071,290 Victoria Road,-37.761205,145.013013,3.0,1.0,house,4.0,2023-09-14,760.0,"$1,780,000",12.0,1.0,0.0,3.0,7412.068317044782
property-townhouse-vic-thornbury-142846104,Thornbury,3071,48 Pender Street,-37.7541849,145.0059674,3.0,2.0,townhouse,2.0,2023-09-09,207.0,"$1,190,000",9.0,1.0,0.0,5.0,7808.479576979778
property-house-vic-thornbury-142671524,Thornbury,3071,109 Smith Street,-37.756874,144.991449,2.0,1.0,house,1.0,2023-09-07,300.0,"$1,272,000",11.0,1.0,0.0,4.0,7078.803654752597
property-unit-vic-thornbury-142552192,Thornbury,3071,4/198-200 Dundas Street,-37.7546496,145.0210716,2.0,1.0,unit,2.0,2023-08-23,125.0,"$600,000",7.0,1.0,1.0,1.0,8407.088097535592
property-townhouse-vic-thornbury-142254200,Thornbury,3071,83 Alston Court,-37.75577409,145.0237606,3.0,3.0,townhouse,2.0,2023-08-21,181.0,"$940,000",6.0,1.0,1.0,0.0,8435.72547669863
property-house-vic-thornbury-142680576,Thornbury,3071,199 Rossmoyne Street,-37.758544,145.014969,3.0,2.0,house,2.0,2023-08-12,432.0,"$1,625,000",9.0,1.0,0.0,3.0,7754.18755556941
property-house-vic-thornbury-142108956,Thornbury,3071,318 Victoria Road,-37.759435,145.01331,5.0,2.0,house,2.0,2023-07-19,502.0,"$1,810,000",10.0,1.0,0.0,4.0,7593.792069922079
property-house-vic-thornbury-142397612,Thornbury,3071,14 Woolton Avenue,-37.761165,144.998427,4.0,2.0,house,3.0,2023-07-16,603.0,"$1,757,000",15.0,1.0,0.0,5.0,6831.818118514489
property-house-vic-thornbury-142216468,Thornbury,3071,13 Comas Grove,-37.756845,144.984492,3.0,2.0,house,2.0,2023-07-08,570.0,"$1,901,000",10.0,1.0,0.0,5.0,6934.787126144755
property-house-vic-thornbury-142268180,Thornbury,3071,10 Clyde Street,-37.761162,145.006737,5.0,2.0,house,2.0,2023-06-22,454.0,"$1,485,000",12.0,1.0,0.0,4.0,7142.549838939558
property-house-vic-thornbury-141657324,Thornbury,3071,345 Station Street,-37.762594,145.02107,3.0,1.0,house,3.0,2023-05-17,519.0,"$1,170,000",9.0,1.0,1.0,2.0,7682.309199358897
property-house-vic-thornbury-141981212,Thornbury,3071,497 St Georges Road,-37.754627,144.993882,4.0,2.0,house,3.0,2023-05-13,547.0,"$1,250,000",12.0,0.0,0.0,5.0,7379.970889307242
property-house-vic-thornbury-140303551,Thornbury,3071,164 Dundas Street,-37.754306,145.018044,3.0,2.0,house,2.0,2023-05-12,865.0,"$1,718,000",8.0,1.0,1.0,2.0,8297.239829089624
property-townhouse-vic-thornbury-141921492,Thornbury,3071,6/158 Clarendon Street,-37.76140218,145.0117954,3.0,2.0,townhouse,2.0,2023-05-06,135.0,"$845,000",11.0,1.0,0.0,3.0,7337.71974506291
property-townhouse-vic-thornbury-141774952,Thornbury,3071,2/202 Collins Street,-37.7564157,145.0206409,2.0,1.0,townhouse,1.0,2023-05-04,110.0,"$732,500",7.0,1.0,1.0,1.0,8222.268980277442
property-house-vic-thornbury-141827916,Thornbury,3071,14 Hammond Street,-37.76352,145.010272,4.0,2.0,house,4.0,2023-04-29,674.0,"$2,790,000",12.0,1.0,0.0,5.0,7066.895260693126
property-house-vic-thornbury-141588476,Thornbury,3071,34 Speight Street,-37.762609,145.010619,4.0,3.0,house,1.0,2023-03-25,470.0,"$2,201,000",12.0,1.0,0.0,5.0,7169.461542048576
property-house-vic-thornbury-141611308,Thornbury,3071,88 Fyffe Street,-37.753454,144.986967,4.0,3.0,house,4.0,2023-03-25,711.0,"$2,190,000",11.0,1.0,0.0,4.0,7348.908659287979
property-house-vic-thornbury-141593472,Thornbury,3071,121 Fyffe Street,-37.753302,144.98284,4.0,1.0,house,2.0,2023-03-25,536.0,"$1,420,000",9.0,1.0,1.0,4.0,7295.30285136375
property-house-vic-thornbury-141537876,Thornbury,3071,24a Speight Street,-37.762494,145.0098,4.0,3.0,house,2.0,2023-03-18,605.0,"$1,850,000",11.0,1.0,0.0,5.0,7143.86235626731
property-house-vic-thornbury-141484012,Thornbury,3071,1/296 Mansfield Street,-37.75898297,145.0239373,3.0,2.0,house,2.0,2023-03-18,342.0,"$1,227,000",7.0,1.0,1.0,0.0,8154.957663634546
property-house-vic-thornbury-141327656,Thornbury,3071,17A Fyffe Street,-37.754343,144.992613,2.0,1.0,house,2.0,2023-02-22,265.0,"$1,115,000",13.0,0.0,0.0,5.0,7377.684093004845
property-house-vic-thornbury-140906388,Thornbury,3071,211 Gooch Street,-37.759449,145.016156,3.0,2.0,house,2.0,2023-02-17,366.0,"$1,320,000",9.0,1.0,0.0,2.0,7724.326706098246
property-house-vic-thornbury-141043252,Thornbury,3071,19 Gladhall Avenue,-37.756635,145.019912,3.0,1.0,house,2.0,2023-02-15,531.0,"$1,150,000",7.0,1.0,1.0,1.0,8166.562784741739
property-townhouse-vic-thornbury-141249852,Thornbury,3071,2/48A Clyde Street,-37.76171386,145.0114941,2.0,1.0,townhouse,1.0,2023-02-15,152.0,"$1,087,000",12.0,1.0,0.0,4.0,7294.37336362225
property-house-vic-thornbury-140023187,Thornbury,3071,5 Harry Street,-37.757023,145.015633,3.0,1.0,house,2.0,2023-02-08,446.0,"$1,250,000",9.0,1.0,0.0,3.0,7928.95368543973
property-house-vic-thornbury-140536091,Thornbury,3071,126A Fyffe Street,-37.75314104,144.9841122,4.0,2.0,house,1.0,2023-01-19,358.0,"$1,290,000",11.0,1.0,1.0,4.0,7332.660804533112
property-townhouse-vic-thornbury-141042844,Thornbury,3071,9 Ibis Place,-37.76114024,145.0265383,3.0,2.0,townhouse,2.0,2022-12-24,145.0,"$820,000",7.0,1.0,1.0,3.0,8104.425325387706
property-unitblock-vic-thornbury-140708455,Thornbury,3071,1-8/74 Collins Street,-37.75537,145.007937,16.0,8.0,unitblock,8.0,2022-12-19,912.0,"$3,010,000",10.0,1.0,0.0,5.0,7764.1292763407855
property-house-vic-thornbury-140961420,Thornbury,3071,147 Clarendon Street,-37.760392,145.009709,3.0,1.0,house,3.0,2022-12-15,406.0,"$1,356,000",12.0,1.0,0.0,4.0,7342.711034820621
property-house-vic-thornbury-140906344,Thornbury,3071,29 Harry Street,-37.754813,145.016033,3.0,1.0,house,2.0,2022-12-10,590.0,"$1,555,000",9.0,1.0,0.0,3.0,8157.8334879502345
property-house-vic-thornbury-140801491,Thornbury,3071,286 Victoria Road,-37.76184006,145.0129304,3.0,1.0,house,1.0,2022-12-10,540.0,"$1,305,000",12.0,1.0,0.0,5.0,7348.191223479704
property-house-vic-thornbury-140916480,Thornbury,3071,303 Clarendon Street,-37.762019,145.024967,3.0,1.0,house,3.0,2022-12-10,451.0,"$1,300,000",7.0,1.0,1.0,3.0,7941.8926440645455
property-house-vic-thornbury-140906672,Thornbury,3071,326 Station Street,-37.765049,145.020255,3.0,1.0,house,2.0,2022-12-10,519.0,"$850,000",10.0,1.0,0.0,4.0,7421.412175848521
property-house-vic-thornbury-140842204,Thornbury,3071,28 Woolton Avenue,-37.760965,144.996719,4.0,1.0,house,2.0,2022-12-07,630.0,"$2,087,000",14.0,1.0,0.0,5.0,6796.738385674126
property-house-vic-thornbury-140905260,Thornbury,3071,84 Fyffe Street,-37.753485,144.987413,3.0,2.0,house,1.0,2022-12-05,386.0,"$1,625,000",11.0,1.0,0.0,4.0,7354.17153494933
property-house-vic-thornbury-140833932,Thornbury,3071,113 Rossmoyne Street,-37.757774,145.007793,4.0,3.0,house,5.0,2022-12-03,755.0,"$2,553,000",11.0,1.0,0.0,4.0,7519.6331896042275
property-house-vic-thornbury-140688083,Thornbury,3071,91A Flinders Street,-37.75626,145.008819,3.0,2.0,house,2.0,2022-12-02,247.0,"$1,063,000",10.0,1.0,0.0,4.0,7710.590551112493
property-house-vic-thornbury-140790083,Thornbury,3071,255 Raleigh Street,-37.760405,145.017427,4.0,2.0,house,1.0,2022-11-26,425.0,"$1,685,000",8.0,1.0,0.0,2.0,7696.455953920407
property-house-vic-thornbury-140720899,Thornbury,3071,63 Speight Street,-37.762419,145.011766,3.0,1.0,house,1.0,2022-11-19,550.0,"$1,330,000",12.0,1.0,0.0,5.0,7239.683253199572
property-house-vic-thornbury-140717935,Thornbury,3071,129 Ballantyne Street,-37.757662,144.99061,3.0,1.0,house,2.0,2022-11-17,531.0,"$1,500,000",13.0,1.0,0.0,4.0,6974.124323573679
property-house-vic-thornbury-140657431,Thornbury,3071,17 Hutton Street,-37.755986,144.999123,3.0,2.0,house,3.0,2022-11-12,580.0,"$1,990,000",12.0,0.0,0.0,5.0,7389.336701765453
property-house-vic-thornbury-140537587,Thornbury,3071,296 Rathmines Street,-37.763618,145.018193,3.0,1.0,house,1.0,2022-11-04,776.0,"$1,849,000",9.0,1.0,0.0,4.0,7441.046405036794
property-house-vic-thornbury-140480143,Thornbury,3071,5 Clapham Street,-37.758204,144.997554,3.0,2.0,house,2.0,2022-10-22,507.0,"$1,730,000",13.0,1.0,0.0,4.0,7109.666400759045
property-house-vic-thornbury-140485831,Thornbury,3071,117 Clarendon Street,-37.760168,145.007604,3.0,1.0,house,1.0,2022-10-22,427.0,"$1,450,000",12.0,1.0,0.0,4.0,7275.891409538857
property-house-vic-thornbury-140480539,Thornbury,3071,18 Alston Street,-37.75529,145.018177,3.0,1.0,house,2.0,2022-10-22,527.0,"$1,352,500",8.0,1.0,1.0,2.0,8210.255574048579
property-house-vic-thornbury-140368699,Thornbury,3071,106 Fyffe Street,-37.75327934,144.9854081,3.0,2.0,house,6.0,2022-10-08,480.0,"$1,361,000",10.0,1.0,1.0,3.0,7339.367744740398
property-unit-vic-thornbury-140295623,Thornbury,3071,2/429-433 St Georges Road,-37.7571955,144.9932646,2.0,1.0,unit,1.0,2022-10-01,143.0,"$595,000",12.0,1.0,0.0,4.0,7091.274835646917
property-house-vic-thornbury-140201715,Thornbury,3071,2 Alexandra Street,-37.763857,145.006733,2.0,1.0,house,2.0,2022-09-24,389.0,"$1,100,000",11.0,2.0,0.0,7.0,6878.785331885782
property-house-vic-thornbury-140189963,Thornbury,3071,95a Pender Street,-37.754429,145.011968,4.0,2.0,house,1.0,2022-09-17,566.0,"$1,925,000",8.0,1.0,0.0,3.0,8019.51829078204
property-unit-vic-thornbury-140208275,Thornbury,3071,2/51 Clarendon Street,-37.75974879,145.0037516,2.0,1.0,unit,1.0,2022-09-17,114.0,"$680,000",13.0,1.0,0.0,4.0,7165.519295125439
property-house-vic-thornbury-139917699,Thornbury,3071,112 Woolton Avenue,-37.760036,144.988753,3.0,1.0,house,2.0,2022-09-05,376.0,"$1,254,000",12.0,1.0,1.0,4.0,6675.968012175803
property-house-vic-thornbury-140047427,Thornbury,3071,147 Rossmoyne Street,-37.758052,145.010407,4.0,2.0,house,2.0,2022-08-23,630.0,"$2,280,000",10.0,1.0,0.0,4.0,7599.987369836858
property-house-vic-thornbury-139740047,Thornbury,3071,77 Fyffe Street,-37.753792,144.987357,3.0,1.0,house,2.0,2022-07-23,502.0,"$1,455,000",11.0,1.0,0.0,4.0,7319.795686624184
property-house-vic-thornbury-139622983,Thornbury,3071,106 Dundas Street,-37.753733,145.012952,3.0,1.0,house,2.0,2022-07-09,596.0,"$1,500,000",8.0,1.0,0.0,4.0,8128.722739356895
property-house-vic-thornbury-139732411,Thornbury,3071,9 Alston Street,-37.754974,145.017572,3.0,1.0,house,3.0,2022-07-08,677.0,"$1,530,000",8.0,1.0,0.0,2.0,8212.222570315353
property-house-vic-thornbury-139422379,Thornbury,3071,188 Harold Street,-37.7552257,144.986524,3.0,1.0,house,1.0,2022-06-18,367.0,"$1,017,000",9.0,0.0,0.0,4.0,7148.151031326401
property-house-vic-thornbury-138764135,Thornbury,3071,331 Victoria Road,-37.758736,145.013045,3.0,1.0,house,3.0,2022-06-02,492.0,"$1,215,000",10.0,1.0,0.0,4.0,7648.648318589398
property-house-vic-thornbury-139171987,Thornbury,3071,38 Leinster Grove,-37.761026,144.987591,2.0,1.0,house,1.0,2022-05-30,411.0,"$1,390,000",13.0,1.0,1.0,4.0,6543.279413663624
property-house-vic-thornbury-139271531,Thornbury,3071,24 Speight Street,-37.762482,145.009653,4.0,2.0,house,1.0,2022-05-28,605.0,"$2,450,000",11.0,1.0,0.0,5.0,7138.50663584912
property-house-vic-thornbury-138933431,Thornbury,3071,64 Flinders Street,-37.756163,145.005293,2.0,1.0,house,1.0,2022-05-20,275.0,"$1,140,000",11.0,1.0,0.0,5.0,7583.989659861433
property-house-vic-thornbury-139129783,Thornbury,3071,170 Normanby Avenue,-37.757793,144.985646,3.0,2.0,house,1.0,2022-05-17,340.0,"$1,290,000",10.0,1.0,0.0,4.0,6852.731058299958
property-house-vic-thornbury-139088399,Thornbury,3071,103 Hutton Street,-37.75520535,144.9918152,3.0,1.0,house,1.0,2022-05-07,232.0,"$975,000",13.0,0.0,0.0,5.0,7265.944095478783
property-house-vic-thornbury-138985903,Thornbury,3071,13 Boyd Street,-37.75650599,145.0154208,3.0,1.0,house,2.0,2022-05-01,252.0,"$952,000",9.0,1.0,0.0,3.0,7968.540024788674
property-house-vic-thornbury-139011423,Thornbury,3071,103 Fyffe Street,-37.753573,144.985454,3.0,1.0,house,2.0,2022-04-30,532.0,"$1,530,000",10.0,1.0,0.0,3.0,7308.178007065992
property-townhouse-vic-thornbury-139130855,Thornbury,3071,39A Harold Street,-37.756861,144.996927,2.0,2.0,townhouse,2.0,2022-04-30,196.0,"$1,180,000",12.0,0.0,0.0,4.0,7230.406252488693
property-house-vic-thornbury-138970507,Thornbury,3071,20 Collins Street,-37.755096,145.002961,4.0,1.0,house,1.0,2022-04-23,362.0,"$1,475,000",11.0,1.0,0.0,5.0,7608.456363351652
property-house-vic-thornbury-138745855,Thornbury,3071,6 Archbold Street,-37.75328,145.004258,3.0,1.0,house,2.0,2022-04-02,374.0,"$1,551,000",10.0,1.0,0.0,4.0,7839.035927549191
property-house-vic-thornbury-138689795,Thornbury,3071,523 St Georges Road,-37.753183,144.994341,3.0,1.0,house,2.0,2022-03-31,490.0,"$1,255,000",11.0,0.0,0.0,5.0,7545.264811066106
property-house-vic-thornbury-138619975,Thornbury,3071,171A Harold Street,-37.755337,144.985373,4.0,2.0,house,2.0,2022-03-29,435.0,"$1,975,000",9.0,0.0,0.0,4.0,7114.656140736541
property-townhouse-vic-thornbury-138421967,Thornbury,3071,27 Sparks Avenue,-37.76121713,145.0256109,2.0,2.0,townhouse,1.0,2022-03-29,108.0,"$725,000",7.0,1.0,1.0,3.0,8046.932132802793
property-house-vic-thornbury-138537923,Thornbury,3071,678 High Street,-37.758925,145.000735,5.0,1.0,house,2.0,2022-03-28,555.0,"$2,955,000",13.0,1.0,0.0,4.0,7140.02942502545
property-house-vic-thornbury-138670575,Thornbury,3071,34 Hutton Street,-37.755301,144.995362,5.0,2.0,house,1.0,2022-03-28,657.0,"$1,810,000",13.0,0.0,0.0,5.0,7348.784910579896
property-house-vic-thornbury-138691511,Thornbury,3071,66 Gooch Street,-37.758576,145.005126,4.0,1.0,house,2.0,2022-03-26,535.0,"$1,800,000",12.0,1.0,0.0,4.0,7335.326734427363
property-house-vic-thornbury-138685739,Thornbury,3071,99 Raleigh Street,-37.759281,145.006867,3.0,1.0,house,1.0,2022-03-26,312.0,"$1,275,000",12.0,1.0,0.0,4.0,7333.377729982811
property-house-vic-thornbury-138454131,Thornbury,3071,52 Keon Street,-37.752097,144.990863,3.0,2.0,house,2.0,2022-03-05,386.0,"$1,355,000",11.0,0.0,1.0,4.0,7576.649825675078
property-house-vic-thornbury-138362927,Thornbury,3071,261 Rossmoyne Street,-37.758811,145.017447,3.0,1.0,house,3.0,2022-02-18,480.0,"$1,365,000",9.0,1.0,0.0,2.0,7845.446846122847
property-house-vic-thornbury-138383983,Thornbury,3071,108 Collins Street,-37.755837,145.012124,5.0,2.0,house,4.0,2022-02-16,640.0,"$2,110,000",8.0,1.0,0.0,3.0,7888.539636443568
property-townhouse-vic-thornbury-138308374,Thornbury,3071,7/158 Clarendon Street,-37.76140218,145.0117954,2.0,2.0,townhouse,2.0,2022-02-12,195.0,"$820,000",11.0,1.0,0.0,3.0,7337.71974506291
property-house-vic-thornbury-137970926,Thornbury,3071,10 Clyde Street,-37.761162,145.006737,6.0,2.0,house,1.0,2021-12-18,454.0,"$1,420,000",12.0,1.0,0.0,4.0,7142.549838939558
property-house-vic-thornbury-138015254,Thornbury,3071,93 Clarendon Street,-37.760016,145.006121,3.0,2.0,house,2.0,2021-12-16,379.0,"$2,311,000",13.0,1.0,0.0,4.0,7230.762152297901
property-house-vic-thornbury-137866554,Thornbury,3071,11 Pender Street,-37.753523,145.002651,4.0,1.0,house,1.0,2021-12-11,769.0,"$2,110,000",10.0,1.0,0.0,5.0,7758.985671747848
property-house-vic-thornbury-137705302,Thornbury,3071,131 Ballantyne Street,-37.757651,144.990497,2.0,1.0,house,2.0,2021-11-29,329.0,"$1,210,000",13.0,1.0,0.0,4.0,6972.575906059634
property-house-vic-thornbury-137657806,Thornbury,3071,174 Raleigh Street,-37.760043,145.011444,3.0,1.0,house,2.0,2021-11-20,474.0,"$1,585,000",11.0,1.0,0.0,4.0,7452.098265226279
property-house-vic-thornbury-137588618,Thornbury,3071,10 Newman Street,-37.756778,144.987399,3.0,1.0,house,2.0,2021-11-13,596.0,"$1,727,500",12.0,1.0,0.0,4.0,6997.377359808962
property-unit-vic-thornbury-137443234,Thornbury,3071,1/129 Fyffe Street,-37.75325328,144.982205,3.0,1.0,unit,2.0,2021-11-01,245.0,"$990,000",9.0,1.0,1.0,4.0,7291.405137043668
property-house-vic-thornbury-137515286,Thornbury,3071,91 Woolton Avenue,-37.76049,144.990522,3.0,1.0,house,2.0,2021-10-27,435.0,"$1,430,000",11.0,1.0,1.0,5.0,6670.12649396639
property-house-vic-thornbury-137311142,Thornbury,3071,72 Speight Street,-37.762933,145.013932,2.0,1.0,house,2.0,2021-10-16,606.0,"$1,600,000",12.0,1.0,0.0,5.0,7292.757758980458
property-house-vic-thornbury-137318774,Thornbury,3071,92 Clarendon Street,-37.760371,145.006849,4.0,1.0,house,2.0,2021-09-28,481.0,"$1,765,000",12.0,1.0,0.0,4.0,7225.002383495742
property-house-vic-thornbury-137247850,Thornbury,3071,6 Walsh Avenue,-37.757998,145.023769,2.0,1.0,house,2.0,2021-09-20,557.0,"$1,275,000",7.0,1.0,1.0,0.0,8234.62509616716
property-house-vic-thornbury-136895090,Thornbury,3071,115 Clarendon Street,-37.760156,145.007445,6.0,3.0,house,3.0,2021-09-04,534.0,"$1,681,000",12.0,1.0,0.0,4.0,7270.530183729434
property-house-vic-thornbury-136841002,Thornbury,3071,19 Collins Street,-37.754808,145.002946,2.0,1.0,house,1.0,2021-08-05,278.0,"$1,830,000",12.0,1.0,0.0,5.0,7637.373639940142
property-house-vic-thornbury-136660918,Thornbury,3071,7 Hammond Street,-37.763273,145.010052,3.0,1.0,house,3.0,2021-07-24,551.0,"$1,553,000",12.0,1.0,0.0,5.0,7080.5185916926785
property-house-vic-thornbury-136401630,Thornbury,3071,116 Rossmoyne Street,-37.7580655,145.0076949,4.0,2.0,house,1.0,2021-06-26,374.0,"$2,215,000",11.0,1.0,0.0,4.0,7486.854627330869
property-house-vic-thornbury-136444294,Thornbury,3071,159 Collins Street,-37.755809,145.017925,3.0,1.0,house,2.0,2021-06-26,529.0,"$1,535,000",8.0,1.0,1.0,2.0,8149.563227722049
property-house-vic-thornbury-136257582,Thornbury,3071,9 Taylor Street,-37.752159,144.987638,4.0,2.0,house,3.0,2021-05-29,485.0,"$1,742,000",11.0,1.0,1.0,4.0,7502.332690227582
property-house-vic-thornbury-136007730,Thornbury,3071,40 Alston Street,-37.755502,145.020021,4.0,1.0,house,3.0,2021-05-26,519.0,"$1,200,000",7.0,1.0,1.0,1.0,8277.278666664874
property-house-vic-thornbury-136069882,Thornbury,3071,42 Speight Street,-37.762654,145.011306,3.0,2.0,house,4.0,2021-05-15,605.0,"$2,465,000",12.0,1.0,0.0,5.0,7196.32816519228
property-townhouse-vic-thornbury-135376098,Thornbury,3071,31 Ethel Street,-37.75283,144.999302,3.0,1.0,townhouse,2.0,2021-05-11,163.0,"$870,000",10.0,0.0,0.0,5.0,7723.130546312308
property-house-vic-thornbury-135971894,Thornbury,3071,61 Ballantyne Street,-37.758286,144.996042,4.0,1.0,house,2.0,2021-05-08,512.0,"$1,620,000",13.0,1.0,0.0,4.0,7054.926191725124
property-house-vic-thornbury-135933698,Thornbury,3071,8 Keon Street,-37.752409,144.99384,3.0,1.0,house,2.0,2021-05-02,367.0,"$1,440,000",12.0,0.0,0.0,5.0,7614.623802856285
property-house-vic-thornbury-135974386,Thornbury,3071,39 Hutton Street,-37.755764,144.997154,2.0,1.0,house,2.0,2021-05-01,248.0,"$1,310,000",12.0,0.0,0.0,5.0,7351.8936855246
property-house-vic-thornbury-135782914,Thornbury,3071,13 Riley Street,-37.757209,145.020793,3.0,1.0,house,2.0,2021-04-17,418.0,"$1,320,000",6.0,1.0,1.0,1.0,8156.463504827268
property-house-vic-thornbury-135881254,Thornbury,3071,17 Smith Street,-37.757688,144.998498,4.0,1.0,house,2.0,2021-04-12,512.0,"$1,460,000",13.0,1.0,0.0,4.0,7193.024620524115
property-house-vic-thornbury-135584826,Thornbury,3071,50 Johnson Street,-37.762212,144.999001,4.0,2.0,house,1.0,2021-03-21,420.0,"$1,295,000",15.0,1.0,0.0,5.0,6744.035623340302
property-house-vic-thornbury-135659998,Thornbury,3071,70 Mansfield Street,-37.757079,145.006165,3.0,1.0,house,1.0,2021-03-08,470.0,"$1,715,000",11.0,1.0,0.0,4.0,7524.953152530267
property-house-vic-thornbury-135329878,Thornbury,3071,108 Collins Street,-37.755837,145.012124,5.0,2.0,house,2.0,2021-02-20,640.0,"$1,725,000",8.0,1.0,0.0,3.0,7888.539636443568
property-house-vic-thornbury-134692178,Thornbury,3071,75 Ballantyne Street,-37.75819,144.995182,4.0,1.0,house,1.0,2021-01-06,264.0,"$1,380,000",13.0,1.0,0.0,4.0,7039.700671086226
property-house-vic-thornbury-134976702,Thornbury,3071,164 Dundas Street,-37.754306,145.018044,3.0,2.0,house,2.0,2020-12-19,863.0,"$1,625,000",8.0,1.0,1.0,2.0,8297.239829089624
property-house-vic-thornbury-134999142,Thornbury,3071,94 Mansfield Street,-37.75724,145.007693,3.0,2.0,house,1.0,2020-12-19,374.0,"$1,190,000",11.0,1.0,0.0,4.0,7568.5606153143035
property-apartment-vic-thornbury-135030942,Thornbury,3071,3/22 Smith Street,-37.757436,144.998579,2.0,1.0,apartment,1.0,2020-12-17,102.0,"$620,000",13.0,0.0,0.0,4.0,7221.720449632579
property-house-vic-thornbury-134948410,Thornbury,3071,140 Shaftesbury Parade,-37.759094,144.988994,3.0,1.0,house,1.0,2020-12-03,412.0,"$1,300,000",12.0,1.0,0.0,4.0,6782.603266599646
property-house-vic-thornbury-134904198,Thornbury,3071,32 Normanby Avenue,-37.759023,144.996964,3.0,1.0,house,2.0,2020-12-02,405.0,"$1,471,000",13.0,1.0,0.0,4.0,7006.126243623387
property-house-vic-thornbury-134602210,Thornbury,3071,79 Pender Street,-37.754237,145.010248,3.0,1.0,house,1.0,2020-11-06,330.0,"$1,310,000",9.0,1.0,0.0,4.0,7968.082902788169
property-house-vic-thornbury-134630190,Thornbury,3071,126 Smith Street,-37.756527,144.990641,3.0,2.0,house,1.0,2020-11-05,358.0,"$1,527,500",11.0,1.0,0.0,4.0,7096.288004240599
property-house-vic-thornbury-134602274,Thornbury,3071,4 Alston Street,-37.755163,145.017034,3.0,1.0,house,2.0,2020-11-04,526.0,"$1,105,000",9.0,1.0,0.0,2.0,8169.663944767523
property-house-vic-thornbury-134576678,Thornbury,3071,58 Wales Street,-37.761765,145.009354,2.0,1.0,house,1.0,2020-10-30,240.0,"$980,000",12.0,1.0,0.0,5.0,7194.4702750005945
property-house-vic-thornbury-134486766,Thornbury,3071,37 Fenwick Street,-37.761987,145.004354,4.0,2.0,house,1.0,2020-10-03,388.0,"$1,950,000",12.0,2.0,0.0,5.0,6965.089728829074
property-house-vic-thornbury-134001490,Thornbury,3071,205 Smith Street,-37.756115,144.985011,3.0,1.0,house,2.0,2020-09-09,501.0,"$1,200,000",8.0,0.0,0.0,4.0,7023.474312715533
property-house-vic-thornbury-133945826,Thornbury,3071,251 Mansfield Street,-37.758202,145.01953,3.0,1.0,house,2.0,2020-07-22,285.0,"$925,000",6.0,1.0,1.0,1.0,8002.857146256759
property-house-vic-thornbury-133944362,Thornbury,3071,131 Mansfield Street,-37.75720847,145.0100557,2.0,1.0,house,1.0,2020-07-14,250.0,"$1,186,000",9.0,1.0,0.0,4.0,7667.695061648408
property-house-vic-thornbury-133793346,Thornbury,3071,2 Gladhall Avenue,-37.757836,145.020027,4.0,1.0,house,3.0,2020-07-10,529.0,"$1,450,000",6.0,1.0,1.0,1.0,8061.005269088733
property-house-vic-thornbury-133313582,Thornbury,3071,177A Raleigh Street,-37.75979594,145.0118174,4.0,3.0,house,2.0,2020-07-07,355.0,"$1,746,000",10.0,1.0,0.0,4.0,7492.365226766405
property-house-vic-thornbury-133730238,Thornbury,3071,102A Collins Street,-37.755794,145.011716,3.0,1.0,house,3.0,2020-07-04,530.0,"$1,125,500",8.0,1.0,0.0,3.0,7875.487443792427
property-house-vic-thornbury-133510038,Thornbury,3071,15 Gladhall Avenue,-37.756896,145.019859,3.0,1.0,house,2.0,2020-05-22,525.0,"$1,115,000",7.0,1.0,1.0,1.0,8139.770785389185
property-house-vic-thornbury-133428254,Thornbury,3071,105 Woolton Avenue,-37.760364,144.989459,2.0,1.0,house,1.0,2020-04-29,428.0,"$1,095,610",11.0,1.0,1.0,5.0,6657.45070141009
property-house-vic-thornbury-133371530,Thornbury,3071,48 Hutton Street,-37.754997,144.992884,4.0,2.0,house,1.0,2020-04-16,398.0,"$1,640,000",13.0,0.0,0.0,5.0,7314.841763439412
property-house-vic-thornbury-133007906,Thornbury,3071,43 Swift Street,-37.763671,145.017079,4.0,1.0,house,2.0,2020-03-16,736.0,"$1,600,000",10.0,1.0,0.0,4.0,7379.53013847818
property-house-vic-thornbury-133010646,Thornbury,3071,137 Gooch Street,-37.758724,145.009118,3.0,1.0,house,3.0,2020-03-14,340.0,"$1,151,000",10.0,1.0,0.0,4.0,7480.229819905747
property-house-vic-thornbury-132810414,Thornbury,3071,138a Collins Street,-37.75577261,145.0148655,4.0,3.0,house,2.0,2020-03-03,347.0,"$1,555,000",9.0,1.0,0.0,3.0,8013.822654732263
property-house-vic-thornbury-132918106,Thornbury,3071,199 Rossmoyne Street,-37.758544,145.014969,3.0,2.0,house,2.0,2020-02-29,432.0,"$1,480,000",9.0,1.0,0.0,3.0,7754.18755556941
property-house-vic-thornbury-132856778,Thornbury,3071,84 Ballantyne Street,-37.757653,144.992745,3.0,2.0,house,3.0,2020-02-22,617.0,"$1,600,000",12.0,1.0,0.0,4.0,7029.0011935996
property-house-vic-thornbury-132810354,Thornbury,3071,138 Collins Street,-37.755757,145.014827,4.0,3.0,house,2.0,2020-02-15,348.0,"$1,530,000",9.0,1.0,0.0,3.0,8013.611791388637
property-house-vic-thornbury-132437218,Thornbury,3071,3 Speight Street,-37.761824,145.006435,5.0,3.0,house,3.0,2020-01-24,617.0,"$1,975,000",12.0,1.0,0.0,5.0,7065.066855224256
property-house-vic-thornbury-132127626,Thornbury,3071,100 Normanby Avenue,-37.758396,144.990863,3.0,3.0,house,2.0,2020-01-06,663.0,"$1,460,000",12.0,1.0,0.0,4.0,6901.90758208746
property-house-vic-thornbury-132512134,Thornbury,3071,182 Smith Street,-37.755948,144.985765,3.0,1.0,house,2.0,2019-12-14,359.0,"$1,438,000",10.0,0.0,0.0,4.0,7055.378099045784
property-house-vic-thornbury-132389858,Thornbury,3071,234A Rossmoyne Street,-37.75885755,145.0151823,4.0,3.0,house,3.0,2019-11-23,350.0,"$1,660,000",9.0,1.0,0.0,3.0,7734.362915625831
property-house-vic-thornbury-132107238,Thornbury,3071,22 Rennie Street,-37.753128,144.99214,4.0,2.0,house,2.0,2019-10-30,429.0,"$1,500,000",11.0,0.0,0.0,5.0,7495.840106856747
property-house-vic-thornbury-132109498,Thornbury,3071,9 Gladhall Avenue,-37.757273,145.019793,3.0,1.0,house,4.0,2019-10-26,528.0,"$1,178,000",7.0,1.0,1.0,1.0,8101.616331663515
property-house-vic-thornbury-132109474,Thornbury,3071,6 Kelvin Grove,-37.762984,145.002545,2.0,1.0,house,1.0,2019-10-26,186.0,"$1,151,000",12.0,1.0,0.0,7.0,6795.294631561988
property-house-vic-thornbury-132110118,Thornbury,3071,187 Clarendon Street,-37.760875,145.014248,5.0,3.0,house,4.0,2019-10-25,632.0,"$1,820,000",12.0,1.0,0.0,3.0,7500.584740193716
property-house-vic-thornbury-132051906,Thornbury,3071,184 Raleigh Street,-37.760119,145.012191,4.0,2.0,house,2.0,2019-10-11,464.0,"$1,588,000",11.0,1.0,0.0,4.0,7478.0666057346525
property-house-vic-thornbury-131699102,Thornbury,3071,59 Alston Street,-37.75544,145.021737,3.0,1.0,house,2.0,2019-09-17,642.0,"$1,020,000",7.0,1.0,1.0,0.0,8366.000836959307
property-house-vic-thornbury-131751270,Thornbury,3071,12 Jones Street,-37.757452,145.022398,4.0,1.0,house,3.0,2019-09-09,622.0,"$1,060,000",6.0,1.0,1.0,0.0,8214.176573591318
property-house-vic-thornbury-131754658,Thornbury,3071,26 Speight Street,-37.762514,145.009947,4.0,1.0,house,2.0,2019-09-07,605.0,"$1,580,000",11.0,1.0,0.0,5.0,7148.470289829952
property-house-vic-thornbury-131661234,Thornbury,3071,108 Fyffe Street,-37.753281,144.985292,2.0,1.0,house,2.0,2019-08-24,357.0,"$1,130,000",10.0,1.0,1.0,3.0,7337.162237292524
property-house-vic-thornbury-131613390,Thornbury,3071,23 Miller Street,-37.751801,144.994106,3.0,1.0,house,1.0,2019-08-17,499.0,"$975,000",12.0,0.0,0.0,4.0,7686.104895482656
property-unit-vic-thornbury-131468466,Thornbury,3071,1/429 St Georges Road,-37.757191,144.993164,2.0,1.0,unit,1.0,2019-07-27,133.0,"$515,500",12.0,1.0,0.0,4.0,7089.074483791489
property-house-vic-thornbury-131356230,Thornbury,3071,113 Hutton Street,-37.75523,144.991022,3.0,1.0,house,1.0,2019-07-06,457.0,"$1,000,000",12.0,0.0,0.0,4.0,7244.1941686047485
property-house-vic-thornbury-131381102,Thornbury,3071,295 Gooch Street,-37.760274,145.024699,3.0,1.0,house,2.0,2019-07-06,518.0,"$935,000",6.0,1.0,1.0,0.0,8080.465334321746
property-house-vic-thornbury-131043146,Thornbury,3071,30 Normanby Avenue,-37.758911,144.997071,3.0,1.0,house,1.0,2019-05-29,412.0,"$875,000",13.0,1.0,0.0,4.0,7021.101878924645
property-house-vic-thornbury-131087258,Thornbury,3071,138 Clarendon Street,-37.760807,145.010014,3.0,1.0,house,2.0,2019-05-25,400.0,"$1,105,000",12.0,1.0,0.0,4.0,7315.747520226329
property-house-vic-thornbury-130727202,Thornbury,3071,130 Normanby Avenue,-37.757978,144.988487,3.0,1.0,house,2.0,2019-04-27,668.0,"$1,000,000",12.0,1.0,0.0,4.0,6891.114138898648
property-house-vic-thornbury-130638574,Thornbury,3071,1 Gladhall Avenue,-37.757772,145.019576,3.0,1.0,house,2.0,2019-04-16,541.0,"$940,000",7.0,1.0,1.0,1.0,8044.852137248235
property-house-vic-thornbury-130722390,Thornbury,3071,1 Newman Street,-37.757155,144.988054,2.0,1.0,house,1.0,2019-04-06,215.0,"$675,000",12.0,1.0,0.0,4.0,6970.387310324936
property-house-vic-thornbury-130668854,Thornbury,3071,49 Pender Street,-37.753674,145.005865,6.0,2.0,house,4.0,2019-04-01,848.0,"$1,630,000",10.0,1.0,0.0,4.0,7856.377979935671
property-house-vic-thornbury-130606930,Thornbury,3071,104 Hutton Street,-37.754527,144.989216,3.0,1.0,house,1.0,2019-03-23,330.0,"$1,270,000",11.0,0.0,0.0,4.0,7278.723565149636
property-house-vic-thornbury-129974842,Thornbury,3071,58 Hutton Street,-37.754871,144.992211,3.0,1.0,house,1.0,2019-02-27,372.0,"$820,000",13.0,0.0,0.0,5.0,7311.3780245143125
property-house-vic-thornbury-130345730,Thornbury,3071,104 Collins Street,-37.755971,145.011843,3.0,1.0,house,1.0,2019-02-25,627.0,"$1,100,000",8.0,1.0,0.0,3.0,7863.579970648364
property-house-vic-thornbury-130442870,Thornbury,3071,103 St David Street,-37.754716,145.005793,3.0,1.0,house,3.0,2019-02-19,457.0,"$1,110,000",10.0,1.0,0.0,5.0,7748.433208280879
property-house-vic-thornbury-129949358,Thornbury,3071,142 Harold Street,-37.755504,144.990221,3.0,1.0,house,3.0,2018-12-19,481.0,"$1,290,000",12.0,0.0,0.0,4.0,7196.110035003327
property-house-vic-thornbury-129819650,Thornbury,3071,8 Rossmoyne Street,-37.757513,145.001745,3.0,2.0,house,2.0,2018-12-17,222.0,"$990,000",12.0,0.0,0.0,4.0,7319.327907723262
property-house-vic-thornbury-129821906,Thornbury,3071,15 Mansfield Street,-37.756347,145.002805,3.0,1.0,house,2.0,2018-12-14,460.0,"$1,305,000",11.0,1.0,0.0,5.0,7475.348543760091
property-house-vic-thornbury-129877770,Thornbury,3071,18 Strettle Street,-37.753931,144.982629,4.0,2.0,house,2.0,2018-12-08,280.0,"$845,000",9.0,1.0,0.0,4.0,7223.233195502357
property-house-vic-thornbury-129817510,Thornbury,3071,97 Clarendon Street,-37.759941,145.006402,3.0,2.0,house,1.0,2018-12-01,312.0,"$1,360,000",13.0,1.0,0.0,4.0,7249.422907015768
property-house-vic-thornbury-129632958,Thornbury,3071,57 St David Street,-37.763169,145.005198,4.0,2.0,house,1.0,2018-11-17,408.0,"$1,785,000",11.0,2.0,0.0,5.0,6882.053030295918
property-house-vic-thornbury-129696402,Thornbury,3071,147 Shaftesbury Parade,-37.759455,144.988366,5.0,2.0,house,1.0,2018-11-02,500.0,"$1,828,000",12.0,1.0,0.0,4.0,6729.5448157979245
property-townhouse-vic-thornbury-129359674,Thornbury,3071,2/54 Strettle Street,-37.751224,144.983231,3.0,2.0,townhouse,2.0,2018-10-22,131.0,"$850,000",12.0,1.0,1.0,5.0,7528.852111533363
property-house-vic-thornbury-128548030,Thornbury,3071,277 Rossmoyne Street,-37.758789,145.018301,3.0,1.0,house,1.0,2018-06-24,320.0,"$1,055,200",7.0,1.0,1.0,2.0,7888.646571830733
property-house-vic-thornbury-128410094,Thornbury,3071,7 Shaftesbury Parade,-37.760728,144.999361,2.0,1.0,house,1.0,2018-06-18,314.0,"$1,010,000",14.0,1.0,0.0,5.0,6908.27742645827
property-house-vic-thornbury-128025050,Thornbury,3071,249 Raleigh Street,-37.760266,145.017085,3.0,1.0,house,2.0,2018-06-07,376.0,"$1,120,000",8.0,1.0,0.0,2.0,7692.691817717108
property-house-vic-thornbury-128142446,Thornbury,3071,97 Clyde Street,-37.761563,145.014131,3.0,1.0,house,2.0,2018-05-12,696.0,"$1,502,000",12.0,1.0,0.0,4.0,7430.422662499349
property-house-vic-thornbury-127910022,Thornbury,3071,46 Collins Street,-37.75538,145.004664,3.0,1.0,house,1.0,2018-05-11,396.0,"$1,075,000",11.0,1.0,0.0,5.0,7639.99448960451
property-house-vic-thornbury-127995074,Thornbury,3071,8 Smith Street,-37.757453,144.999761,6.0,2.0,house,6.0,2018-05-06,825.0,"$2,100,000",13.0,0.0,0.0,4.0,7258.277132374832
property-unitblock-vic-thornbury-127905262,Thornbury,3071,1-7/59 Keon Street,-37.75237,144.989672,10.0,7.0,unitblock,7.0,2018-04-23,735.0,"$2,195,000",11.0,1.0,1.0,4.0,7521.076951413545
property-house-vic-thornbury-127730790,Thornbury,3071,99 Collins Street,-37.755422,145.012501,4.0,2.0,house,2.0,2018-03-24,680.0,"$1,830,000",8.0,1.0,0.0,3.0,7944.954394967344
property-house-vic-thornbury-126972934,Thornbury,3071,50 Leinster Grove,-37.760216,144.987884,4.0,3.0,house,2.0,2018-01-23,309.0,"$1,400,000",13.0,1.0,1.0,4.0,6636.932909979075
property-house-vic-thornbury-127045498,Thornbury,3071,181 Hutton Street,-37.754881,144.986075,3.0,1.0,house,1.0,2017-12-29,482.0,"$1,087,000",9.0,0.0,0.0,4.0,7177.103311664763
property-townhouse-vic-thornbury-127029906,Thornbury,3071,352A Victoria Road,-37.756946,145.013854,3.0,2.0,townhouse,2.0,2017-12-16,285.0,"$950,500",9.0,1.0,0.0,3.0,7856.305994736991
property-house-vic-thornbury-126732022,Thornbury,3071,46 Pender Street,-37.754291,145.00578,6.0,3.0,house,2.0,2017-12-13,616.0,"$1,515,000",9.0,1.0,0.0,5.0,7790.8779296270195
property-house-vic-thornbury-126973370,Thornbury,3071,141 Harold Street,-37.755705,144.987486,2.0,1.0,house,1.0,2017-12-09,338.0,"$1,250,000",13.0,0.0,0.0,4.0,7115.201731260628
property-house-vic-thornbury-126934734,Thornbury,3071,58 Johnson Street,-37.761763,144.999235,2.0,1.0,house,1.0,2017-12-09,410.0,"$1,234,500",15.0,1.0,0.0,5.0,6798.028577692112
property-house-vic-thornbury-126753866,Thornbury,3071,58 Pender Street,-37.754627,145.009628,4.0,1.0,house,1.0,2017-11-20,614.0,"$1,840,000",9.0,1.0,0.0,4.0,7904.647437198155
property-house-vic-thornbury-126707438,Thornbury,3071,47 Comas Grove,-37.753119,144.984837,2.0,1.0,house,2.0,2017-11-11,585.0,"$1,260,000",11.0,1.0,1.0,3.0,7347.036890451299
property-house-vic-thornbury-126596934,Thornbury,3071,253 Gooch Street,-37.75981,145.020349,4.0,2.0,house,5.0,2017-11-04,555.0,"$1,400,000",6.0,1.0,1.0,1.0,7896.079255713488
property-house-vic-thornbury-126439498,Thornbury,3071,70 Hutton Street,-37.754708,144.991224,3.0,1.0,house,2.0,2017-10-14,776.0,"$1,500,000",12.0,0.0,0.0,5.0,7304.876762025265
property-house-vic-thornbury-126404506,Thornbury,3071,1 Speight Street,-37.761806,145.006276,2.0,2.0,house,1.0,2017-10-14,256.0,"$1,105,000",12.0,1.0,0.0,5.0,7060.304282755747
property-house-vic-thornbury-126266382,Thornbury,3071,106 Ballantyne Street,-37.757356,144.99124,3.0,1.0,house,1.0,2017-09-23,601.0,"$1,435,000",11.0,1.0,0.0,4.0,7022.203860019683
property-house-vic-thornbury-126202350,Thornbury,3071,207 Gooch Street,-37.759332,145.015851,2.0,1.0,house,2.0,2017-09-09,704.0,"$1,547,000",9.0,1.0,0.0,2.0,7720.898256653242
property-house-vic-thornbury-126067350,Thornbury,3071,7 Ballantyne Street,-37.758837,144.999642,3.0,1.0,house,1.0,2017-08-26,312.0,"$1,450,000",13.0,1.0,0.0,4.0,7111.84958239894
property-house-vic-thornbury-125732626,Thornbury,3071,54 Swift Street,-37.762027,145.017891,3.0,1.0,house,1.0,2017-07-15,508.0,"$1,236,000",8.0,1.0,0.0,3.0,7570.284217746463
property-house-vic-thornbury-125599482,Thornbury,3071,243 Darebin Road,-37.764882,145.017266,2.0,1.0,house,2.0,2017-06-24,508.0,"$1,460,000",10.0,1.0,0.0,5.0,7279.369669812924
property-house-vic-thornbury-125438382,Thornbury,3071,53 Keon Street,-37.752387,144.990209,4.0,1.0,house,2.0,2017-06-03,495.0,"$1,626,000",11.0,0.0,1.0,4.0,7530.905624884647
property-house-vic-thornbury-125318742,Thornbury,3071,171 Mansfield Street,-37.757413,145.012802,3.0,1.0,house,1.0,2017-05-20,381.0,"$1,130,000",8.0,1.0,0.0,3.0,7765.031243315004
property-house-vic-thornbury-125266246,Thornbury,3071,221 Mansfield Street,-37.75786,145.016917,4.0,2.0,house,2.0,2017-05-13,464.0,"$1,635,000",9.0,1.0,0.0,3.0,7909.318306115159
property-house-vic-thornbury-124979934,Thornbury,3071,129 Collins Street,-37.755363,145.015266,3.0,2.0,house,4.0,2017-04-08,584.0,"$1,345,000",9.0,1.0,0.0,3.0,8070.920244186795
property-house-vic-thornbury-124769734,Thornbury,3071,33 Wales Street,-37.763291,145.008617,3.0,1.0,house,1.0,2017-03-18,409.0,"$1,245,000",12.0,1.0,0.0,5.0,7015.031665986988
property-house-vic-thornbury-123858190,Thornbury,3071,120 Normanby Avenue,-37.758068,144.989261,3.0,1.0,house,3.0,2016-11-12,440.0,"$1,265,000",13.0,1.0,0.0,4.0,6898.859020724105
property-house-vic-thornbury-123554638,Thornbury,3071,125 Keon Street,-37.75183,144.98449,3.0,2.0,house,2.0,2016-10-09,736.0,"$1,390,000",11.0,1.0,1.0,3.0,7482.064741575262
property-house-vic-thornbury-123414042,Thornbury,3071,50 Leinster Grove,-37.760216,144.987884,3.0,1.0,house,2.0,2016-09-17,555.0,"$1,110,000",13.0,1.0,1.0,4.0,6636.932909979075
property-house-vic-thornbury-123413874,Thornbury,3071,48 Leinster Grove,-37.760358,144.987856,3.0,1.0,house,2.0,2016-09-17,411.0,"$920,000",13.0,1.0,1.0,5.0,6621.034125814024
property-house-vic-thornbury-122827002,Thornbury,3071,535 St Georges Road,-37.752253,144.994486,2.0,1.0,house,1.0,2016-06-25,229.0,"$745,000",12.0,0.0,0.0,5.0,7647.80745485789
property-house-vic-thornbury-122584674,Thornbury,3071,119 Rennie Street,-37.75275,144.984754,3.0,1.0,house,3.0,2016-05-28,705.0,"$1,210,000",11.0,1.0,1.0,3.0,7385.918999490201
property-unit-vic-reservoir-150929348,Reservoir,3073,1/25 Cheddar Road,-37.71138665,145.0108136,2.0,1.0,unit,1.0,2026-05-07,250.0,"$633,000",8.0,1.0,3.0,3.0,12413.34163294579
property-house-vic-reservoir-150803804,Reservoir,3073,29 Claremont Crescent,-37.695243,144.979402,4.0,2.0,house,4.0,2026-05-02,615.0,"$1,000,000",4.0,1.0,2.0,1.0,13677.686815240495
property-house-vic-reservoir-150805848,Reservoir,3073,28 Strathmerton Street,-37.716167,145.019674,3.0,1.0,house,2.0,2026-05-02,611.0,"$820,000",11.0,1.0,2.0,2.0,12171.117122037946
property-townhouse-vic-reservoir-150769292,Reservoir,3073,3/35 Whitelaw Street,-37.71405477,145.0153858,3.0,3.0,townhouse,2.0,2026-05-02,160.0,"$715,000",10.0,1.0,2.0,3.0,12258.805343222257
property-house-vic-reservoir-150971924,Reservoir,3073,13 Mccasker Avenue,-37.703853,145.003986,4.0,2.0,house,4.0,2026-05-01,928.0,"$2,292,000",7.0,1.0,2.0,3.0,13060.380387693045
property-unit-vic-reservoir-150774552,Reservoir,3073,2/3 View Street,-37.71960838,144.9921267,2.0,1.0,unit,1.0,2026-04-29,169.0,"$705,000",7.0,0.0,2.0,2.0,11127.338046574654
property-house-vic-reservoir-150833152,Reservoir,3073,5 Pratt Street,-37.710988,145.010215,3.0,1.0,house,8.0,2026-04-27,635.0,"$1,070,000",8.0,1.0,3.0,3.0,12440.1623985367
property-house-vic-reservoir-150879368,Reservoir,3073,160 Broadway,-37.717457,145.015476,3.0,1.0,house,2.0,2026-04-27,636.0,"$950,000",11.0,1.0,2.0,3.0,11905.615423634972
property-house-vic-reservoir-150801260,Reservoir,3073,22 Merrilands Road,-37.695442,145.007013,3.0,1.0,house,2.0,2026-04-25,888.0,"$900,500",8.0,2.0,4.0,3.0,14032.152939916887
property-house-vic-reservoir-150712416,Reservoir,3073,2/8 Loddon Avenue,-37.72319274,145.0268308,3.0,1.0,house,2.0,2026-04-25,299.0,"$730,000",9.0,1.0,1.0,1.0,11708.231128752368
property-house-vic-reservoir-150689828,Reservoir,3073,12 Crispe Street,-37.728197,144.994528,3.0,1.0,house,2.0,2026-04-18,627.0,"$1,180,000",7.0,0.0,2.0,3.0,10234.797222776739
property-house-vic-reservoir-150682008,Reservoir,3073,19 Pershing Street,-37.725492,144.993965,3.0,1.0,house,4.0,2026-04-18,789.0,"$1,150,000",8.0,0.0,2.0,3.0,10517.827002908158
property-house-vic-reservoir-150682004,Reservoir,3073,34 Andrews Avenue,-37.72984871,145.0332991,2.0,1.0,house,1.0,2026-04-18,220.0,"$607,000",6.0,1.0,2.0,0.0,11320.52507644934
property-house-vic-reservoir-150276536,Reservoir,3073,11 Rathcown Road,-37.710946,145.033482,5.0,2.0,house,2.0,2026-04-17,650.0,"$1,068,000",6.0,1.0,1.0,0.0,13189.037765991521
property-house-vic-reservoir-150900888,Reservoir,3073,39 Miranda Road,-37.707521,145.022683,3.0,1.0,house,2.0,2026-04-15,892.0,"$1,120,000",8.0,1.0,1.0,3.0,13162.965100107414
property-house-vic-reservoir-150619712,Reservoir,3073,26 Lloyd Avenue,-37.698187,145.018009,3.0,1.0,house,3.0,2026-04-15,544.0,"$790,000",6.0,1.0,2.0,2.0,14003.929692247268
property-house-vic-reservoir-150576088,Reservoir,3073,92 Arundel Avenue,-37.695945,145.013283,2.0,2.0,house,4.0,2026-04-14,652.0,"$900,000",7.0,1.0,3.0,3.0,14120.541031639219
property-townhouse-vic-reservoir-150504728,Reservoir,3073,2/75 Barton Street,-37.71149473,145.0013691,2.0,1.0,townhouse,1.0,2026-04-13,121.0,"$615,000",8.0,1.0,2.0,3.0,12180.332881133852
property-house-vic-reservoir-150613056,Reservoir,3073,745 Gilbert Road,-37.720265,144.992858,3.0,1.0,house,5.0,2026-04-11,664.0,"$975,000",9.0,0.0,2.0,2.0,11067.696178111744
property-house-vic-reservoir-150589060,Reservoir,3073,2 Loddon Avenue,-37.723584,145.02718,3.0,1.0,house,2.0,2026-04-11,758.0,"$915,500",8.0,1.0,1.0,1.0,11682.536955184965
property-house-vic-reservoir-150581004,Reservoir,3073,52 Allenby Avenue,-37.701511,145.005513,3.0,2.0,house,3.0,2026-04-11,667.0,"$910,000",7.0,1.0,2.0,3.0,13345.380234615006
property-unit-vic-reservoir-150614288,Reservoir,3073,3/81 Rathcown Road,-37.70978329,145.0242379,2.0,1.0,unit,1.0,2026-04-11,198.0,"$610,000",8.0,1.0,1.0,2.0,12979.28202476032
property-house-vic-reservoir-150102708,Reservoir,3073,1 Jenkin Street,-37.72194253,144.9879894,2.0,1.0,house,1.0,2026-04-07,327.0,"$670,000",6.0,0.0,2.0,2.0,10809.604955351793
property-house-vic-reservoir-150478708,Reservoir,3073,20 Daventry Street,-37.714141,145.001588,2.0,1.0,house,1.0,2026-04-02,613.0,"$952,000",9.0,1.0,2.0,3.0,11899.172994141307
property-unit-vic-reservoir-150303444,Reservoir,3073,4/34 Barton Street,-37.71140824,145.0033091,2.0,1.0,unit,1.0,2026-04-02,118.0,"$530,000",9.0,1.0,3.0,3.0,12230.881329898868
property-house-vic-reservoir-150553152,Reservoir,3073,73 Burbank Drive,-37.69895,145.027505,3.0,1.0,house,4.0,2026-04-01,585.0,"$1,027,000",5.0,0.0,0.0,2.0,14204.917830430584
property-house-vic-reservoir-150451628,Reservoir,3073,53 Newton Street,-37.731295,145.022652,5.0,2.0,house,3.0,2026-03-28,508.0,"$1,050,000",6.0,1.0,1.0,1.0,10737.350284627024
property-townhouse-vic-reservoir-150421048,Reservoir,3073,10A Dumbarton Street,-37.70135381,145.0242823,3.0,2.0,townhouse,2.0,2026-03-27,220.0,"$873,000",7.0,1.0,0.0,2.0,13853.915224555187
property-townhouse-vic-reservoir-150148228,Reservoir,3073,2/13 Erskine Avenue,-37.72349354,145.0249988,2.0,2.0,townhouse,1.0,2026-03-27,89.0,"$630,000",9.0,1.0,2.0,1.0,11608.679124853305
property-house-vic-reservoir-150486552,Reservoir,3073,27 Moira Avenue,-37.69464,144.980008,4.0,2.0,house,2.0,2026-03-26,544.0,"$960,000",5.0,1.0,2.0,1.0,13748.30436146228
property-house-vic-reservoir-150486416,Reservoir,3073,68 Dumbarton Street,-37.70214999,145.030841,3.0,1.0,house,1.0,2026-03-26,478.0,"$752,000",6.0,0.0,0.0,2.0,13985.759648806212
property-house-vic-reservoir-150500476,Reservoir,3073,25a Moore Crescent,-37.719686,145.000691,5.0,3.0,house,2.0,2026-03-25,324.0,"$1,509,000",10.0,0.0,1.0,3.0,11282.079784760544
property-house-vic-reservoir-150244996,Reservoir,3073,5 Joffre Street,-37.730213,145.012492,3.0,1.0,house,2.0,2026-03-25,538.0,"$1,300,000",9.0,1.0,2.0,3.0,10486.43630365494
property-townhouse-vic-reservoir-150473140,Reservoir,3073,1/73 Crookston Road,-37.70993514,145.0170091,3.0,2.0,townhouse,2.0,2026-03-25,215.0,"$870,000",8.0,2.0,3.0,3.0,12738.288852276963
property-house-vic-reservoir-149375492,Reservoir,3073,87 McFadzean Avenue,-37.703249,144.997049,3.0,1.0,house,2.0,2026-03-24,866.0,"$1,065,000",5.0,1.0,2.0,3.0,12995.370907877827
property-house-vic-reservoir-150472952,Reservoir,3073,16 Dawson Street,-37.700315,144.987748,3.0,2.0,house,4.0,2026-03-23,658.0,"$1,325,000",4.0,2.0,2.0,0.0,13187.638502883954
property-house-vic-reservoir-150380872,Reservoir,3073,15 Clinnick Street,-37.72004,144.998741,3.0,1.0,house,4.0,2026-03-21,505.0,"$1,130,000",9.0,0.0,1.0,3.0,11202.426755788527
property-house-vic-reservoir-150399296,Reservoir,3073,13 Amery Street,-37.698665,144.988235,3.0,2.0,house,4.0,2026-03-21,558.0,"$1,115,000",5.0,2.0,1.0,0.0,13375.06720496974
property-house-vic-reservoir-149186228,Reservoir,3073,13 Anstey Avenue,-37.692513,144.976811,3.0,1.0,house,3.0,2026-03-21,530.0,"$732,000",4.0,1.0,1.0,1.0,13967.19087947057
property-unit-vic-reservoir-150402940,Reservoir,3073,1/18 Winter Crescent,-37.71920448,145.02818,2.0,1.0,unit,1.0,2026-03-19,312.0,"$735,000",8.0,1.0,1.0,1.0,12159.426618855736
property-house-vic-reservoir-150327504,Reservoir,3073,10 Tivey Street,-37.706073,145.002009,4.0,2.0,house,2.0,2026-03-18,769.0,"$1,670,000",7.0,1.0,2.0,3.0,12779.841348923983
property-house-vic-reservoir-150418112,Reservoir,3073,33 Charlton Crescent,-37.71847,145.023685,3.0,2.0,house,2.0,2026-03-17,590.0,"$948,000",12.0,1.0,2.0,2.0,12069.901759946122
property-house-vic-reservoir-150401364,Reservoir,3073,47 Lane Crescent,-37.713431,145.018794,3.0,1.0,house,5.0,2026-03-17,636.0,"$840,000",9.0,1.0,2.0,2.0,12427.005814677197
property-unit-vic-reservoir-150489000,Reservoir,3073,2/10 Acheron Avenue,-37.72373986,145.0170335,2.0,1.0,unit,1.0,2026-03-17,109.0,"$601,000",10.0,1.0,2.0,3.0,11302.993923434733
property-townhouse-vic-reservoir-149991008,Reservoir,3073,1/11 Elsey Road,-37.70552565,145.0137967,3.0,2.0,townhouse,2.0,2026-03-16,187.0,"$745,000",8.0,1.0,3.0,3.0,13113.735985009413
property-house-vic-reservoir-150345500,Reservoir,3073,27 Marchant Avenue,-37.714821,145.012529,3.0,2.0,house,4.0,2026-03-14,650.0,"$1,220,000",9.0,1.0,2.0,3.0,12096.367915830495
property-house-vic-reservoir-150265668,Reservoir,3073,27 Broadhurst Avenue,-37.708709,145.005478,3.0,1.0,house,5.0,2026-03-14,836.0,"$1,002,000",8.0,1.0,3.0,3.0,12569.445502081491
property-house-vic-reservoir-150330628,Reservoir,3073,45 Frankston Street,-37.724709,144.997696,2.0,1.0,house,2.0,2026-03-14,309.0,"$975,000",9.0,0.0,2.0,3.0,10676.245379714353
property-house-vic-reservoir-150336580,Reservoir,3073,47 Kelsby Street,-37.712249,144.998463,2.0,1.0,house,1.0,2026-03-14,498.0,"$883,000",6.0,1.0,2.0,3.0,12040.900063989748
property-house-vic-reservoir-150348004,Reservoir,3073,17 Colthur Street,-37.70957,144.990368,3.0,1.0,house,2.0,2026-03-14,418.0,"$818,000",6.0,2.0,2.0,2.0,12201.16516914121
property-house-vic-reservoir-150339168,Reservoir,3073,35 Erskine Avenue,-37.72211,145.02419,2.0,1.0,house,1.0,2026-03-14,656.0,"$813,000",12.0,1.0,2.0,2.0,11718.365229956014
property-house-vic-reservoir-150257260,Reservoir,3073,32 Cheddar Road,-37.711741,145.011579,2.0,1.0,house,2.0,2026-03-14,585.0,"$775,000",7.0,2.0,3.0,4.0,12395.982427834422
property-unit-vic-reservoir-150228492,Reservoir,3073,1/11 Erskine Avenue,-37.72351912,145.0251691,2.0,1.0,unit,2.0,2026-03-14,279.0,"$696,000",9.0,1.0,2.0,1.0,11612.48602139605
property-house-vic-reservoir-150244488,Reservoir,3073,203 Spring Street,-37.721493,145.002571,3.0,1.0,house,2.0,2026-03-14,579.0,"$650,000",11.0,0.0,2.0,4.0,11130.515648842864
property-house-vic-reservoir-146109304,Reservoir,3073,26 Spratling Street,-37.716421,144.995242,3.0,1.0,house,2.0,2026-03-13,892.0,"$1,390,000",6.0,0.0,2.0,3.0,11527.991442391087
property-house-vic-reservoir-150409200,Reservoir,3073,74 Strathmerton Street,-37.71259471,145.0163473,3.0,2.0,house,2.0,2026-03-13,284.0,"$880,000",9.0,1.0,2.0,2.0,12440.10698469908
property-unit-vic-reservoir-149673340,Reservoir,3073,2/22 Dumbarton Street,-37.701487,145.025588,2.0,1.0,unit,6.0,2026-03-13,388.0,"$670,000",7.0,0.0,0.0,2.0,13880.934830799746
property-unit-vic-reservoir-150252580,Reservoir,3073,4/1067 High Street,-37.69823113,145.0106278,2.0,1.0,unit,1.0,2026-03-10,83.0,"$450,000",7.0,1.0,2.0,2.0,13812.453674500895
property-house-vic-reservoir-150244980,Reservoir,3073,25 Locksley Avenue,-37.722974,144.994249,3.0,1.0,house,3.0,2026-03-07,555.0,"$1,162,000",9.0,0.0,2.0,3.0,10796.861105624506
property-house-vic-reservoir-150242556,Reservoir,3073,27 Newton Street,-37.731726,145.02634,3.0,1.0,house,2.0,2026-03-07,612.0,"$862,000",7.0,1.0,2.0,0.0,10841.761437995356
property-house-vic-reservoir-150254732,Reservoir,3073,14 Clements Grove,-37.714059,145.023462,3.0,1.0,house,2.0,2026-03-07,697.0,"$846,000",9.0,1.0,2.0,2.0,12513.516115925075
property-unit-vic-reservoir-150248844,Reservoir,3073,2/21 Dumbarton Street,-37.70181936,145.0257717,3.0,1.0,unit,1.0,2026-03-07,371.0,"$800,000",8.0,0.0,1.0,2.0,13852.287602430666
property-house-vic-reservoir-150285584,Reservoir,3073,773 Plenty Road,-37.726843,145.020524,2.0,1.0,house,4.0,2026-03-03,706.0,"$987,500",9.0,1.0,2.0,2.0,11105.952357290287
property-house-vic-reservoir-149999896,Reservoir,3073,1/6 Aberdeen Street,-37.7034477,145.0186282,3.0,1.0,house,2.0,2026-03-03,392.0,"$715,000",7.0,1.0,2.0,3.0,13466.381522116535
property-house-vic-reservoir-150205692,Reservoir,3073,9 Mack Street,-37.70202,145.013869,4.0,1.0,house,2.0,2026-02-28,774.0,"$1,465,000",7.0,1.0,1.0,3.0,13487.781038388779
property-house-vic-reservoir-150179128,Reservoir,3073,56 Tambo Avenue,-37.719545,145.019028,3.0,1.0,house,7.0,2026-02-28,637.0,"$1,325,000",12.0,1.0,2.0,3.0,11801.19289428106
property-house-vic-reservoir-150156872,Reservoir,3073,42 Drysdale Street,-37.729087,145.02051,4.0,2.0,house,2.0,2026-02-28,748.0,"$1,317,000",7.0,1.0,2.0,2.0,10878.24955148398
property-house-vic-reservoir-150133956,Reservoir,3073,8 Bray Street,-37.699446,144.988555,4.0,2.0,house,4.0,2026-02-28,766.0,"$1,220,000",5.0,2.0,1.0,0.0,13292.590276495064
property-house-vic-reservoir-150208376,Reservoir,3073,35 Elliot Street,-37.706126,144.997709,3.0,1.0,house,4.0,2026-02-28,502.0,"$930,000",7.0,1.0,2.0,3.0,12693.001762551963
property-house-vic-reservoir-150190592,Reservoir,3073,20 Suffolk Street,-37.7072077,145.0115205,4.0,2.0,house,2.0,2026-02-28,282.0,"$908,000",8.0,1.0,3.0,3.0,12875.726393984647
property-house-vic-reservoir-150194024,Reservoir,3073,42 Moira Avenue,-37.69638,144.981084,3.0,1.0,house,2.0,2026-02-28,534.0,"$887,000",5.0,2.0,2.0,0.0,13562.547354963106
property-house-vic-reservoir-150179560,Reservoir,3073,159 Henty Street,-37.717949,144.989166,3.0,1.0,house,3.0,2026-02-28,558.0,"$833,000",7.0,0.0,1.0,2.0,11264.424200729276
property-unit-vic-reservoir-150277848,Reservoir,3073,3/63 Kinsale Street,-37.71942935,144.9954495,1.0,1.0,unit,1.0,2026-02-27,106.0,"$478,750",9.0,0.0,1.0,3.0,11204.353861238962
property-house-vic-reservoir-150122764,Reservoir,3073,10 Wattlebird Crescent,-37.69362511,144.984943,6.0,4.0,house,4.0,2026-02-26,557.0,"$1,500,000",5.0,2.0,3.0,0.0,13898.503359168697
property-house-vic-reservoir-150174580,Reservoir,3073,40 Mason Street,-37.728008,145.007309,3.0,1.0,house,3.0,2026-02-26,763.0,"$1,350,000",11.0,0.0,2.0,3.0,10560.190398347806
property-house-vic-reservoir-150104572,Reservoir,3073,102 Massey Avenue,-37.69691525,144.990967,3.0,2.0,house,2.0,2026-02-26,571.0,"$987,500",4.0,2.0,2.0,1.0,13600.421667456398
property-house-vic-reservoir-150244972,Reservoir,3073,11 Tunaley Parade,-37.697099,145.024559,3.0,1.0,house,3.0,2026-02-26,586.0,"$940,000",7.0,1.0,1.0,2.0,14306.054025759162
property-house-vic-reservoir-150174588,Reservoir,3073,16 Nisbett Street,-37.727894,145.03376,3.0,1.0,house,4.0,2026-02-26,581.0,"$780,000",6.0,1.0,2.0,0.0,11529.208481285279
property-townhouse-vic-reservoir-150179360,Reservoir,3073,2/44 Storey Road,-37.723299,145.011826,3.0,2.0,townhouse,2.0,2026-02-25,182.0,"$860,000",9.0,1.0,2.0,4.0,11185.446394082335
property-house-vic-reservoir-150086528,Reservoir,3073,7 Barwon Avenue,-37.724101,145.024148,4.0,3.0,house,3.0,2026-02-23,708.0,"$1,530,000",9.0,1.0,2.0,2.0,11515.782751231422
property-house-vic-reservoir-149653136,Reservoir,3073,23 Lloyd Avenue,-37.698159,145.015276,3.0,1.0,house,4.0,2026-02-23,564.0,"$950,000",6.0,1.0,2.0,2.0,13934.529568617916
property-house-vic-reservoir-150103124,Reservoir,3073,60 Winter Crescent,-37.716982,145.02579,3.0,1.0,house,2.0,2026-02-23,586.0,"$880,000",10.0,1.0,2.0,2.0,12295.99599984888
property-unit-vic-reservoir-150178972,Reservoir,3073,1/30 Ashley Street,-37.71713453,145.0024269,2.0,1.0,unit,1.0,2026-02-23,91.0,"$502,355",8.0,0.0,3.0,3.0,11595.087626048646
property-house-vic-reservoir-150102720,Reservoir,3073,39 Gellibrand Crescent,-37.705442,145.004125,3.0,1.0,house,2.0,2026-02-21,916.0,"$1,220,000",7.0,1.0,2.0,3.0,12891.723822365397
property-house-vic-reservoir-150128404,Reservoir,3073,3 Best Street,-37.714518,144.996734,4.0,1.0,house,2.0,2026-02-21,624.0,"$1,177,000",7.0,0.0,2.0,3.0,11762.024451916503
property-house-vic-reservoir-150114016,Reservoir,3073,15 Grimwade Street,-37.703167,145.004957,3.0,2.0,house,2.0,2026-02-21,891.0,"$1,170,000",7.0,1.0,2.0,3.0,13154.878193809838
property-house-vic-reservoir-150099180,Reservoir,3073,60 Seston Street,-37.728275,145.034708,3.0,1.0,house,2.0,2026-02-21,329.0,"$640,000",6.0,1.0,2.0,0.0,11534.053808777335
property-house-vic-reservoir-149632504,Reservoir,3073,31A Locksley Avenue,-37.722912,144.993785,4.0,3.0,house,2.0,2026-02-20,280.0,"$1,400,000",9.0,0.0,2.0,3.0,10795.22834908677
property-townhouse-vic-reservoir-150134024,Reservoir,3073,1/13 McCrae Street,-37.70523348,145.0102049,2.0,1.0,townhouse,1.0,2026-02-18,190.0,"$770,000",8.0,1.0,3.0,3.0,13053.131388651698
property-unit-vic-reservoir-149669004,Reservoir,3073,2/10 Dorrington Avenue,-37.7267195,145.0258468,2.0,1.0,unit,2.0,2026-02-17,240.0,"$645,000",8.0,1.0,1.0,1.0,11317.909672008369
property-townhouse-vic-reservoir-150113256,Reservoir,3073,1/148 Boldrewood Parade,-37.71213058,145.0229625,3.0,2.0,townhouse,2.0,2026-02-14,248.0,"$840,000",8.0,1.0,2.0,2.0,12695.249122272351
property-townhouse-vic-reservoir-149994216,Reservoir,3073,2/1 Maritana Avenue,-37.72945479,144.9972639,3.0,2.0,townhouse,2.0,2026-02-07,173.0,"$1,078,000",9.0,0.0,2.0,4.0,10155.035767563439
property-townhouse-vic-reservoir-149935252,Reservoir,3073,3/7 Odowd Street,-37.71887753,145.0157084,2.0,2.0,townhouse,2.0,2026-02-07,144.0,"$850,000",11.0,1.0,2.0,3.0,11764.603198137263
property-house-vic-reservoir-149942724,Reservoir,3073,125 Darebin Boulevard,-37.702484,145.032935,3.0,1.0,house,3.0,2026-02-07,976.0,"$845,000",6.0,0.0,1.0,0.0,14024.572106911264
property-house-vic-reservoir-150003744,Reservoir,3073,59 Mahoneys Road,-37.69391,144.999569,3.0,1.0,house,2.0,2026-02-07,828.0,"$838,000",6.0,2.0,4.0,2.0,14057.06436219799
property-unit-vic-reservoir-149966120,Reservoir,3073,1/32 O'Connor Street,-37.7104169,145.004534,2.0,1.0,unit,1.0,2026-02-07,134.0,"$650,000",9.0,1.0,3.0,4.0,12364.63023163494
property-house-vic-reservoir-150102684,Reservoir,3073,7 Gloucester Street,-37.722141,144.996154,2.0,1.0,house,1.0,2026-02-06,632.0,"$1,000,000",8.0,0.0,2.0,4.0,10923.151916889685
property-house-vic-reservoir-148666596,Reservoir,3073,130 Hughes Parade,-37.697135,144.993086,4.0,3.0,house,4.0,2026-02-03,533.0,"$1,180,000",3.0,2.0,2.0,2.0,13604.252385369688
property-unit-vic-reservoir-150009496,Reservoir,3073,2/61 Barton Street,-37.71189381,145.0023605,3.0,2.0,unit,1.0,2026-02-03,303.0,"$875,000",9.0,1.0,2.0,3.0,12158.068666884616
property-house-vic-reservoir-149668996,Reservoir,3073,16 Frankston Street,-37.724637,144.999854,2.0,1.0,house,2.0,2026-02-03,311.0,"$810,000",9.0,0.0,2.0,3.0,10730.725819445199
property-house-vic-reservoir-149910644,Reservoir,3073,54 Acheron Avenue,-37.719551,145.017791,4.0,2.0,house,4.0,2026-01-31,682.0,"$1,060,000",12.0,1.0,2.0,3.0,11760.31049499818
property-house-vic-reservoir-149942916,Reservoir,3073,18 Gisborne Crescent,-37.719834,145.02391,3.0,1.0,house,3.0,2026-01-31,601.0,"$908,000",12.0,1.0,2.0,2.0,11939.033650951458
property-unit-vic-reservoir-149942908,Reservoir,3073,3/3 Gladstone Street,-37.71180103,145.0095023,2.0,1.0,unit,2.0,2026-01-31,871.0,"$633,500",8.0,1.0,3.0,4.0,12335.416198705318
property-unit-vic-reservoir-149951832,Reservoir,3073,2/42 Harbury Street,-37.71248546,145.0003102,2.0,1.0,unit,1.0,2026-01-31,67.0,"$455,000",8.0,1.0,2.0,3.0,12051.53576809386
property-unit-vic-reservoir-149935648,Reservoir,3073,1/78 Strathmerton Street,-37.7124047,145.0161666,2.0,1.0,unit,1.0,2026-01-29,239.0,"$580,000",8.0,1.0,2.0,2.0,12454.68837288547
property-house-vic-reservoir-149553000,Reservoir,3073,8 Marchant Avenue,-37.715699,145.011666,4.0,3.0,house,2.0,2026-01-21,650.0,"$1,380,000",9.0,1.0,2.0,3.0,11979.74993197297
property-house-vic-reservoir-148412780,Reservoir,3073,1055 High Street,-37.699501,145.010409,3.0,1.0,house,4.0,2026-01-21,955.0,"$965,000",7.0,1.0,2.0,3.0,13671.23297956238
property-unit-vic-reservoir-149683976,Reservoir,3073,1/215 Spring Street,-37.72067687,145.0034743,2.0,1.0,unit,1.0,2026-01-21,320.0,"$630,000",10.0,0.0,2.0,3.0,11239.28787041154
property-unit-vic-reservoir-149611124,Reservoir,3073,2/110 North Road,-37.72264548,145.0153113,2.0,1.0,unit,1.0,2026-01-21,697.0,"$455,000",9.0,1.0,2.0,3.0,11360.52311379769
property-house-vic-reservoir-149780548,Reservoir,3073,39 Frankston Street,-37.724752,144.998138,3.0,1.0,house,2.0,2026-01-16,472.0,"$930,000",9.0,0.0,2.0,3.0,10680.920690644556
property-house-vic-reservoir-149677144,Reservoir,3073,1093 High Street,-37.695717,145.010487,4.0,2.0,house,1.0,2026-01-05,575.0,"$825,000",7.0,1.0,4.0,3.0,14078.898103097592
property-house-vic-reservoir-149151092,Reservoir,3073,19 Keon Parade,-37.696064,145.019835,3.0,1.0,house,4.0,2025-12-31,575.0,"$756,000",6.0,1.0,2.0,3.0,14278.292578733653
property-house-vic-reservoir-149251600,Reservoir,3073,1/64 Seston Street,-37.72781187,145.034795,2.0,2.0,house,1.0,2025-12-24,266.0,"$600,000",6.0,1.0,2.0,0.0,11582.447455485357
property-townhouse-vic-reservoir-149600352,Reservoir,3073,2/3 Loddon Avenue,-37.72372915,145.0266231,3.0,2.0,townhouse,1.0,2025-12-23,784.0,"$718,000",9.0,1.0,1.0,1.0,11646.58700257161
property-house-vic-reservoir-149867840,Reservoir,3073,2/7 St Vigeons Road,-37.7075698,145.0315758,3.0,2.0,house,2.0,2025-12-21,251.0,"$675,000",7.0,1.0,1.0,1.0,13459.18833862812
property-house-vic-reservoir-149517384,Reservoir,3073,71 Powell Street,-37.726172,144.996806,5.0,3.0,house,3.0,2025-12-20,592.0,"$1,225,000",9.0,0.0,2.0,3.0,10499.681707302621
property-house-vic-reservoir-147493392,Reservoir,3073,8 Moore Crescent,-37.720774,145.002125,3.0,2.0,house,4.0,2025-12-20,488.0,"$950,000",11.0,0.0,2.0,4.0,11197.264404903617
property-house-vic-reservoir-149668936,Reservoir,3073,109 St Vigeons Road,-37.706076,145.019262,3.0,1.0,house,3.0,2025-12-19,747.0,"$880,000",9.0,1.0,3.0,3.0,13208.965159160873
property-house-vic-reservoir-148364288,Reservoir,3073,6 Kyneton Avenue,-37.71831,145.024904,3.0,1.0,house,1.0,2025-12-19,594.0,"$847,500",12.0,1.0,2.0,2.0,12129.396401057738
property-unit-vic-reservoir-149467940,Reservoir,3073,8/544 Gilbert Road,-37.728324,144.991926,1.0,1.0,unit,1.0,2025-12-19,622.0,"$387,000",7.0,1.0,2.0,3.0,10172.832393411873
property-unit-vic-reservoir-149719148,Reservoir,3073,4/70 Purinuan Road,-37.70858045,145.0255303,1.0,1.0,unit,1.0,2025-12-19,66.0,"$341,000",7.0,1.0,1.0,3.0,13146.040380857981
property-house-vic-reservoir-149803320,Reservoir,3073,78 Miranda Road,-37.706755,145.018926,4.0,1.0,house,2.0,2025-12-18,743.0,"$950,000",9.0,2.0,3.0,3.0,13127.922567292988
property-house-vic-reservoir-149450204,Reservoir,3073,8 Taylor Avenue,-37.721959,144.999234,3.0,1.0,house,5.0,2025-12-17,547.0,"$1,241,000",9.0,0.0,1.0,4.0,11005.589618309226
property-house-vic-reservoir-148866764,Reservoir,3073,75 Rathcown Road,-37.71002,145.026043,3.0,2.0,house,4.0,2025-12-17,586.0,"$1,150,000",7.0,1.0,1.0,2.0,13015.430009525195
property-house-vic-reservoir-149708388,Reservoir,3073,6 Mais Street,-37.708184,145.027804,4.0,1.0,house,1.0,2025-12-17,743.0,"$905,000",7.0,1.0,1.0,1.0,13263.744491804504
property-townhouse-vic-reservoir-149812976,Reservoir,3073,1/64 Hickford Street,-37.7053027,145.0241577,2.0,1.0,townhouse,1.0,2025-12-16,234.0,"$650,000",7.0,1.0,1.0,3.0,13439.823073980673
property-house-vic-reservoir-149653148,Reservoir,3073,57 Dredge Street,-37.69621,144.993303,4.0,2.0,house,8.0,2025-12-13,855.0,"$1,500,000",3.0,1.0,2.0,2.0,13708.829775145721
property-house-vic-reservoir-149668984,Reservoir,3073,19 Keely Street,-37.697612,144.999991,3.0,2.0,house,5.0,2025-12-13,818.0,"$1,022,500",6.0,1.0,3.0,2.0,13660.744241852466
property-house-vic-reservoir-149680444,Reservoir,3073,87 Cheddar Road,-37.706533,145.014327,3.0,1.0,house,2.0,2025-12-13,568.0,"$811,000",7.0,1.0,3.0,3.0,13021.239841061944
property-townhouse-vic-reservoir-149669064,Reservoir,3073,12/47-53 Edwardes Street,-37.71622843,145.003646,3.0,2.0,townhouse,1.0,2025-12-13,144.0,"$755,000",10.0,0.0,3.0,3.0,11720.105756174999
property-unit-vic-reservoir-149673492,Reservoir,3073,2/43 Byfield Street,-37.71322544,145.0040292,1.0,1.0,unit,1.0,2025-12-13,608.0,"$446,000",9.0,1.0,3.0,3.0,12051.353021729103
property-house-vic-reservoir-149700428,Reservoir,3073,37 Home Street,-37.725923,145.019947,3.0,1.0,house,4.0,2025-12-12,744.0,"$1,155,000",10.0,1.0,2.0,2.0,11178.871020527205
property-house-vic-reservoir-149689640,Reservoir,3073,77 Cheddar Road,-37.707165,145.013856,3.0,1.0,house,1.0,2025-12-12,640.0,"$870,000",8.0,1.0,3.0,3.0,12941.645201999538
property-house-vic-reservoir-149598640,Reservoir,3073,32 Andrews Avenue,-37.72986894,145.0334603,4.0,2.0,house,2.0,2025-12-12,399.0,"$850,000",6.0,1.0,2.0,0.0,11325.682964943417
property-townhouse-vic-reservoir-149765708,Reservoir,3073,3/81 Arundel Avenue,-37.69630637,145.0139811,2.0,1.0,townhouse,1.0,2025-12-11,114.0,"$585,000",6.0,1.0,3.0,3.0,14099.107578304776
property-house-vic-reservoir-149673532,Reservoir,3073,70 Queen Street,-37.726979,145.007767,3.0,2.0,house,2.0,2025-12-10,486.0,"$1,413,000",11.0,1.0,2.0,3.0,10681.483968397564
property-unit-vic-reservoir-149520428,Reservoir,3073,6/27 Lake Street,-37.7170524,144.9897248,2.0,1.0,unit,1.0,2025-12-10,146.0,"$518,500",7.0,0.0,2.0,2.0,11370.71436311905
property-house-vic-reservoir-149237396,Reservoir,3073,5 Kelverne Street,-37.7148,144.982626,3.0,1.0,house,3.0,2025-12-09,492.0,"$882,500",5.0,1.0,1.0,2.0,11535.520051762236
property-house-vic-reservoir-149735384,Reservoir,3073,14 Hillcroft Street,-37.719225,144.988972,3.0,1.0,house,2.0,2025-12-08,554.0,"$950,000",7.0,0.0,2.0,2.0,11121.632613834992
property-house-vic-reservoir-149617224,Reservoir,3073,10 Locksley Avenue,-37.723185,144.998713,4.0,2.0,house,3.0,2025-12-06,516.0,"$1,470,000",9.0,0.0,1.0,4.0,10862.220717000358
property-house-vic-reservoir-149581928,Reservoir,3073,90 Broadhurst Avenue,-37.7076,144.99641,3.0,1.0,house,2.0,2025-12-06,841.0,"$1,015,000",5.0,1.0,2.0,3.0,12509.790364865357
property-house-vic-reservoir-149598656,Reservoir,3073,19 Royal Parade,-37.7155615,145.0093671,2.0,2.0,house,2.0,2025-12-06,581.0,"$1,010,000",10.0,1.0,3.0,3.0,11932.295420511722
property-house-vic-reservoir-149598628,Reservoir,3073,44 Hobbs Crescent,-37.707485,145.003457,3.0,1.0,house,3.0,2025-12-06,845.0,"$1,000,000",7.0,1.0,2.0,3.0,12657.086541357112
property-townhouse-vic-reservoir-149602648,Reservoir,3073,36A Lane Crescent,-37.71414661,145.0181731,4.0,3.0,townhouse,2.0,2025-12-06,199.0,"$840,000",10.0,1.0,2.0,2.0,12333.284914221269
property-townhouse-vic-reservoir-149602336,Reservoir,3073,21 Eisenhower Street,-37.72908381,145.0270262,2.0,2.0,townhouse,4.0,2025-12-06,337.0,"$813,000",8.0,1.0,2.0,0.0,11130.112329598052
property-house-vic-reservoir-149601960,Reservoir,3073,12 Churchill Avenue,-37.692926,144.976222,3.0,1.0,house,4.0,2025-12-06,532.0,"$730,000",4.0,1.0,1.0,1.0,13918.795953901308
property-house-vic-reservoir-149593892,Reservoir,3073,31 Drysdale Street,-37.729726,145.023171,3.0,1.0,house,1.0,2025-12-05,535.0,"$825,000",6.0,1.0,1.0,1.0,10914.132690550297
property-unit-vic-reservoir-149619852,Reservoir,3073,3/14 Goulburn Avenue,-37.72420827,145.0220363,2.0,2.0,unit,1.0,2025-12-05,175.0,"$720,000",10.0,1.0,2.0,2.0,11427.696410610004
property-house-vic-reservoir-149602684,Reservoir,3073,35 Fordham Road,-37.714252,145.019362,3.0,1.0,house,2.0,2025-12-04,711.0,"$893,000",10.0,1.0,2.0,2.0,12359.52552263373
property-unit-vic-reservoir-149483876,Reservoir,3073,2/29 Kirby Street,-37.73089755,145.0330738,3.0,1.0,unit,1.0,2025-12-03,205.0,"$610,000",7.0,1.0,2.0,0.0,11209.723215115448
property-house-vic-reservoir-149700548,Reservoir,3073,61 Powell Street,-37.726285,144.99762,3.0,1.0,house,4.0,2025-12-02,605.0,"$1,030,000",9.0,0.0,2.0,3.0,10504.502760524154
property-house-vic-reservoir-149504064,Reservoir,3073,39 Crispe Street,-37.725836,144.994557,4.0,2.0,house,2.0,2025-11-29,625.0,"$1,400,000",8.0,0.0,2.0,3.0,10491.548499218305
property-house-vic-reservoir-149575672,Reservoir,3073,7 Best Street,-37.714266,144.996786,4.0,2.0,house,4.0,2025-11-29,699.0,"$1,310,000",7.0,0.0,2.0,3.0,11790.38313684519
property-house-vic-reservoir-149462372,Reservoir,3073,49 Hobbs Crescent,-37.707056,145.004184,3.0,1.0,house,2.0,2025-11-29,877.0,"$1,000,000",7.0,1.0,2.0,3.0,12718.879093955424
property-house-vic-reservoir-149540900,Reservoir,3073,29 Cuthbert Road,-37.71711274,145.0177453,3.0,2.0,house,2.0,2025-11-29,302.0,"$916,000",11.0,1.0,2.0,3.0,12011.582775226949
property-unit-vic-reservoir-149498960,Reservoir,3073,4/47 Barton Street,-37.71203514,145.0034023,3.0,2.0,unit,2.0,2025-11-29,232.0,"$818,000",9.0,1.0,3.0,3.0,12165.409870692467
property-unit-vic-reservoir-149559180,Reservoir,3073,1/12 Willoughby Street,-37.71801081,144.9962993,2.0,1.0,unit,1.0,2025-11-29,132.0,"$718,000",9.0,0.0,2.0,3.0,11374.301002487713
property-unit-vic-reservoir-149535712,Reservoir,3073,19/47 Rathcown Road,-37.71181615,145.0295865,2.0,1.0,unit,1.0,2025-11-29,151.0,"$495,000",7.0,1.0,1.0,1.0,12956.816747612467
property-unit-vic-reservoir-149532136,Reservoir,3073,6/36 Willoughby Street,-37.71633326,144.9966093,2.0,1.0,unit,1.0,2025-11-29,90.0,"$486,000",7.0,0.0,2.0,3.0,11562.377119925057
property-house-vic-reservoir-149735408,Reservoir,3073,57 Glasgow Avenue,-37.704347,145.000695,3.0,1.0,house,3.0,2025-11-28,592.0,"$781,000",7.0,1.0,2.0,3.0,12941.232593076977
property-unit-vic-reservoir-149506660,Reservoir,3073,15A Nisbett Street,-37.72819485,145.0340589,1.0,1.0,unit,1.0,2025-11-27,147.0,"$530,000",6.0,1.0,2.0,0.0,11513.224575082102
property-townhouse-vic-reservoir-147608580,Reservoir,3073,2/45 St Vigeons Road,-37.70692355,145.0262684,2.0,1.0,townhouse,1.0,2025-11-27,96.0,"$515,000",7.0,1.0,1.0,2.0,13341.144890066897
property-unit-vic-reservoir-149596156,Reservoir,3073,6/4 Leamington Street,-37.71286685,145.0071189,1.0,1.0,unit,1.0,2025-11-27,116.0,"$448,000",10.0,1.0,3.0,3.0,12162.33216099057
property-unit-vic-reservoir-149191092,Reservoir,3073,1/27 Whitelaw Street,-37.71466095,145.0147457,2.0,1.0,unit,1.0,2025-11-26,149.0,"$660,000",11.0,1.0,2.0,3.0,12176.505822654472
property-house-vic-reservoir-149057660,Reservoir,3073,23 Loddon Avenue,-37.722472,145.025894,3.0,1.0,house,3.0,2025-11-24,715.0,"$1,000,000",10.0,1.0,2.0,1.0,11744.994948455464
property-apartment-vic-reservoir-149489680,Reservoir,3073,204/76 Tyler Street,-37.73275397,145.0307221,2.0,2.0,apartment,1.0,2025-11-24,1502.0,"$470,000",7.0,1.0,2.0,0.0,10927.469695534297
property-house-vic-reservoir-149401824,Reservoir,3073,58 Lawley Street,-37.701293,144.991193,3.0,1.0,house,4.0,2025-11-22,747.0,"$1,150,000",3.0,2.0,1.0,2.0,13121.816048918043
property-house-vic-reservoir-149489276,Reservoir,3073,2 Compton Street,-37.715412,145.002677,3.0,2.0,house,1.0,2025-11-22,536.0,"$1,095,000",10.0,0.0,3.0,3.0,11785.937074176565
property-house-vic-reservoir-149430076,Reservoir,3073,5 Hobbs Crescent,-37.705608,145.008589,3.0,1.0,house,4.0,2025-11-22,819.0,"$816,000",8.0,1.0,2.0,3.0,12974.109048632343
property-house-vic-reservoir-149458852,Reservoir,3073,36 Charlton Crescent,-37.717612,145.023073,3.0,1.0,house,4.0,2025-11-22,651.0,"$810,000",12.0,1.0,2.0,2.0,12136.164882104495
property-townhouse-vic-reservoir-149365652,Reservoir,3073,18B Haig Street,-37.72743314,144.9940932,2.0,1.0,townhouse,2.0,2025-11-22,145.0,"$782,500",7.0,0.0,2.0,3.0,10309.33666345741
property-unit-vic-reservoir-149458792,Reservoir,3073,2/89 Whitelaw Street,-37.71205355,145.0209349,2.0,1.0,unit,2.0,2025-11-22,243.0,"$425,000",8.0,1.0,2.0,2.0,12637.445624674354
property-house-vic-reservoir-149640356,Reservoir,3073,12 Johnson Street,-37.701485,145.010991,3.0,2.0,house,2.0,2025-11-21,806.0,"$870,000",7.0,1.0,1.0,3.0,13472.791466830662
property-unit-vic-reservoir-149592604,Reservoir,3073,3/17 Olive Street,-37.7181415,145.0038199,2.0,1.0,unit,1.0,2025-11-20,126.0,"$610,000",8.0,0.0,2.0,3.0,11518.985516493032
property-house-vic-reservoir-149458828,Reservoir,3073,5 Caddy Court,-37.729415,145.032006,3.0,1.0,house,3.0,2025-11-19,620.0,"$751,000",8.0,1.0,2.0,0.0,11306.004212343001
property-townhouse-vic-reservoir-149463052,Reservoir,3073,2/13 Newton Street,-37.73209746,145.0277001,2.0,1.0,townhouse,1.0,2025-11-19,180.0,"$630,000",7.0,1.0,2.0,0.0,10861.723463407627
property-apartment-vic-reservoir-149323144,Reservoir,3073,7/99 Barton Street,-37.71123832,144.9989387,2.0,1.0,apartment,1.0,2025-11-19,54.0,"$420,000",7.0,1.0,2.0,3.0,12159.688607202575
property-house-vic-reservoir-148810388,Reservoir,3073,3A Kerang Avenue,-37.72046377,145.0256446,4.0,3.0,house,2.0,2025-11-18,301.0,"$1,080,000",12.0,1.0,2.0,2.0,11938.088446199303
property-house-vic-reservoir-149200404,Reservoir,3073,5A Tambo Avenue,-37.72380243,145.0178662,2.0,1.0,house,3.0,2025-11-16,340.0,"$770,000",10.0,1.0,2.0,3.0,11324.227371973011
property-house-vic-reservoir-149394244,Reservoir,3073,7 Excelsior Street,-37.725278,144.99725,5.0,2.0,house,8.0,2025-11-15,545.0,"$1,555,000",9.0,0.0,2.0,3.0,10605.484814909454
property-house-vic-reservoir-149394348,Reservoir,3073,4 Alamo Road,-37.723021,144.989108,4.0,2.0,house,8.0,2025-11-15,494.0,"$1,361,000",6.0,0.0,2.0,2.0,10707.139169415945
property-house-vic-reservoir-149179880,Reservoir,3073,3 Ballan Street,-37.695415,144.989503,6.0,3.0,house,4.0,2025-11-15,832.0,"$1,335,000",5.0,2.0,2.0,1.0,13747.894087690127
property-house-vic-reservoir-149207416,Reservoir,3073,32 Merrilands Road,-37.695398,145.006016,5.0,2.0,house,2.0,2025-11-15,945.0,"$1,161,000",8.0,2.0,4.0,3.0,14016.173752767958
property-house-vic-reservoir-149323332,Reservoir,3073,95 Royal Parade,-37.712548,145.014541,3.0,2.0,house,3.0,2025-11-15,650.0,"$900,000",7.0,1.0,3.0,3.0,12392.554669363548
property-townhouse-vic-reservoir-149374524,Reservoir,3073,2/8 Cuthbert Road,-37.71656291,145.0155865,3.0,2.0,townhouse,2.0,2025-11-15,202.0,"$846,000",11.0,1.0,2.0,3.0,12002.32191372147
property-townhouse-vic-reservoir-149394216,Reservoir,3073,1/8 Barton Street,-37.71158541,145.0052166,3.0,2.0,townhouse,2.0,2025-11-15,747.0,"$831,000",9.0,1.0,3.0,4.0,12254.549352728169
property-house-vic-reservoir-149394156,Reservoir,3073,63 Winter Crescent,-37.71777252,145.0261482,2.0,1.0,house,4.0,2025-11-15,350.0,"$790,000",11.0,1.0,2.0,2.0,12228.716846255043
property-house-vic-reservoir-148621104,Reservoir,3073,1 Eisenhower Street,-37.73149646,145.0271298,4.0,2.0,house,2.0,2025-11-15,463.0,"$770,000",7.0,1.0,2.0,0.0,10896.843601684594
property-unit-vic-reservoir-149369452,Reservoir,3073,1/102 Crookston Road,-37.70925481,145.0137673,2.0,1.0,unit,1.0,2025-11-15,64.0,"$382,500",7.0,1.0,3.0,3.0,12718.18407684719
property-house-vic-reservoir-148915276,Reservoir,3073,26 Erskine Avenue,-37.722692,145.025025,3.0,1.0,house,6.0,2025-11-14,700.0,"$982,000",10.0,1.0,2.0,1.0,11690.37503211435
property-townhouse-vic-reservoir-149390568,Reservoir,3073,4/13 McCrae Street,-37.70523348,145.0102049,3.0,1.0,townhouse,2.0,2025-11-14,881.0,"$722,500",8.0,1.0,3.0,3.0,13053.131388651698
property-house-vic-reservoir-148668720,Reservoir,3073,83 Crookston Road,-37.709863,145.016155,3.0,1.0,house,4.0,2025-11-13,636.0,"$906,500",9.0,2.0,3.0,3.0,12721.07813377984
property-house-vic-reservoir-149186400,Reservoir,3073,60 Radford Road,-37.705606,144.983567,3.0,2.0,house,8.0,2025-11-13,719.0,"$800,000",6.0,2.0,2.0,0.0,12560.901543959773
property-townhouse-vic-reservoir-149252688,Reservoir,3073,4/13 Dundee Street,-37.70357235,145.0196387,3.0,2.0,townhouse,2.0,2025-11-10,1001.0,"$805,000",7.0,1.0,2.0,3.0,13482.47114569495
property-house-vic-reservoir-149288856,Reservoir,3073,104 Massey Avenue,-37.69677783,144.9910273,4.0,2.0,house,4.0,2025-11-09,534.0,"$1,355,000",4.0,2.0,2.0,1.0,13616.304980211993
property-house-vic-reservoir-149319248,Reservoir,3073,43 Delaware Street,-37.720551,145.012398,4.0,1.0,house,2.0,2025-11-08,743.0,"$1,310,000",10.0,1.0,2.0,3.0,11490.164765001533
property-house-vic-reservoir-149330672,Reservoir,3073,6 Gladstone Street,-37.711561,145.009961,4.0,1.0,house,6.0,2025-11-08,636.0,"$1,072,000",8.0,1.0,3.0,4.0,12372.698832805389
property-house-vic-reservoir-149322864,Reservoir,3073,1 Dumbarton Street,-37.701481,145.023093,3.0,1.0,house,10.0,2025-11-08,533.0,"$1,045,000",7.0,1.0,0.0,2.0,13804.16799039106
property-house-vic-reservoir-149319236,Reservoir,3073,12 Thrower Street,-37.711521,144.987978,3.0,1.0,house,2.0,2025-11-08,534.0,"$822,000",5.0,1.0,2.0,2.0,11955.447430056516
property-house-vic-reservoir-149302112,Reservoir,3073,20 Pallant Avenue,-37.696989,144.993509,3.0,1.0,house,2.0,2025-11-08,544.0,"$821,000",4.0,1.0,2.0,2.0,13626.169432563884
property-house-vic-reservoir-149326700,Reservoir,3073,2/2 Kinsale Street,-37.72359413,144.9951062,3.0,1.0,house,2.0,2025-11-08,237.0,"$821,000",8.0,0.0,2.0,3.0,10745.384940291464
property-house-vic-reservoir-149319252,Reservoir,3073,90 Lloyd Avenue,-37.697574,145.012638,2.0,1.0,house,3.0,2025-11-08,552.0,"$795,000",7.0,1.0,2.0,3.0,13930.774129383699
property-townhouse-vic-reservoir-149319272,Reservoir,3073,1/24 Miranda Road,-37.707409,145.024441,3.0,1.0,townhouse,2.0,2025-11-08,280.0,"$730,000",7.0,1.0,1.0,3.0,13230.953444531171
property-house-vic-reservoir-149237440,Reservoir,3073,16 Elizabeth Court,-37.699104,145.021058,3.0,1.0,house,3.0,2025-11-08,534.0,"$730,000",6.0,1.0,0.0,2.0,13992.713924194657
property-house-vic-reservoir-149366088,Reservoir,3073,20 McFadzean Avenue,-37.706928,144.998232,5.0,2.0,house,8.0,2025-11-05,965.0,"$1,730,000",8.0,1.0,2.0,3.0,12614.996841671975
property-townhouse-vic-reservoir-147820776,Reservoir,3073,6/26-28 Boldrewood Pde,-37.72309873,145.0226421,3.0,2.0,townhouse,4.0,2025-11-04,232.0,"$720,000",11.0,1.0,2.0,2.0,11562.072011761893
property-townhouse-vic-reservoir-149249504,Reservoir,3073,1/82 Leamington Street,-37.71221706,145.0009436,2.0,2.0,townhouse,1.0,2025-11-01,190.0,"$735,000",8.0,1.0,2.0,3.0,12093.47903758697
property-unit-vic-reservoir-149252148,Reservoir,3073,3/17 Seston Street,-37.73173504,145.0333441,2.0,1.0,unit,2.0,2025-11-01,211.0,"$671,000",6.0,1.0,2.0,0.0,11141.461116360813
property-unit-vic-reservoir-149179824,Reservoir,3073,3/6 Mccrae Street,-37.70632709,145.0108539,2.0,1.0,unit,1.0,2025-11-01,230.0,"$625,000",8.0,1.0,3.0,3.0,12952.567843356355
property-house-vic-reservoir-149121536,Reservoir,3073,15 Locksley Avenue,-37.723158,144.99607,4.0,3.0,house,4.0,2025-10-27,531.0,"$1,450,000",8.0,0.0,2.0,3.0,10811.228826480781
property-house-vic-reservoir-149099052,Reservoir,3073,9 Pedersen Avenue,-37.698972,145.032052,3.0,1.0,house,1.0,2025-10-27,534.0,"$775,000",6.0,0.0,1.0,1.0,14352.76975014581
property-house-vic-reservoir-149195064,Reservoir,3073,39 Merrilands Road,-37.695871,145.00521,3.0,1.0,house,1.0,2025-10-25,861.0,"$1,210,000",8.0,2.0,4.0,3.0,13948.596509453815
property-house-vic-reservoir-149167612,Reservoir,3073,787 Gilbert Road,-37.717786,144.992823,3.0,1.0,house,2.0,2025-10-25,800.0,"$1,206,000",7.0,0.0,2.0,3.0,11337.816739916982
property-house-vic-reservoir-149166920,Reservoir,3073,56 Locksley Avenue,-37.722641,144.993781,3.0,1.0,house,2.0,2025-10-25,524.0,"$1,190,000",9.0,0.0,2.0,3.0,10824.66218261834
property-house-vic-reservoir-149211060,Reservoir,3073,19 Massey Avenue,-37.705486,144.98973,4.0,1.0,house,4.0,2025-10-25,863.0,"$1,190,000",6.0,2.0,2.0,2.0,12641.671508853638
property-house-vic-reservoir-149184732,Reservoir,3073,4 Lindsay Street,-37.718872,145.013873,3.0,1.0,house,2.0,2025-10-25,678.0,"$1,130,000",10.0,1.0,2.0,3.0,11709.590274673476
property-house-vic-reservoir-149180408,Reservoir,3073,29 Corben Street,-37.724599,144.987556,3.0,2.0,house,4.0,2025-10-25,507.0,"$1,115,000",6.0,1.0,2.0,3.0,10511.89315113403
property-house-vic-reservoir-149178440,Reservoir,3073,15 Glasgow Avenue,-37.707817,145.007101,3.0,1.0,house,2.0,2025-10-25,965.0,"$950,000",8.0,1.0,3.0,3.0,12702.428377069024
property-house-vic-reservoir-149203808,Reservoir,3073,27 Morris Street,-37.699811,145.00313,3.0,1.0,house,2.0,2025-10-25,585.0,"$831,000",6.0,1.0,1.0,3.0,13480.411961447124
property-unit-vic-reservoir-149151104,Reservoir,3073,92a Miranda Road,-37.70630848,145.0177869,3.0,1.0,unit,1.0,2025-10-25,216.0,"$760,000",9.0,1.0,3.0,3.0,13141.540045087691
property-house-vic-reservoir-149168088,Reservoir,3073,47 Orrong Avenue,-37.71186383,145.0137613,3.0,1.0,house,1.0,2025-10-25,375.0,"$728,000",7.0,2.0,3.0,3.0,12442.592627348276
property-townhouse-vic-reservoir-149148632,Reservoir,3073,5/83-85 Edwardes Street,-37.716015,145.001637,3.0,2.0,townhouse,2.0,2025-10-24,134.0,"$770,000",8.0,0.0,3.0,3.0,11698.169042658994
property-house-vic-reservoir-149339104,Reservoir,3073,26 Kerang Avenue,-37.71979325,145.0280265,2.0,1.0,house,1.0,2025-10-24,238.0,"$735,000",9.0,1.0,1.0,1.0,12094.509164608124
property-townhouse-vic-reservoir-148994356,Reservoir,3073,5/62 Northernhay Street,-37.7242888,145.0087251,2.0,1.0,townhouse,1.0,2025-10-20,142.0,"$635,000",10.0,1.0,2.0,4.0,10991.857335593326
property-house-vic-reservoir-149266736,Reservoir,3073,60 Tracey Street,-37.699809,144.995089,3.0,2.0,house,2.0,2025-10-19,632.0,"$900,000",4.0,1.0,2.0,2.0,13340.082739627482
property-house-vic-reservoir-149121472,Reservoir,3073,150 Glasgow Avenue,-37.704781,144.984883,7.0,2.0,house,4.0,2025-10-18,978.0,"$1,351,000",5.0,2.0,2.0,0.0,12664.557812707768
property-house-vic-reservoir-149112180,Reservoir,3073,1 Knox Street,-37.72563,144.990921,3.0,1.0,house,2.0,2025-10-18,476.0,"$1,240,000",8.0,0.0,2.0,3.0,10449.707898775781
property-house-vic-reservoir-149090648,Reservoir,3073,100 Radford Road,-37.701969,144.984845,3.0,2.0,house,4.0,2025-10-18,1103.0,"$1,105,000",5.0,2.0,2.0,0.0,12974.964448974164
property-house-vic-reservoir-149044712,Reservoir,3073,85 Arundel Avenue,-37.696238,145.013581,3.0,1.0,house,1.0,2025-10-18,650.0,"$960,000",7.0,1.0,3.0,3.0,14096.534452760654
property-house-vic-reservoir-149128176,Reservoir,3073,41 Byfield Street,-37.713298,145.003971,2.0,1.0,house,1.0,2025-10-18,614.0,"$940,000",10.0,1.0,3.0,3.0,12042.240561424014
property-house-vic-reservoir-149119624,Reservoir,3073,1 Bogong Court,-37.708702,144.99021,3.0,1.0,house,2.0,2025-10-18,435.0,"$731,000",6.0,2.0,2.0,2.0,12294.382829575121
property-unit-vic-reservoir-149146352,Reservoir,3073,3/15 Suffolk Street,-37.70778379,145.0109776,2.0,1.0,unit,1.0,2025-10-18,182.0,"$700,000",8.0,1.0,3.0,3.0,12800.554231313125
property-townhouse-vic-reservoir-149093196,Reservoir,3073,2F Best Street,-37.71493934,144.9970613,2.0,2.0,townhouse,1.0,2025-10-18,66.0,"$655,000",7.0,0.0,2.0,3.0,11722.277647727009
property-townhouse-vic-reservoir-149022088,Reservoir,3073,1/8 Chaleyer Street,-37.72806194,145.0275381,2.0,1.0,townhouse,1.0,2025-10-18,250.0,"$631,000",9.0,1.0,2.0,0.0,11251.723721444605
property-unit-vic-reservoir-149119640,Reservoir,3073,3/39 Boldrewood Parade,-37.72190777,145.021144,2.0,1.0,unit,1.0,2025-10-18,219.0,"$547,500",12.0,1.0,2.0,3.0,11630.2937363985
property-townhouse-vic-reservoir-149186596,Reservoir,3073,1/111 Hickford Street,-37.70480546,145.0181008,3.0,2.0,townhouse,2.0,2025-10-17,250.0,"$765,000",8.0,1.0,3.0,3.0,13308.523905107606
property-house-vic-reservoir-149023468,Reservoir,3073,44 Lane Crescent,-37.71372,145.018854,2.0,1.0,house,4.0,2025-10-15,636.0,"$817,500",9.0,1.0,2.0,2.0,12398.822178203873
property-house-vic-reservoir-147833588,Reservoir,3073,1 Lake Street,-37.717435,144.992322,5.0,2.0,house,10.0,2025-10-14,924.0,"$1,580,000",7.0,0.0,2.0,3.0,11368.066607736491
property-house-vic-reservoir-149066600,Reservoir,3073,169 Spring Street,-37.723809,145.001487,3.0,1.0,house,1.0,2025-10-14,585.0,"$875,000",10.0,0.0,2.0,4.0,10856.913710479857
property-unit-vic-reservoir-149151804,Reservoir,3073,3/43 St Vigeons Road,-37.70695864,145.0265583,1.0,1.0,unit,1.0,2025-10-13,138.0,"$470,000",8.0,1.0,1.0,2.0,13347.210161887753
property-house-vic-reservoir-149059320,Reservoir,3073,57 Howard Street,-37.719416,145.011396,3.0,1.0,house,4.0,2025-10-11,720.0,"$1,435,000",10.0,1.0,2.0,3.0,11580.435595767365
property-house-vic-reservoir-149043952,Reservoir,3073,61 Glasgow Avenue,-37.703579,144.999468,3.0,1.0,house,4.0,2025-10-11,855.0,"$1,122,000",7.0,1.0,2.0,3.0,13001.80762491989
property-house-vic-reservoir-149090896,Reservoir,3073,51 Fordham Road,-37.713898,145.021357,3.0,2.0,house,3.0,2025-10-11,652.0,"$1,010,000",9.0,1.0,2.0,2.0,12460.23979347097
property-house-vic-reservoir-149021996,Reservoir,3073,27 Tivey Street,-37.705696,145.000488,3.0,1.0,house,4.0,2025-10-11,536.0,"$930,000",7.0,1.0,2.0,3.0,12790.856116889263
property-house-vic-reservoir-148966632,Reservoir,3073,36 Daventry Street,-37.713277,145.00168,4.0,1.0,house,2.0,2025-10-11,613.0,"$860,000",9.0,1.0,2.0,3.0,11994.35506295551
property-house-vic-reservoir-149037096,Reservoir,3073,80 Tunaley Parade,-37.697302,145.029692,3.0,1.0,house,3.0,2025-10-11,590.0,"$830,000",5.0,0.0,0.0,1.0,14445.971012367418
property-house-vic-reservoir-149060932,Reservoir,3073,10 Gisborne Crescent,-37.7203087,145.0241909,2.0,1.0,house,1.0,2025-10-11,164.0,"$750,000",12.0,1.0,2.0,2.0,11900.889277617416
property-unit-vic-reservoir-149057440,Reservoir,3073,4/12 View Street,-37.7192823,144.9915543,2.0,1.0,unit,1.0,2025-10-11,159.0,"$730,000",7.0,0.0,1.0,2.0,11153.837545967865
property-house-vic-reservoir-149132996,Reservoir,3073,13 Pickett Street,-37.702541,145.01643,3.0,1.0,house,4.0,2025-10-10,655.0,"$810,000",6.0,1.0,2.0,3.0,13500.561243703427
property-townhouse-vic-reservoir-149036140,Reservoir,3073,1/123 Boldrewood Parade,-37.71467114,145.0219856,3.0,1.0,townhouse,2.0,2025-10-08,249.0,"$690,000",9.0,1.0,2.0,2.0,12401.167495442274
property-unit-vic-reservoir-148916788,Reservoir,3073,3/18 Barry Street,-37.70958921,145.006718,2.0,1.0,unit,1.0,2025-10-07,88.0,"$516,000",8.0,1.0,3.0,3.0,12503.499990199756
property-house-vic-reservoir-148978624,Reservoir,3073,34 Hobbs Crescent,-37.706745,145.003908,3.0,1.0,house,2.0,2025-10-04,970.0,"$1,150,000",7.0,1.0,2.0,3.0,12746.514335833492
property-house-vic-reservoir-148994344,Reservoir,3073,21 Borrie Street,-37.705245,145.020214,3.0,1.0,house,3.0,2025-10-04,588.0,"$1,095,000",9.0,1.0,1.0,3.0,13324.20720019209
property-house-vic-reservoir-149000796,Reservoir,3073,4 Ethel Grove,-37.728151,145.016348,2.0,1.0,house,1.0,2025-10-04,617.0,"$970,000",7.0,1.0,2.0,3.0,10826.44084838277
property-house-vic-reservoir-148994364,Reservoir,3073,7 Tunaley Parade,-37.697048,145.024209,3.0,1.0,house,4.0,2025-10-04,591.0,"$890,000",7.0,1.0,1.0,2.0,14300.868595624388
property-house-vic-reservoir-148994368,Reservoir,3073,32 Banbury Road,-37.71136624,144.9897726,4.0,1.0,house,2.0,2025-10-04,363.0,"$827,000",5.0,1.0,2.0,2.0,11995.7369369248
property-house-vic-reservoir-149119612,Reservoir,3073,2 Pratt Street,-37.710753,145.01072,2.0,1.0,house,2.0,2025-10-04,405.0,"$823,000",8.0,1.0,3.0,3.0,12478.195507120905
property-townhouse-vic-reservoir-149023428,Reservoir,3073,2/45 Edwardes Street,-37.7162551,145.0039046,2.0,1.0,townhouse,2.0,2025-10-03,822.0,"$500,000",10.0,0.0,3.0,3.0,11723.20932768508
property-house-vic-reservoir-148824300,Reservoir,3073,170 Hughes Parade,-37.693562,144.991288,4.0,1.0,house,2.0,2025-10-02,1137.0,"$1,100,000",5.0,3.0,2.0,1.0,13973.508381892172
property-house-vic-reservoir-149075120,Reservoir,3073,101 Barry Street,-37.708891,144.997045,4.0,2.0,house,2.0,2025-10-02,564.0,"$1,032,000",6.0,1.0,2.0,2.0,12380.078708781131
property-apartment-vic-reservoir-148930424,Reservoir,3073,10/26 Ashley Street,-37.71737041,145.0023874,2.0,1.0,apartment,1.0,2025-10-02,1521.0,"$400,000",8.0,0.0,3.0,3.0,11568.840217757894
property-house-vic-reservoir-148876532,Reservoir,3073,120 Rathcown Road,-37.708972,145.019979,4.0,2.0,house,2.0,2025-10-01,860.0,"$1,180,000",8.0,1.0,2.0,3.0,12927.892616353382
property-unit-vic-reservoir-148934340,Reservoir,3073,2/88 Purinuan Road,-37.70829691,145.0230035,2.0,1.0,unit,1.0,2025-09-30,108.0,"$563,000",8.0,1.0,1.0,3.0,13092.730340043516
property-house-vic-reservoir-148817680,Reservoir,3073,5 Frankston Street,-37.725022,145.000729,2.0,1.0,house,1.0,2025-09-26,466.0,"$960,000",10.0,0.0,1.0,3.0,10709.238848157176
property-unit-vic-reservoir-148780448,Reservoir,3073,3/166 Leamington Street,-37.7111552,144.9914743,1.0,1.0,unit,1.0,2025-09-25,624.0,"$334,000",6.0,2.0,2.0,2.0,12042.799213934872
property-house-vic-reservoir-148784536,Reservoir,3073,2/47 Burbank Drive,-37.69972908,145.0253849,3.0,2.0,house,2.0,2025-09-24,260.0,"$740,000",5.0,0.0,0.0,2.0,14057.184386246483
property-townhouse-vic-reservoir-148626600,Reservoir,3073,1/61 North Road,-37.72325406,145.0203624,3.0,2.0,townhouse,2.0,2025-09-23,240.0,"$835,000",11.0,1.0,2.0,3.0,11465.611154770379
property-unit-vic-reservoir-148675472,Reservoir,3073,3/206 Spring Street,-37.72107458,145.003588,2.0,1.0,unit,1.0,2025-09-22,134.0,"$523,000",11.0,0.0,2.0,4.0,11199.453856391538
property-house-vic-reservoir-148878728,Reservoir,3073,14 Cool Street,-37.726005,144.985964,4.0,2.0,house,4.0,2025-09-20,715.0,"$1,512,000",6.0,1.0,2.0,2.0,10336.145794857675
property-house-vic-reservoir-148886600,Reservoir,3073,28 Fordham Road,-37.714192,145.021201,3.0,1.0,house,4.0,2025-09-20,692.0,"$1,166,000",9.0,1.0,2.0,2.0,12424.79085091658
property-house-vic-reservoir-148859588,Reservoir,3073,42 Botha Avenue,-37.703391,145.001151,3.0,1.0,house,4.0,2025-09-20,892.0,"$1,037,500",7.0,1.0,2.0,3.0,13053.71108820859
property-house-vic-reservoir-148871492,Reservoir,3073,67 Kirby Street,-37.730417,145.028905,3.0,2.0,house,3.0,2025-09-20,558.0,"$825,000",8.0,1.0,2.0,0.0,11076.496624719655
property-house-vic-reservoir-148843764,Reservoir,3073,29 Burbank Drive,-37.69872,145.024528,3.0,1.0,house,6.0,2025-09-20,585.0,"$819,000",5.0,1.0,0.0,2.0,14135.89775389926
property-townhouse-vic-reservoir-148903628,Reservoir,3073,5/15 Chenies Street,-37.71084443,145.0289197,3.0,2.0,townhouse,2.0,2025-09-20,148.0,"$722,000",7.0,1.0,1.0,1.0,13031.446715192837
property-unit-vic-reservoir-148882132,Reservoir,3073,11/20 Sharpe Street,-37.72437835,145.002802,2.0,1.0,unit,2.0,2025-09-20,224.0,"$620,000",11.0,0.0,2.0,4.0,10827.226459676176
property-unit-vic-reservoir-148866144,Reservoir,3073,5/115 Rathcown Road,-37.7092018,145.0194504,1.0,1.0,unit,1.0,2025-09-20,193.0,"$479,000",8.0,1.0,2.0,3.0,12887.806090369422
property-house-vic-reservoir-148914296,Reservoir,3073,8 Locksley Avenue,-37.723205,144.998849,4.0,1.0,house,4.0,2025-09-18,515.0,"$1,380,000",9.0,0.0,1.0,4.0,10862.965190811914
property-house-vic-reservoir-148230544,Reservoir,3073,40 Purinuan Road,-37.709017,145.028938,3.0,1.0,house,1.0,2025-09-18,359.0,"$675,000",7.0,1.0,1.0,1.0,13218.10258411027
property-house-vic-reservoir-148866768,Reservoir,3073,690 Gilbert Road,-37.720533,144.993271,3.0,1.0,house,2.0,2025-09-17,601.0,"$1,150,000",9.0,0.0,2.0,2.0,11045.464342453246
property-house-vic-reservoir-148813280,Reservoir,3073,16 Cameron Street,-37.727081,144.999425,3.0,2.0,house,2.0,2025-09-13,612.0,"$1,490,000",9.0,0.0,2.0,3.0,10458.357997650368
property-house-vic-reservoir-148825092,Reservoir,3073,50 Rubicon Street,-37.724443,145.01605,3.0,1.0,house,3.0,2025-09-13,784.0,"$1,465,000",8.0,1.0,2.0,3.0,11198.191619167073
property-house-vic-reservoir-148823100,Reservoir,3073,2 Arlington Street,-37.72981584,145.0079232,3.0,1.0,house,3.0,2025-09-13,725.0,"$1,410,000",11.0,0.0,2.0,4.0,10387.725608268398
property-house-vic-reservoir-148780236,Reservoir,3073,12 O'Connor Street,-37.710616,145.006334,2.0,2.0,house,5.0,2025-09-13,595.0,"$965,000",9.0,1.0,3.0,4.0,12384.45307996905
property-house-vic-reservoir-148781840,Reservoir,3073,26 Hughes Parade,-37.697719,145.007871,3.0,1.0,house,5.0,2025-09-13,750.0,"$965,000",7.0,1.0,3.0,2.0,13805.037115005858
property-townhouse-vic-reservoir-148768836,Reservoir,3073,5/19-21 Haig Street,-37.72761123,144.9931076,3.0,2.0,townhouse,2.0,2025-09-13,213.0,"$951,000",7.0,0.0,2.0,3.0,10271.618464173325
property-house-vic-reservoir-148794016,Reservoir,3073,27 Burbank Drive,-37.698602,145.024463,3.0,1.0,house,5.0,2025-09-13,593.0,"$880,000",5.0,1.0,0.0,2.0,14146.228670602417
property-townhouse-vic-reservoir-148810272,Reservoir,3073,2/106 Crookston Road,-37.70907848,145.0123415,3.0,2.0,townhouse,2.0,2025-09-13,216.0,"$850,000",8.0,1.0,3.0,3.0,12698.466198637378
property-unit-vic-reservoir-148731116,Reservoir,3073,1/19-21 George Street,-37.71769634,144.9999871,2.0,1.0,unit,1.0,2025-09-13,938.0,"$674,000",10.0,0.0,2.0,3.0,11481.574661678207
property-house-vic-reservoir-148807504,Reservoir,3073,60 O'connor Street,-37.710074,145.000926,3.0,1.0,house,4.0,2025-09-11,461.0,"$850,000",8.0,1.0,2.0,3.0,12324.953157265236
property-unit-vic-reservoir-147666984,Reservoir,3073,3/209 Purinuan Road,-37.70705969,145.0106745,2.0,1.0,unit,1.0,2025-09-11,148.0,"$570,000",8.0,1.0,3.0,3.0,12869.992311295699
property-unit-vic-reservoir-148782136,Reservoir,3073,3/840 High Street,-37.7213595,145.0071239,1.0,1.0,unit,1.0,2025-09-09,103.0,"$456,000",9.0,1.0,2.0,3.0,11258.085536051227
property-house-vic-reservoir-148484520,Reservoir,3073,13 Dorrington Avenue,-37.727049,145.024751,3.0,1.0,house,2.0,2025-09-07,583.0,"$800,000",9.0,1.0,2.0,2.0,11242.594687142679
property-house-vic-reservoir-148728576,Reservoir,3073,33 Fordham Road,-37.714321,145.019201,2.0,1.0,house,5.0,2025-09-06,692.0,"$869,000",10.0,1.0,2.0,2.0,12347.279258396753
property-house-vic-reservoir-148885296,Reservoir,3073,14 Marshall Drive,-37.700476,145.02709,3.0,1.0,house,3.0,2025-09-06,557.0,"$851,000",6.0,0.0,0.0,2.0,14033.58630170262
property-house-vic-reservoir-148774944,Reservoir,3073,79 Darebin Boulevard,-37.703792,145.028147,3.0,1.0,house,2.0,2025-09-06,459.0,"$844,000",7.0,0.0,1.0,2.0,13726.020942020705
property-house-vic-reservoir-148750512,Reservoir,3073,14 Anstey Avenue,-37.692138,144.975982,3.0,1.0,house,4.0,2025-09-06,531.0,"$720,000",4.0,1.0,1.0,1.0,14005.351665337383
property-townhouse-vic-reservoir-148709928,Reservoir,3073,2/6 Miranda Road,-37.70769547,145.0265131,2.0,1.0,townhouse,2.0,2025-09-06,77.0,"$510,000",7.0,1.0,1.0,3.0,13269.94927868772
property-house-vic-reservoir-148838740,Reservoir,3073,20 Odonnell Street,-37.706505,144.995589,3.0,1.0,house,2.0,2025-09-05,817.0,"$1,072,000",5.0,1.0,2.0,3.0,12615.576134635874
property-house-vic-reservoir-148743200,Reservoir,3073,5 Kilmore Ave,-37.718774,145.025198,4.0,1.0,house,3.0,2025-09-03,592.0,"$808,000",12.0,1.0,2.0,2.0,12092.84865742967
property-house-vic-reservoir-148535776,Reservoir,3073,47 Summerhill Road,-37.727009,145.030981,3.0,1.0,house,2.0,2025-09-03,580.0,"$786,000",9.0,1.0,2.0,0.0,11496.670006739458
property-house-vic-reservoir-148704064,Reservoir,3073,4 Merrilands Road,-37.695651,145.009775,3.0,1.0,house,5.0,2025-09-01,768.0,"$900,000",7.0,2.0,4.0,3.0,14069.82081997019
property-house-vic-reservoir-148153024,Reservoir,3073,20 Rodman Street,-37.701244,145.00688,3.0,2.0,house,6.0,2025-08-30,950.0,"$1,355,000",7.0,1.0,2.0,3.0,13403.71324787119
property-house-vic-reservoir-148673608,Reservoir,3073,6 Henty Street,-37.719091,145.001228,3.0,1.0,house,3.0,2025-08-30,675.0,"$1,181,000",10.0,0.0,2.0,3.0,11357.939206709403
property-townhouse-vic-reservoir-148689832,Reservoir,3073,6C Corben Street,-37.72730451,144.9875011,3.0,1.0,townhouse,2.0,2025-08-30,169.0,"$903,000",6.0,1.0,2.0,2.0,10214.1107995386
property-house-vic-reservoir-148647612,Reservoir,3073,133 Boldrewood Parade,-37.71374,145.022178,3.0,1.0,house,4.0,2025-08-30,504.0,"$662,500",9.0,1.0,2.0,2.0,12503.47132065023
property-townhouse-vic-reservoir-148689212,Reservoir,3073,3/84-86 Howard Street,-37.71868918,145.0081663,3.0,2.0,townhouse,1.0,2025-08-29,171.0,"$825,000",10.0,1.0,2.0,3.0,11568.841971006002
property-house-vic-reservoir-146483424,Reservoir,3073,1/23 Invermay Street,-37.70330643,145.028378,3.0,1.0,house,2.0,2025-08-25,389.0,"$810,000",7.0,0.0,1.0,2.0,13783.6864340925
property-house-vic-reservoir-148677928,Reservoir,3073,5 Strathmerton Street,-37.717477,145.020376,3.0,2.0,house,1.0,2025-08-25,658.0,"$800,000",12.0,1.0,2.0,3.0,12058.82439199352
property-townhouse-vic-reservoir-147080948,Reservoir,3073,2/7 Loddon Avenue,-37.72355007,145.0263269,2.0,2.0,townhouse,1.0,2025-08-25,104.0,"$660,000",9.0,1.0,2.0,1.0,11653.18391623355
property-house-vic-reservoir-148642172,Reservoir,3073,10a Clough Parade,-37.69849815,145.0368859,4.0,2.0,house,1.0,2025-08-24,677.0,"$1,030,000",6.0,0.0,1.0,0.0,14570.768597741706
property-house-vic-reservoir-148632488,Reservoir,3073,10 Alcock Street,-37.69396,144.989259,4.0,2.0,house,4.0,2025-08-23,803.0,"$1,210,000",7.0,2.0,2.0,1.0,13905.481051126002
property-unit-vic-reservoir-148541448,Reservoir,3073,4/8 Hobbs Crescent,-37.70513716,145.0072208,2.0,1.0,unit,1.0,2025-08-23,192.0,"$720,100",7.0,1.0,2.0,3.0,12992.734603803568
property-townhouse-vic-reservoir-148630768,Reservoir,3073,3/149 Hickford Street,-37.70243692,145.0133627,2.0,2.0,townhouse,1.0,2025-08-23,837.0,"$663,000",7.0,1.0,2.0,3.0,13430.416692746807
property-house-vic-reservoir-148151868,Reservoir,3073,68 Darebin Boulevard,-37.704132,145.027991,3.0,1.0,house,5.0,2025-08-22,459.0,"$735,000",7.0,0.0,1.0,2.0,13685.835434211685
property-house-vic-reservoir-148718484,Reservoir,3073,7 Mccasker Avenue,-37.704302,145.004371,4.0,2.0,house,2.0,2025-08-21,873.0,"$1,655,000",7.0,1.0,2.0,3.0,13019.970525121253
property-house-vic-reservoir-148017044,Reservoir,3073,1/69 Boldrewood Parade,-37.71979811,145.0206305,3.0,2.0,house,2.0,2025-08-21,295.0,"$720,000",12.0,1.0,2.0,3.0,11828.650709471802
property-house-vic-reservoir-147902628,Reservoir,3073,65 Massey Avenue,-37.701479,144.98943,5.0,3.0,house,10.0,2025-08-18,892.0,"$1,035,000",4.0,2.0,1.0,1.0,13078.957468468458
property-house-vic-reservoir-148580084,Reservoir,3073,16 Goulburn Avenue,-37.724188,145.02182,8.0,2.0,house,2.0,2025-08-16,697.0,"$1,198,000",10.0,1.0,2.0,2.0,11421.979780374977
property-unit-vic-reservoir-148578712,Reservoir,3073,2/135 North Road,-37.7226503,145.0133171,3.0,1.0,unit,4.0,2025-08-16,249.0,"$978,000",8.0,1.0,2.0,3.0,11298.098926005841
property-house-vic-reservoir-148576752,Reservoir,3073,7 Gourock Street,-37.702793,145.031486,3.0,1.0,house,4.0,2025-08-16,609.0,"$850,000",6.0,0.0,2.0,1.0,13942.263990175612
property-house-vic-reservoir-144716220,Reservoir,3073,133 Hickford Street,-37.703263,145.014913,3.0,1.0,house,1.0,2025-08-14,891.0,"$1,090,000",8.0,1.0,3.0,3.0,13383.245115453132
property-house-vic-reservoir-148550640,Reservoir,3073,8 Muriel Court,-37.700092,145.028937,3.0,2.0,house,4.0,2025-08-14,534.0,"$800,000",6.0,0.0,0.0,2.0,14133.298533075264
property-townhouse-vic-reservoir-148568732,Reservoir,3073,1/19 Arundel Avenue,-37.69690208,145.0192034,3.0,1.0,townhouse,1.0,2025-08-11,273.0,"$750,000",7.0,1.0,2.0,3.0,14172.383472621834
property-townhouse-vic-reservoir-148529000,Reservoir,3073,4/103-105 St Vigeons Road,-37.70635747,145.0194506,3.0,2.0,townhouse,2.0,2025-08-09,193.0,"$782,000",9.0,2.0,3.0,3.0,13185.079330563887
property-house-vic-reservoir-147499608,Reservoir,3073,45 Hughes Parade,-37.700255,145.002234,4.0,1.0,house,1.0,2025-08-08,836.0,"$900,000",6.0,1.0,1.0,3.0,13414.810362467908
property-townhouse-vic-reservoir-148578732,Reservoir,3073,2/77 Rathcown Road,-37.70999243,145.0258201,2.0,1.0,townhouse,1.0,2025-08-06,118.0,"$655,000",7.0,1.0,1.0,2.0,13010.693856203563
property-townhouse-vic-reservoir-148240484,Reservoir,3073,2/127 St Vigeons Road,-37.70588029,145.0177231,2.0,1.0,townhouse,1.0,2025-08-04,746.0,"$730,000",8.0,1.0,3.0,3.0,13184.703642988934
property-house-vic-reservoir-148470212,Reservoir,3073,44 Goulburn Avenue,-37.721978,145.020642,3.0,2.0,house,3.0,2025-08-02,700.0,"$1,010,000",12.0,1.0,2.0,3.0,11605.71946282704
property-house-vic-reservoir-148442384,Reservoir,3073,16 Ryan Street,-37.701667,144.998362,3.0,1.0,house,4.0,2025-08-02,766.0,"$920,000",5.0,1.0,2.0,3.0,13190.353301643687
property-unit-vic-reservoir-148482608,Reservoir,3073,5/188 Broadway,-37.7171776,145.0130961,2.0,2.0,unit,1.0,2025-08-02,110.0,"$470,000",9.0,1.0,2.0,3.0,11864.466788303711
property-house-vic-reservoir-147967148,Reservoir,3073,28 Alcock Street,-37.694002,144.986445,5.0,5.0,house,4.0,2025-08-01,525.0,"$1,395,000",5.0,2.0,2.0,0.0,13870.977941138142
property-unit-vic-reservoir-148237576,Reservoir,3073,5C Colthur Street,-37.70979955,144.9925757,2.0,1.0,unit,2.0,2025-08-01,123.0,"$515,000",6.0,1.0,2.0,2.0,12207.702968965135
property-house-vic-reservoir-148537532,Reservoir,3073,1 Nisbett Street,-37.72844436,145.0361034,2.0,1.0,house,1.0,2025-07-31,145.0,"$600,000",6.0,1.0,2.0,0.0,11579.960466170365
property-townhouse-vic-reservoir-147954284,Reservoir,3073,4/93 Arundel Avenue,-37.69617027,145.0128679,2.0,2.0,townhouse,1.0,2025-07-28,65.0,"$590,000",7.0,1.0,3.0,3.0,14086.388270347403
property-house-vic-reservoir-148420300,Reservoir,3073,20 Lindenow Street,-37.696579,145.005508,4.0,1.0,house,1.0,2025-07-26,832.0,"$1,075,000",7.0,1.0,4.0,3.0,13878.053799341069
property-house-vic-reservoir-148412856,Reservoir,3073,12 Manoel Avenue,-37.701234,145.033115,5.0,2.0,house,4.0,2025-07-26,581.0,"$1,020,000",6.0,0.0,1.0,0.0,14158.274668743565
property-townhouse-vic-reservoir-148416016,Reservoir,3073,3/196 Edwardes Street,-37.71509525,144.9960606,3.0,1.0,townhouse,2.0,2025-07-26,266.0,"$784,000",6.0,0.0,2.0,3.0,11686.970131485741
property-house-vic-reservoir-148408316,Reservoir,3073,2 Davidson Street,-37.695985,144.990122,4.0,2.0,house,6.0,2025-07-25,890.0,"$1,025,000",4.0,2.0,2.0,1.0,13692.424272389952
property-house-vic-reservoir-148545072,Reservoir,3073,127 Mahoneys Road,-37.693169,144.992013,3.0,1.0,house,2.0,2025-07-25,864.0,"$854,000",5.0,2.0,2.0,1.0,14025.909755912746
property-unit-vic-reservoir-148421860,Reservoir,3073,3/46 Barton Street,-37.71120612,145.0015856,3.0,1.0,unit,2.0,2025-07-25,233.0,"$845,000",8.0,1.0,2.0,3.0,12216.006818694206
property-house-vic-reservoir-147707844,Reservoir,3073,5 Godley Street,-37.706258,144.988506,5.0,2.0,house,2.0,2025-07-24,854.0,"$1,026,000",6.0,2.0,2.0,1.0,12541.420240767779
property-unit-vic-reservoir-148412868,Reservoir,3073,2/1-3 McFadzean Avenue,-37.71137045,144.9971328,2.0,1.0,unit,1.0,2025-07-24,144.0,"$657,000",6.0,1.0,2.0,3.0,12111.689857906831
property-townhouse-vic-reservoir-148427540,Reservoir,3073,19B Liston Avenue,-37.69768542,145.0184973,3.0,2.0,townhouse,2.0,2025-07-23,262.0,"$975,000",6.0,1.0,2.0,3.0,14070.263274235964
property-house-vic-reservoir-148343532,Reservoir,3073,16 Broadhurst Avenue,-37.708493,145.00655,3.0,1.0,house,3.0,2025-07-23,743.0,"$880,000",8.0,1.0,3.0,3.0,12617.131389097296
property-house-vic-reservoir-148428612,Reservoir,3073,10 Greenock Street,-37.703131,145.02204,3.0,1.0,house,2.0,2025-07-23,235.0,"$820,000",8.0,1.0,1.0,2.0,13600.005013639011
property-house-vic-reservoir-148456652,Reservoir,3073,20 York Street,-37.727652,144.989539,3.0,1.0,house,1.0,2025-07-21,666.0,"$1,451,000",8.0,1.0,2.0,3.0,10206.472623604279
property-townhouse-vic-reservoir-148257520,Reservoir,3073,3/89 Thackeray Road,-37.72100738,145.007957,2.0,1.0,townhouse,1.0,2025-07-21,193.0,"$650,000",8.0,1.0,2.0,3.0,11317.51783646751
property-house-vic-reservoir-148287320,Reservoir,3073,31 Willoughby Street,-37.716221,144.996223,3.0,2.0,house,4.0,2025-07-19,668.0,"$1,402,000",6.0,0.0,2.0,3.0,11567.449149454673
property-house-vic-reservoir-148332056,Reservoir,3073,7 Mason Street,-37.72904901,145.0104966,2.0,1.0,house,2.0,2025-07-19,775.0,"$1,280,000",11.0,1.0,2.0,3.0,10544.725009982787
property-house-vic-reservoir-148364792,Reservoir,3073,52 Lindenow Street,-37.6981627,145.0026978,3.0,1.0,house,3.0,2025-07-19,902.0,"$930,000",6.0,1.0,3.0,2.0,13650.756149032379
property-house-vic-reservoir-148078612,Reservoir,3073,149 Spring Street,-37.725966,145.001134,3.0,1.0,house,1.0,2025-07-19,500.0,"$925,000",10.0,0.0,1.0,3.0,10617.453824173503
property-house-vic-reservoir-148354200,Reservoir,3073,89 Burbank Drive,-37.698493,145.028696,3.0,1.0,house,3.0,2025-07-19,584.0,"$810,000",5.0,0.0,0.0,2.0,14290.536163090115
property-townhouse-vic-reservoir-147608624,Reservoir,3073,3/54 Cheddar Road,-37.708851,145.013711,2.0,1.0,townhouse,1.0,2025-07-19,100.0,"$637,500",7.0,1.0,3.0,3.0,12759.337997828821
property-townhouse-vic-reservoir-148295928,Reservoir,3073,3/59 Whitelaw Street,-37.71274048,145.0180628,2.0,1.0,townhouse,1.0,2025-07-19,140.0,"$562,000",9.0,1.0,2.0,2.0,12476.396444578671
property-unit-vic-reservoir-148091940,Reservoir,3073,2/2 Aberdeen Street,-37.70408679,145.0181417,2.0,1.0,unit,1.0,2025-07-18,204.0,"$601,000",8.0,1.0,2.0,3.0,13385.273996679909
property-house-vic-reservoir-148210236,Reservoir,3073,1/129 Boldrewood Parade,-37.71404119,145.0221211,2.0,1.0,house,1.0,2025-07-18,345.0,"$520,000",9.0,1.0,2.0,2.0,12470.551285251187
property-house-vic-reservoir-148240452,Reservoir,3073,10-12 Nisbett Street,-37.728064,145.035333,4.0,2.0,house,6.0,2025-07-17,1182.0,"$1,550,000",6.0,1.0,2.0,0.0,11581.997531676741
property-house-vic-reservoir-146595340,Reservoir,3073,13 Borrie Street,-37.70661,145.019962,3.0,1.0,house,5.0,2025-07-17,633.0,"$775,000",9.0,2.0,2.0,3.0,13173.93653933265
property-house-vic-reservoir-147559280,Reservoir,3073,88 Massey Avenue,-37.699196,144.990274,3.0,1.0,house,2.0,2025-07-16,930.0,"$1,025,000",5.0,2.0,1.0,2.0,13340.715490483402
property-house-vic-reservoir-148364952,Reservoir,3073,1/198 Spring Street,-37.72150037,145.0031348,3.0,1.0,house,3.0,2025-07-15,333.0,"$790,000",11.0,0.0,2.0,4.0,11143.053215477566
property-townhouse-vic-reservoir-147949288,Reservoir,3073,6/923 High Street,-37.71265724,145.0080625,2.0,1.0,townhouse,1.0,2025-07-15,740.0,"$651,000",9.0,1.0,3.0,3.0,12207.931642227439
property-townhouse-vic-reservoir-148294412,Reservoir,3073,3/11-13 Olive Street,-37.71845658,145.0035509,3.0,2.0,townhouse,2.0,2025-07-12,350.0,"$855,000",8.0,0.0,2.0,3.0,11478.909668560626
property-unit-vic-reservoir-148331660,Reservoir,3073,2/5 Delaware Street,-37.7209399,145.0157057,3.0,2.0,unit,2.0,2025-07-12,219.0,"$805,500",12.0,1.0,2.0,3.0,11550.011371364984
property-townhouse-vic-reservoir-148281604,Reservoir,3073,3/107 St Vigeons Road,-37.70608398,145.0193748,2.0,1.0,townhouse,1.0,2025-07-12,745.0,"$633,500",9.0,1.0,3.0,3.0,13211.464190244611
property-unit-vic-reservoir-148126136,Reservoir,3073,1/146 St Vigeons Road,-37.70558821,145.0176673,2.0,1.0,unit,1.0,2025-07-12,222.0,"$605,000",8.0,1.0,3.0,3.0,13213.814456580436
property-house-vic-reservoir-147476180,Reservoir,3073,24 Legh Street,-37.702837,144.985548,4.0,2.0,house,4.0,2025-07-11,772.0,"$1,010,000",5.0,2.0,2.0,0.0,12885.947294024916
property-house-vic-reservoir-147480428,Reservoir,3073,3 Armstrong Street,-37.724038,144.99852,4.0,2.0,house,4.0,2025-07-09,504.0,"$1,520,000",9.0,0.0,2.0,3.0,10766.085222584235
property-house-vic-reservoir-147910804,Reservoir,3073,50 Nisbett Street,-37.727503,145.030888,3.0,1.0,house,1.0,2025-07-08,581.0,"$750,000",8.0,1.0,2.0,0.0,11444.467992474485
property-unit-vic-reservoir-148118564,Reservoir,3073,5/26 Harbury Street,-37.713432,145.000167,2.0,1.0,unit,1.0,2025-07-08,865.0,"$725,000",7.0,1.0,2.0,3.0,11946.213536375953
property-townhouse-vic-reservoir-147952652,Reservoir,3073,2B Whitelaw Street,-37.71696492,145.013028,2.0,1.0,townhouse,2.0,2025-07-07,92.0,"$610,000",9.0,1.0,2.0,3.0,11884.848787685454
property-house-vic-reservoir-148229132,Reservoir,3073,166 Purinuan Road,-37.707161,145.013607,3.0,2.0,house,5.0,2025-07-05,743.0,"$1,193,500",8.0,1.0,3.0,3.0,12935.383825607092
property-house-vic-reservoir-148217636,Reservoir,3073,13A Ramleh Road,-37.7085974,145.03158,3.0,2.0,house,4.0,2025-07-05,438.0,"$800,000",7.0,1.0,1.0,1.0,13355.196000572088
property-townhouse-vic-reservoir-148188376,Reservoir,3073,1/1 Box Street,-37.7087397,145.0208704,2.0,2.0,townhouse,1.0,2025-07-05,204.0,"$755,000",8.0,1.0,2.0,3.0,12979.549273370141
property-house-vic-reservoir-148220120,Reservoir,3073,8 Banbury Road,-37.71378,144.989369,2.0,1.0,house,2.0,2025-07-05,446.0,"$755,000",6.0,1.0,2.0,2.0,11725.073312128985
property-house-vic-reservoir-148300708,Reservoir,3073,8 Royal Parade,-37.716,145.009219,3.0,1.0,house,2.0,2025-07-04,569.0,"$1,270,000",10.0,1.0,2.0,3.0,11881.871636398535
property-townhouse-vic-reservoir-148049504,Reservoir,3073,1/44 Rathcown Road,-37.71024321,145.0303321,3.0,2.0,townhouse,2.0,2025-07-03,230.0,"$780,000",6.0,1.0,1.0,1.0,13143.210455840139
property-house-vic-reservoir-148160048,Reservoir,3073,34 Massey Avenue,-37.703787,144.990002,3.0,1.0,house,4.0,2025-07-02,836.0,"$865,000",4.0,2.0,1.0,1.0,12832.063223597092
property-house-vic-reservoir-148285024,Reservoir,3073,8 Crookston Road,-37.710441,145.02374,3.0,1.0,house,4.0,2025-07-01,706.0,"$925,000",8.0,1.0,2.0,2.0,12895.06229234474
property-house-vic-reservoir-147962800,Reservoir,3073,4 Rose Court,-37.722397,145.000073,4.0,2.0,house,3.0,2025-06-30,510.0,"$1,299,500",10.0,0.0,1.0,4.0,10976.600311216751
property-house-vic-reservoir-148212204,Reservoir,3073,34 Ludeman Court,-37.698308,144.997976,3.0,1.0,house,4.0,2025-06-28,661.0,"$878,500",4.0,1.0,2.0,2.0,13550.26862927962
property-house-vic-reservoir-148188324,Reservoir,3073,5 Ludeman Court,-37.69895882,145.0007543,3.0,1.0,house,1.0,2025-06-28,382.0,"$835,000",5.0,1.0,2.0,2.0,13527.848658813313
property-house-vic-reservoir-148183848,Reservoir,3073,41 Andrews Avenue,-37.729984,145.032116,3.0,1.0,house,2.0,2025-06-28,555.0,"$710,500",8.0,1.0,2.0,0.0,11255.715472090029
property-unit-vic-reservoir-148183808,Reservoir,3073,2/16 Jinghi Road,-37.70608912,145.0133314,2.0,1.0,unit,2.0,2025-06-28,102.0,"$537,500",8.0,1.0,3.0,3.0,13041.669657357248
property-unit-vic-reservoir-148011904,Reservoir,3073,4/9 Asquith Street,-37.69712584,145.0081027,2.0,1.0,unit,4.0,2025-06-28,166.0,"$490,000",7.0,1.0,4.0,3.0,13873.991621710014
property-townhouse-vic-reservoir-148111972,Reservoir,3073,3/57 Yarra Avenue,-37.71933846,145.0179661,2.0,3.0,townhouse,2.0,2025-06-27,121.0,"$782,500",12.0,1.0,2.0,3.0,11787.94274546801
property-house-vic-reservoir-148144664,Reservoir,3073,2 Bray Street,-37.699591,144.989152,4.0,2.0,house,4.0,2025-06-21,1117.0,"$1,110,000",5.0,2.0,1.0,0.0,13283.579477610072
property-house-vic-reservoir-148126124,Reservoir,3073,778 Plenty Road,-37.726377,145.021762,3.0,1.0,house,2.0,2025-06-21,835.0,"$1,100,000",9.0,1.0,2.0,2.0,11198.063393205604
property-house-vic-reservoir-148121060,Reservoir,3073,46 Botha Avenue,-37.703134,145.001419,3.0,1.0,house,4.0,2025-06-21,907.0,"$970,000",7.0,1.0,2.0,3.0,13086.748626649305
property-house-vic-reservoir-148103784,Reservoir,3073,41 Hughes Parade,-37.700307,145.002618,3.0,1.0,house,4.0,2025-06-21,836.0,"$935,000",6.0,1.0,1.0,3.0,13416.612994957695
property-townhouse-vic-reservoir-148126152,Reservoir,3073,2/15 Lucille Avenue,-37.69997416,145.0216852,3.0,1.0,townhouse,2.0,2025-06-21,140.0,"$720,000",6.0,1.0,0.0,2.0,13919.677345442273
property-unit-vic-reservoir-148136316,Reservoir,3073,1/27 Grimwade Street,-37.70236166,145.004208,2.0,1.0,unit,1.0,2025-06-21,149.0,"$615,000",7.0,1.0,2.0,3.0,13226.134117232072
property-townhouse-vic-reservoir-148085048,Reservoir,3073,3/4 Clingin Street,-37.72871676,145.0360576,2.0,1.0,townhouse,1.0,2025-06-21,150.0,"$588,888",6.0,1.0,2.0,0.0,11551.867771735053
property-townhouse-vic-reservoir-148183728,Reservoir,3073,3/105 Barton Street,-37.71145572,144.9981709,2.0,1.0,townhouse,2.0,2025-06-20,186.0,"$690,000",6.0,1.0,2.0,3.0,12121.532214977451
property-house-vic-reservoir-148051104,Reservoir,3073,15 Shand Road,-37.722505,145.019255,2.0,1.0,house,1.0,2025-06-19,673.0,"$850,000",11.0,1.0,2.0,3.0,11504.282755913087
property-unit-vic-reservoir-147812872,Reservoir,3073,3/1 Station Street,-37.72981006,145.004799,2.0,1.0,unit,1.0,2025-06-19,152.0,"$560,000",10.0,0.0,2.0,4.0,10300.65111401174
property-house-vic-reservoir-147029392,Reservoir,3073,21 Summerhill Road,-37.72728,145.033186,2.0,1.0,house,2.0,2025-06-18,571.0,"$730,000",6.0,1.0,2.0,0.0,11563.795996467024
property-house-vic-reservoir-147366444,Reservoir,3073,9 Zinnia Street,-37.715532,144.982232,5.0,2.0,house,4.0,2025-06-17,499.0,"$780,000",5.0,1.0,1.0,2.0,11450.954123994632
property-house-vic-reservoir-147789576,Reservoir,3073,2 Florence Close,-37.700691,144.983893,3.0,2.0,house,4.0,2025-06-16,575.0,"$990,000",5.0,2.0,2.0,0.0,13107.490346852064
property-house-vic-reservoir-148034148,Reservoir,3073,15 Clough Parade,-37.69844,145.035231,4.0,2.0,house,4.0,2025-06-14,558.0,"$1,150,000",6.0,0.0,1.0,0.0,14517.514022702151
property-house-vic-reservoir-148073372,Reservoir,3073,36 Pallant Avenue,-37.696217,144.994766,4.0,2.0,house,6.0,2025-06-14,840.0,"$1,081,000",4.0,1.0,2.0,2.0,13728.876403271392
property-house-vic-reservoir-148092068,Reservoir,3073,37 Epstein Street,-37.708355,144.993134,3.0,1.0,house,1.0,2025-06-14,516.0,"$927,000",6.0,2.0,2.0,2.0,12374.384411918078
property-house-vic-reservoir-148030000,Reservoir,3073,8 Whitelaw Street,-37.715652,145.013664,2.0,1.0,house,2.0,2025-06-14,710.0,"$853,000",10.0,1.0,2.0,3.0,12041.107560753419
property-house-vic-reservoir-148032196,Reservoir,3073,969 High Street,-37.708513,145.008784,3.0,1.0,house,3.0,2025-06-14,594.0,"$650,000",8.0,1.0,3.0,3.0,12668.088723890074
property-unit-vic-reservoir-148008200,Reservoir,3073,3/46 Crookston Road,-37.70987224,145.0188547,2.0,1.0,unit,2.0,2025-06-14,141.0,"$575,000",8.0,1.0,2.0,3.0,12799.767082075703
property-unit-vic-reservoir-148117592,Reservoir,3073,4/2 Lake Street,-37.71710575,144.9919969,2.0,1.0,unit,2.0,2025-06-11,110.0,"$603,000",7.0,0.0,2.0,3.0,11398.917851996779
property-townhouse-vic-reservoir-147282600,Reservoir,3073,2/6 McComas Street,-37.7289874,145.0261888,2.0,1.0,townhouse,2.0,2025-06-10,942.0,"$541,000",8.0,1.0,2.0,0.0,11106.001204828124
property-house-vic-reservoir-147953536,Reservoir,3073,59 Crookston Rd,-37.710078,145.018248,5.0,1.0,house,3.0,2025-06-07,687.0,"$905,000",8.0,1.0,2.0,3.0,12760.01031154629
property-unit-vic-reservoir-148012192,Reservoir,3073,1/49 Orrong Avenue,-37.71176173,145.0139465,2.0,1.0,unit,1.0,2025-06-07,269.0,"$721,250",7.0,2.0,3.0,3.0,12458.536982891324
property-house-vic-reservoir-147754632,Reservoir,3073,16 Crawley Street,-37.725771,145.004509,3.0,2.0,house,3.0,2025-06-06,532.0,"$1,435,000",11.0,0.0,2.0,3.0,10721.455736219816
property-house-vic-reservoir-147927596,Reservoir,3073,17 Allenby Avenue,-37.704092,145.007439,3.0,1.0,house,4.0,2025-05-31,1109.0,"$990,000",7.0,1.0,2.0,3.0,13109.951762175331
property-house-vic-reservoir-147948336,Reservoir,3073,31A Steane Street,-37.730444,145.022425,3.0,1.0,house,2.0,2025-05-31,491.0,"$983,000",5.0,1.0,1.0,1.0,10813.657845669983
property-house-vic-reservoir-147921252,Reservoir,3073,3 Corvey Road,-37.708338,145.012328,3.0,1.0,house,1.0,2025-05-31,743.0,"$920,000",8.0,1.0,3.0,3.0,12776.645138425436
property-house-vic-reservoir-147948360,Reservoir,3073,1/161 Rathcown Road,-37.70892613,145.0154123,2.0,1.0,house,2.0,2025-05-31,305.0,"$846,000",8.0,2.0,3.0,3.0,12798.506916847777
property-house-vic-reservoir-147955504,Reservoir,3073,1A Lindsay Street,-37.719098,145.013448,3.0,1.0,house,2.0,2025-05-31,288.0,"$811,500",9.0,1.0,2.0,3.0,11673.326896201961
property-townhouse-vic-reservoir-148027520,Reservoir,3073,2/62 Northernhay Street,-37.7242888,145.0087251,2.0,1.0,townhouse,1.0,2025-05-31,138.0,"$715,755",10.0,1.0,2.0,4.0,10991.857335593326
property-townhouse-vic-reservoir-147907008,Reservoir,3073,2/13 McCrae Street,-37.70527884,145.0106977,2.0,1.0,townhouse,1.0,2025-05-31,190.0,"$715,000",8.0,1.0,3.0,3.0,13060.443911873897
property-unit-vic-reservoir-148031860,Reservoir,3073,2/5 Ashton Street,-37.73145731,145.0205611,2.0,1.0,unit,2.0,2025-05-30,154.0,"$605,000",6.0,1.0,2.0,2.0,10641.26842870569
property-house-vic-reservoir-147877692,Reservoir,3073,31 Best Street,-37.712433,144.997063,4.0,2.0,house,2.0,2025-05-29,643.0,"$1,320,000",6.0,1.0,2.0,3.0,11994.815982331364
property-townhouse-vic-reservoir-147582624,Reservoir,3073,1/69 Hickford Street,-37.705521,145.023258,4.0,2.0,townhouse,2.0,2025-05-29,228.0,"$902,000",7.0,1.0,1.0,3.0,13388.704909913089
property-house-vic-reservoir-147884748,Reservoir,3073,8 Colthur Street,-37.709475,144.992219,3.0,1.0,house,1.0,2025-05-28,591.0,"$740,000",6.0,2.0,2.0,2.0,12237.941752218108
property-townhouse-vic-reservoir-147355044,Reservoir,3073,25 Wattlebird Crescent,-37.69278628,144.9836461,3.0,2.0,townhouse,2.0,2025-05-28,362.0,"$730,000",5.0,2.0,3.0,0.0,13980.172642634618
property-unit-vic-reservoir-145622352,Reservoir,3073,1/11 Mahoneys Road,-37.69487344,145.0089432,3.0,2.0,unit,4.0,2025-05-28,201.0,"$535,000",7.0,2.0,4.0,3.0,14134.975117773447
property-house-vic-reservoir-147304964,Reservoir,3073,78 Arundel Avenue,-37.696073,145.014481,3.0,1.0,house,8.0,2025-05-27,631.0,"$800,000",7.0,1.0,3.0,3.0,14136.436225090678
property-house-vic-reservoir-147926184,Reservoir,3073,162 Broadhurst Avenue,-37.706653,144.985286,3.0,1.0,house,4.0,2025-05-25,812.0,"$900,000",6.0,2.0,2.0,0.0,12461.800280606563
property-house-vic-reservoir-147855348,Reservoir,3073,22 Keilor Avenue,-37.71943,145.026678,5.0,1.0,house,10.0,2025-05-24,592.0,"$1,066,000",12.0,1.0,2.0,2.0,12080.572685070247
property-house-vic-reservoir-147846176,Reservoir,3073,1/187 Edwardes Street,-37.71552565,144.9970109,3.0,2.0,house,2.0,2025-05-24,502.0,"$1,000,000",7.0,0.0,2.0,3.0,11657.62814111653
property-house-vic-reservoir-147877736,Reservoir,3073,10 Rosenthal Crescent,-37.702195,145.003441,3.0,1.0,house,4.0,2025-05-24,597.0,"$888,000",7.0,1.0,2.0,3.0,13228.452882899279
property-house-vic-reservoir-147879352,Reservoir,3073,3  Burbank Drive,-37.697152,145.023469,3.0,1.0,house,2.0,2025-05-24,585.0,"$825,000",7.0,1.0,1.0,2.0,14267.9431624043
property-house-vic-reservoir-147892620,Reservoir,3073,1 Merrilands Road,-37.696005,145.00989,3.0,1.0,house,3.0,2025-05-23,764.0,"$910,000",7.0,1.0,4.0,3.0,14034.372605489993
property-house-vic-reservoir-147787532,Reservoir,3073,12A Claremont Crescent,-37.6955976,144.9796812,3.0,1.0,house,2.0,2025-05-22,278.0,"$650,000",4.0,1.0,2.0,1.0,13640.051854466748
property-townhouse-vic-reservoir-147545376,Reservoir,3073,4/87 Darebin Boulevard,-37.703988,145.029674,3.0,2.0,townhouse,4.0,2025-05-21,845.0,"$805,000",7.0,0.0,1.0,2.0,13757.53660555809
property-house-vic-reservoir-147543788,Reservoir,3073,27 Cheddar Road,-37.711315,145.010887,3.0,1.0,house,2.0,2025-05-20,501.0,"$915,000",8.0,1.0,3.0,3.0,12422.86924763854
property-townhouse-vic-reservoir-147967204,Reservoir,3073,8/84-86 Howard Street,-37.71868918,145.0081663,3.0,2.0,townhouse,2.0,2025-05-20,173.0,"$860,000",10.0,1.0,2.0,3.0,11568.841971006002
property-house-vic-reservoir-147853596,Reservoir,3073,33 Darebin Boulevard,-37.70326,145.023307,3.0,1.0,house,3.0,2025-05-18,836.0,"$765,000",8.0,1.0,1.0,2.0,13625.320531351528
property-house-vic-reservoir-147794820,Reservoir,3073,21 Excelsior Street,-37.724442,144.997375,3.0,1.0,house,2.0,2025-05-17,545.0,"$1,050,000",9.0,0.0,2.0,3.0,10698.420658018103
property-house-vic-reservoir-147835440,Reservoir,3073,169 Glasgow Avenue,-37.705027,144.985545,4.0,2.0,house,4.0,2025-05-17,892.0,"$1,000,000",6.0,2.0,2.0,0.0,12644.02640372063
property-house-vic-reservoir-147829628,Reservoir,3073,15 Kelverne Street,-37.714714,144.981845,3.0,2.0,house,3.0,2025-05-17,492.0,"$857,000",5.0,1.0,0.0,2.0,11537.994106690594
property-townhouse-vic-reservoir-147808776,Reservoir,3073,2/35 OConnor Street,-37.71081945,145.0015447,3.0,2.0,townhouse,1.0,2025-05-16,121.0,"$860,000",8.0,1.0,2.0,3.0,12256.948047975566
property-unit-vic-reservoir-147827444,Reservoir,3073,5/177 Edwardes Street,-37.71558913,144.9975376,2.0,1.0,unit,1.0,2025-05-16,145.0,"$561,000",6.0,0.0,2.0,3.0,11660.679994963552
property-house-vic-reservoir-147829608,Reservoir,3073,48 Carrington Road,-37.721507,144.988048,3.0,1.0,house,6.0,2025-05-15,557.0,"$1,250,000",6.0,0.0,2.0,2.0,10858.24484350704
property-townhouse-vic-reservoir-147853760,Reservoir,3073,16/15 Chenies Street,-37.71084443,145.0289197,3.0,2.0,townhouse,1.0,2025-05-15,144.0,"$640,000",7.0,1.0,1.0,1.0,13031.446715192837
property-house-vic-reservoir-147743436,Reservoir,3073,5 Orange Avenue,-37.712012,145.012116,2.0,1.0,house,2.0,2025-05-13,604.0,"$670,000",6.0,2.0,3.0,4.0,12381.712581040045
property-house-vic-reservoir-147346636,Reservoir,3073,32 & 32a Fulham Grove,-37.72431152,144.9941445,4.0,2.0,house,4.0,2025-05-12,536.0,"$1,110,000",9.0,0.0,2.0,3.0,10649.481477353367
property-house-vic-reservoir-147723548,Reservoir,3073,41 Glasgow Avenue,-37.705449,145.002435,3.0,1.0,house,4.0,2025-05-10,824.0,"$1,105,000",7.0,1.0,2.0,3.0,12855.969035178636
property-house-vic-reservoir-147723244,Reservoir,3073,1 Wellman Street,-37.698858,144.996408,3.0,1.0,house,4.0,2025-05-10,573.0,"$843,000",4.0,1.0,2.0,2.0,13464.675364954273
property-unit-vic-reservoir-147768176,Reservoir,3073,1/34 Northernhay Street,-37.72457089,145.0112769,3.0,1.0,unit,1.0,2025-05-10,279.0,"$801,000",9.0,1.0,2.0,4.0,11036.01917075253
property-house-vic-reservoir-147797896,Reservoir,3073,14 Summerhill Road,-37.727097,145.034053,3.0,1.0,house,2.0,2025-05-10,674.0,"$747,000",6.0,1.0,2.0,0.0,11618.985211885658
property-unit-vic-reservoir-147808440,Reservoir,3073,1/3 Erskine Avenue,-37.72409383,145.0255564,2.0,1.0,unit,1.0,2025-05-10,147.0,"$650,000",9.0,1.0,2.0,1.0,11569.361577455598
property-townhouse-vic-reservoir-147781836,Reservoir,3073,74C Cheddar Road,-37.70608534,145.0158212,2.0,1.0,townhouse,4.0,2025-05-10,175.0,"$590,000",7.0,1.0,3.0,3.0,13109.457007573814
property-house-vic-reservoir-147624128,Reservoir,3073,7 Bartrop Street,-37.697855,144.986204,5.0,3.0,house,4.0,2025-05-09,943.0,"$1,900,000",5.0,2.0,2.0,0.0,13442.887934993501
property-house-vic-reservoir-147374356,Reservoir,3073,66 Strathmerton Street,-37.713201,145.016928,3.0,1.0,house,2.0,2025-05-09,728.0,"$780,000",9.0,1.0,2.0,2.0,12393.965834951703
property-house-vic-reservoir-143310008,Reservoir,3073,183 Albert Street,-37.728746,145.025443,3.0,1.0,house,2.0,2025-05-09,633.0,"$720,000",9.0,1.0,2.0,1.0,11100.359475256557
property-house-vic-reservoir-147730168,Reservoir,3073,104 Radford Road,-37.701541,144.985129,3.0,1.0,house,2.0,2025-05-08,606.0,"$920,000",5.0,2.0,2.0,0.0,13025.005870113817
property-house-vic-reservoir-147426880,Reservoir,3073,2 Taylor Avenue,-37.722418,144.999165,3.0,1.0,house,2.0,2025-05-08,538.0,"$900,000",9.0,0.0,1.0,4.0,10954.608643217505
property-house-vic-reservoir-147387824,Reservoir,3073,114 Spring Street,-37.728514,145.001032,3.0,1.0,house,4.0,2025-05-07,465.0,"$770,000",10.0,0.0,2.0,4.0,10342.28486958445
property-townhouse-vic-reservoir-147565384,Reservoir,3073,1/57 Lane Crescent,-37.71312861,145.0194928,3.0,2.0,townhouse,2.0,2025-05-07,244.0,"$749,000",9.0,1.0,2.0,2.0,12480.272955347302
property-house-vic-reservoir-147744752,Reservoir,3073,2-4 Nisbett Street,-37.728139,145.036023,6.0,2.0,house,4.0,2025-05-03,879.0,"$1,025,000",6.0,1.0,2.0,0.0,11605.566046766038
property-house-vic-reservoir-147743712,Reservoir,3073,12 Oulton Crescent,-37.726719,145.028719,3.0,1.0,house,2.0,2025-05-03,609.0,"$902,000",9.0,1.0,2.0,0.0,11432.079702103345
property-house-vic-reservoir-147728720,Reservoir,3073,9 Clements Grove,-37.713785,145.023254,2.0,1.0,house,4.0,2025-05-03,608.0,"$725,000",9.0,1.0,2.0,2.0,12534.659113350854
property-house-vic-reservoir-147745100,Reservoir,3073,35 Boldrewood Parade,-37.72213,145.021637,3.0,1.0,house,2.0,2025-05-03,696.0,"$696,000",12.0,1.0,2.0,3.0,11624.852285336634
property-unit-vic-reservoir-147666992,Reservoir,3073,1/27 Allenby Avenue,-37.70321909,145.0066195,3.0,1.0,unit,2.0,2025-05-01,177.0,"$695,000",7.0,1.0,2.0,3.0,13185.36748815256
property-house-vic-reservoir-147728884,Reservoir,3073,22 Burbank Drive,-37.699056,145.025188,3.0,1.0,house,2.0,2025-04-30,583.0,"$750,000",5.0,1.0,0.0,2.0,14121.126093663219
property-unit-vic-reservoir-147657144,Reservoir,3073,7/14 Merino Street,-37.7075857,145.0329591,2.0,1.0,unit,1.0,2025-04-29,163.0,"$515,500",7.0,1.0,1.0,0.0,13507.909554582795
property-unit-vic-reservoir-146791424,Reservoir,3073,3/35 Hobbs Crescent,-37.70602975,145.0054335,3.0,1.0,unit,2.0,2025-04-28,238.0,"$890,000",7.0,1.0,2.0,3.0,12856.646472867515
property-house-vic-reservoir-147308168,Reservoir,3073,7 Dorrington Avenue,-37.727103,145.025249,3.0,1.0,house,2.0,2025-04-28,624.0,"$715,000",8.0,1.0,1.0,2.0,11256.426479165904
property-house-vic-reservoir-147680732,Reservoir,3073,8 Hosken Street,-37.727081,144.986695,3.0,2.0,house,4.0,2025-04-26,707.0,"$1,055,000",6.0,1.0,2.0,2.0,10227.492708360167
property-house-vic-reservoir-147603392,Reservoir,3073,50 Kia Ora Road,-37.719914,144.988126,3.0,1.0,house,4.0,2025-04-26,519.0,"$927,500",6.0,0.0,2.0,2.0,11034.302267261173
property-house-vic-reservoir-147596372,Reservoir,3073,70 Tunaley Parade,-37.697233,145.028832,3.0,1.0,house,4.0,2025-04-26,596.0,"$830,000",5.0,0.0,0.0,1.0,14425.257538890311
property-house-vic-reservoir-147666976,Reservoir,3073,6 Summerhill Road,-37.727288,145.035807,3.0,1.0,house,4.0,2025-04-26,663.0,"$812,500",6.0,1.0,2.0,0.0,11677.530296938707
property-house-vic-reservoir-147666996,Reservoir,3073,33 Keon Parade,-37.69595,145.018764,3.0,1.0,house,4.0,2025-04-26,341.0,"$610,000",6.0,1.0,2.0,3.0,14261.035425835498
property-house-vic-reservoir-147416100,Reservoir,3073,53 Dumbarton Street,-37.702232,145.029164,5.0,2.0,house,5.0,2025-04-24,611.0,"$1,800,000",6.0,0.0,1.0,2.0,13920.48097858975
property-unit-vic-reservoir-147412852,Reservoir,3073,12/13 Elsey Road,-37.70537006,145.013551,1.0,1.0,unit,1.0,2025-04-23,2504.0,"$365,000",8.0,1.0,3.0,3.0,13123.739100512345
property-unit-vic-reservoir-147480220,Reservoir,3073,1/30 Kelsby Street,-37.71317272,144.9987134,1.0,1.0,unit,2.0,2025-04-23,76.0,"$360,000",6.0,1.0,2.0,3.0,11945.473922969251
property-townhouse-vic-reservoir-147025356,Reservoir,3073,2/19 Arundel Avenue,-37.69690208,145.0192034,2.0,2.0,townhouse,1.0,2025-04-22,165.0,"$730,000",7.0,1.0,2.0,3.0,14172.383472621834
property-unit-vic-reservoir-147586940,Reservoir,3073,3/23 Compton Street,-37.71394246,145.0025559,2.0,1.0,unit,2.0,2025-04-19,165.0,"$640,000",9.0,1.0,3.0,3.0,11941.46210099331
property-house-vic-reservoir-147430716,Reservoir,3073,18 Joffre Street,-37.729294,145.013027,4.0,2.0,house,4.0,2025-04-17,742.0,"$1,661,000",10.0,1.0,2.0,3.0,10598.75753539347
property-unit-vic-reservoir-147608616,Reservoir,3073,157 Boldrewood Parade,-37.71196109,145.0225829,3.0,1.0,unit,1.0,2025-04-17,239.0,"$640,000",8.0,1.0,2.0,2.0,12700.25932658009
property-house-vic-reservoir-147504712,Reservoir,3073,14 Corvey Road,-37.707988,145.011883,3.0,2.0,house,2.0,2025-04-12,743.0,"$1,145,000",8.0,1.0,3.0,3.0,12802.151359003896
property-house-vic-reservoir-147192800,Reservoir,3073,14 Barron Street,-37.70556,144.986143,3.0,1.0,house,4.0,2025-04-12,808.0,"$942,000",6.0,2.0,2.0,0.0,12591.429028380357
property-house-vic-reservoir-147522448,Reservoir,3073,78 Lloyd Avenue,-37.697699,145.01361,3.0,1.0,house,4.0,2025-04-12,557.0,"$936,000",7.0,1.0,2.0,3.0,13941.331976372034
property-house-vic-reservoir-147507744,Reservoir,3073,37 Hughes Parade,-37.700341,145.003037,3.0,1.0,house,4.0,2025-04-12,661.0,"$879,000",6.0,1.0,1.0,3.0,13421.1435107291
property-unit-vic-reservoir-147577184,Reservoir,3073,5/12 Willoughby Street,-37.71801081,144.9962993,2.0,1.0,unit,1.0,2025-04-12,215.0,"$660,000",9.0,0.0,2.0,3.0,11374.301002487713
property-unit-vic-reservoir-147475268,Reservoir,3073,4/17 Dundee Street,-37.70346674,145.0199192,2.0,1.0,unit,1.0,2025-04-10,204.0,"$588,000",7.0,1.0,2.0,3.0,13501.741803953428
property-house-vic-reservoir-147191808,Reservoir,3073,50 Dundee Street,-37.702531,145.023372,3.0,1.0,house,4.0,2025-04-09,563.0,"$975,000",9.0,1.0,1.0,2.0,13703.237848813196
property-unit-vic-reservoir-147315496,Reservoir,3073,4/50 St Vigeons Road,-37.70677568,145.0274999,2.0,1.0,unit,2.0,2025-04-09,149.0,"$555,000",8.0,1.0,1.0,2.0,13397.700667526819
property-house-vic-reservoir-147309544,Reservoir,3073,15 McFadzean Avenue,-37.710256,144.997314,3.0,1.0,house,3.0,2025-04-07,446.0,"$760,000",6.0,1.0,2.0,2.0,12236.24448175323
property-house-vic-reservoir-147491688,Reservoir,3073,1 Jinghi Road,-37.706457,145.014068,3.0,2.0,house,2.0,2025-04-05,442.0,"$999,000",8.0,1.0,3.0,3.0,13022.303631047993
property-house-vic-reservoir-147476496,Reservoir,3073,62 Goulburn Avenue,-37.720842,145.020037,2.0,1.0,house,6.0,2025-04-05,621.0,"$890,000",12.0,1.0,2.0,3.0,11701.425540670716
property-house-vic-reservoir-147480312,Reservoir,3073,17A North Road,-37.72113015,145.0254813,3.0,2.0,house,2.0,2025-04-05,227.0,"$855,000",12.0,1.0,2.0,1.0,11864.792198965803
property-house-vic-reservoir-147473364,Reservoir,3073,42 Home Street,-37.7255775,145.0207447,2.0,1.0,house,2.0,2025-04-05,127.0,"$690,000",10.0,1.0,2.0,2.0,11242.359854783226
property-unit-vic-reservoir-147489448,Reservoir,3073,1/29 Chaleyer Street,-37.72795211,145.0241955,2.0,1.0,unit,1.0,2025-04-05,273.0,"$650,000",9.0,1.0,1.0,2.0,11130.920086559936
property-house-vic-reservoir-147296372,Reservoir,3073,26 Mcfadzean Avenue,-37.706424,144.998291,3.0,1.0,house,2.0,2025-04-04,497.0,"$855,000",8.0,1.0,2.0,3.0,12670.913973811594
property-townhouse-vic-reservoir-147345440,Reservoir,3073,47C Whitelaw Street,-37.71317729,145.0173083,3.0,2.0,townhouse,2.0,2025-04-04,147.0,"$740,000",9.0,1.0,2.0,2.0,12407.897102180394
property-house-vic-reservoir-147431512,Reservoir,3073,7 McIvor Street,-37.726726,145.016227,3.0,2.0,house,2.0,2025-03-29,623.0,"$1,755,000",8.0,1.0,2.0,3.0,10968.739487820088
property-house-vic-reservoir-147337416,Reservoir,3073,17 Bourke Street,-37.724801,144.99041,3.0,1.0,house,1.0,2025-03-29,485.0,"$995,000",8.0,0.0,2.0,3.0,10532.091424942057
property-unit-vic-reservoir-147412924,Reservoir,3073,8/29-31 Ashley Street,-37.71731496,145.0020046,2.0,1.0,unit,1.0,2025-03-29,131.0,"$579,000",8.0,0.0,3.0,3.0,11566.26008555469
property-house-vic-reservoir-147423108,Reservoir,3073,31 Evans Crescent,-37.71491606,145.021895,2.0,1.0,house,1.0,2025-03-28,375.0,"$750,000",9.0,1.0,2.0,2.0,12372.938596107828
property-unit-vic-reservoir-147479984,Reservoir,3073,9/77 Pine Street,-37.71723319,144.9981135,2.0,1.0,unit,1.0,2025-03-28,177.0,"$621,000",9.0,0.0,2.0,3.0,11493.528790985487
property-house-vic-reservoir-147325064,Reservoir,3073,122 Glasgow Avenue,-37.70447,144.988317,3.0,1.0,house,2.0,2025-03-27,964.0,"$1,050,000",5.0,2.0,1.0,1.0,12736.108496146659
property-house-vic-reservoir-147414596,Reservoir,3073,22 Sturdee Street,-37.70097867,145.0092573,3.0,1.0,house,4.0,2025-03-25,466.0,"$775,000",7.0,1.0,1.0,3.0,13485.914441116503
property-unit-vic-reservoir-147126060,Reservoir,3073,3/46 Ashton Street,-37.72761339,145.0216419,2.0,1.0,unit,1.0,2025-03-24,147.0,"$525,000",9.0,1.0,2.0,2.0,11068.731079790967
property-house-vic-reservoir-147347760,Reservoir,3073,3 Daventry Street,-37.715014,145.00102,3.0,2.0,house,4.0,2025-03-22,560.0,"$1,320,000",7.0,0.0,2.0,3.0,11792.915591050545
property-house-vic-reservoir-147225508,Reservoir,3073,83 Hughes Parade,-37.699795,144.997449,3.0,1.0,house,4.0,2025-03-22,848.0,"$940,000",3.0,1.0,2.0,2.0,13379.142278086467
property-house-vic-reservoir-147331704,Reservoir,3073,88 Edwardes Street,-37.715745,145.002147,3.0,1.0,house,1.0,2025-03-22,457.0,"$840,000",10.0,0.0,3.0,3.0,11738.38686458783
property-house-vic-reservoir-147347608,Reservoir,3073,49 Barry Street,-37.709405,145.001897,3.0,1.0,house,3.0,2025-03-21,490.0,"$800,000",8.0,1.0,2.0,3.0,12417.109264583525
property-house-vic-reservoir-147416080,Reservoir,3073,195 Edwardes Street,-37.715425,144.996041,3.0,2.0,house,3.0,2025-03-19,611.0,"$1,200,000",6.0,0.0,2.0,3.0,11650.730630088472
property-house-vic-reservoir-147428472,Reservoir,3073,120 North Road,-37.722478,145.014446,3.0,1.0,house,2.0,2025-03-19,743.0,"$1,130,000",9.0,1.0,2.0,3.0,11350.782856546726
property-house-vic-reservoir-147306004,Reservoir,3073,31 Rathcown Road,-37.710746,145.031718,5.0,2.0,house,6.0,2025-03-19,750.0,"$1,000,000",6.0,1.0,1.0,1.0,13143.088087215192
property-house-vic-reservoir-147231060,Reservoir,3073,34 Leamington Street,-37.712659,145.005088,3.0,2.0,house,2.0,2025-03-15,694.0,"$1,106,000",9.0,1.0,3.0,3.0,12136.377504225695
property-unit-vic-reservoir-147290304,Reservoir,3073,40 Mcmahon Road,-37.71115803,145.0211245,3.0,1.0,unit,1.0,2025-03-15,331.0,"$750,000",8.0,1.0,2.0,2.0,12736.31213503381
property-house-vic-reservoir-147282560,Reservoir,3073,1/21 Kerang Avenue,-37.71986299,145.0270907,2.0,1.0,house,1.0,2025-03-15,216.0,"$745,000",11.0,1.0,2.0,1.0,12052.299920545263
property-unit-vic-reservoir-147296080,Reservoir,3073,3/40 Barton Street,-37.71131088,145.0024139,2.0,1.0,unit,1.0,2025-03-15,220.0,"$631,000",9.0,1.0,2.0,3.0,12222.09566077669
property-townhouse-vic-reservoir-147184884,Reservoir,3073,2/7 Elsey Road,-37.70544569,145.0141587,2.0,1.0,townhouse,1.0,2025-03-15,204.0,"$607,000",8.0,1.0,3.0,3.0,13131.845340996932
property-townhouse-vic-reservoir-147084576,Reservoir,3073,129B Hickford Street,-37.70339034,145.0152342,3.0,2.0,townhouse,3.0,2025-03-13,203.0,"$680,000",7.0,1.0,3.0,3.0,13378.342936281328
property-house-vic-reservoir-147140588,Reservoir,3073,45 Newton Street,-37.731381,145.023524,3.0,1.0,house,4.0,2025-03-09,762.0,"$1,175,000",6.0,1.0,2.0,1.0,10762.81089361224
property-house-vic-reservoir-147296488,Reservoir,3073,19 Southernhay Street,-37.725678,145.012341,4.0,2.0,house,2.0,2025-03-08,621.0,"$1,635,000",10.0,1.0,2.0,4.0,10952.594222521568
property-house-vic-reservoir-147233272,Reservoir,3073,33 Lane Crescent,-37.714543,145.016847,3.0,3.0,house,2.0,2025-03-08,650.0,"$1,220,000",11.0,1.0,2.0,3.0,12251.347835111892
property-house-vic-reservoir-147231768,Reservoir,3073,2 Charlton Crescent,-37.719781,145.025012,2.0,1.0,house,1.0,2025-03-08,347.0,"$700,000",12.0,1.0,2.0,2.0,11984.045462224614
property-unit-vic-reservoir-147215964,Reservoir,3073,3/65 Whitelaw Street,-37.7124936,145.0184874,1.0,1.0,unit,2.0,2025-03-08,119.0,"$398,000",9.0,1.0,2.0,2.0,12515.128302155075
property-house-vic-reservoir-146732316,Reservoir,3073,130 Broadway,-37.717793,145.018281,5.0,1.0,house,4.0,2025-03-07,616.0,"$1,100,000",11.0,1.0,2.0,3.0,11958.040987751381
property-house-vic-reservoir-146377312,Reservoir,3073,68 Ayr Street,-37.70261166,145.0339146,3.0,2.0,house,6.0,2025-03-07,963.0,"$950,000",6.0,0.0,1.0,0.0,14046.457932520745
property-house-vic-reservoir-147386620,Reservoir,3073,1 Orrong Avenue,-37.714224,145.00972,3.0,1.0,house,2.0,2025-03-07,746.0,"$900,000",10.0,1.0,3.0,3.0,12083.508973705302
property-house-vic-reservoir-146827760,Reservoir,3073,53 Fordham Road,-37.713927,145.021515,3.0,1.0,house,4.0,2025-03-06,651.0,"$750,000",9.0,1.0,2.0,2.0,12462.404184722893
property-house-vic-reservoir-145340336,Reservoir,3073,44 Purinuan Road,-37.70896,145.028385,4.0,1.0,house,2.0,2025-03-04,762.0,"$747,000",7.0,1.0,1.0,1.0,13204.548079558608
property-house-vic-reservoir-147129928,Reservoir,3073,2/24 Mcmahon Road,-37.71146976,145.0236975,3.0,2.0,house,1.0,2025-03-01,256.0,"$756,000",8.0,1.0,2.0,2.0,12787.64972368366
property-unit-vic-reservoir-147257468,Reservoir,3073,4A Colthur Street,-37.709635,144.993644,3.0,1.0,unit,1.0,2025-02-27,365.0,"$775,000",6.0,1.0,2.0,2.0,12242.147280272555
property-unit-vic-reservoir-147065116,Reservoir,3073,1/7 Drysdale Street,-37.73009318,145.0262188,2.0,1.0,unit,1.0,2025-02-24,129.0,"$441,188",8.0,1.0,2.0,0.0,10997.801987028173
property-house-vic-reservoir-147026568,Reservoir,3073,12 Broadhurst Avenue,-37.708537,145.007002,2.0,1.0,house,3.0,2025-02-22,1040.0,"$1,085,000",8.0,1.0,3.0,3.0,12622.928935677137
property-house-vic-reservoir-147026576,Reservoir,3073,41 Botha Avenue,-37.702761,145.001214,3.0,1.0,house,3.0,2025-02-22,695.0,"$910,000",7.0,1.0,2.0,3.0,13123.292709793324
property-house-vic-reservoir-147096492,Reservoir,3073,2 Mccasker Avenue,-37.704247,145.004849,3.0,1.0,house,2.0,2025-02-22,893.0,"$880,000",7.0,1.0,2.0,3.0,13036.064131789448
property-house-vic-reservoir-147047572,Reservoir,3073,46 Lockton Avenue,-37.695531,144.981493,3.0,1.0,house,2.0,2025-02-22,534.0,"$800,000",5.0,2.0,2.0,0.0,13659.548719190165
property-house-vic-reservoir-147109028,Reservoir,3073,1/17 Delaware Street,-37.72079858,145.0145451,2.0,1.0,house,1.0,2025-02-22,300.0,"$800,000",11.0,1.0,2.0,3.0,11528.701380803626
property-house-vic-reservoir-147080908,Reservoir,3073,29 Cheddar Road,-37.711199,145.010958,3.0,2.0,house,2.0,2025-02-22,577.0,"$785,000",8.0,1.0,3.0,3.0,12437.042610848222
property-house-vic-reservoir-145848232,Reservoir,3073,22 Erskine Avenue,-37.722947,145.025177,3.0,1.0,house,1.0,2025-02-20,721.0,"$1,020,000",10.0,1.0,2.0,1.0,11670.351784843395
property-house-vic-reservoir-147029320,Reservoir,3073,66 Whitelaw Street,-37.7125,145.019182,3.0,1.0,house,4.0,2025-02-15,695.0,"$766,000",9.0,1.0,2.0,2.0,12535.910122334668
property-house-vic-reservoir-146915900,Reservoir,3073,205 Broadhurst Avenue,-37.706945,144.984937,3.0,1.0,house,8.0,2025-02-08,718.0,"$790,000",6.0,2.0,2.0,0.0,12426.0083638303
property-house-vic-reservoir-145786560,Reservoir,3073,828 High Street,-37.72395,145.006692,4.0,1.0,house,2.0,2025-02-05,327.0,"$769,049",11.0,0.0,2.0,4.0,10971.977384751754
property-house-vic-reservoir-146586236,Reservoir,3073,45 Winter Crescent,-37.718819,145.027307,4.0,2.0,house,3.0,2025-01-31,576.0,"$905,000",11.0,1.0,1.0,2.0,12165.509187820693
property-townhouse-vic-reservoir-146890636,Reservoir,3073,6/16 Banff Street,-37.70428034,145.023768,2.0,1.0,townhouse,1.0,2025-01-28,206.0,"$650,000",8.0,0.0,1.0,2.0,13533.585575586096
property-house-vic-reservoir-146084648,Reservoir,3073,62 Marchant Avenue,-37.713413,145.015573,3.0,1.0,house,2.0,2025-01-24,649.0,"$820,000",10.0,1.0,2.0,2.0,12331.571958067141
property-house-vic-reservoir-146893704,Reservoir,3073,135 Cheddar Road,-37.699044,145.019665,3.0,1.0,house,3.0,2025-01-23,522.0,"$715,000",6.0,1.0,2.0,2.0,13959.292598248714
property-townhouse-vic-reservoir-146544968,Reservoir,3073,8B Crevelli Street,-37.73216431,145.029687,3.0,2.0,townhouse,2.0,2025-01-21,123.0,"$685,000",7.0,1.0,2.0,0.0,10939.574595538706
property-house-vic-reservoir-146380128,Reservoir,3073,47 Henty Street,-37.71916601,144.9987084,3.0,1.0,house,2.0,2025-01-15,552.0,"$925,000",9.0,0.0,1.0,3.0,11296.245428687742
property-house-vic-reservoir-146649868,Reservoir,3073,38 Ashley St,-37.716509,145.002534,3.0,2.0,house,2.0,2024-12-27,557.0,"$935,000",8.0,0.0,3.0,3.0,11664.75027130626
property-unit-vic-reservoir-146303064,Reservoir,3073,9A Marshall Drive,-37.701118,145.0275784,3.0,1.0,unit,5.0,2024-12-24,348.0,"$675,000",6.0,0.0,0.0,2.0,13982.962492903642
property-house-vic-reservoir-146597124,Reservoir,3073,4 McColl Street,-37.731288,145.01911,3.0,1.0,house,2.0,2024-12-23,513.0,"$800,000",6.0,1.0,2.0,3.0,10604.458571653195
property-house-vic-reservoir-146680964,Reservoir,3073,1/90 Arundel Avenue,-37.695952,145.0133858,3.0,2.0,house,1.0,2024-12-22,288.0,"$730,000",8.0,1.0,3.0,3.0,14122.299897835243
property-house-vic-reservoir-146761960,Reservoir,3073,28 Morris Street,-37.698051,145.005117,3.0,1.0,house,2.0,2024-12-21,890.0,"$740,000",7.0,1.0,3.0,2.0,13710.862558302333
property-house-vic-reservoir-146726776,Reservoir,3073,39 Charlton Crescent,-37.718076,145.023333,3.0,1.0,house,3.0,2024-12-21,649.0,"$681,000",12.0,1.0,2.0,2.0,12097.778475588817
property-house-vic-reservoir-146392492,Reservoir,3073,16 Pershing STREET,-37.725365,144.9955,3.0,1.0,house,4.0,2024-12-18,697.0,"$1,100,000",8.0,0.0,2.0,3.0,10560.815933470927
property-house-vic-reservoir-146512896,Reservoir,3073,35 Goulburn Avenue,-37.722272,145.020396,3.0,1.0,house,2.0,2024-12-18,686.0,"$950,000",12.0,1.0,2.0,3.0,11567.161110424597
property-house-vic-reservoir-146661344,Reservoir,3073,51 Allenby Avenue,-37.701418,145.004902,3.0,1.0,house,4.0,2024-12-14,862.0,"$865,000",7.0,1.0,2.0,3.0,13342.529450453303
property-townhouse-vic-reservoir-146651064,Reservoir,3073,2/630 Gilbert Road,-37.72469251,144.9925568,2.0,1.0,townhouse,2.0,2024-12-14,131.0,"$710,000",9.0,0.0,2.0,3.0,10579.609327774793
property-house-vic-reservoir-146682888,Reservoir,3073,52a Cheddar Road,-37.708912,145.013742,2.0,1.0,house,1.0,2024-12-14,451.0,"$545,000",7.0,1.0,3.0,3.0,12753.732169341578
property-unit-vic-reservoir-146660776,Reservoir,3073,3/1-3 McFadzean Avenue,-37.71137045,144.9971328,2.0,1.0,unit,1.0,2024-12-14,141.0,"$538,500",6.0,1.0,2.0,3.0,12111.689857906831
property-house-vic-reservoir-146623676,Reservoir,3073,8 Greenock Street,-37.70325,145.02215,3.0,2.0,house,3.0,2024-12-13,669.0,"$885,000",8.0,1.0,1.0,2.0,13590.916228887345
property-house-vic-reservoir-146650252,Reservoir,3073,66 Massey Avenue,-37.700984,144.989976,5.0,3.0,house,4.0,2024-12-12,870.0,"$1,241,000",4.0,2.0,1.0,1.0,13140.189796851282
property-house-vic-reservoir-146588692,Reservoir,3073,58 Dredge Street,-37.695779,144.993406,4.0,2.0,house,8.0,2024-12-12,808.0,"$1,030,000",3.0,1.0,2.0,2.0,13757.583520331216
property-house-vic-reservoir-146121028,Reservoir,3073,41 Purinuan Road,-37.709546,145.030581,2.0,1.0,house,4.0,2024-12-12,743.0,"$753,000",7.0,1.0,1.0,1.0,13222.88558428797
property-house-vic-reservoir-146376604,Reservoir,3073,38 Powell Street,-37.72627,145.000502,3.0,1.0,house,2.0,2024-12-11,495.0,"$870,000",9.0,0.0,2.0,3.0,10570.099308221763
property-house-vic-reservoir-146732732,Reservoir,3073,70 Rathcown Road,-37.709931,145.027779,3.0,1.0,house,4.0,2024-12-10,539.0,"$750,000",7.0,1.0,1.0,2.0,13084.291904737704
property-house-vic-reservoir-146573204,Reservoir,3073,26 Sturdee Street,-37.700465,145.009328,3.0,1.0,house,4.0,2024-12-07,886.0,"$965,000",6.0,1.0,1.0,3.0,13542.654001944005
property-house-vic-reservoir-146595384,Reservoir,3073,132 Purinuan Road,-37.707645,145.017689,3.0,1.0,house,2.0,2024-12-07,653.0,"$761,000",9.0,2.0,3.0,3.0,12998.36747022643
property-house-vic-reservoir-146595232,Reservoir,3073,1/65 Hickford Street,-37.70554124,145.023551,3.0,2.0,house,2.0,2024-12-07,245.0,"$757,000",7.0,1.0,1.0,3.0,13395.83897078152
property-unit-vic-reservoir-146777960,Reservoir,3073,2/24 Banff Street,-37.70439309,145.0246877,2.0,1.0,unit,2.0,2024-12-06,133.0,"$550,000",8.0,0.0,1.0,2.0,13550.987333100553
property-house-vic-reservoir-146700592,Reservoir,3073,83 Henty Street,-37.71904,144.997702,3.0,2.0,house,2.0,2024-12-05,585.0,"$1,180,000",8.0,0.0,1.0,3.0,11289.62437692317
property-townhouse-vic-reservoir-146373244,Reservoir,3073,1/65 Dundee Street,-37.70237149,145.0244979,2.0,1.0,townhouse,1.0,2024-12-05,189.0,"$667,500",8.0,0.0,1.0,2.0,13754.78842086627
property-house-vic-reservoir-146025220,Reservoir,3073,15 Sturdee Street,-37.700719,145.008856,3.0,1.0,house,1.0,2024-12-03,584.0,"$740,000",7.0,1.0,1.0,3.0,13504.522597829231
property-unit-vic-reservoir-146293916,Reservoir,3073,2/8 Anstey Avenue,-37.69209403,144.9755073,2.0,1.0,unit,2.0,2024-12-03,120.0,"$550,000",4.0,1.0,1.0,1.0,14008.411808555602
property-house-vic-reservoir-146512792,Reservoir,3073,22 O'Donnell Street,-37.706475,144.99542,3.0,1.0,house,3.0,2024-11-30,823.0,"$1,020,000",5.0,1.0,2.0,3.0,12616.087255144825
property-house-vic-reservoir-146539968,Reservoir,3073,69 O'Connor Street,-37.710107,144.998124,3.0,1.0,house,4.0,2024-11-30,534.0,"$810,000",7.0,1.0,2.0,2.0,12267.235974310172
property-house-vic-reservoir-146532248,Reservoir,3073,56 Wilson Boulevard,-37.699747,144.993548,3.0,1.0,house,3.0,2024-11-30,599.0,"$730,000",4.0,2.0,1.0,2.0,13324.06529922224
property-house-vic-reservoir-146295040,Reservoir,3073,22 York Street,-37.72763,144.989335,4.0,3.0,house,2.0,2024-11-29,618.0,"$1,900,000",8.0,1.0,2.0,3.0,10205.69015260904
property-house-vic-reservoir-146607344,Reservoir,3073,10 Darebin Boulevard,-37.704314,145.021668,3.0,2.0,house,2.0,2024-11-29,836.0,"$1,035,000",8.0,1.0,1.0,3.0,13465.239350416974
property-house-vic-reservoir-146446828,Reservoir,3073,76 McMahon Road,-37.710749,145.017924,3.0,1.0,house,4.0,2024-11-29,701.0,"$860,000",8.0,1.0,2.0,3.0,12680.152222625318
property-house-vic-reservoir-146461984,Reservoir,3073,4 Dole Avenue,-37.700425,145.02032,3.0,1.0,house,4.0,2024-11-29,782.0,"$755,000",5.0,1.0,1.0,2.0,13832.658431954706
property-house-vic-reservoir-146582700,Reservoir,3073,167 Wilson Boulevard,-37.69705,144.997126,5.0,3.0,house,2.0,2024-11-27,754.0,"$1,360,000",4.0,1.0,2.0,2.0,13673.833746455715
property-unit-vic-reservoir-146049028,Reservoir,3073,1-4/854 High Street,-37.72088694,145.0071937,2.0,1.0,unit,1.0,2024-11-25,698.0,"$1,250,000",8.0,1.0,2.0,3.0,11310.066093407937
property-house-vic-reservoir-145911928,Reservoir,3073,48 Banbury Road,-37.709771,144.990022,3.0,1.0,house,3.0,2024-11-25,534.0,"$750,000",6.0,2.0,2.0,2.0,12174.384990171582
property-house-vic-reservoir-146437168,Reservoir,3073,15 Elliot Street,-37.707021,145.000543,3.0,1.0,house,3.0,2024-11-23,1044.0,"$1,201,000",8.0,1.0,2.0,3.0,12648.165449698407
property-house-vic-reservoir-146430564,Reservoir,3073,7 Keon Parade,-37.696179,145.020773,3.0,1.0,house,4.0,2024-11-23,574.0,"$755,000",7.0,1.0,1.0,3.0,14292.311177740272
property-house-vic-reservoir-146477452,Reservoir,3073,1/17 Suffolk Street,-37.70764532,145.0110044,3.0,1.0,house,1.0,2024-11-23,213.0,"$740,000",8.0,1.0,3.0,3.0,12815.974612529895
property-house-vic-reservoir-145180384,Reservoir,3073,1A McShane Street,-37.702858,144.999498,5.0,2.0,house,4.0,2024-11-21,773.0,"$905,000",7.0,1.0,2.0,3.0,13080.791860125231
property-house-vic-reservoir-146563048,Reservoir,3073,1 Epstein Street,-37.710772,144.992706,2.0,1.0,house,2.0,2024-11-20,753.0,"$922,500",6.0,1.0,2.0,2.0,12103.167620023001
property-house-vic-reservoir-146413892,Reservoir,3073,23 Henderson Street,-37.697357,145.001404,3.0,1.0,house,3.0,2024-11-20,865.0,"$825,000",7.0,1.0,3.0,2.0,13713.962730381512
property-house-vic-reservoir-146324100,Reservoir,3073,15 Best Street,-37.713745,144.996857,3.0,2.0,house,3.0,2024-11-16,654.0,"$982,000",6.0,1.0,2.0,3.0,11848.34522466721
property-house-vic-reservoir-146392488,Reservoir,3073,3 Cameron Street,-37.727464,145.00022,2.0,1.0,house,2.0,2024-11-16,505.0,"$911,000",10.0,0.0,2.0,3.0,10435.496737099194
property-house-vic-reservoir-146259828,Reservoir,3073,87 Rathcown Road,-37.709767,145.02386,3.0,1.0,house,2.0,2024-11-11,743.0,"$845,000",8.0,1.0,2.0,3.0,12968.522096160466
property-townhouse-vic-reservoir-145973724,Reservoir,3073,1/39 McMahon Road,-37.71134873,145.020347,3.0,1.0,townhouse,1.0,2024-11-11,188.0,"$707,000",8.0,1.0,2.0,3.0,12691.970014370256
property-house-vic-reservoir-146303152,Reservoir,3073,12 McIvor Street,-37.726432,145.015906,4.0,2.0,house,4.0,2024-11-09,697.0,"$1,565,000",8.0,1.0,2.0,3.0,10988.319361745429
property-house-vic-reservoir-146305484,Reservoir,3073,9 Thackeray Road,-37.721826,145.014803,4.0,2.0,house,4.0,2024-11-09,697.0,"$1,467,000",10.0,1.0,2.0,3.0,11429.700925994342
property-house-vic-reservoir-146295352,Reservoir,3073,2 Thackeray Road,-37.72167113,145.0158473,3.0,1.0,house,2.0,2024-11-09,441.0,"$870,000",12.0,1.0,2.0,3.0,11478.573235707863
property-townhouse-vic-reservoir-145900364,Reservoir,3073,1/115 Cheddar Road,-37.70310575,145.0167022,2.0,1.0,townhouse,2.0,2024-11-08,208.0,"$600,000",7.0,1.0,2.0,3.0,13448.348868219304
property-house-vic-reservoir-146335196,Reservoir,3073,28 Tovey Street,-37.70061741,144.9986086,3.0,2.0,house,2.0,2024-11-06,890.0,"$1,000,000",4.0,1.0,1.0,3.0,13309.049427107808
property-house-vic-reservoir-146214896,Reservoir,3073,7 Gellibrand Crescent,-37.703514,145.008441,4.0,2.0,house,5.0,2024-11-03,973.0,"$1,000,000",7.0,1.0,2.0,3.0,13195.039956809018
property-house-vic-reservoir-146320692,Reservoir,3073,31 Ashton Street,-37.728843,145.021038,3.0,2.0,house,2.0,2024-11-02,748.0,"$1,100,000",8.0,1.0,2.0,2.0,10922.340879663261
property-house-vic-reservoir-145995212,Reservoir,3073,4 Oakhill Avenue,-37.730509,145.013982,3.0,1.0,house,2.0,2024-11-01,658.0,"$1,180,000",9.0,1.0,2.0,3.0,10504.641978049327
property-unit-vic-reservoir-146303540,Reservoir,3073,1/96 Barry Street,-37.70882379,144.9991774,3.0,1.0,unit,1.0,2024-11-01,335.0,"$790,000",8.0,1.0,2.0,3.0,12426.355690394224
property-house-vic-reservoir-146340400,Reservoir,3073,11 Asquith Street,-37.696935,145.007903,4.0,3.0,house,4.0,2024-10-31,953.0,"$2,050,000",7.0,1.0,4.0,3.0,13890.187361699316
property-house-vic-reservoir-146098300,Reservoir,3073,28  Ameily Crescent,-37.708818,144.993837,4.0,2.0,house,3.0,2024-10-31,490.0,"$930,000",6.0,1.0,2.0,2.0,12334.565078731193
property-unit-vic-reservoir-146337136,Reservoir,3073,26A North Road,-37.7214656,145.0230847,3.0,1.0,unit,1.0,2024-10-31,258.0,"$750,000",12.0,1.0,2.0,3.0,11743.76142025654
property-unit-vic-reservoir-146339688,Reservoir,3073,3/21 Mason Street,-37.72849213,145.0088611,2.0,1.0,unit,1.0,2024-10-31,156.0,"$742,000",11.0,1.0,2.0,3.0,10553.960792585276
property-house-vic-reservoir-146209732,Reservoir,3073,40B York Street,-37.7274604,144.9876459,4.0,2.0,house,2.0,2024-10-30,320.0,"$1,460,000",6.0,1.0,2.0,2.0,10199.064652705973
property-house-vic-reservoir-145785952,Reservoir,3073,15 Elizabeth Court,-37.699237,145.020975,3.0,1.0,house,4.0,2024-10-30,534.0,"$770,000",6.0,1.0,0.0,2.0,13976.347718604648
property-house-vic-reservoir-146186752,Reservoir,3073,37 Locher Avenue,-37.69875788,145.0228821,3.0,1.0,house,2.0,2024-10-30,580.0,"$660,000",6.0,1.0,0.0,2.0,14082.42204981442
property-house-vic-reservoir-145809744,Reservoir,3073,1/161 Boldrewood Parade,-37.711806,145.022617,2.0,1.0,house,1.0,2024-10-30,279.0,"$650,000",8.0,1.0,2.0,2.0,12717.382802745673
property-unit-vic-reservoir-146330032,Reservoir,3073,3/32 O'Connor Street,-37.7104169,145.004534,3.0,1.0,unit,3.0,2024-10-29,258.0,"$780,000",9.0,1.0,3.0,4.0,12364.63023163494
property-house-vic-reservoir-146220368,Reservoir,3073,9 Joffre Street,-37.72995994,145.012543,4.0,2.0,house,2.0,2024-10-26,803.0,"$2,213,000",9.0,1.0,2.0,3.0,10514.26517913273
property-house-vic-reservoir-146062100,Reservoir,3073,16 Joffre Street,-37.72946033,145.0129896,5.0,2.0,house,3.0,2024-10-26,640.0,"$1,880,000",9.0,1.0,2.0,3.0,10580.345434274515
property-house-vic-reservoir-146182772,Reservoir,3073,25 Knox Street,-37.725384,144.988136,3.0,1.0,house,3.0,2024-10-26,725.0,"$1,156,000",6.0,1.0,2.0,3.0,10433.886467841176
property-house-vic-reservoir-146126972,Reservoir,3073,21 Gellibrand Crescent,-37.704626,145.005962,3.0,1.0,house,6.0,2024-10-26,904.0,"$1,126,000",7.0,1.0,2.0,3.0,13019.40734706513
property-house-vic-reservoir-146095032,Reservoir,3073,23 Taylor Avenue,-37.722714,144.999123,3.0,1.0,house,2.0,2024-10-26,634.0,"$945,000",9.0,0.0,1.0,4.0,10921.787692105125
property-house-vic-reservoir-146104172,Reservoir,3073,30 Dredge Street,-37.69436965,144.9961999,3.0,1.0,house,4.0,2024-10-26,922.0,"$920,000",6.0,2.0,4.0,2.0,13952.700930701289
property-house-vic-reservoir-146208832,Reservoir,3073,47 Keon Parade,-37.69579,145.017494,3.0,1.0,house,4.0,2024-10-26,575.0,"$695,000",7.0,1.0,3.0,3.0,14243.99804562495
property-unit-vic-reservoir-146191600,Reservoir,3073,2/15 Chenies Street,-37.71084443,145.0289197,3.0,1.0,unit,2.0,2024-10-26,200.0,"$627,500",7.0,1.0,1.0,1.0,13031.446715192837
property-house-vic-reservoir-146139688,Reservoir,3073,12 McColl Street,-37.73057904,145.0192203,3.0,1.0,house,2.0,2024-10-25,550.0,"$917,500",6.0,1.0,2.0,3.0,10680.18481986803
property-unit-vic-reservoir-145816280,Reservoir,3073,3/41A Broadhurst Avenue,-37.70845225,145.0024483,3.0,1.0,unit,2.0,2024-10-25,224.0,"$657,000",8.0,1.0,2.0,3.0,12531.483550261895
property-house-vic-reservoir-146114668,Reservoir,3073,26 Kirby Street,-37.730655,145.033437,3.0,1.0,house,4.0,2024-10-24,581.0,"$948,000",6.0,1.0,2.0,0.0,11249.121540582822
property-house-vic-reservoir-146213984,Reservoir,3073,50 Lloyd Avenue,-37.697946,145.015974,3.0,1.0,house,2.0,2024-10-23,604.0,"$889,000",6.0,1.0,2.0,3.0,13975.269501045808
property-unit-vic-reservoir-146121700,Reservoir,3073,5/206 Spring Street,-37.72107458,145.003588,3.0,1.0,unit,1.0,2024-10-23,204.0,"$595,000",11.0,0.0,2.0,4.0,11199.453856391538
property-house-vic-reservoir-146099108,Reservoir,3073,18 Ayr Street,-37.70622025,145.0331392,5.0,2.0,house,2.0,2024-10-19,901.0,"$1,053,500",7.0,1.0,2.0,0.0,13652.585700471896
property-house-vic-reservoir-146221892,Reservoir,3073,1001 High Street,-37.704623,145.009512,3.0,1.0,house,6.0,2024-10-19,988.0,"$945,000",8.0,1.0,2.0,3.0,13101.558471855038
property-house-vic-reservoir-146086984,Reservoir,3073,2/12 Ayr Street,-37.706477,145.0325562,4.0,1.0,house,2.0,2024-10-19,544.0,"$925,000",7.0,1.0,1.0,0.0,13605.405979173267
property-house-vic-reservoir-146121204,Reservoir,3073,22 Callander Street,-37.694836,144.993567,3.0,1.0,house,6.0,2024-10-19,786.0,"$880,000",5.0,2.0,2.0,1.0,13863.363611355331
property-house-vic-reservoir-144335124,Reservoir,3073,716 Gilbert Road,-37.718969,144.993506,4.0,1.0,house,8.0,2024-10-19,626.0,"$843,000",8.0,0.0,1.0,3.0,11220.076783389242
property-house-vic-reservoir-146145888,Reservoir,3073,22 Winter Crescent,-37.719001,145.027982,3.0,1.0,house,2.0,2024-10-19,684.0,"$812,000",9.0,1.0,1.0,1.0,12172.416928700099
property-house-vic-reservoir-145989704,Reservoir,3073,2 Elizabeth Court,-37.699381,145.021448,3.0,1.0,house,3.0,2024-10-16,528.0,"$720,000",6.0,1.0,0.0,2.0,13974.944146130154
property-unit-vic-reservoir-146166404,Reservoir,3073,3/81 St Vigeons Road,-37.70642506,145.0221662,2.0,1.0,unit,1.0,2024-10-16,199.0,"$681,000",8.0,1.0,1.0,3.0,13260.597425951013
property-house-vic-reservoir-144847304,Reservoir,3073,169 Cheddar Road,-37.69641,145.021629,3.0,1.0,house,2.0,2024-10-15,522.0,"$516,000",7.0,1.0,1.0,3.0,14292.259791381544
property-house-vic-reservoir-146001884,Reservoir,3073,25 Darebin Boulevard,-37.703554,145.022562,3.0,2.0,house,5.0,2024-10-12,836.0,"$1,060,000",8.0,1.0,1.0,2.0,13571.767181456298
property-house-vic-reservoir-145926008,Reservoir,3073,50 Cheddar Road,-37.709589,145.013142,3.0,2.0,house,2.0,2024-10-12,450.0,"$845,000",7.0,1.0,3.0,3.0,12665.837102105057
property-house-vic-reservoir-145896952,Reservoir,3073,73 Lane Crescent,-37.712984,145.021131,3.0,1.0,house,2.0,2024-10-12,678.0,"$685,000",9.0,1.0,2.0,2.0,12547.389941336938
property-villa-vic-reservoir-145974552,Reservoir,3073,2/16 Cuthbert Road,-37.71648085,145.0149235,2.0,1.0,villa,2.0,2024-10-12,178.0,"$585,000",11.0,1.0,2.0,3.0,11991.056809278783
property-unit-vic-reservoir-146034632,Reservoir,3073,4/14 Drysdale Street,-37.72959286,145.0243933,2.0,1.0,unit,1.0,2024-10-12,120.0,"$453,600",8.0,1.0,1.0,1.0,10974.869796100646
property-house-vic-reservoir-146046368,Reservoir,3073,93 Broadhurst Avenue,-37.707957,144.996718,3.0,1.0,house,1.0,2024-10-11,762.0,"$931,000",6.0,1.0,2.0,3.0,12476.151859152225
property-house-vic-reservoir-145672228,Reservoir,3073,13 Lindenow Street,-37.697001,145.005406,3.0,1.0,house,1.0,2024-10-11,860.0,"$910,000",6.0,1.0,4.0,2.0,13830.329001369675
property-house-vic-reservoir-145723228,Reservoir,3073,38 Oakhill Avenue,-37.727103,145.014583,4.0,1.0,house,1.0,2024-10-10,661.0,"$1,310,000",8.0,1.0,2.0,3.0,10875.66176921444
property-house-vic-reservoir-145926012,Reservoir,3073,6 Fordham Road,-37.714629,145.019295,5.0,3.0,house,3.0,2024-10-09,670.0,"$1,040,000",10.0,1.0,2.0,2.0,12318.292551041364
property-house-vic-reservoir-145592868,Reservoir,3073,2 Liston Avenue,-37.697617,145.020531,3.0,1.0,house,3.0,2024-10-04,541.0,"$660,000",8.0,1.0,2.0,2.0,14134.026395901421
property-unit-vic-reservoir-145160908,Reservoir,3073,3/21 Harmer Street,-37.70158801,145.0150814,3.0,2.0,unit,2.0,2024-10-02,230.0,"$682,000",5.0,1.0,1.0,3.0,13565.304117575706
property-unit-vic-reservoir-145782140,Reservoir,3073,2/27 Erskine Avenue,-37.72254649,145.0245136,2.0,1.0,unit,1.0,2024-10-02,127.0,"$515,000",11.0,1.0,2.0,1.0,11686.126715777555
property-townhouse-vic-reservoir-145397216,Reservoir,3073,3/12 Delaware Street,-37.72059084,145.0151814,2.0,1.0,townhouse,1.0,2024-10-01,102.0,"$675,000",12.0,1.0,2.0,3.0,11569.95148156504
property-house-vic-reservoir-145927132,Reservoir,3073,191 Spring Street,-37.722175,145.001872,2.0,1.0,house,2.0,2024-09-28,652.0,"$720,000",11.0,0.0,2.0,4.0,11041.100614234076
property-house-vic-reservoir-145609904,Reservoir,3073,25 Andrews Avenue,-37.730179,145.033518,2.0,1.0,house,1.0,2024-09-27,525.0,"$625,000",6.0,1.0,2.0,0.0,11298.424252215606
property-house-vic-reservoir-145991120,Reservoir,3073,44 Locher Avenue,-37.69858,145.023148,3.0,1.0,house,4.0,2024-09-25,584.0,"$890,000",5.0,1.0,0.0,2.0,14108.944238660068
property-house-vic-reservoir-145677156,Reservoir,3073,74 Radford Road,-37.704076,144.983677,3.0,1.0,house,2.0,2024-09-23,860.0,"$910,000",5.0,2.0,2.0,0.0,12731.120904629857
property-unit-vic-reservoir-145852372,Reservoir,3073,2/165-169 Broadhurst Avenue,-37.70726065,144.9888327,2.0,1.0,unit,1.0,2024-09-21,148.0,"$532,000",6.0,2.0,2.0,2.0,12435.04808666329
property-townhouse-vic-reservoir-145893392,Reservoir,3073,1/116 Summerhill Road,-37.72564236,145.0242062,3.0,2.0,townhouse,2.0,2024-09-17,213.0,"$675,000",9.0,1.0,2.0,2.0,11362.849893793737
property-house-vic-reservoir-145781888,Reservoir,3073,57 Lawley Street,-37.701223,144.990798,4.0,1.0,house,4.0,2024-09-16,802.0,"$1,120,000",3.0,2.0,1.0,2.0,13124.345479854628
property-house-vic-reservoir-143204232,Reservoir,3073,955 High Street,-37.70977,145.008512,4.0,1.0,house,4.0,2024-09-16,653.0,"$915,000",8.0,1.0,3.0,3.0,12527.17438050827
property-house-vic-reservoir-145296732,Reservoir,3073,1/14 Smith Street,-37.70258296,145.0120486,3.0,1.0,house,1.0,2024-09-16,342.0,"$715,000",7.0,1.0,2.0,3.0,13381.590450797365
property-house-vic-reservoir-145788604,Reservoir,3073,62 Orrong Avenue,-37.71236,145.013525,2.0,1.0,house,1.0,2024-09-16,650.0,"$675,000",7.0,2.0,3.0,3.0,12383.67613461447
property-house-vic-reservoir-145795524,Reservoir,3073,109 Cuthbert Road,-37.716208,145.010336,2.0,1.0,house,1.0,2024-09-14,841.0,"$1,256,000",10.0,1.0,2.0,3.0,11889.599932812738
property-house-vic-reservoir-145811864,Reservoir,3073,52 Dredge Street,-37.695508,144.993889,3.0,2.0,house,4.0,2024-09-14,738.0,"$900,000",4.0,1.0,2.0,2.0,13794.07468479974
property-house-vic-reservoir-145810620,Reservoir,3073,15 McMahon Road,-37.71174,145.023569,3.0,1.0,house,2.0,2024-09-14,296.0,"$820,000",8.0,1.0,2.0,2.0,12755.556417767348
property-house-vic-reservoir-145894564,Reservoir,3073,37 Botha Avenue,-37.703018,145.000946,3.0,2.0,house,6.0,2024-09-13,846.0,"$1,123,000",7.0,1.0,2.0,3.0,13090.289279042761
property-house-vic-reservoir-145458508,Reservoir,3073,18 Thackeray Road,-37.721487,145.014483,3.0,1.0,house,6.0,2024-09-11,697.0,"$1,125,000",10.0,1.0,2.0,3.0,11455.072886099588
property-house-vic-reservoir-145877460,Reservoir,3073,16 Inverness Street,-37.70303,145.030051,3.0,1.0,house,3.0,2024-09-11,836.0,"$1,045,000",7.0,0.0,1.0,2.0,13868.579750923236
property-house-vic-reservoir-145750796,Reservoir,3073,64 Yarra Avenue,-37.718911,145.017786,4.0,2.0,house,2.0,2024-09-07,837.0,"$1,450,000",12.0,1.0,2.0,3.0,11826.403970505096
property-house-vic-reservoir-145718792,Reservoir,3073,25 Greig Street,-37.701424,144.986732,4.0,2.0,house,3.0,2024-09-07,753.0,"$1,320,000",5.0,2.0,2.0,0.0,13054.2222266149
property-house-vic-reservoir-145462356,Reservoir,3073,184 Spring Street,-37.722317,145.002254,2.0,1.0,house,3.0,2024-09-06,565.0,"$723,000",11.0,0.0,2.0,4.0,11034.77405953286
property-unit-vic-reservoir-145900460,Reservoir,3073,40A Liston Avenue,-37.69707055,145.017489,2.0,2.0,unit,1.0,2024-09-04,181.0,"$610,000",7.0,1.0,2.0,3.0,14108.11591093144
property-house-vic-reservoir-145673060,Reservoir,3073,17 Leamington Street,-37.713113,145.006358,3.0,1.0,house,2.0,2024-08-31,744.0,"$1,085,000",10.0,1.0,3.0,3.0,12117.630928804103
property-house-vic-reservoir-145679780,Reservoir,3073,65 Darebin Boulevard,-37.703618,145.026927,3.0,1.0,house,3.0,2024-08-31,892.0,"$1,073,000",8.0,0.0,1.0,2.0,13703.555070916793
property-house-vic-reservoir-145659908,Reservoir,3073,1/41 Marchant Avenue,-37.71394227,145.0134914,3.0,2.0,house,1.0,2024-08-31,343.0,"$676,000",10.0,1.0,2.0,3.0,12216.00969677924
property-townhouse-vic-reservoir-145700160,Reservoir,3073,5/830 High Street,-37.72384649,145.006709,2.0,1.0,townhouse,1.0,2024-08-31,144.0,"$675,000",11.0,0.0,2.0,4.0,10983.398207926015
property-house-vic-reservoir-145494780,Reservoir,3073,33 Wilson Boulevard,-37.705361,144.994066,3.0,1.0,house,6.0,2024-08-30,1545.0,"$960,000",5.0,2.0,2.0,3.0,12716.484711136214
property-house-vic-reservoir-145751400,Reservoir,3073,11 Broadhurst Avenue,-37.708854,145.007107,2.0,1.0,house,2.0,2024-08-28,844.0,"$960,000",8.0,1.0,3.0,3.0,12591.419936947314
property-house-vic-reservoir-145633120,Reservoir,3073,151 Broadhurst Avenue,-37.707402,144.990597,3.0,1.0,house,4.0,2024-08-24,715.0,"$932,500",6.0,2.0,2.0,2.0,12442.449743771358
property-unit-vic-reservoir-145622144,Reservoir,3073,1/41 Lloyd Avenue,-37.6981489,145.0135674,2.0,1.0,unit,2.0,2024-08-24,235.0,"$650,000",7.0,1.0,2.0,3.0,13892.287855431123
property-house-vic-reservoir-145389456,Reservoir,3073,30  Joffre Street,-37.72836066,145.013181,3.0,2.0,house,5.0,2024-08-21,730.0,"$1,430,000",10.0,1.0,2.0,3.0,10700.307070543324
property-house-vic-reservoir-145528684,Reservoir,3073,36 Greig Street,-37.699849,144.984733,4.0,1.0,house,4.0,2024-08-17,760.0,"$1,075,000",5.0,2.0,2.0,0.0,13208.275079692352
property-house-vic-reservoir-145541356,Reservoir,3073,20 North Road,-37.721508,145.023741,3.0,1.0,house,4.0,2024-08-17,640.0,"$950,888",12.0,1.0,2.0,3.0,11763.026961637242
property-townhouse-vic-reservoir-145557552,Reservoir,3073,2/44 Rathcown Road,-37.71024321,145.0303321,2.0,1.0,townhouse,2.0,2024-08-17,133.0,"$640,000",6.0,1.0,1.0,1.0,13143.210455840139
property-house-vic-reservoir-145114516,Reservoir,3073,23 Kenilworth Street,-37.714166,145.005241,3.0,1.0,house,4.0,2024-08-15,1011.0,"$1,420,000",10.0,1.0,3.0,3.0,11978.368838484499
property-house-vic-reservoir-145678244,Reservoir,3073,1 Kilmore Avenue,-37.718887,145.024911,3.0,1.0,house,1.0,2024-08-15,601.0,"$890,000",12.0,1.0,2.0,2.0,12071.05520096341
property-house-vic-reservoir-144646204,Reservoir,3073,25 Barton Street,-37.71194205,145.0056252,3.0,1.0,house,2.0,2024-08-14,624.0,"$975,000",9.0,1.0,3.0,4.0,12225.739691126584
property-townhouse-vic-reservoir-139427311,Reservoir,3073,2/4 Clingin Street,-37.72871676,145.0360576,2.0,1.0,townhouse,1.0,2024-08-14,199.0,"$530,000",6.0,1.0,2.0,0.0,11551.867771735053
property-house-vic-reservoir-145540672,Reservoir,3073,224 Albert Street,-37.728493,145.025949,3.0,1.0,house,2.0,2024-08-12,715.0,"$717,500",9.0,1.0,2.0,0.0,11145.491959659803
property-house-vic-reservoir-145399044,Reservoir,3073,17 Tovey Street,-37.701011,144.999514,3.0,1.0,house,1.0,2024-08-09,693.0,"$780,000",6.0,1.0,1.0,3.0,13282.105466628906
property-unit-vic-reservoir-145297000,Reservoir,3073,5/835 Plenty Road,-37.72381265,145.0273178,2.0,1.0,unit,2.0,2024-08-09,180.0,"$545,000",8.0,1.0,1.0,1.0,11665.037217438134
property-house-vic-reservoir-145464952,Reservoir,3073,60 Wilson Boulevard,-37.699177,144.993405,4.0,1.0,house,4.0,2024-08-03,956.0,"$1,020,000",4.0,2.0,2.0,2.0,13384.560711506992
property-house-vic-reservoir-145487596,Reservoir,3073,82 Rathcown Road,-37.709472,145.023981,3.0,1.0,house,3.0,2024-08-03,890.0,"$1,001,500",8.0,1.0,1.0,3.0,13002.927594513534
property-house-vic-reservoir-145456012,Reservoir,3073,76 Whitelaw Street,-37.712292,145.02022,4.0,1.0,house,3.0,2024-08-03,700.0,"$955,000",8.0,1.0,2.0,2.0,12590.03234569735
property-house-vic-reservoir-143503588,Reservoir,3073,53 Burbank Drive,-37.699616,145.025797,4.0,1.0,house,1.0,2024-08-03,614.0,"$700,000",5.0,0.0,0.0,2.0,14081.800692953648
property-unit-vic-reservoir-145350220,Reservoir,3073,1/75 Purinuan Road,-37.70913135,145.0272687,3.0,1.0,unit,2.0,2024-08-03,170.0,"$590,000",7.0,1.0,1.0,2.0,13148.378214587126
property-house-vic-reservoir-145516768,Reservoir,3073,16 Station Street,-37.72938,145.003187,2.0,1.0,house,1.0,2024-08-02,370.0,"$850,000",10.0,0.0,2.0,4.0,10303.699557851516
property-house-vic-reservoir-143371864,Reservoir,3073,4 Orrong Avenue,-37.714813,145.009353,3.0,1.0,house,2.0,2024-08-01,652.0,"$890,000",10.0,1.0,3.0,3.0,12011.380586899755
property-house-vic-reservoir-145248736,Reservoir,3073,7 Crookston Road,-37.710784,145.023754,3.0,1.0,house,2.0,2024-08-01,706.0,"$840,000",8.0,1.0,2.0,2.0,12860.16653441899
property-house-vic-reservoir-144937064,Reservoir,3073,35 Bray Street,-37.69835,144.986112,4.0,2.0,house,2.0,2024-07-31,832.0,"$1,130,000",5.0,2.0,2.0,0.0,13387.28288975208
property-house-vic-reservoir-144765656,Reservoir,3073,14 Ryan Street,-37.701821,144.998381,3.0,1.0,house,1.0,2024-07-29,766.0,"$780,000",5.0,1.0,2.0,3.0,13173.895115757394
property-house-vic-reservoir-145412604,Reservoir,3073,21 Henderson Street,-37.697477,145.00156,4.0,2.0,house,2.0,2024-07-27,864.0,"$1,131,000",7.0,1.0,3.0,2.0,13703.791601968793
property-house-vic-reservoir-145407244,Reservoir,3073,34 Daventry Street,-37.713394,145.001665,3.0,1.0,house,1.0,2024-07-27,613.0,"$1,120,000",9.0,1.0,2.0,3.0,11981.410765494844
property-house-vic-reservoir-144980552,Reservoir,3073,3 Rodman Street,-37.702802,145.007893,3.0,1.0,house,6.0,2024-07-27,946.0,"$975,000",7.0,1.0,2.0,3.0,13258.843464927775
property-house-vic-reservoir-145377784,Reservoir,3073,42 Broadhurst Avenue,-37.708135,145.002453,3.0,1.0,house,8.0,2024-07-27,960.0,"$970,000",8.0,1.0,2.0,3.0,12565.863741414349
property-house-vic-reservoir-144708328,Reservoir,3073,25 Ludeman Court,-37.698601,144.997708,3.0,1.0,house,4.0,2024-07-27,956.0,"$880,000",4.0,1.0,2.0,2.0,13513.825286084573
property-house-vic-reservoir-145399488,Reservoir,3073,63 Rathcown Road,-37.710272,145.028157,3.0,1.0,house,3.0,2024-07-27,742.0,"$842,000",7.0,1.0,1.0,1.0,13062.725523007226
property-townhouse-vic-reservoir-145399468,Reservoir,3073,4/75 St Vigeons Road,-37.70679082,145.0227542,2.0,1.0,townhouse,1.0,2024-07-27,144.0,"$677,888",8.0,1.0,1.0,3.0,13240.99638122097
property-unit-vic-reservoir-145399036,Reservoir,3073,17 Lawson Street,-37.71807,145.014875,2.0,1.0,unit,2.0,2024-07-27,190.0,"$600,000",11.0,1.0,2.0,3.0,11823.442049689915
property-unit-vic-reservoir-145399024,Reservoir,3073,5/2 Griffiths Street,-37.71432951,144.9958,2.0,1.0,unit,1.0,2024-07-27,207.0,"$560,000",6.0,0.0,2.0,3.0,11765.674687484403
property-unit-vic-reservoir-145342408,Reservoir,3073,9/2A Crookston Road,-37.71053544,145.0244011,2.0,1.0,unit,1.0,2024-07-27,142.0,"$520,000",8.0,1.0,2.0,2.0,12907.226741228076
property-townhouse-vic-reservoir-145411728,Reservoir,3073,1/134 Purinuan Road,-37.70759993,145.0174453,2.0,1.0,townhouse,2.0,2024-07-25,209.0,"$633,500",9.0,2.0,3.0,3.0,12996.029951175191
property-house-vic-reservoir-145120376,Reservoir,3073,23 Drysdale Street,-37.729818,145.023837,3.0,1.0,house,4.0,2024-07-23,533.0,"$747,000",8.0,1.0,1.0,1.0,10930.724102529379
property-house-vic-reservoir-145324324,Reservoir,3073,173 Rathcown Road,-37.7086,145.014499,4.0,2.0,house,1.0,2024-07-20,737.0,"$950,000",8.0,1.0,3.0,3.0,12807.449401860342
property-house-vic-reservoir-145335584,Reservoir,3073,1A Rodman Street,-37.70304,145.008114,3.0,1.0,house,2.0,2024-07-20,484.0,"$832,000",7.0,1.0,2.0,3.0,13238.345954855371
property-townhouse-vic-reservoir-145338408,Reservoir,3073,3/39 Marchant Avenue,-37.71427042,145.0135078,2.0,2.0,townhouse,1.0,2024-07-17,117.0,"$650,000",10.0,1.0,2.0,3.0,12181.929152803092
property-house-vic-reservoir-145302980,Reservoir,3073,27 Ryan Street,-37.700121,144.998075,3.0,1.0,house,4.0,2024-07-13,600.0,"$840,000",4.0,1.0,1.0,2.0,13354.04612381802
property-house-vic-reservoir-143503432,Reservoir,3073,106 Miranda Road,-37.706463,145.016563,3.0,2.0,house,4.0,2024-07-13,744.0,"$827,000",8.0,1.0,3.0,3.0,13090.388814093641
property-unit-vic-reservoir-145296616,Reservoir,3073,1/21 Whitelaw Street,-37.71494298,145.0142841,2.0,1.0,unit,1.0,2024-07-13,197.0,"$590,000",11.0,1.0,2.0,3.0,12133.487960186141
property-house-vic-reservoir-145210464,Reservoir,3073,33 Shand Road,-37.721121,145.019508,3.0,1.0,house,1.0,2024-07-10,633.0,"$1,085,000",12.0,1.0,2.0,3.0,11654.928793145402
property-house-vic-reservoir-144802016,Reservoir,3073,7A Broadhurst Avenue,-37.709152,145.007477,4.0,2.0,house,2.0,2024-07-09,353.0,"$815,000",8.0,1.0,3.0,3.0,12568.257390075234
property-townhouse-vic-reservoir-145220104,Reservoir,3073,20 White Street,-37.70973884,145.0097147,2.0,1.0,townhouse,1.0,2024-07-08,120.0,"$535,000",8.0,1.0,3.0,3.0,12560.380600751923
property-house-vic-reservoir-145253304,Reservoir,3073,148 Spring Street,-37.726106,145.001448,3.0,1.0,house,1.0,2024-07-06,402.0,"$910,000",10.0,0.0,1.0,3.0,10609.891247062875
property-townhouse-vic-reservoir-145203984,Reservoir,3073,1/58 Marchant Avenue,-37.71360963,145.0152395,3.0,2.0,townhouse,2.0,2024-07-06,212.0,"$700,000",10.0,1.0,2.0,3.0,12301.196641887122
property-townhouse-vic-reservoir-145220796,Reservoir,3073,3/97 Cuthbert Road,-37.71635074,145.0115035,2.0,1.0,townhouse,1.0,2024-07-06,109.0,"$625,000",10.0,1.0,2.0,3.0,11906.464892274673
property-house-vic-reservoir-145185728,Reservoir,3073,28 Barwon Avenue,-37.72276,145.023719,3.0,1.0,house,2.0,2024-07-04,673.0,"$1,005,000",11.0,1.0,2.0,2.0,11635.414058305874
property-house-vic-reservoir-144309616,Reservoir,3073,42 Seston Street,-37.730004,145.034374,2.0,1.0,house,2.0,2024-07-02,603.0,"$715,000",6.0,1.0,2.0,0.0,11353.262583549218
property-house-vic-reservoir-145180828,Reservoir,3073,3 Hillcroft Street,-37.719593,144.989949,3.0,2.0,house,1.0,2024-06-29,557.0,"$1,150,000",7.0,0.0,2.0,2.0,11095.317214316878
property-house-vic-reservoir-144940068,Reservoir,3073,26 Gisborne Crescent,-37.71935,145.023515,3.0,1.0,house,3.0,2024-06-27,598.0,"$800,000",12.0,1.0,2.0,2.0,11974.253522007622
property-house-vic-reservoir-145161508,Reservoir,3073,43 Miranda Road,-37.707469,145.022254,4.0,1.0,house,6.0,2024-06-24,892.0,"$1,100,000",8.0,1.0,1.0,3.0,13154.83759433748
property-house-vic-reservoir-145083072,Reservoir,3073,38 Manoel Avenue,-37.699062,145.034715,3.0,2.0,house,2.0,2024-06-22,841.0,"$1,087,000",6.0,0.0,1.0,0.0,14435.940663017864
property-house-vic-reservoir-145073844,Reservoir,3073,7 Pratt Street,-37.710958,145.010034,3.0,1.0,house,4.0,2024-06-22,636.0,"$890,000",8.0,1.0,3.0,3.0,12438.70442036178
property-unit-vic-reservoir-145070044,Reservoir,3073,2/20 Erskine Avenue,-37.72315145,145.0253178,3.0,1.0,unit,2.0,2024-06-22,261.0,"$721,000",10.0,1.0,2.0,1.0,11655.043281167831
property-unit-vic-reservoir-145109888,Reservoir,3073,2/123 Boldrewood Parade,-37.71467114,145.0219856,2.0,1.0,unit,1.0,2024-06-22,147.0,"$565,000",9.0,1.0,2.0,2.0,12401.167495442274
property-unit-vic-reservoir-144659260,Reservoir,3073,4/16 View Street,-37.71923925,144.9911434,2.0,1.0,unit,1.0,2024-06-21,165.0,"$651,000",7.0,0.0,2.0,2.0,11152.123945836625
property-house-vic-reservoir-144074360,Reservoir,3073,47 Lane Crescent,-37.713431,145.018794,3.0,1.0,house,1.0,2024-06-18,636.0,"$710,000",9.0,1.0,2.0,2.0,12427.005814677197
property-house-vic-reservoir-143583704,Reservoir,3073,7 Dredge Street,-37.694871,144.998262,4.0,2.0,house,6.0,2024-06-17,920.0,"$965,000",7.0,2.0,4.0,2.0,13930.382109548662
property-townhouse-vic-reservoir-144687628,Reservoir,3073,1/105 Cheddar Road,-37.70479985,145.0154738,2.0,1.0,townhouse,1.0,2024-06-14,264.0,"$600,000",7.0,1.0,3.0,3.0,13235.684369755883
property-house-vic-reservoir-144864376,Reservoir,3073,63 Glasgow Avenue,-37.703449,144.999256,3.0,1.0,house,2.0,2024-06-13,876.0,"$850,000",7.0,1.0,2.0,3.0,13012.099286544573
property-house-vic-reservoir-144185084,Reservoir,3073,64 Rathcown Road,-37.709995,145.028301,3.0,1.0,house,2.0,2024-06-13,742.0,"$790,000",7.0,1.0,1.0,1.0,13096.022623517261
property-townhouse-vic-reservoir-144866936,Reservoir,3073,1/6 Broadhurst AVENUE,-37.70859127,145.0078062,2.0,2.0,townhouse,1.0,2024-06-12,277.0,"$720,000",8.0,1.0,3.0,3.0,12636.121157975107
property-house-vic-reservoir-144844356,Reservoir,3073,20 Tunaley Parade,-37.696775,145.024591,3.0,1.0,house,4.0,2024-06-11,586.0,"$706,000",7.0,1.0,1.0,2.0,14340.869877787574
property-townhouse-vic-reservoir-143975000,Reservoir,3073,98 Whitelaw Street,-37.71248356,145.0221329,3.0,2.0,townhouse,1.0,2024-06-11,160.0,"$675,000",8.0,1.0,2.0,2.0,12631.614259710252
property-house-vic-reservoir-145118496,Reservoir,3073,54 Purinuan Road,-37.7088149,145.0272642,3.0,2.0,house,3.0,2024-06-07,412.0,"$961,000",7.0,1.0,1.0,2.0,13180.621251343346
property-house-vic-reservoir-144967140,Reservoir,3073,30 Loddon Avenue,-37.721931,145.025874,3.0,1.0,house,6.0,2024-06-04,670.0,"$820,000",10.0,1.0,2.0,1.0,11798.667289564733
property-house-vic-reservoir-144934428,Reservoir,3073,115 Purinuan Road,-37.70848924,145.0220049,3.0,1.0,house,2.0,2024-06-04,410.0,"$725,000",8.0,1.0,2.0,3.0,13041.06144566265
property-house-vic-reservoir-144940136,Reservoir,3073,116 North Road,-37.722538,145.014807,4.0,2.0,house,2.0,2024-06-01,743.0,"$1,111,000",9.0,1.0,2.0,3.0,11355.807624155648
property-house-vic-reservoir-144912716,Reservoir,3073,18 Best Street,-37.713581,144.99727,3.0,2.0,house,6.0,2024-06-01,759.0,"$962,500",5.0,1.0,2.0,3.0,11873.78624285703
property-house-vic-reservoir-144928896,Reservoir,3073,36 Massey Avenue,-37.703634,144.990018,3.0,1.0,house,6.0,2024-06-01,843.0,"$950,000",4.0,2.0,1.0,1.0,12849.100099770772
property-house-vic-reservoir-144927216,Reservoir,3073,18 Halsey Street,-37.70211,144.98677,3.0,1.0,house,2.0,2024-05-31,750.0,"$900,000",5.0,2.0,2.0,0.0,12978.911006685597
property-house-vic-reservoir-144693924,Reservoir,3073,27 Compton Street,-37.713689,145.002565,5.0,3.0,house,2.0,2024-05-30,613.0,"$1,120,000",9.0,1.0,3.0,3.0,11968.962334604508
property-house-vic-reservoir-144829340,Reservoir,3073,36 Nisbett Street,-37.727658,145.032064,2.0,1.0,house,5.0,2024-05-30,581.0,"$720,000",8.0,1.0,2.0,0.0,11479.047935571452
property-house-vic-reservoir-144725688,Reservoir,3073,26 Hickford Street,-37.705844,145.028513,3.0,2.0,house,3.0,2024-05-28,561.0,"$887,500",8.0,1.0,1.0,2.0,13527.69188050715
property-house-vic-reservoir-144835604,Reservoir,3073,67 Southernhay Street,-37.72548,145.008103,3.0,1.0,house,2.0,2024-05-25,764.0,"$1,280,000",10.0,1.0,2.0,4.0,10848.87031217872
property-house-vic-reservoir-144868152,Reservoir,3073,24 Crookston Road,-37.710238,145.021874,2.0,1.0,house,3.0,2024-05-25,892.0,"$979,000",8.0,1.0,2.0,3.0,12855.541076943793
property-house-vic-reservoir-144892648,Reservoir,3073,7 Crevelli Street,-37.73209476,145.0293429,3.0,2.0,house,1.0,2024-05-25,275.0,"$938,000",7.0,1.0,2.0,0.0,10931.562503762967
property-house-vic-reservoir-143019548,Reservoir,3073,999 High Street,-37.704776,145.009496,3.0,1.0,house,2.0,2024-05-22,985.0,"$1,010,000",8.0,1.0,2.0,3.0,13084.808353930226
property-house-vic-reservoir-144879744,Reservoir,3073,6 Titus Court,-37.700869,145.025832,3.0,2.0,house,3.0,2024-05-20,702.0,"$820,000",6.0,0.0,0.0,2.0,13952.777280849885
property-unit-vic-reservoir-144823020,Reservoir,3073,2/40 Home Street,-37.72574445,145.0207157,2.0,1.0,unit,2.0,2024-05-18,212.0,"$728,000",9.0,1.0,2.0,2.0,11224.36051949069
property-unit-vic-reservoir-144830600,Reservoir,3073,4/16 Barry Street,-37.70959438,145.006784,2.0,1.0,unit,1.0,2024-05-15,146.0,"$535,000",8.0,1.0,3.0,3.0,12504.494658547706
property-house-vic-reservoir-144749180,Reservoir,3073,57 Barry Street,-37.709322,145.001219,3.0,1.0,house,5.0,2024-05-14,803.0,"$1,135,000",8.0,1.0,2.0,3.0,12412.254185553491
property-house-vic-reservoir-144651632,Reservoir,3073,997 High Street,-37.704982,145.009457,3.0,2.0,house,6.0,2024-05-14,982.0,"$910,000",8.0,1.0,2.0,3.0,13061.837013474631
property-house-vic-reservoir-144738764,Reservoir,3073,12 Hughes Parade,-37.696967,145.009229,4.0,2.0,house,4.0,2024-05-11,837.0,"$1,220,000",7.0,1.0,4.0,3.0,13916.069885759183
property-house-vic-reservoir-144011100,Reservoir,3073,9 Allenby Avenue,-37.70466,145.00798,3.0,2.0,house,3.0,2024-05-10,945.0,"$890,000",7.0,1.0,2.0,3.0,13061.425466585384
property-house-vic-reservoir-144420252,Reservoir,3073,1 Henderson Street,-37.699773,145.00143,3.0,1.0,house,1.0,2024-05-09,536.0,"$800,000",5.0,1.0,2.0,3.0,13451.851290795868
property-unit-vic-reservoir-141224624,Reservoir,3073,1/1067 High Street,-37.69823009,145.0106247,2.0,1.0,unit,1.0,2024-05-08,87.0,"$380,000",7.0,1.0,2.0,2.0,13812.492563589456
property-house-vic-reservoir-144726104,Reservoir,3073,18 Sturdee Street,-37.701328,145.009169,3.0,2.0,house,8.0,2024-05-04,912.0,"$1,411,000",7.0,1.0,2.0,3.0,13446.397182417824
property-house-vic-reservoir-144671356,Reservoir,3073,37 Oakhill Avenue,-37.727457,145.014154,3.0,1.0,house,2.0,2024-05-04,515.0,"$1,062,500",9.0,1.0,2.0,3.0,10825.152973521106
property-house-vic-reservoir-144727864,Reservoir,3073,8 Arundel Avenue,-37.696781,145.020678,2.0,1.0,house,2.0,2024-05-04,575.0,"$811,000",7.0,1.0,1.0,3.0,14226.216916747842
property-house-vic-reservoir-144706484,Reservoir,3073,64 Tracey Street,-37.699564,144.995005,3.0,1.0,house,4.0,2024-05-03,605.0,"$780,000",4.0,1.0,2.0,2.0,13365.638667261364
property-house-vic-reservoir-144786468,Reservoir,3073,10 Legh Street,-37.703129,144.986833,4.0,1.0,house,4.0,2024-05-01,774.0,"$1,030,000",6.0,2.0,2.0,0.0,12867.135706904728
property-unit-vic-reservoir-144525636,Reservoir,3073,2/39 Boldrewood Parade,-37.72190777,145.021144,3.0,1.0,unit,2.0,2024-05-01,136.0,"$675,000",12.0,1.0,2.0,3.0,11630.2937363985
property-house-vic-reservoir-144462296,Reservoir,3073,21 Gertz Avenue,-37.700254,145.031599,3.0,1.0,house,1.0,2024-04-30,557.0,"$751,500",6.0,0.0,1.0,1.0,14205.918250591543
property-unit-vic-reservoir-144316304,Reservoir,3073,6/119-125 Mahoneys Road,-37.69319916,144.9923746,2.0,1.0,unit,2.0,2024-04-30,325.0,"$550,500",5.0,2.0,2.0,1.0,14027.257590366735
property-unit-vic-reservoir-144653696,Reservoir,3073,4/18-20 Fordham Road,-37.71423059,145.0203875,2.0,1.0,unit,1.0,2024-04-29,176.0,"$570,000",9.0,1.0,2.0,2.0,12394.455098055321
property-house-vic-reservoir-144609160,Reservoir,3073,1 Steane Street,-37.730985,145.026779,5.0,3.0,house,2.0,2024-04-27,583.0,"$1,300,000",8.0,1.0,2.0,0.0,10932.653619835217
property-house-vic-reservoir-144618984,Reservoir,3073,31 North Road,-37.721616,145.024282,3.0,2.0,house,2.0,2024-04-27,636.0,"$1,021,000",12.0,1.0,2.0,1.0,11771.70425126073
property-unit-vic-reservoir-144655060,Reservoir,3073,2/24 Kingsley Road,-37.7209688,144.9903687,2.0,1.0,unit,6.0,2024-04-27,308.0,"$805,000",7.0,0.0,2.0,2.0,10950.861370123523
property-house-vic-reservoir-144496936,Reservoir,3073,220 Albert Street,-37.728916,145.025881,2.0,1.0,house,2.0,2024-04-27,703.0,"$782,800",9.0,1.0,2.0,0.0,11100.818139532166
property-unit-vic-reservoir-144623272,Reservoir,3073,2/8 O'Connor Street,-37.7106513,145.0065964,2.0,1.0,unit,1.0,2024-04-27,143.0,"$615,000",9.0,1.0,3.0,4.0,12386.839974114135
property-unit-vic-reservoir-144687748,Reservoir,3073,19 Coleman Crescent,-37.7213906,144.9994061,2.0,1.0,unit,1.0,2024-04-26,321.0,"$728,000",10.0,0.0,1.0,4.0,11070.576629502515
property-unit-vic-reservoir-144433192,Reservoir,3073,2/35 Clements Grove,-37.71185255,145.0238261,3.0,1.0,unit,2.0,2024-04-26,213.0,"$670,000",8.0,1.0,2.0,2.0,12752.525292856464
property-house-vic-reservoir-144604120,Reservoir,3073,1/17 Barton Street,-37.71199808,145.0061617,3.0,2.0,house,2.0,2024-04-23,309.0,"$830,000",9.0,1.0,3.0,4.0,12232.316057553742
property-unit-vic-reservoir-144276708,Reservoir,3073,1/22 Summerhill Road,-37.7269964,145.0333408,3.0,1.0,unit,1.0,2024-04-23,290.0,"$560,000",6.0,1.0,2.0,0.0,11597.960343212533
property-house-vic-reservoir-144233748,Reservoir,3073,20 Elinda Place,-37.697794,145.023398,3.0,1.0,house,1.0,2024-04-22,162.0,"$524,400",7.0,1.0,1.0,2.0,14198.632352544322
property-house-vic-reservoir-144576404,Reservoir,3073,20 Queen Street,-37.72747309,145.0122373,4.0,3.0,house,4.0,2024-04-20,990.0,"$2,515,000",11.0,1.0,2.0,3.0,10762.55463102482
property-house-vic-reservoir-144584556,Reservoir,3073,7 Tivey Street,-37.706453,145.002079,2.0,1.0,house,1.0,2024-04-20,767.0,"$950,000",7.0,1.0,2.0,3.0,12740.12021303275
property-house-vic-reservoir-144593056,Reservoir,3073,1/14 Armstrong Street,-37.723513,144.998979,2.0,1.0,house,1.0,2024-04-20,309.0,"$772,500",9.0,0.0,1.0,4.0,10832.542437368158
property-unit-vic-reservoir-144580636,Reservoir,3073,3/17 Evans Crescent,-37.71488477,145.0208095,2.0,1.0,unit,1.0,2024-04-20,208.0,"$620,000",10.0,1.0,2.0,2.0,12340.481568393003
property-unit-vic-reservoir-144583696,Reservoir,3073,3/11 Chaleyer Street,-37.72848342,145.028571,2.0,1.0,unit,1.0,2024-04-19,179.0,"$600,000",8.0,1.0,2.0,0.0,11252.212423593199
property-unit-vic-reservoir-144241268,Reservoir,3073,3/44 Rathcown Road,-37.71024321,145.0303321,3.0,1.0,unit,2.0,2024-04-17,213.0,"$737,500",6.0,1.0,1.0,1.0,13143.210455840139
property-house-vic-reservoir-144512444,Reservoir,3073,13 Dredge Street,-37.694825,144.997707,3.0,1.0,house,4.0,2024-04-13,920.0,"$862,000",6.0,2.0,4.0,2.0,13926.415533500063
property-house-vic-reservoir-144504692,Reservoir,3073,1A Ballan Street,-37.69568236,144.9895264,3.0,2.0,house,2.0,2024-04-11,204.0,"$890,000",5.0,2.0,2.0,1.0,13718.700684027086
property-townhouse-vic-reservoir-144483808,Reservoir,3073,20 Dredge Street,-37.69448157,144.9972109,3.0,2.0,townhouse,2.0,2024-04-06,290.0,"$996,000",6.0,2.0,4.0,2.0,13956.086908002782
property-house-vic-reservoir-144482536,Reservoir,3073,1043 High Street,-37.700516,145.010234,4.0,2.0,house,2.0,2024-04-06,949.0,"$866,500",6.0,1.0,1.0,3.0,13558.37285053425
property-house-vic-reservoir-144463672,Reservoir,3073,20 Glasgow Avenue,-37.70729399,145.0060298,4.0,1.0,house,1.0,2024-04-06,493.0,"$780,000",8.0,1.0,2.0,3.0,12733.975917340715
property-house-vic-reservoir-144368260,Reservoir,3073,13 Kennedy Street,-37.722695,144.986904,3.0,2.0,house,2.0,2024-04-03,585.0,"$1,102,000",6.0,0.0,2.0,2.0,10712.365209338384
property-house-vic-reservoir-144426768,Reservoir,3073,1/64 Seston Street,-37.72781187,145.034795,2.0,1.0,house,1.0,2024-04-02,266.0,"$560,000",6.0,1.0,2.0,0.0,11582.447455485357
property-house-vic-reservoir-144235740,Reservoir,3073,188 Edwardes Street,-37.715232,144.997418,3.0,1.0,house,4.0,2024-03-28,518.0,"$840,000",6.0,0.0,2.0,3.0,11697.184187118806
property-house-vic-reservoir-144396604,Reservoir,3073,135 Rathcown Road,-37.708988,145.017744,3.0,1.0,house,2.0,2024-03-27,743.0,"$1,105,000",8.0,2.0,3.0,3.0,12859.137583588088
property-house-vic-reservoir-140391675,Reservoir,3073,6 Clements Grove,-37.714337,145.022854,3.0,1.0,house,1.0,2024-03-27,700.0,"$880,000",9.0,1.0,2.0,2.0,12464.499411168092
property-house-vic-reservoir-144355648,Reservoir,3073,34 McMahon Road,-37.711218,145.0217,3.0,2.0,house,2.0,2024-03-26,750.0,"$1,100,000",8.0,1.0,2.0,2.0,12748.46612596761
property-unit-vic-reservoir-144034788,Reservoir,3073,4/7 Mccrae Street,-37.70575695,145.0106029,2.0,1.0,unit,1.0,2024-03-25,130.0,"$470,000",8.0,1.0,3.0,3.0,13007.087670148725
property-house-vic-reservoir-144361660,Reservoir,3073,7 Arbor Avenue,-37.722575,144.988825,3.0,2.0,house,4.0,2024-03-23,494.0,"$1,440,000",6.0,0.0,2.0,2.0,10751.936542567952
property-house-vic-reservoir-144388828,Reservoir,3073,113 Hughes Parade,-37.698574,144.99451,3.0,2.0,house,2.0,2024-03-23,837.0,"$1,242,000",4.0,1.0,2.0,2.0,13466.710016062665
property-house-vic-reservoir-144312196,Reservoir,3073,23 McComas Street,-37.728955,145.023407,2.0,1.0,house,3.0,2024-03-23,560.0,"$792,000",9.0,1.0,2.0,2.0,11000.315004577315
property-house-vic-reservoir-144359396,Reservoir,3073,95-97 Keon Parade,-37.695522,145.015081,3.0,1.0,house,3.0,2024-03-23,453.0,"$748,000",7.0,1.0,3.0,3.0,14210.212401977176
property-house-vic-reservoir-144170304,Reservoir,3073,42 Manoel Avenue,-37.698932,145.035047,6.0,4.0,house,2.0,2024-03-22,815.0,"$1,390,000",6.0,0.0,1.0,0.0,14460.915824336682
property-house-vic-reservoir-144387760,Reservoir,3073,11 Kelsby Street,-37.71443331,144.9980984,3.0,1.0,house,4.0,2024-03-21,674.0,"$1,450,000",5.0,0.0,2.0,3.0,11796.853128820008
property-house-vic-reservoir-144028416,Reservoir,3073,15 Greig Street,-37.701629,144.987645,6.0,2.0,house,6.0,2024-03-21,766.0,"$1,360,000",5.0,2.0,2.0,0.0,13041.557766103686
property-house-vic-reservoir-144366312,Reservoir,3073,3 Rose Court,-37.722355,144.999734,3.0,1.0,house,2.0,2024-03-20,511.0,"$917,000",10.0,0.0,1.0,4.0,10973.696018031855
property-house-vic-reservoir-141984604,Reservoir,3073,6 St Vigeons Road,-37.707367,145.032306,3.0,1.0,house,2.0,2024-03-20,719.0,"$875,000",7.0,1.0,1.0,0.0,13506.174079358449
property-house-vic-reservoir-144318912,Reservoir,3073,27 Arundel Avenue,-37.696829,145.018577,2.0,1.0,house,1.0,2024-03-20,329.0,"$580,000",7.0,1.0,2.0,3.0,14162.984542851927
property-townhouse-vic-reservoir-144287056,Reservoir,3073,3/59 St Vigeons Road,-37.70674815,145.0248202,2.0,1.0,townhouse,2.0,2024-03-19,157.0,"$530,000",7.0,1.0,1.0,3.0,13311.563045545841
property-house-vic-reservoir-144110276,Reservoir,3073,21 Pershing Street,-37.725464,144.99375,3.0,1.0,house,3.0,2024-03-18,429.0,"$960,000",8.0,0.0,2.0,3.0,10516.910905246692
property-house-vic-reservoir-144310036,Reservoir,3073,77 Cuthbert Road,-37.716576,145.013435,3.0,1.0,house,3.0,2024-03-16,637.0,"$821,500",10.0,1.0,2.0,3.0,11937.440722173114
property-house-vic-reservoir-144294264,Reservoir,3073,29 Liston Avenue,-37.697606,145.017764,3.0,1.0,house,1.0,2024-03-15,523.0,"$806,000",6.0,1.0,2.0,3.0,14058.778593937086
property-house-vic-reservoir-144309460,Reservoir,3073,27 McComas Street,-37.728895,145.023034,2.0,1.0,house,3.0,2024-03-11,562.0,"$775,000",9.0,1.0,2.0,2.0,10992.056877990493
property-house-vic-reservoir-144246048,Reservoir,3073,22 Broadhurst Avenue,-37.708439,145.006007,4.0,2.0,house,4.0,2024-03-09,1035.0,"$1,400,000",8.0,1.0,3.0,3.0,12610.453740818184
property-house-vic-reservoir-144233876,Reservoir,3073,159 Broadway,-37.718215,145.01819,4.0,2.0,house,4.0,2024-03-09,705.0,"$1,012,000",12.0,1.0,2.0,3.0,11911.422210117114
property-house-vic-reservoir-144152836,Reservoir,3073,82 Lloyd Avenue,-37.697648,145.013282,3.0,2.0,house,4.0,2024-03-09,556.0,"$730,000",7.0,1.0,2.0,3.0,13938.651300172845
property-house-vic-reservoir-144114148,Reservoir,3073,629-631 Gilbert Road,-37.728272,144.99153,4.0,2.0,house,4.0,2024-03-07,585.0,"$1,165,000",7.0,1.0,2.0,3.0,10171.59836419002
property-house-vic-reservoir-144303008,Reservoir,3073,28 Kelsby Street,-37.713281,144.998719,3.0,2.0,house,3.0,2024-03-07,859.0,"$1,101,000",6.0,1.0,2.0,3.0,11933.837875915891
property-house-vic-reservoir-144170736,Reservoir,3073,175 Broadway,-37.718047,145.016788,3.0,2.0,house,2.0,2024-03-02,691.0,"$1,020,000",11.0,1.0,2.0,3.0,11884.50662522898
property-house-vic-reservoir-144153732,Reservoir,3073,24 Rodman Street,-37.701005,145.006626,3.0,1.0,house,2.0,2024-03-02,587.0,"$876,000",7.0,1.0,2.0,3.0,13423.897168696934
property-house-vic-reservoir-144192804,Reservoir,3073,168 Broadway,-37.717374,145.014798,3.0,1.0,house,2.0,2024-03-02,625.0,"$780,000",11.0,1.0,2.0,3.0,11893.880112403025
property-house-vic-reservoir-143853576,Reservoir,3073,1 Joan Court,-37.692284,144.974538,4.0,1.0,house,2.0,2024-03-02,547.0,"$665,000",5.0,1.0,1.0,1.0,13983.96271056
property-house-vic-reservoir-144139256,Reservoir,3073,16C Steane Street,-37.73047956,145.0251017,3.0,1.0,house,1.0,2024-03-02,339.0,"$640,000",8.0,1.0,2.0,1.0,10914.764791085263
property-house-vic-reservoir-143984432,Reservoir,3073,14 Dyson Street,-37.71339,144.987678,3.0,2.0,house,1.0,2024-03-01,487.0,"$885,000",6.0,1.0,2.0,1.0,11745.980039020034
property-house-vic-reservoir-144239776,Reservoir,3073,29 Joffre Street,-37.72852566,145.0127947,3.0,2.0,house,2.0,2024-02-29,718.0,"$1,532,000",10.0,1.0,2.0,3.0,10670.867963491428
property-townhouse-vic-reservoir-144153760,Reservoir,3073,9/4 Pratt Street,-37.71070247,145.0102389,2.0,1.0,townhouse,1.0,2024-02-29,176.0,"$655,000",8.0,1.0,3.0,3.0,12471.139847077266
property-house-vic-reservoir-144140972,Reservoir,3073,30 Whitelaw Street,-37.714539,145.015565,2.0,1.0,house,2.0,2024-02-28,650.0,"$942,500",11.0,1.0,2.0,3.0,12213.360893768371
property-unit-vic-reservoir-144097204,Reservoir,3073,3/9 Hickford Street,-37.70629521,145.0297788,2.0,1.0,unit,1.0,2024-02-28,131.0,"$510,000",7.0,1.0,1.0,1.0,13525.189300655367
property-unit-vic-reservoir-144148844,Reservoir,3073,2/3 Thackeray Road,-37.72189539,145.0153461,3.0,2.0,unit,2.0,2024-02-27,212.0,"$1,006,000",12.0,1.0,2.0,3.0,11439.477502536793
property-house-vic-reservoir-143735320,Reservoir,3073,60 Allenby Avenue,-37.700814,145.004896,4.0,1.0,house,2.0,2024-02-26,740.0,"$1,085,000",7.0,1.0,1.0,3.0,13407.649023909482
property-house-vic-reservoir-144119828,Reservoir,3073,7 Frier Avenue,-37.729748,145.014841,3.0,1.0,house,2.0,2024-02-24,581.0,"$1,586,000",8.0,1.0,2.0,3.0,10611.605727578979
property-house-vic-reservoir-144105716,Reservoir,3073,52 Dawson Street,-37.697256,144.984894,3.0,2.0,house,6.0,2024-02-24,771.0,"$1,297,500",5.0,2.0,2.0,0.0,13496.489126817358
property-house-vic-reservoir-142516588,Reservoir,3073,24 Massey Avenue,-37.705267,144.990144,3.0,1.0,house,1.0,2024-02-24,800.0,"$905,000",6.0,2.0,2.0,2.0,12671.10729221245
property-house-vic-reservoir-144080128,Reservoir,3073,4 Long Street,-37.694327,144.997562,3.0,1.0,house,2.0,2024-02-24,613.0,"$868,000",6.0,2.0,4.0,2.0,13978.551588249835
property-unit-vic-reservoir-144128512,Reservoir,3073,2/128 Purinuan Road,-37.70769434,145.0180766,3.0,1.0,unit,1.0,2024-02-24,300.0,"$741,000",9.0,2.0,3.0,3.0,13004.503673945064
property-house-vic-reservoir-143755196,Reservoir,3073,3 Johnson Street,-37.702967,145.010713,4.0,1.0,house,3.0,2024-02-21,835.0,"$945,000",7.0,1.0,2.0,3.0,13307.651074529766
property-house-vic-reservoir-141927508,Reservoir,3073,47 Nisbett Street,-37.727841,145.031163,4.0,2.0,house,4.0,2024-02-19,580.0,"$720,000",8.0,1.0,2.0,0.0,11423.025693083924
property-house-vic-reservoir-144049776,Reservoir,3073,16 Maritana Avenue,-37.728567,144.997774,4.0,3.0,house,5.0,2024-02-17,711.0,"$1,650,000",9.0,0.0,2.0,4.0,10261.781184533242
property-house-vic-reservoir-143948632,Reservoir,3073,17 Orrong Avenue,-37.713366,145.011184,2.0,1.0,house,5.0,2024-02-17,653.0,"$905,000",7.0,1.0,3.0,3.0,12213.282538284007
property-house-vic-reservoir-144049788,Reservoir,3073,131 Mahoneys Road,-37.693127,144.99164,3.0,2.0,house,5.0,2024-02-17,537.0,"$720,000",5.0,2.0,2.0,1.0,14025.793975833858
property-townhouse-vic-reservoir-144037004,Reservoir,3073,4/65 Dundee St,-37.70237149,145.0244979,2.0,1.0,townhouse,1.0,2024-02-17,188.0,"$683,000",8.0,0.0,1.0,2.0,13754.78842086627
property-unit-vic-reservoir-144049324,Reservoir,3073,1/16 Jinghi Road,-37.70608912,145.0133314,2.0,1.0,unit,1.0,2024-02-17,205.0,"$550,000",8.0,1.0,3.0,3.0,13041.669657357248
property-unit-vic-reservoir-144049548,Reservoir,3073,5/84-86 Pine Street,-37.71666659,144.998603,3.0,1.0,unit,2.0,2024-02-16,143.0,"$750,500",8.0,0.0,2.0,3.0,11564.614250373601
property-unit-vic-reservoir-144036556,Reservoir,3073,2/74A Barton Street,-37.71087478,144.9984465,2.0,1.0,unit,1.0,2024-02-15,120.0,"$585,000",7.0,1.0,2.0,3.0,12189.815219681037
property-townhouse-vic-reservoir-143704932,Reservoir,3073,2/54 Davidson Street,-37.69626134,144.9823724,3.0,1.0,townhouse,4.0,2024-02-13,202.0,"$660,000",5.0,2.0,2.0,0.0,13585.194024930373
property-house-vic-reservoir-144000832,Reservoir,3073,8 Bendigo Street,-37.725485,145.01643,3.0,2.0,house,2.0,2024-02-10,696.0,"$1,620,000",8.0,1.0,2.0,2.0,11103.224801919374
property-townhouse-vic-reservoir-143967552,Reservoir,3073,6A Mcfadzean Avenue,-37.7091998,144.9979132,2.0,1.0,townhouse,2.0,2024-02-10,183.0,"$710,000",7.0,1.0,2.0,2.0,12362.026037456302
property-house-vic-reservoir-143916784,Reservoir,3073,54 Clingin Street,-37.728413,145.03142,3.0,1.0,house,2.0,2024-02-10,583.0,"$705,000",8.0,1.0,2.0,0.0,11378.172177984316
property-townhouse-vic-reservoir-143977780,Reservoir,3073,2/97 Cuthbert Road,-37.71635074,145.0115035,2.0,1.0,townhouse,1.0,2024-02-10,161.0,"$600,000",10.0,1.0,2.0,3.0,11906.464892274673
property-townhouse-vic-reservoir-143766664,Reservoir,3073,3/42 Gisborne Crescent,-37.718306,145.022533,2.0,3.0,townhouse,1.0,2024-02-09,725.0,"$750,000",12.0,1.0,2.0,2.0,12046.545979411037
property-house-vic-reservoir-140865064,Reservoir,3073,134 St Vigeons Road,-37.705698,145.018784,3.0,1.0,house,2.0,2024-02-06,780.0,"$887,500",9.0,1.0,3.0,3.0,13234.549503440092
property-house-vic-reservoir-144061156,Reservoir,3073,36 Cuthbert Road,-37.716202,145.012651,4.0,1.0,house,4.0,2024-02-05,650.0,"$1,239,700",9.0,1.0,2.0,3.0,11954.317820112032
property-house-vic-reservoir-143902104,Reservoir,3073,3/20 Doolan Street,-37.72565128,145.01908,4.0,3.0,house,2.0,2024-02-05,269.0,"$920,000",10.0,1.0,2.0,2.0,11176.177785758511
property-townhouse-vic-reservoir-143057992,Reservoir,3073,2/7 Dunolly Crescent,-37.7161042,145.0207713,2.0,1.0,townhouse,1.0,2024-02-05,104.0,"$444,000",11.0,1.0,2.0,2.0,12213.375364589001
property-house-vic-reservoir-143931432,Reservoir,3073,125 Wilson Boulevard,-37.698174,144.993239,3.0,1.0,house,5.0,2024-02-03,1037.0,"$950,000",4.0,2.0,2.0,2.0,13492.30176340506
property-townhouse-vic-reservoir-143926572,Reservoir,3073,3/103-105 St Vigeons Road,-37.70635747,145.0194506,3.0,2.0,townhouse,2.0,2024-02-03,205.0,"$802,000",9.0,2.0,3.0,3.0,13185.079330563887
property-house-vic-reservoir-143844076,Reservoir,3073,97 Mahoneys Road,-37.693526,144.995497,4.0,2.0,house,2.0,2024-01-25,892.0,"$800,000",6.0,2.0,4.0,1.0,14034.63749288913
property-unit-vic-reservoir-142848912,Reservoir,3073,1/11 Luke Street,-37.71029391,144.9900551,3.0,1.0,unit,1.0,2024-01-24,250.0,"$600,000",6.0,2.0,2.0,2.0,12117.379053209372
property-house-vic-reservoir-143904852,Reservoir,3073,129 Mcfadzean Avenue,-37.699707,144.995988,4.0,3.0,house,2.0,2024-01-18,822.0,"$1,225,000",4.0,1.0,2.0,2.0,13365.170670202784
property-townhouse-vic-reservoir-143198732,Reservoir,3073,1/29 Cameron Street,-37.72724532,144.9982531,3.0,2.0,townhouse,2.0,2024-01-18,214.0,"$910,000",9.0,0.0,2.0,3.0,10414.605458967246
property-unit-vic-reservoir-141562200,Reservoir,3073,3/67 Barton Street,-37.7115684,145.0019909,2.0,1.0,unit,1.0,2024-01-16,87.0,"$400,000",9.0,1.0,2.0,3.0,12185.350133992857
property-unit-vic-reservoir-143573172,Reservoir,3073,1/2 Station Street,-37.7295302,145.0048364,2.0,1.0,unit,1.0,2024-01-09,168.0,"$585,000",10.0,0.0,2.0,4.0,10331.278063057869
property-unit-vic-reservoir-143632292,Reservoir,3073,2/78 Howard Street,-37.71875879,145.0087315,2.0,1.0,unit,2.0,2024-01-06,350.0,"$750,000",10.0,1.0,2.0,3.0,11576.429862035779
property-house-vic-reservoir-143849256,Reservoir,3073,51 Wattle Grove,-37.719332,144.994699,3.0,1.0,house,2.0,2023-12-30,527.0,"$820,000",9.0,0.0,1.0,3.0,11201.336243598193
property-house-vic-reservoir-143721332,Reservoir,3073,2 San Leandro Drive,-37.697608,145.024296,4.0,2.0,house,4.0,2023-12-22,585.0,"$800,000",6.0,1.0,0.0,2.0,14244.953906033199
property-unit-vic-reservoir-143669196,Reservoir,3073,18 Newton Street,-37.7314751,145.026719,2.0,1.0,unit,2.0,2023-12-22,335.0,"$770,000",7.0,1.0,2.0,0.0,10881.996792359781
property-house-vic-reservoir-143445756,Reservoir,3073,98 Massey Avenue,-37.697223,144.99086,3.0,1.0,house,4.0,2023-12-21,690.0,"$895,000",4.0,2.0,2.0,1.0,13565.206260399256
property-townhouse-vic-reservoir-143690744,Reservoir,3073,2/30 Cuthbert Road,-37.716279,145.013454,3.0,2.0,townhouse,2.0,2023-12-21,147.0,"$730,000",10.0,1.0,2.0,3.0,11969.18457627281
property-house-vic-reservoir-143734844,Reservoir,3073,50 Nisbett Street,-37.727503,145.030888,3.0,1.0,house,2.0,2023-12-21,590.0,"$722,000",8.0,1.0,2.0,0.0,11444.467992474485
property-house-vic-reservoir-143726292,Reservoir,3073,53 St Vigeons Road,-37.706857,145.025559,3.0,1.0,house,2.0,2023-12-16,892.0,"$1,070,000",7.0,1.0,1.0,3.0,13324.509702491665
property-house-vic-reservoir-143690576,Reservoir,3073,42 Steane Street,-37.730176,145.022569,3.0,2.0,house,2.0,2023-12-16,537.0,"$790,000",5.0,1.0,1.0,1.0,10845.998486209666
property-villa-vic-reservoir-143551032,Reservoir,3073,2/15 Hobbs Crescent,-37.70550621,145.0076365,2.0,1.0,villa,2.0,2023-12-12,256.0,"$685,000",7.0,1.0,2.0,3.0,12962.693970983648
property-house-vic-reservoir-140980008,Reservoir,3073,25 Bogong Court,-37.70845,144.990239,3.0,1.0,house,1.0,2023-12-12,423.0,"$635,000",6.0,2.0,2.0,2.0,12322.464280632284
property-house-vic-reservoir-143374068,Reservoir,3073,69 Whitelaw Street,-37.712286,145.018802,3.0,1.0,house,1.0,2023-12-11,684.0,"$870,000",8.0,1.0,2.0,2.0,12546.429598931334
property-house-vic-reservoir-143612636,Reservoir,3073,1/4 George Street,-37.71876747,145.0001826,4.0,2.0,house,4.0,2023-12-09,508.0,"$1,200,000",10.0,0.0,1.0,3.0,11370.110021643339
property-house-vic-reservoir-143633912,Reservoir,3073,1 Dorrington Avenue,-37.7274077,145.0268428,3.0,1.0,house,2.0,2023-12-09,624.0,"$730,000",9.0,1.0,1.0,0.0,11288.656615630583
property-house-vic-reservoir-143624600,Reservoir,3073,31 Nisbett Street,-37.728027,145.032542,3.0,1.0,house,2.0,2023-12-09,576.0,"$685,000",8.0,1.0,2.0,0.0,11463.646761625681
property-house-vic-reservoir-143692540,Reservoir,3073,10 Birdwood Street,-37.728868,144.996359,3.0,2.0,house,4.0,2023-12-08,884.0,"$1,420,000",9.0,0.0,2.0,4.0,10199.089931122597
property-unit-vic-reservoir-143526796,Reservoir,3073,5/16-18 Harbury Street,-37.714141,145.000049,2.0,1.0,unit,2.0,2023-12-08,203.0,"$650,000",5.0,1.0,2.0,3.0,11867.111888986668
property-house-vic-reservoir-143569208,Reservoir,3073,9 Dyson Street,-37.713683,144.987954,3.0,1.0,house,2.0,2023-12-07,584.0,"$1,190,000",6.0,1.0,2.0,2.0,11717.19306519068
property-house-vic-reservoir-143552384,Reservoir,3073,21 Robins Avenue,-37.699631,145.028836,4.0,2.0,house,2.0,2023-12-02,531.0,"$1,480,000",6.0,0.0,0.0,2.0,14177.545847692412
property-house-vic-reservoir-143182412,Reservoir,3073,82 McMahon Road,-37.710686,145.017404,2.0,1.0,house,1.0,2023-12-02,701.0,"$930,000",8.0,1.0,2.0,3.0,12671.247449557051
property-house-vic-reservoir-143589460,Reservoir,3073,17  Wattle Grove,-37.72138,144.994348,2.0,1.0,house,2.0,2023-12-02,540.0,"$829,000",9.0,0.0,2.0,2.0,10972.099487036208
property-house-vic-reservoir-143522488,Reservoir,3073,13 Tracey Street,-37.70425,144.996024,3.0,1.0,house,1.0,2023-12-02,925.0,"$795,000",4.0,1.0,2.0,3.0,12869.060189689933
property-unit-vic-reservoir-143573288,Reservoir,3073,11 Church Street,-37.70096218,145.0094825,2.0,1.0,unit,2.0,2023-12-02,239.0,"$650,000",7.0,1.0,1.0,3.0,13492.919662161208
property-house-vic-reservoir-143566376,Reservoir,3073,24 Drysdale Street,-37.72946294,145.0232963,2.0,1.0,house,1.0,2023-12-02,319.0,"$615,000",8.0,1.0,1.0,1.0,10945.256260723088
property-unit-vic-reservoir-143550764,Reservoir,3073,4/64 Hickford Street,-37.7053027,145.0241577,2.0,1.0,unit,1.0,2023-12-02,179.0,"$576,000",7.0,1.0,1.0,3.0,13439.823073980673
property-house-vic-reservoir-143519516,Reservoir,3073,10 Tivey Street,-37.706073,145.002009,4.0,1.0,house,5.0,2023-11-30,769.0,"$950,000",7.0,1.0,2.0,3.0,12779.841348923983
property-house-vic-reservoir-142787028,Reservoir,3073,170 Hughes Parade,-37.693562,144.991288,4.0,1.0,house,2.0,2023-11-29,1141.0,"$1,095,000",5.0,3.0,2.0,1.0,13973.508381892172
property-unit-vic-reservoir-143371900,Reservoir,3073,2/36 Steane Street,-37.730232,145.0230049,2.0,1.0,unit,1.0,2023-11-29,144.0,"$540,000",7.0,1.0,1.0,1.0,10857.157063346122
property-townhouse-vic-reservoir-141071356,Reservoir,3073,11/74 Tyler Street,-37.73279844,145.031142,4.0,3.0,townhouse,2.0,2023-11-27,410.0,"$996,800",7.0,1.0,2.0,0.0,10941.622188743173
property-house-vic-reservoir-143474232,Reservoir,3073,9 Jenkin Street,-37.721874,144.987369,4.0,2.0,house,3.0,2023-11-25,590.0,"$1,740,000",6.0,0.0,2.0,2.0,10808.754013186519
property-house-vic-reservoir-143482360,Reservoir,3073,2  Muriel Court,-37.70061,145.028141,3.0,1.0,house,4.0,2023-11-25,886.0,"$850,000",6.0,0.0,0.0,2.0,14053.759986180125
property-unit-vic-reservoir-143481284,Reservoir,3073,2/39 Howard Street,-37.71960925,145.0129926,2.0,1.0,unit,1.0,2023-11-25,226.0,"$742,000",9.0,1.0,2.0,3.0,11606.337304724391
property-unit-vic-reservoir-143515760,Reservoir,3073,17 McCrae Street,-37.70512735,145.0107229,1.0,1.0,unit,2.0,2023-11-25,154.0,"$533,000",8.0,1.0,3.0,3.0,13077.230811918167
property-house-vic-reservoir-143663732,Reservoir,3073,68 King William Street,-37.726072,145.007406,4.0,4.0,house,2.0,2023-11-23,741.0,"$2,150,000",11.0,1.0,2.0,3.0,10767.015014954419
property-unit-vic-reservoir-143293832,Reservoir,3073,108B Royal Parade,-37.71195648,145.0161429,2.0,1.0,unit,1.0,2023-11-23,199.0,"$615,000",8.0,1.0,2.0,3.0,12500.979433134033
property-townhouse-vic-reservoir-141549888,Reservoir,3073,2/36 Barry Street,-37.70944489,145.005368,2.0,1.0,townhouse,1.0,2023-11-21,113.0,"$600,000",9.0,1.0,3.0,3.0,12487.878776704094
property-house-vic-reservoir-143240688,Reservoir,3073,12 Thrower Street,-37.711521,144.987978,3.0,1.0,house,1.0,2023-11-20,534.0,"$700,000",5.0,1.0,2.0,2.0,11955.447430056516
property-house-vic-reservoir-143406492,Reservoir,3073,18 Legh Street,-37.702963,144.986089,4.0,1.0,house,4.0,2023-11-18,780.0,"$1,125,000",5.0,2.0,2.0,0.0,12877.561629359234
property-house-vic-reservoir-143444312,Reservoir,3073,10 Ryan Street,-37.702138,144.998497,3.0,1.0,house,3.0,2023-11-18,766.0,"$895,000",5.0,1.0,2.0,3.0,13141.364951740119
property-house-vic-reservoir-143434824,Reservoir,3073,7 Greenock Street,-37.702851,145.021492,3.0,2.0,house,4.0,2023-11-18,548.0,"$865,000",8.0,1.0,1.0,2.0,13612.7697952713
property-townhouse-vic-reservoir-143437368,Reservoir,3073,175 Boldrewood Parade,-37.71077291,145.0228348,3.0,2.0,townhouse,2.0,2023-11-17,197.0,"$790,000",8.0,1.0,2.0,2.0,12831.168184059545
property-house-vic-reservoir-143017952,Reservoir,3073,7 Kinkora Road,-37.730492,145.016717,4.0,2.0,house,4.0,2023-11-16,600.0,"$1,165,000",7.0,1.0,2.0,3.0,10599.62811039861
property-house-vic-reservoir-143243156,Reservoir,3073,164 Broadway,-37.717416,145.015137,2.0,1.0,house,4.0,2023-11-15,637.0,"$850,000",11.0,1.0,2.0,3.0,11899.658776321296
property-house-vic-reservoir-143467620,Reservoir,3073,5 Beatty Street,-37.726827,144.996153,3.0,2.0,house,4.0,2023-11-13,790.0,"$1,565,000",8.0,0.0,2.0,3.0,10415.485688075356
property-house-vic-reservoir-143345688,Reservoir,3073,45 Broadhurst Avenue,-37.708426,145.002071,3.0,1.0,house,3.0,2023-11-11,830.0,"$940,000",8.0,1.0,2.0,3.0,12526.530044170666
property-house-vic-reservoir-143371872,Reservoir,3073,151 Boldrewood Parade,-37.71256144,145.0224496,2.0,2.0,house,2.0,2023-11-11,326.0,"$715,000",8.0,1.0,2.0,2.0,12633.941935560628
property-unit-vic-reservoir-143356228,Reservoir,3073,3/57 Lane Crescent,-37.71312861,145.0194928,2.0,1.0,unit,1.0,2023-11-11,188.0,"$640,000",9.0,1.0,2.0,2.0,12480.272955347302
property-house-vic-reservoir-143375020,Reservoir,3073,14 Kinkora Road,-37.730192,145.017122,3.0,1.0,house,2.0,2023-11-10,526.0,"$1,110,000",6.0,1.0,2.0,3.0,10644.40844897702
property-house-vic-reservoir-143459456,Reservoir,3073,3 Ameily Crescent,-37.710591,144.994242,4.0,2.0,house,2.0,2023-11-07,585.0,"$1,395,000",6.0,1.0,2.0,2.0,12147.141142729966
property-house-vic-reservoir-143311180,Reservoir,3073,13 Winter Crescent,-37.720537,145.027647,3.0,1.0,house,2.0,2023-11-04,586.0,"$769,000",11.0,1.0,1.0,1.0,12005.494037981576
property-unit-vic-reservoir-143310092,Reservoir,3073,3/32 Crookston Road,-37.71013174,145.0209651,2.0,1.0,unit,1.0,2023-11-04,176.0,"$660,000",8.0,1.0,2.0,3.0,12837.786891132953
property-unit-vic-reservoir-143051112,Reservoir,3073,3/163 Broadway,-37.71816777,145.0177661,2.0,1.0,unit,1.0,2023-11-01,177.0,"$630,000",11.0,1.0,2.0,3.0,11902.783321585759
property-house-vic-reservoir-143168388,Reservoir,3073,771 Plenty Road,-37.726931,145.020374,2.0,1.0,house,1.0,2023-10-31,748.0,"$1,070,000",9.0,1.0,2.0,2.0,11091.628061010808
property-unit-vic-reservoir-142890472,Reservoir,3073,9/63 Pine Street,-37.718107,144.997394,2.0,1.0,unit,1.0,2023-10-30,142.0,"$630,000",8.0,0.0,2.0,3.0,11384.720485357644
property-house-vic-reservoir-142521304,Reservoir,3073,40 Purinuan Road,-37.709017,145.028938,3.0,1.0,house,2.0,2023-10-29,356.0,"$605,000",7.0,1.0,1.0,1.0,13218.10258411027
property-house-vic-reservoir-143198996,Reservoir,3073,24 Elliot Street,-37.706535,145.000012,4.0,2.0,house,4.0,2023-10-28,685.0,"$1,460,000",8.0,1.0,2.0,3.0,12690.700376825851
property-house-vic-reservoir-143214460,Reservoir,3073,157 Mahoneys Road,-37.692879,144.988766,5.0,2.0,house,4.0,2023-10-28,892.0,"$1,000,000",7.0,2.0,2.0,0.0,14019.183166208037
property-house-vic-reservoir-143225432,Reservoir,3073,25 Whitelaw Street,-37.714739,145.014607,3.0,1.0,house,2.0,2023-10-28,650.0,"$928,000",11.0,1.0,2.0,3.0,12164.275554205156
property-house-vic-reservoir-143252264,Reservoir,3073,92 O'Connor Court,-37.70952,144.997482,3.0,1.0,house,3.0,2023-10-28,443.0,"$902,000",6.0,1.0,2.0,2.0,12319.376062844609
property-house-vic-reservoir-143242920,Reservoir,3073,11 Mcfadzean Avenue,-37.710903,144.997229,3.0,1.0,house,4.0,2023-10-28,478.0,"$800,000",6.0,1.0,2.0,2.0,12164.297505764154
property-townhouse-vic-reservoir-143242868,Reservoir,3073,2/7 O'Connor Street,-37.71083144,145.0053408,2.0,1.0,townhouse,1.0,2023-10-28,178.0,"$537,500",9.0,1.0,3.0,4.0,12338.335756126393
property-unit-vic-reservoir-143116100,Reservoir,3073,3B/40 Godley Street,-37.7025124,144.9887746,2.0,1.0,unit,1.0,2023-10-28,164.0,"$460,000",5.0,2.0,1.0,1.0,12957.22739741688
property-house-vic-reservoir-143210320,Reservoir,3073,211 Purinuan Road,-37.70707706,145.0104461,3.0,1.0,house,3.0,2023-10-27,388.0,"$850,000",8.0,1.0,3.0,3.0,12862.409755363551
property-house-vic-reservoir-143242928,Reservoir,3073,28 Lloyd Avenue,-37.698166,145.017828,3.0,2.0,house,4.0,2023-10-26,548.0,"$715,000",6.0,1.0,2.0,2.0,14001.242191080382
property-house-vic-reservoir-143118860,Reservoir,3073,8 Halsey Street,-37.702305,144.987661,3.0,1.0,house,4.0,2023-10-21,768.0,"$960,000",6.0,2.0,2.0,0.0,12967.18276902954
property-house-vic-reservoir-143186428,Reservoir,3073,11 Banff Street,-37.70473,145.023393,4.0,1.0,house,1.0,2023-10-21,661.0,"$922,000",7.0,0.0,1.0,3.0,13475.110390993297
property-house-vic-reservoir-143141256,Reservoir,3073,16 Godley Street,-37.705488,144.988788,3.0,1.0,house,2.0,2023-10-21,797.0,"$916,000",5.0,2.0,1.0,1.0,12629.653214377258
property-house-vic-reservoir-143145672,Reservoir,3073,11 Grimwade Street,-37.703423,145.0052,3.0,1.0,house,3.0,2023-10-21,891.0,"$899,000",7.0,1.0,2.0,3.0,13132.448696866782
property-townhouse-vic-reservoir-143057916,Reservoir,3073,1E Corben Street,-37.72760768,144.9870879,2.0,1.0,townhouse,1.0,2023-10-19,144.0,"$735,000",6.0,1.0,2.0,2.0,10175.034274957108
property-house-vic-reservoir-142454144,Reservoir,3073,13 McComas Street,-37.729071,145.024425,3.0,1.0,house,1.0,2023-10-18,746.0,"$950,000",9.0,1.0,1.0,1.0,11028.098041186293
property-house-vic-reservoir-143148120,Reservoir,3073,78 Mcfadzean Avenue,-37.700892,144.996773,4.0,2.0,house,8.0,2023-10-16,840.0,"$1,181,000",3.0,1.0,1.0,3.0,13248.194417602857
property-house-vic-reservoir-143040244,Reservoir,3073,54 Dundee Street,-37.702564,145.023745,4.0,2.0,house,7.0,2023-10-14,835.0,"$1,195,000",8.0,1.0,1.0,2.0,13711.321400562694
property-house-vic-reservoir-143115480,Reservoir,3073,65 Cheddar Road,-37.708429,145.012892,2.0,1.0,house,3.0,2023-10-14,849.0,"$860,000",8.0,1.0,3.0,3.0,12781.944276737882
property-house-vic-reservoir-143107236,Reservoir,3073,4/44 Dundee Street,-37.70268229,145.0227413,2.0,2.0,house,1.0,2023-10-14,185.0,"$650,500",9.0,1.0,1.0,2.0,13668.138948747861
property-house-vic-reservoir-143141668,Reservoir,3073,62 Lane Crescent,-37.71326,145.020965,3.0,1.0,house,2.0,2023-10-10,590.0,"$1,082,500",9.0,1.0,2.0,2.0,12513.484158648575
property-house-vic-reservoir-143032780,Reservoir,3073,118 Crookston Road,-37.708798,145.010206,4.0,2.0,house,2.0,2023-10-10,585.0,"$965,000",8.0,1.0,3.0,3.0,12672.996508273036
property-house-vic-reservoir-142404920,Reservoir,3073,97 St Vigeons Road,-37.706237,145.020778,2.0,1.0,house,2.0,2023-10-09,451.0,"$707,000",9.0,2.0,1.0,3.0,13237.527621528261
property-house-vic-reservoir-143071232,Reservoir,3073,38 Botha Avenue,-37.703639,145.000907,4.0,1.0,house,4.0,2023-10-07,897.0,"$911,000",7.0,1.0,2.0,3.0,13022.129519955732
property-unit-vic-reservoir-142966940,Reservoir,3073,1/35 Kelsby Street,-37.71298304,144.9983509,2.0,1.0,unit,2.0,2023-10-06,150.0,"$670,000",6.0,1.0,2.0,3.0,11959.082586309436
property-house-vic-reservoir-143018324,Reservoir,3073,3 East Street,-37.722963,145.011154,3.0,2.0,house,4.0,2023-10-04,763.0,"$1,285,000",9.0,1.0,2.0,4.0,11200.836214020768
property-unit-vic-reservoir-143101164,Reservoir,3073,8/71 Pine Street,-37.71776731,144.9980239,2.0,1.0,unit,1.0,2023-10-02,86.0,"$400,000",9.0,0.0,2.0,3.0,11433.883631982138
property-house-vic-reservoir-142716132,Reservoir,3073,40 Leamington Street,-37.712587,145.004557,3.0,2.0,house,6.0,2023-09-28,1306.0,"$1,520,000",9.0,1.0,3.0,3.0,12131.918907126239
property-house-vic-reservoir-143000780,Reservoir,3073,19 Greig Street,-37.701533,144.987273,3.0,1.0,house,4.0,2023-09-27,760.0,"$1,005,000",5.0,2.0,2.0,0.0,13048.031114317237
property-house-vic-reservoir-142983496,Reservoir,3073,54 Steane Street,-37.730042,145.021574,4.0,2.0,house,2.0,2023-09-23,532.0,"$980,000",6.0,1.0,2.0,2.0,10821.626105016869
property-townhouse-vic-reservoir-142962912,Reservoir,3073,1/18 Miranda Road,-37.7075501,145.0253072,3.0,2.0,townhouse,2.0,2023-09-23,252.0,"$710,000",7.0,1.0,1.0,3.0,13244.754344277388
property-house-vic-reservoir-142971796,Reservoir,3073,15 Thackeray Road,-37.721762,145.014227,3.0,1.0,house,4.0,2023-09-20,696.0,"$1,200,000",10.0,1.0,2.0,3.0,11418.54723506421
property-house-vic-reservoir-142898772,Reservoir,3073,30 York Street,-37.727565,144.988667,3.0,1.0,house,2.0,2023-09-16,609.0,"$1,130,000",8.0,1.0,2.0,2.0,10202.580963710863
property-unit-vic-reservoir-142756804,Reservoir,3073,1/34 North Road,-37.72202016,145.0225633,2.0,1.0,unit,1.0,2023-09-14,160.0,"$648,000",12.0,1.0,2.0,3.0,11668.797913519054
property-house-vic-reservoir-142898940,Reservoir,3073,76 Lockton Avenue,-37.697335,144.981081,3.0,2.0,house,3.0,2023-09-12,689.0,"$1,075,000",5.0,2.0,2.0,1.0,13456.675396832046
property-house-vic-reservoir-142495604,Reservoir,3073,22 Dyson Street,-37.71331125,144.9871041,3.0,2.0,house,2.0,2023-09-10,290.0,"$720,000",6.0,1.0,2.0,1.0,11747.62560905163
property-house-vic-reservoir-142843096,Reservoir,3073,6 Kinsale Street,-37.723313,144.995136,3.0,1.0,house,2.0,2023-09-09,579.0,"$1,209,000",8.0,0.0,2.0,3.0,10776.47753505898
property-townhouse-vic-reservoir-142799968,Reservoir,3073,2/80 Northernhay Street,-37.72411693,145.0071889,3.0,2.0,townhouse,1.0,2023-09-08,160.0,"$860,000",10.0,1.0,2.0,4.0,10967.657838245364
property-house-vic-reservoir-141716932,Reservoir,3073,62 Kirby Street,-37.730162,145.029298,3.0,1.0,house,4.0,2023-09-08,566.0,"$760,000",8.0,1.0,2.0,0.0,11117.91290672913
property-house-vic-reservoir-142786956,Reservoir,3073,38 Carrington Road,-37.721603,144.988919,3.0,1.0,house,4.0,2023-09-06,573.0,"$932,000",7.0,0.0,2.0,2.0,10859.91699801392
property-house-vic-reservoir-142770640,Reservoir,3073,32 Locher Avenue,-37.699282,145.023639,4.0,2.0,house,4.0,2023-09-02,576.0,"$895,000",6.0,1.0,0.0,2.0,14050.275402691217
property-house-vic-reservoir-142769080,Reservoir,3073,22 Moira Avenue,-37.695087,144.980291,3.0,1.0,house,2.0,2023-09-02,558.0,"$872,000",5.0,1.0,2.0,1.0,13700.54402829904
property-townhouse-vic-reservoir-142785796,Reservoir,3073,1/25 O'Connor Street,-37.71067292,145.0024902,2.0,1.0,townhouse,1.0,2023-09-02,202.0,"$785,000",9.0,1.0,2.0,4.0,12292.556887012212
property-townhouse-vic-reservoir-142816152,Reservoir,3073,2A Louis Street,-37.709912,145.002519,3.0,2.0,townhouse,2.0,2023-08-30,169.0,"$880,000",8.0,1.0,2.0,3.0,12375.299050913489
property-townhouse-vic-reservoir-142514276,Reservoir,3073,2B Louis Street,-37.709912,145.002519,2.0,1.0,townhouse,1.0,2023-08-30,169.0,"$780,000",8.0,1.0,2.0,3.0,12375.299050913489
property-house-vic-reservoir-142725040,Reservoir,3073,7 Queen Street,-37.72789568,145.0134418,3.0,1.0,house,2.0,2023-08-26,576.0,"$1,170,000",9.0,1.0,2.0,3.0,10756.81409550441
property-house-vic-reservoir-142661580,Reservoir,3073,82 Tunaley Parade,-37.697332,145.029884,3.0,1.0,house,2.0,2023-08-26,596.0,"$805,000",5.0,0.0,0.0,1.0,14449.139109731866
property-house-vic-reservoir-142741764,Reservoir,3073,9 Bogong Court,-37.708684,144.991254,4.0,1.0,house,2.0,2023-08-26,670.0,"$755,000",6.0,2.0,2.0,2.0,12310.754611169748
property-house-vic-reservoir-141460280,Reservoir,3073,1/7 Wimmera Avenue,-37.72436,145.020261,2.0,1.0,house,1.0,2023-08-26,235.0,"$690,000",10.0,1.0,2.0,2.0,11349.193742477953
property-unit-vic-reservoir-142720248,Reservoir,3073,1/18G Purinuan Road,-37.70938654,145.0319626,2.0,1.0,unit,1.0,2023-08-26,233.0,"$655,000",7.0,1.0,1.0,1.0,13289.353236627436
property-unit-vic-reservoir-142739556,Reservoir,3073,54C Barton Street,-37.71075199,145.000615,2.0,1.0,unit,1.0,2023-08-26,152.0,"$605,000",8.0,1.0,2.0,3.0,12245.305021194674
property-unit-vic-reservoir-142736408,Reservoir,3073,7/24 Ashley Street,-37.71755105,145.0023369,2.0,1.0,unit,1.0,2023-08-26,157.0,"$560,000",8.0,0.0,3.0,3.0,11548.285482740965
property-townhouse-vic-reservoir-142725248,Reservoir,3073,5/36 Pickett Street,-37.70376208,145.0135052,2.0,1.0,townhouse,2.0,2023-08-26,116.0,"$560,000",8.0,1.0,3.0,3.0,13293.238134529109
property-house-vic-reservoir-142705516,Reservoir,3073,72 Powell Street,-37.725924,144.99716,2.0,1.0,house,1.0,2023-08-24,306.0,"$765,000",9.0,0.0,2.0,3.0,10533.816091647524
property-house-vic-reservoir-142671080,Reservoir,3073,12 Clingin Street,-37.728873,145.035221,5.0,2.0,house,2.0,2023-08-21,627.0,"$740,000",6.0,1.0,2.0,0.0,11499.428591521315
property-unit-vic-reservoir-142696928,Reservoir,3073,4/121 Cheddar Road,-37.7028757,145.0172002,2.0,1.0,unit,1.0,2023-08-19,131.0,"$465,000",6.0,1.0,2.0,3.0,13486.39944047453
property-house-vic-reservoir-142679968,Reservoir,3073,8 Dorrington Avenue,-37.726908,145.026003,3.0,1.0,house,2.0,2023-08-18,580.0,"$780,000",8.0,1.0,1.0,0.0,11305.222449203051
property-house-vic-reservoir-142681792,Reservoir,3073,55 Hickford Street,-37.70567,145.024593,3.0,2.0,house,4.0,2023-08-17,541.0,"$905,000",7.0,1.0,1.0,3.0,13415.705508907875
property-townhouse-vic-reservoir-142717968,Reservoir,3073,53C Miranda Road,-37.70731029,145.020984,3.0,2.0,townhouse,1.0,2023-08-17,360.0,"$875,000",8.0,2.0,2.0,3.0,13131.894434445961
