URL,primary_school,secondary_school,preschool,train_station
property-apartment-vic-oakleigh-127235174,7.0,0.0,5.0,4.0
property-apartment-vic-oakleigh-134453422,7.0,0.0,5.0,4.0
property-apartment-vic-oakleigh-140882720,6.0,0.0,5.0,4.0
property-apartment-vic-oakleigh-142332140,8.0,0.0,1.0,4.0
property-apartment-vic-oakleigh-143285724,8.0,0.0,1.0,5.0
property-apartment-vic-oakleigh-145989980,8.0,0.0,1.0,4.0
property-apartment-vic-oakleigh-147087520,8.0,0.0,1.0,4.0
property-apartment-vic-oakleigh-147442888,8.0,0.0,1.0,4.0
property-apartment-vic-oakleigh-148759024,7.0,0.0,5.0,4.0
property-apartment-vic-oakleigh-148895200,7.0,0.0,5.0,4.0
property-apartment-vic-oakleigh-149275604,7.0,0.0,5.0,4.0
property-apartment-vic-reservoir-148930424,8.0,0.0,3.0,3.0
property-apartment-vic-reservoir-149323144,7.0,1.0,2.0,3.0
property-apartment-vic-reservoir-149489680,7.0,1.0,2.0,0.0
property-apartment-vic-thornbury-135030942,13.0,0.0,0.0,4.0
property-apartment-vic-thornbury-143027968,13.0,1.0,0.0,4.0
property-apartment-vic-thornbury-144737720,12.0,0.0,0.0,5.0
property-apartment-vic-thornbury-147982192,13.0,2.0,0.0,4.0
property-apartment-vic-thornbury-149328792,13.0,1.0,0.0,4.0
property-apartment-vic-thornbury-149642528,8.0,1.0,0.0,3.0
property-duplex+semi-detached-vic-oakleigh-146580668,6.0,0.0,4.0,4.0
property-house-vic-oakleigh-104801307,4.0,0.0,4.0,1.0
property-house-vic-oakleigh-104815413,7.0,0.0,6.0,2.0
property-house-vic-oakleigh-104818631,6.0,0.0,5.0,2.0
property-house-vic-oakleigh-104919259,6.0,0.0,6.0,2.0
property-house-vic-oakleigh-105230646,7.0,0.0,6.0,2.0
property-house-vic-oakleigh-105249125,7.0,0.0,5.0,2.0
property-house-vic-oakleigh-105990400,7.0,0.0,4.0,2.0
property-house-vic-oakleigh-107395995,6.0,0.0,5.0,2.0
property-house-vic-oakleigh-107586078,7.0,0.0,6.0,2.0
property-house-vic-oakleigh-107893891,7.0,0.0,5.0,2.0
property-house-vic-oakleigh-108434311,5.0,0.0,3.0,1.0
property-house-vic-oakleigh-109048766,7.0,0.0,5.0,4.0
property-house-vic-oakleigh-110032721,6.0,0.0,6.0,2.0
property-house-vic-oakleigh-110044709,7.0,0.0,4.0,2.0
property-house-vic-oakleigh-110228117,7.0,0.0,4.0,2.0
property-house-vic-oakleigh-110388073,5.0,0.0,3.0,1.0
property-house-vic-oakleigh-110534873,7.0,0.0,5.0,4.0
property-house-vic-oakleigh-112318587,7.0,0.0,4.0,2.0
property-house-vic-oakleigh-113122939,6.0,0.0,5.0,4.0
property-house-vic-oakleigh-113207747,7.0,0.0,5.0,2.0
property-house-vic-oakleigh-114182159,6.0,0.0,5.0,2.0
property-house-vic-oakleigh-114325243,6.0,0.0,5.0,3.0
property-house-vic-oakleigh-115186147,5.0,0.0,3.0,2.0
property-house-vic-oakleigh-115374431,7.0,0.0,5.0,4.0
property-house-vic-oakleigh-115849475,7.0,0.0,5.0,4.0
property-house-vic-oakleigh-116104895,7.0,0.0,5.0,4.0
property-house-vic-oakleigh-116235515,6.0,0.0,5.0,4.0
property-house-vic-oakleigh-116538099,7.0,0.0,5.0,4.0
property-house-vic-oakleigh-116633683,8.0,0.0,4.0,2.0
property-house-vic-oakleigh-116695419,6.0,0.0,4.0,4.0
property-house-vic-oakleigh-116771955,7.0,0.0,5.0,4.0
property-house-vic-oakleigh-116788003,7.0,1.0,4.0,4.0
property-house-vic-oakleigh-116850755,6.0,0.0,4.0,4.0
property-house-vic-oakleigh-117274543,7.0,0.0,4.0,4.0
property-house-vic-oakleigh-117352599,5.0,0.0,3.0,1.0
property-house-vic-oakleigh-117468459,6.0,0.0,5.0,2.0
property-house-vic-oakleigh-117844347,6.0,0.0,1.0,5.0
property-house-vic-oakleigh-117890559,6.0,0.0,7.0,2.0
property-house-vic-oakleigh-117938431,5.0,0.0,3.0,1.0
property-house-vic-oakleigh-118015507,7.0,0.0,5.0,2.0
property-house-vic-oakleigh-118133511,6.0,0.0,5.0,2.0
property-house-vic-oakleigh-118242451,6.0,0.0,6.0,2.0
property-house-vic-oakleigh-118278255,8.0,0.0,4.0,4.0
property-house-vic-oakleigh-118331991,6.0,0.0,6.0,2.0
property-house-vic-oakleigh-119085203,6.0,0.0,6.0,2.0
property-house-vic-oakleigh-119129047,5.0,0.0,3.0,2.0
property-house-vic-oakleigh-119198627,6.0,0.0,1.0,5.0
property-house-vic-oakleigh-119298123,7.0,0.0,1.0,4.0
property-house-vic-oakleigh-119337751,6.0,0.0,4.0,4.0
property-house-vic-oakleigh-119469475,7.0,0.0,5.0,4.0
property-house-vic-oakleigh-119469991,6.0,0.0,6.0,2.0
property-house-vic-oakleigh-119772899,6.0,0.0,7.0,2.0
property-house-vic-oakleigh-119830995,7.0,0.0,4.0,2.0
property-house-vic-oakleigh-119893693,6.0,0.0,5.0,2.0
property-house-vic-oakleigh-119913365,7.0,0.0,6.0,2.0
property-house-vic-oakleigh-120018065,7.0,0.0,6.0,2.0
property-house-vic-oakleigh-120102921,6.0,0.0,6.0,2.0
property-house-vic-oakleigh-120109309,7.0,0.0,4.0,4.0
property-house-vic-oakleigh-120225069,7.0,0.0,3.0,4.0
property-house-vic-oakleigh-120449277,7.0,0.0,6.0,2.0
property-house-vic-oakleigh-120508769,8.0,0.0,4.0,3.0
property-house-vic-oakleigh-120760445,5.0,0.0,3.0,1.0
property-house-vic-oakleigh-120762369,7.0,0.0,4.0,4.0
property-house-vic-oakleigh-120781409,6.0,0.0,4.0,4.0
property-house-vic-oakleigh-120792005,6.0,0.0,5.0,4.0
property-house-vic-oakleigh-120832357,7.0,0.0,6.0,3.0
property-house-vic-oakleigh-120834801,7.0,0.0,4.0,2.0
property-house-vic-oakleigh-120849317,8.0,0.0,4.0,2.0
property-house-vic-oakleigh-120935481,6.0,0.0,4.0,4.0
property-house-vic-oakleigh-121137394,5.0,0.0,4.0,2.0
property-house-vic-oakleigh-121225222,6.0,0.0,4.0,4.0
property-house-vic-oakleigh-121561198,5.0,0.0,3.0,1.0
property-house-vic-oakleigh-121682406,6.0,0.0,6.0,2.0
property-house-vic-oakleigh-121759238,7.0,0.0,5.0,3.0
property-house-vic-oakleigh-121760986,7.0,0.0,4.0,2.0
property-house-vic-oakleigh-121967654,7.0,0.0,5.0,4.0
property-house-vic-oakleigh-121996762,7.0,1.0,4.0,4.0
property-house-vic-oakleigh-122146478,7.0,0.0,4.0,3.0
property-house-vic-oakleigh-122186562,8.0,0.0,6.0,2.0
property-house-vic-oakleigh-122253966,7.0,0.0,5.0,4.0
property-house-vic-oakleigh-122300734,6.0,0.0,4.0,4.0
property-house-vic-oakleigh-122304466,6.0,0.0,4.0,4.0
property-house-vic-oakleigh-122572906,7.0,0.0,5.0,2.0
property-house-vic-oakleigh-122572918,7.0,0.0,5.0,4.0
property-house-vic-oakleigh-122597590,7.0,0.0,5.0,4.0
property-house-vic-oakleigh-122730738,7.0,0.0,1.0,5.0
property-house-vic-oakleigh-122762766,6.0,0.0,4.0,4.0
property-house-vic-oakleigh-122768326,6.0,0.0,5.0,2.0
property-house-vic-oakleigh-122774094,6.0,0.0,4.0,4.0
property-house-vic-oakleigh-123026822,6.0,0.0,5.0,2.0
property-house-vic-oakleigh-123060326,7.0,0.0,5.0,2.0
property-house-vic-oakleigh-123255450,7.0,0.0,4.0,4.0
property-house-vic-oakleigh-123337766,7.0,0.0,6.0,2.0
property-house-vic-oakleigh-123386834,7.0,0.0,5.0,3.0
property-house-vic-oakleigh-123428202,6.0,0.0,6.0,2.0
property-house-vic-oakleigh-123521182,6.0,0.0,5.0,4.0
property-house-vic-oakleigh-123535406,6.0,0.0,5.0,2.0
property-house-vic-oakleigh-123588074,6.0,0.0,6.0,2.0
property-house-vic-oakleigh-123729538,6.0,0.0,6.0,2.0
property-house-vic-oakleigh-123815514,7.0,0.0,3.0,4.0
property-house-vic-oakleigh-123819454,8.0,0.0,4.0,2.0
property-house-vic-oakleigh-123882158,7.0,0.0,6.0,3.0
property-house-vic-oakleigh-123907058,6.0,0.0,4.0,4.0
property-house-vic-oakleigh-124426630,5.0,0.0,3.0,1.0
property-house-vic-oakleigh-124454282,5.0,0.0,3.0,2.0
property-house-vic-oakleigh-124549062,7.0,0.0,6.0,2.0
property-house-vic-oakleigh-124585874,7.0,0.0,5.0,3.0
property-house-vic-oakleigh-124750202,6.0,0.0,5.0,2.0
property-house-vic-oakleigh-124811494,6.0,0.0,6.0,2.0
property-house-vic-oakleigh-124903566,7.0,0.0,4.0,2.0
property-house-vic-oakleigh-124913866,7.0,0.0,7.0,2.0
property-house-vic-oakleigh-125032110,6.0,0.0,5.0,2.0
property-house-vic-oakleigh-125070154,7.0,0.0,6.0,3.0
property-house-vic-oakleigh-125113490,7.0,0.0,1.0,4.0
property-house-vic-oakleigh-125118934,6.0,0.0,1.0,4.0
property-house-vic-oakleigh-125235758,7.0,0.0,5.0,2.0
property-house-vic-oakleigh-125331322,6.0,0.0,4.0,4.0
property-house-vic-oakleigh-125366770,7.0,1.0,4.0,4.0
property-house-vic-oakleigh-125567586,6.0,0.0,4.0,4.0
property-house-vic-oakleigh-125640866,6.0,0.0,6.0,2.0
property-house-vic-oakleigh-125720046,6.0,0.0,5.0,2.0
property-house-vic-oakleigh-125728486,7.0,0.0,4.0,2.0
property-house-vic-oakleigh-125823942,7.0,0.0,6.0,2.0
property-house-vic-oakleigh-125833206,7.0,0.0,5.0,3.0
property-house-vic-oakleigh-126026058,7.0,0.0,4.0,2.0
property-house-vic-oakleigh-126033654,6.0,0.0,6.0,2.0
property-house-vic-oakleigh-126144486,8.0,0.0,4.0,3.0
property-house-vic-oakleigh-126160914,6.0,0.0,4.0,4.0
property-house-vic-oakleigh-126191106,6.0,0.0,4.0,4.0
property-house-vic-oakleigh-126218886,7.0,0.0,4.0,4.0
property-house-vic-oakleigh-126238494,8.0,0.0,6.0,2.0
property-house-vic-oakleigh-126351466,7.0,0.0,6.0,2.0
property-house-vic-oakleigh-126377170,7.0,0.0,1.0,4.0
property-house-vic-oakleigh-126412986,6.0,0.0,6.0,2.0
property-house-vic-oakleigh-126423498,6.0,0.0,4.0,4.0
property-house-vic-oakleigh-126458454,7.0,0.0,5.0,3.0
property-house-vic-oakleigh-126458482,7.0,0.0,6.0,2.0
property-house-vic-oakleigh-126709322,6.0,0.0,6.0,2.0
property-house-vic-oakleigh-126728782,8.0,0.0,1.0,4.0
property-house-vic-oakleigh-126823446,8.0,0.0,1.0,5.0
property-house-vic-oakleigh-126936550,6.0,0.0,5.0,4.0
property-house-vic-oakleigh-127022102,7.0,0.0,4.0,4.0
property-house-vic-oakleigh-127153762,7.0,0.0,4.0,4.0
property-house-vic-oakleigh-127403522,7.0,0.0,4.0,3.0
property-house-vic-oakleigh-127443606,6.0,0.0,6.0,2.0
property-house-vic-oakleigh-127623686,6.0,0.0,1.0,4.0
property-house-vic-oakleigh-127683182,6.0,0.0,4.0,4.0
property-house-vic-oakleigh-127688970,7.0,0.0,4.0,2.0
property-house-vic-oakleigh-127771270,6.0,0.0,6.0,2.0
property-house-vic-oakleigh-127827878,7.0,0.0,6.0,2.0
property-house-vic-oakleigh-128280790,6.0,0.0,4.0,4.0
property-house-vic-oakleigh-128284294,8.0,0.0,5.0,2.0
property-house-vic-oakleigh-128290182,7.0,0.0,4.0,4.0
property-house-vic-oakleigh-128347662,6.0,0.0,4.0,4.0
property-house-vic-oakleigh-128439330,5.0,0.0,3.0,1.0
property-house-vic-oakleigh-128497666,7.0,0.0,5.0,2.0
property-house-vic-oakleigh-128504546,6.0,0.0,5.0,3.0
property-house-vic-oakleigh-128515566,7.0,0.0,5.0,2.0
property-house-vic-oakleigh-128568082,6.0,0.0,5.0,2.0
property-house-vic-oakleigh-128672026,7.0,0.0,5.0,4.0
property-house-vic-oakleigh-128698726,7.0,0.0,5.0,4.0
property-house-vic-oakleigh-128810626,7.0,0.0,5.0,2.0
property-house-vic-oakleigh-128829854,7.0,0.0,4.0,2.0
property-house-vic-oakleigh-128863694,8.0,0.0,1.0,4.0
property-house-vic-oakleigh-128917558,7.0,0.0,5.0,2.0
property-house-vic-oakleigh-129416566,7.0,0.0,6.0,2.0
property-house-vic-oakleigh-129785730,7.0,0.0,6.0,3.0
property-house-vic-oakleigh-129844046,6.0,0.0,4.0,4.0
property-house-vic-oakleigh-130274294,7.0,0.0,4.0,2.0
property-house-vic-oakleigh-130304906,8.0,0.0,4.0,4.0
property-house-vic-oakleigh-130402934,7.0,0.0,4.0,3.0
property-house-vic-oakleigh-130503298,7.0,0.0,4.0,2.0
property-house-vic-oakleigh-130625986,7.0,0.0,5.0,4.0
property-house-vic-oakleigh-130660942,6.0,0.0,5.0,2.0
property-house-vic-oakleigh-130964230,7.0,0.0,1.0,4.0
property-house-vic-oakleigh-131025682,6.0,0.0,5.0,2.0
property-house-vic-oakleigh-131209530,7.0,0.0,5.0,4.0
property-house-vic-oakleigh-131210734,7.0,0.0,4.0,4.0
property-house-vic-oakleigh-131224834,6.0,0.0,4.0,4.0
property-house-vic-oakleigh-131487766,6.0,0.0,6.0,2.0
property-house-vic-oakleigh-131531578,7.0,0.0,5.0,4.0
property-house-vic-oakleigh-131594850,7.0,0.0,5.0,2.0
property-house-vic-oakleigh-131770438,6.0,0.0,6.0,3.0
property-house-vic-oakleigh-131853890,6.0,0.0,6.0,2.0
property-house-vic-oakleigh-132322054,8.0,0.0,4.0,4.0
property-house-vic-oakleigh-132327458,7.0,0.0,5.0,2.0
property-house-vic-oakleigh-132429086,8.0,0.0,4.0,4.0
property-house-vic-oakleigh-132448374,7.0,0.0,4.0,4.0
property-house-vic-oakleigh-132464402,7.0,0.0,5.0,4.0
property-house-vic-oakleigh-132464442,5.0,0.0,3.0,1.0
property-house-vic-oakleigh-132464678,7.0,0.0,5.0,4.0
property-house-vic-oakleigh-132904134,6.0,0.0,4.0,4.0
property-house-vic-oakleigh-132968138,5.0,0.0,3.0,1.0
property-house-vic-oakleigh-132981410,7.0,0.0,5.0,4.0
property-house-vic-oakleigh-133013366,8.0,0.0,4.0,4.0
property-house-vic-oakleigh-133249138,7.0,0.0,4.0,2.0
property-house-vic-oakleigh-133249142,6.0,0.0,6.0,2.0
property-house-vic-oakleigh-133319354,6.0,0.0,5.0,2.0
property-house-vic-oakleigh-133462298,7.0,0.0,5.0,4.0
property-house-vic-oakleigh-133558302,6.0,0.0,5.0,2.0
property-house-vic-oakleigh-133600682,7.0,0.0,5.0,4.0
property-house-vic-oakleigh-133720694,7.0,0.0,5.0,4.0
property-house-vic-oakleigh-133857866,6.0,0.0,4.0,4.0
property-house-vic-oakleigh-133959558,7.0,0.0,5.0,4.0
property-house-vic-oakleigh-134107178,7.0,0.0,6.0,2.0
property-house-vic-oakleigh-134510906,6.0,0.0,5.0,4.0
property-house-vic-oakleigh-134800486,7.0,0.0,1.0,4.0
property-house-vic-oakleigh-134851014,7.0,0.0,6.0,2.0
property-house-vic-oakleigh-134870846,8.0,0.0,1.0,5.0
property-house-vic-oakleigh-134965070,6.0,0.0,4.0,4.0
property-house-vic-oakleigh-135309110,7.0,0.0,5.0,4.0
property-house-vic-oakleigh-135450534,6.0,0.0,6.0,2.0
property-house-vic-oakleigh-135464974,6.0,0.0,6.0,2.0
property-house-vic-oakleigh-135555642,7.0,0.0,1.0,5.0
property-house-vic-oakleigh-135601434,5.0,0.0,3.0,1.0
property-house-vic-oakleigh-135768626,7.0,0.0,5.0,3.0
property-house-vic-oakleigh-135786482,6.0,0.0,4.0,3.0
property-house-vic-oakleigh-135923510,7.0,0.0,5.0,4.0
property-house-vic-oakleigh-135944706,6.0,0.0,5.0,2.0
property-house-vic-oakleigh-136013078,7.0,0.0,4.0,4.0
property-house-vic-oakleigh-136018454,7.0,0.0,4.0,3.0
property-house-vic-oakleigh-136069378,6.0,0.0,5.0,2.0
property-house-vic-oakleigh-136177018,7.0,0.0,6.0,2.0
property-house-vic-oakleigh-136251654,6.0,0.0,6.0,2.0
property-house-vic-oakleigh-136288430,7.0,0.0,5.0,3.0
property-house-vic-oakleigh-136305318,6.0,0.0,4.0,4.0
property-house-vic-oakleigh-136338502,7.0,0.0,5.0,3.0
property-house-vic-oakleigh-136348366,7.0,0.0,4.0,4.0
property-house-vic-oakleigh-136348686,7.0,0.0,5.0,4.0
property-house-vic-oakleigh-136644358,5.0,0.0,3.0,1.0
property-house-vic-oakleigh-136724354,7.0,0.0,4.0,2.0
property-house-vic-oakleigh-136729974,6.0,0.0,6.0,2.0
property-house-vic-oakleigh-136911930,7.0,0.0,4.0,4.0
property-house-vic-oakleigh-136912210,6.0,0.0,7.0,2.0
property-house-vic-oakleigh-137381018,7.0,0.0,5.0,2.0
property-house-vic-oakleigh-137478634,7.0,0.0,5.0,4.0
property-house-vic-oakleigh-137543518,7.0,0.0,4.0,4.0
property-house-vic-oakleigh-137577934,7.0,0.0,4.0,3.0
property-house-vic-oakleigh-137680730,6.0,0.0,7.0,2.0
property-house-vic-oakleigh-137726454,5.0,0.0,3.0,1.0
property-house-vic-oakleigh-137834278,7.0,0.0,6.0,4.0
property-house-vic-oakleigh-137911162,7.0,0.0,4.0,2.0
property-house-vic-oakleigh-138045518,6.0,0.0,5.0,2.0
property-house-vic-oakleigh-138051338,7.0,0.0,5.0,2.0
property-house-vic-oakleigh-138306962,8.0,0.0,4.0,4.0
property-house-vic-oakleigh-138313382,6.0,0.0,5.0,2.0
property-house-vic-oakleigh-138319186,8.0,0.0,4.0,4.0
property-house-vic-oakleigh-138328726,7.0,0.0,3.0,3.0
property-house-vic-oakleigh-138570583,7.0,0.0,1.0,4.0
property-house-vic-oakleigh-138633399,8.0,0.0,4.0,2.0
property-house-vic-oakleigh-138701947,7.0,0.0,5.0,4.0
property-house-vic-oakleigh-139020551,6.0,0.0,7.0,2.0
property-house-vic-oakleigh-139102651,7.0,0.0,4.0,3.0
property-house-vic-oakleigh-139214323,7.0,0.0,4.0,2.0
property-house-vic-oakleigh-139249639,6.0,0.0,6.0,2.0
property-house-vic-oakleigh-139301735,7.0,0.0,4.0,4.0
property-house-vic-oakleigh-139310387,8.0,0.0,6.0,2.0
property-house-vic-oakleigh-139335187,5.0,0.0,3.0,2.0
property-house-vic-oakleigh-139360707,6.0,0.0,6.0,2.0
property-house-vic-oakleigh-139441419,7.0,0.0,6.0,2.0
property-house-vic-oakleigh-139590391,5.0,0.0,3.0,1.0
property-house-vic-oakleigh-139636083,7.0,0.0,4.0,2.0
property-house-vic-oakleigh-139695107,6.0,0.0,6.0,2.0
property-house-vic-oakleigh-139735463,6.0,0.0,4.0,4.0
property-house-vic-oakleigh-139763223,6.0,0.0,5.0,2.0
property-house-vic-oakleigh-140019467,6.0,0.0,5.0,2.0
property-house-vic-oakleigh-140070619,7.0,0.0,5.0,4.0
property-house-vic-oakleigh-140276191,7.0,0.0,5.0,4.0
property-house-vic-oakleigh-140389659,7.0,0.0,4.0,2.0
property-house-vic-oakleigh-140543891,6.0,0.0,6.0,2.0
property-house-vic-oakleigh-140574987,5.0,0.0,3.0,2.0
property-house-vic-oakleigh-140769871,6.0,0.0,6.0,2.0
property-house-vic-oakleigh-140809743,6.0,0.0,4.0,4.0
property-house-vic-oakleigh-140948708,6.0,0.0,5.0,4.0
property-house-vic-oakleigh-141091204,5.0,0.0,3.0,1.0
property-house-vic-oakleigh-141167740,7.0,0.0,4.0,4.0
property-house-vic-oakleigh-141337900,7.0,0.0,4.0,2.0
property-house-vic-oakleigh-141580908,6.0,0.0,6.0,2.0
property-house-vic-oakleigh-141581188,6.0,0.0,4.0,3.0
property-house-vic-oakleigh-141772724,7.0,0.0,7.0,2.0
property-house-vic-oakleigh-141821528,7.0,0.0,5.0,2.0
property-house-vic-oakleigh-141821940,7.0,0.0,5.0,2.0
property-house-vic-oakleigh-141841092,6.0,0.0,6.0,2.0
property-house-vic-oakleigh-141842352,7.0,0.0,5.0,4.0
property-house-vic-oakleigh-141952500,7.0,0.0,4.0,4.0
property-house-vic-oakleigh-142012476,7.0,0.0,5.0,4.0
property-house-vic-oakleigh-142065296,7.0,0.0,4.0,3.0
property-house-vic-oakleigh-142069200,6.0,0.0,5.0,2.0
property-house-vic-oakleigh-142083272,6.0,0.0,4.0,4.0
property-house-vic-oakleigh-142170684,6.0,0.0,6.0,3.0
property-house-vic-oakleigh-142196796,7.0,0.0,4.0,4.0
property-house-vic-oakleigh-142214352,7.0,0.0,2.0,3.0
property-house-vic-oakleigh-142475156,7.0,0.0,5.0,3.0
property-house-vic-oakleigh-142487532,6.0,0.0,4.0,4.0
property-house-vic-oakleigh-142494148,8.0,0.0,1.0,4.0
property-house-vic-oakleigh-142521152,7.0,0.0,7.0,2.0
property-house-vic-oakleigh-142525100,7.0,1.0,4.0,4.0
property-house-vic-oakleigh-142643836,7.0,0.0,5.0,4.0
property-house-vic-oakleigh-142719456,7.0,0.0,5.0,2.0
property-house-vic-oakleigh-142720460,8.0,0.0,1.0,4.0
property-house-vic-oakleigh-142738948,7.0,0.0,4.0,4.0
property-house-vic-oakleigh-142771168,7.0,0.0,4.0,3.0
property-house-vic-oakleigh-142794940,6.0,0.0,6.0,2.0
property-house-vic-oakleigh-142803676,6.0,0.0,6.0,2.0
property-house-vic-oakleigh-142813300,5.0,0.0,3.0,1.0
property-house-vic-oakleigh-142839328,7.0,0.0,3.0,4.0
property-house-vic-oakleigh-142887448,7.0,0.0,5.0,2.0
property-house-vic-oakleigh-143046820,8.0,0.0,4.0,2.0
property-house-vic-oakleigh-143081792,7.0,0.0,5.0,4.0
property-house-vic-oakleigh-143165012,6.0,0.0,5.0,2.0
property-house-vic-oakleigh-143168128,8.0,0.0,2.0,3.0
property-house-vic-oakleigh-143199860,6.0,0.0,5.0,2.0
property-house-vic-oakleigh-143253124,7.0,0.0,5.0,4.0
property-house-vic-oakleigh-143253608,6.0,0.0,1.0,5.0
property-house-vic-oakleigh-143303636,7.0,0.0,4.0,2.0
property-house-vic-oakleigh-143314308,7.0,0.0,4.0,2.0
property-house-vic-oakleigh-143535884,7.0,0.0,5.0,2.0
property-house-vic-oakleigh-143539912,7.0,0.0,5.0,2.0
property-house-vic-oakleigh-143569376,6.0,0.0,4.0,4.0
property-house-vic-oakleigh-143665516,7.0,0.0,5.0,3.0
property-house-vic-oakleigh-143700500,6.0,0.0,4.0,4.0
property-house-vic-oakleigh-143700552,7.0,0.0,1.0,5.0
property-house-vic-oakleigh-143704692,6.0,0.0,5.0,2.0
property-house-vic-oakleigh-143762056,7.0,0.0,4.0,4.0
property-house-vic-oakleigh-143831604,5.0,0.0,3.0,1.0
property-house-vic-oakleigh-144063968,7.0,0.0,5.0,4.0
property-house-vic-oakleigh-144134520,7.0,0.0,4.0,3.0
property-house-vic-oakleigh-144169512,7.0,0.0,5.0,3.0
property-house-vic-oakleigh-144290584,8.0,0.0,4.0,3.0
property-house-vic-oakleigh-144492752,6.0,0.0,7.0,2.0
property-house-vic-oakleigh-144630380,6.0,0.0,1.0,4.0
property-house-vic-oakleigh-144710620,7.0,0.0,5.0,4.0
property-house-vic-oakleigh-144766656,7.0,0.0,5.0,4.0
property-house-vic-oakleigh-144854492,7.0,0.0,6.0,3.0
property-house-vic-oakleigh-144892820,8.0,0.0,4.0,4.0
property-house-vic-oakleigh-144939556,6.0,0.0,6.0,2.0
property-house-vic-oakleigh-144953076,7.0,0.0,4.0,3.0
property-house-vic-oakleigh-145137004,6.0,0.0,5.0,3.0
property-house-vic-oakleigh-145319256,6.0,0.0,4.0,4.0
property-house-vic-oakleigh-145374784,6.0,0.0,5.0,4.0
property-house-vic-oakleigh-145390440,8.0,0.0,4.0,2.0
property-house-vic-oakleigh-145433108,5.0,0.0,3.0,1.0
property-house-vic-oakleigh-145442784,8.0,0.0,2.0,3.0
property-house-vic-oakleigh-145558724,7.0,0.0,1.0,4.0
property-house-vic-oakleigh-145616700,6.0,0.0,4.0,4.0
property-house-vic-oakleigh-145798568,7.0,0.0,4.0,4.0
property-house-vic-oakleigh-145812852,7.0,0.0,4.0,4.0
property-house-vic-oakleigh-145813780,8.0,0.0,5.0,2.0
property-house-vic-oakleigh-145866712,6.0,0.0,7.0,2.0
property-house-vic-oakleigh-145877452,6.0,0.0,6.0,2.0
property-house-vic-oakleigh-145963004,7.0,0.0,4.0,4.0
property-house-vic-oakleigh-146039980,8.0,0.0,4.0,3.0
property-house-vic-oakleigh-146055948,7.0,0.0,4.0,4.0
property-house-vic-oakleigh-146073768,7.0,0.0,6.0,2.0
property-house-vic-oakleigh-146117852,7.0,0.0,4.0,4.0
property-house-vic-oakleigh-146145320,7.0,0.0,5.0,2.0
property-house-vic-oakleigh-146170820,7.0,0.0,4.0,4.0
property-house-vic-oakleigh-146297072,6.0,0.0,6.0,2.0
property-house-vic-oakleigh-146399432,7.0,0.0,4.0,4.0
property-house-vic-oakleigh-146494292,6.0,1.0,4.0,4.0
property-house-vic-oakleigh-146553532,6.0,0.0,6.0,2.0
property-house-vic-oakleigh-146683188,6.0,1.0,4.0,4.0
property-house-vic-oakleigh-146791128,7.0,0.0,4.0,4.0
property-house-vic-oakleigh-146813684,6.0,0.0,6.0,2.0
property-house-vic-oakleigh-147051036,7.0,0.0,5.0,4.0
property-house-vic-oakleigh-147083928,6.0,0.0,7.0,2.0
property-house-vic-oakleigh-147115624,6.0,0.0,4.0,4.0
property-house-vic-oakleigh-147264788,6.0,0.0,7.0,2.0
property-house-vic-oakleigh-147360484,7.0,0.0,6.0,2.0
property-house-vic-oakleigh-147493208,6.0,0.0,4.0,4.0
property-house-vic-oakleigh-147509300,7.0,0.0,4.0,4.0
property-house-vic-oakleigh-147551936,7.0,0.0,4.0,4.0
property-house-vic-oakleigh-147586456,5.0,0.0,3.0,1.0
property-house-vic-oakleigh-147639092,7.0,0.0,1.0,4.0
property-house-vic-oakleigh-147755692,7.0,0.0,5.0,4.0
property-house-vic-oakleigh-147906948,6.0,0.0,5.0,2.0
property-house-vic-oakleigh-147920956,6.0,0.0,6.0,2.0
property-house-vic-oakleigh-147945000,6.0,0.0,4.0,4.0
property-house-vic-oakleigh-147957280,6.0,0.0,4.0,4.0
property-house-vic-oakleigh-147963572,6.0,0.0,4.0,4.0
property-house-vic-oakleigh-148132628,6.0,0.0,5.0,2.0
property-house-vic-oakleigh-148297176,7.0,0.0,5.0,2.0
property-house-vic-oakleigh-148362516,6.0,0.0,6.0,2.0
property-house-vic-oakleigh-148477976,6.0,0.0,6.0,2.0
property-house-vic-oakleigh-148479760,7.0,0.0,4.0,2.0
property-house-vic-oakleigh-148588964,6.0,0.0,6.0,2.0
property-house-vic-oakleigh-148623884,6.0,0.0,6.0,2.0
property-house-vic-oakleigh-148637452,7.0,0.0,4.0,4.0
property-house-vic-oakleigh-148639956,7.0,1.0,4.0,4.0
property-house-vic-oakleigh-148727752,7.0,0.0,5.0,3.0
property-house-vic-oakleigh-148747072,7.0,0.0,5.0,4.0
property-house-vic-oakleigh-148794064,6.0,0.0,5.0,2.0
property-house-vic-oakleigh-148844776,7.0,0.0,5.0,2.0
property-house-vic-oakleigh-148870464,7.0,0.0,4.0,2.0
property-house-vic-oakleigh-149006364,7.0,0.0,5.0,2.0
property-house-vic-oakleigh-149046792,6.0,0.0,7.0,2.0
property-house-vic-oakleigh-149059096,8.0,0.0,4.0,2.0
property-house-vic-oakleigh-149160636,6.0,0.0,4.0,4.0
property-house-vic-oakleigh-149173060,7.0,0.0,5.0,4.0
property-house-vic-oakleigh-149335132,7.0,0.0,5.0,2.0
property-house-vic-oakleigh-149366956,7.0,0.0,5.0,4.0
property-house-vic-oakleigh-149430108,7.0,0.0,4.0,2.0
property-house-vic-oakleigh-149455824,6.0,0.0,4.0,4.0
property-house-vic-oakleigh-149636380,7.0,0.0,5.0,4.0
property-house-vic-oakleigh-149753276,6.0,0.0,7.0,2.0
property-house-vic-oakleigh-149765764,7.0,0.0,6.0,2.0
property-house-vic-oakleigh-150069040,6.0,0.0,5.0,4.0
property-house-vic-oakleigh-150115688,6.0,0.0,6.0,2.0
property-house-vic-oakleigh-150256844,6.0,0.0,6.0,2.0
property-house-vic-oakleigh-150340940,6.0,0.0,1.0,4.0
property-house-vic-oakleigh-150352064,6.0,0.0,4.0,4.0
property-house-vic-oakleigh-150388028,5.0,0.0,3.0,2.0
property-house-vic-oakleigh-150408448,6.0,0.0,5.0,2.0
property-house-vic-oakleigh-150511528,6.0,0.0,6.0,2.0
property-house-vic-oakleigh-150703704,7.0,0.0,5.0,4.0
property-house-vic-oakleigh-150712212,6.0,0.0,6.0,2.0
property-house-vic-oakleigh-150785740,7.0,0.0,5.0,4.0
property-house-vic-reservoir-140391675,9.0,1.0,2.0,2.0
property-house-vic-reservoir-140865064,9.0,1.0,3.0,3.0
property-house-vic-reservoir-140980008,6.0,2.0,2.0,2.0
property-house-vic-reservoir-141460280,10.0,1.0,2.0,2.0
property-house-vic-reservoir-141716932,8.0,1.0,2.0,0.0
property-house-vic-reservoir-141927508,8.0,1.0,2.0,0.0
property-house-vic-reservoir-141984604,7.0,1.0,1.0,0.0
property-house-vic-reservoir-142404920,9.0,2.0,1.0,3.0
property-house-vic-reservoir-142454144,9.0,1.0,1.0,1.0
property-house-vic-reservoir-142495604,6.0,1.0,2.0,1.0
property-house-vic-reservoir-142516588,6.0,2.0,2.0,2.0
property-house-vic-reservoir-142521304,7.0,1.0,1.0,1.0
property-house-vic-reservoir-142661580,5.0,0.0,0.0,1.0
property-house-vic-reservoir-142671080,6.0,1.0,2.0,0.0
property-house-vic-reservoir-142679968,8.0,1.0,1.0,0.0
property-house-vic-reservoir-142681792,7.0,1.0,1.0,3.0
property-house-vic-reservoir-142705516,9.0,0.0,2.0,3.0
property-house-vic-reservoir-142716132,9.0,1.0,3.0,3.0
property-house-vic-reservoir-142725040,9.0,1.0,2.0,3.0
property-house-vic-reservoir-142741764,6.0,2.0,2.0,2.0
property-house-vic-reservoir-142769080,5.0,1.0,2.0,1.0
property-house-vic-reservoir-142770640,6.0,1.0,0.0,2.0
property-house-vic-reservoir-142786956,7.0,0.0,2.0,2.0
property-house-vic-reservoir-142787028,5.0,3.0,2.0,1.0
property-house-vic-reservoir-142843096,8.0,0.0,2.0,3.0
property-house-vic-reservoir-142898772,8.0,1.0,2.0,2.0
property-house-vic-reservoir-142898940,5.0,2.0,2.0,1.0
property-house-vic-reservoir-142971796,10.0,1.0,2.0,3.0
property-house-vic-reservoir-142983496,6.0,1.0,2.0,2.0
property-house-vic-reservoir-143000780,5.0,2.0,2.0,0.0
property-house-vic-reservoir-143017952,7.0,1.0,2.0,3.0
property-house-vic-reservoir-143018324,9.0,1.0,2.0,4.0
property-house-vic-reservoir-143019548,8.0,1.0,2.0,3.0
property-house-vic-reservoir-143032780,8.0,1.0,3.0,3.0
property-house-vic-reservoir-143040244,8.0,1.0,1.0,2.0
property-house-vic-reservoir-143071232,7.0,1.0,2.0,3.0
property-house-vic-reservoir-143107236,9.0,1.0,1.0,2.0
property-house-vic-reservoir-143115480,8.0,1.0,3.0,3.0
property-house-vic-reservoir-143118860,6.0,2.0,2.0,0.0
property-house-vic-reservoir-143141256,5.0,2.0,1.0,1.0
property-house-vic-reservoir-143141668,9.0,1.0,2.0,2.0
property-house-vic-reservoir-143145672,7.0,1.0,2.0,3.0
property-house-vic-reservoir-143148120,3.0,1.0,1.0,3.0
property-house-vic-reservoir-143168388,9.0,1.0,2.0,2.0
property-house-vic-reservoir-143182412,8.0,1.0,2.0,3.0
property-house-vic-reservoir-143186428,7.0,0.0,1.0,3.0
property-house-vic-reservoir-143198996,8.0,1.0,2.0,3.0
property-house-vic-reservoir-143204232,8.0,1.0,3.0,3.0
property-house-vic-reservoir-143210320,8.0,1.0,3.0,3.0
property-house-vic-reservoir-143214460,7.0,2.0,2.0,0.0
property-house-vic-reservoir-143225432,11.0,1.0,2.0,3.0
property-house-vic-reservoir-143240688,5.0,1.0,2.0,2.0
property-house-vic-reservoir-143242920,6.0,1.0,2.0,2.0
property-house-vic-reservoir-143242928,6.0,1.0,2.0,2.0
property-house-vic-reservoir-143243156,11.0,1.0,2.0,3.0
property-house-vic-reservoir-143252264,6.0,1.0,2.0,2.0
property-house-vic-reservoir-143310008,9.0,1.0,2.0,1.0
property-house-vic-reservoir-143311180,11.0,1.0,1.0,1.0
property-house-vic-reservoir-143345688,8.0,1.0,2.0,3.0
property-house-vic-reservoir-143371864,10.0,1.0,3.0,3.0
property-house-vic-reservoir-143371872,8.0,1.0,2.0,2.0
property-house-vic-reservoir-143374068,8.0,1.0,2.0,2.0
property-house-vic-reservoir-143375020,6.0,1.0,2.0,3.0
property-house-vic-reservoir-143406492,5.0,2.0,2.0,0.0
property-house-vic-reservoir-143434824,8.0,1.0,1.0,2.0
property-house-vic-reservoir-143444312,5.0,1.0,2.0,3.0
property-house-vic-reservoir-143445756,4.0,2.0,2.0,1.0
property-house-vic-reservoir-143459456,6.0,1.0,2.0,2.0
property-house-vic-reservoir-143467620,8.0,0.0,2.0,3.0
property-house-vic-reservoir-143474232,6.0,0.0,2.0,2.0
property-house-vic-reservoir-143482360,6.0,0.0,0.0,2.0
property-house-vic-reservoir-143503432,8.0,1.0,3.0,3.0
property-house-vic-reservoir-143503588,5.0,0.0,0.0,2.0
property-house-vic-reservoir-143519516,7.0,1.0,2.0,3.0
property-house-vic-reservoir-143522488,4.0,1.0,2.0,3.0
property-house-vic-reservoir-143552384,6.0,0.0,0.0,2.0
property-house-vic-reservoir-143566376,8.0,1.0,1.0,1.0
property-house-vic-reservoir-143569208,6.0,1.0,2.0,2.0
property-house-vic-reservoir-143583704,7.0,2.0,4.0,2.0
property-house-vic-reservoir-143589460,9.0,0.0,2.0,2.0
property-house-vic-reservoir-143612636,10.0,0.0,1.0,3.0
property-house-vic-reservoir-143624600,8.0,1.0,2.0,0.0
property-house-vic-reservoir-143633912,9.0,1.0,1.0,0.0
property-house-vic-reservoir-143663732,11.0,1.0,2.0,3.0
property-house-vic-reservoir-143690576,5.0,1.0,1.0,1.0
property-house-vic-reservoir-143692540,9.0,0.0,2.0,4.0
property-house-vic-reservoir-143721332,6.0,1.0,0.0,2.0
property-house-vic-reservoir-143726292,7.0,1.0,1.0,3.0
property-house-vic-reservoir-143734844,8.0,1.0,2.0,0.0
property-house-vic-reservoir-143735320,7.0,1.0,1.0,3.0
property-house-vic-reservoir-143755196,7.0,1.0,2.0,3.0
property-house-vic-reservoir-143844076,6.0,2.0,4.0,1.0
property-house-vic-reservoir-143849256,9.0,0.0,1.0,3.0
property-house-vic-reservoir-143853576,5.0,1.0,1.0,1.0
property-house-vic-reservoir-143902104,10.0,1.0,2.0,2.0
property-house-vic-reservoir-143904852,4.0,1.0,2.0,2.0
property-house-vic-reservoir-143916784,8.0,1.0,2.0,0.0
property-house-vic-reservoir-143931432,4.0,2.0,2.0,2.0
property-house-vic-reservoir-143948632,7.0,1.0,3.0,3.0
property-house-vic-reservoir-143984432,6.0,1.0,2.0,1.0
property-house-vic-reservoir-144000832,8.0,1.0,2.0,2.0
property-house-vic-reservoir-144011100,7.0,1.0,2.0,3.0
property-house-vic-reservoir-144028416,5.0,2.0,2.0,0.0
property-house-vic-reservoir-144049776,9.0,0.0,2.0,4.0
property-house-vic-reservoir-144049788,5.0,2.0,2.0,1.0
property-house-vic-reservoir-144061156,9.0,1.0,2.0,3.0
property-house-vic-reservoir-144074360,9.0,1.0,2.0,2.0
property-house-vic-reservoir-144080128,6.0,2.0,4.0,2.0
property-house-vic-reservoir-144105716,5.0,2.0,2.0,0.0
property-house-vic-reservoir-144110276,8.0,0.0,2.0,3.0
property-house-vic-reservoir-144114148,7.0,1.0,2.0,3.0
property-house-vic-reservoir-144119828,8.0,1.0,2.0,3.0
property-house-vic-reservoir-144139256,8.0,1.0,2.0,1.0
property-house-vic-reservoir-144140972,11.0,1.0,2.0,3.0
property-house-vic-reservoir-144152836,7.0,1.0,2.0,3.0
property-house-vic-reservoir-144153732,7.0,1.0,2.0,3.0
property-house-vic-reservoir-144170304,6.0,0.0,1.0,0.0
property-house-vic-reservoir-144170736,11.0,1.0,2.0,3.0
property-house-vic-reservoir-144185084,7.0,1.0,1.0,1.0
property-house-vic-reservoir-144192804,11.0,1.0,2.0,3.0
property-house-vic-reservoir-144233748,7.0,1.0,1.0,2.0
property-house-vic-reservoir-144233876,12.0,1.0,2.0,3.0
property-house-vic-reservoir-144235740,6.0,0.0,2.0,3.0
property-house-vic-reservoir-144239776,10.0,1.0,2.0,3.0
property-house-vic-reservoir-144246048,8.0,1.0,3.0,3.0
property-house-vic-reservoir-144294264,6.0,1.0,2.0,3.0
property-house-vic-reservoir-144303008,6.0,1.0,2.0,3.0
property-house-vic-reservoir-144309460,9.0,1.0,2.0,2.0
property-house-vic-reservoir-144309616,6.0,1.0,2.0,0.0
property-house-vic-reservoir-144310036,10.0,1.0,2.0,3.0
property-house-vic-reservoir-144312196,9.0,1.0,2.0,2.0
property-house-vic-reservoir-144318912,7.0,1.0,2.0,3.0
property-house-vic-reservoir-144335124,8.0,0.0,1.0,3.0
property-house-vic-reservoir-144355648,8.0,1.0,2.0,2.0
property-house-vic-reservoir-144359396,7.0,1.0,3.0,3.0
property-house-vic-reservoir-144361660,6.0,0.0,2.0,2.0
property-house-vic-reservoir-144366312,10.0,0.0,1.0,4.0
property-house-vic-reservoir-144368260,6.0,0.0,2.0,2.0
property-house-vic-reservoir-144387760,5.0,0.0,2.0,3.0
property-house-vic-reservoir-144388828,4.0,1.0,2.0,2.0
property-house-vic-reservoir-144396604,8.0,2.0,3.0,3.0
property-house-vic-reservoir-144420252,5.0,1.0,2.0,3.0
property-house-vic-reservoir-144426768,6.0,1.0,2.0,0.0
property-house-vic-reservoir-144462296,6.0,0.0,1.0,1.0
property-house-vic-reservoir-144463672,8.0,1.0,2.0,3.0
property-house-vic-reservoir-144482536,6.0,1.0,1.0,3.0
property-house-vic-reservoir-144496936,9.0,1.0,2.0,0.0
property-house-vic-reservoir-144504692,5.0,2.0,2.0,1.0
property-house-vic-reservoir-144512444,6.0,2.0,4.0,2.0
property-house-vic-reservoir-144576404,11.0,1.0,2.0,3.0
property-house-vic-reservoir-144584556,7.0,1.0,2.0,3.0
property-house-vic-reservoir-144593056,9.0,0.0,1.0,4.0
property-house-vic-reservoir-144604120,9.0,1.0,3.0,4.0
property-house-vic-reservoir-144609160,8.0,1.0,2.0,0.0
property-house-vic-reservoir-144618984,12.0,1.0,2.0,1.0
property-house-vic-reservoir-144646204,9.0,1.0,3.0,4.0
property-house-vic-reservoir-144651632,8.0,1.0,2.0,3.0
property-house-vic-reservoir-144671356,9.0,1.0,2.0,3.0
property-house-vic-reservoir-144693924,9.0,1.0,3.0,3.0
property-house-vic-reservoir-144706484,4.0,1.0,2.0,2.0
property-house-vic-reservoir-144708328,4.0,1.0,2.0,2.0
property-house-vic-reservoir-144716220,8.0,1.0,3.0,3.0
property-house-vic-reservoir-144725688,8.0,1.0,1.0,2.0
property-house-vic-reservoir-144726104,7.0,1.0,2.0,3.0
property-house-vic-reservoir-144727864,7.0,1.0,1.0,3.0
property-house-vic-reservoir-144738764,7.0,1.0,4.0,3.0
property-house-vic-reservoir-144749180,8.0,1.0,2.0,3.0
property-house-vic-reservoir-144765656,5.0,1.0,2.0,3.0
property-house-vic-reservoir-144786468,6.0,2.0,2.0,0.0
property-house-vic-reservoir-144802016,8.0,1.0,3.0,3.0
property-house-vic-reservoir-144829340,8.0,1.0,2.0,0.0
property-house-vic-reservoir-144835604,10.0,1.0,2.0,4.0
property-house-vic-reservoir-144844356,7.0,1.0,1.0,2.0
property-house-vic-reservoir-144847304,7.0,1.0,1.0,3.0
property-house-vic-reservoir-144864376,7.0,1.0,2.0,3.0
property-house-vic-reservoir-144868152,8.0,1.0,2.0,3.0
property-house-vic-reservoir-144879744,6.0,0.0,0.0,2.0
property-house-vic-reservoir-144892648,7.0,1.0,2.0,0.0
property-house-vic-reservoir-144912716,5.0,1.0,2.0,3.0
property-house-vic-reservoir-144927216,5.0,2.0,2.0,0.0
property-house-vic-reservoir-144928896,4.0,2.0,1.0,1.0
property-house-vic-reservoir-144934428,8.0,1.0,2.0,3.0
property-house-vic-reservoir-144937064,5.0,2.0,2.0,0.0
property-house-vic-reservoir-144940068,12.0,1.0,2.0,2.0
property-house-vic-reservoir-144940136,9.0,1.0,2.0,3.0
property-house-vic-reservoir-144967140,10.0,1.0,2.0,1.0
property-house-vic-reservoir-144980552,7.0,1.0,2.0,3.0
property-house-vic-reservoir-145073844,8.0,1.0,3.0,3.0
property-house-vic-reservoir-145083072,6.0,0.0,1.0,0.0
property-house-vic-reservoir-145114516,10.0,1.0,3.0,3.0
property-house-vic-reservoir-145118496,7.0,1.0,1.0,2.0
property-house-vic-reservoir-145120376,8.0,1.0,1.0,1.0
property-house-vic-reservoir-145161508,8.0,1.0,1.0,3.0
property-house-vic-reservoir-145180384,7.0,1.0,2.0,3.0
property-house-vic-reservoir-145180828,7.0,0.0,2.0,2.0
property-house-vic-reservoir-145185728,11.0,1.0,2.0,2.0
property-house-vic-reservoir-145210464,12.0,1.0,2.0,3.0
property-house-vic-reservoir-145248736,8.0,1.0,2.0,2.0
property-house-vic-reservoir-145253304,10.0,0.0,1.0,3.0
property-house-vic-reservoir-145296732,7.0,1.0,2.0,3.0
property-house-vic-reservoir-145302980,4.0,1.0,1.0,2.0
property-house-vic-reservoir-145324324,8.0,1.0,3.0,3.0
property-house-vic-reservoir-145335584,7.0,1.0,2.0,3.0
property-house-vic-reservoir-145340336,7.0,1.0,1.0,1.0
property-house-vic-reservoir-145377784,8.0,1.0,2.0,3.0
property-house-vic-reservoir-145389456,10.0,1.0,2.0,3.0
property-house-vic-reservoir-145399044,6.0,1.0,1.0,3.0
property-house-vic-reservoir-145399488,7.0,1.0,1.0,1.0
property-house-vic-reservoir-145407244,9.0,1.0,2.0,3.0
property-house-vic-reservoir-145412604,7.0,1.0,3.0,2.0
property-house-vic-reservoir-145456012,8.0,1.0,2.0,2.0
property-house-vic-reservoir-145458508,10.0,1.0,2.0,3.0
property-house-vic-reservoir-145462356,11.0,0.0,2.0,4.0
property-house-vic-reservoir-145464952,4.0,2.0,2.0,2.0
property-house-vic-reservoir-145487596,8.0,1.0,1.0,3.0
property-house-vic-reservoir-145494780,5.0,2.0,2.0,3.0
property-house-vic-reservoir-145516768,10.0,0.0,2.0,4.0
property-house-vic-reservoir-145528684,5.0,2.0,2.0,0.0
property-house-vic-reservoir-145540672,9.0,1.0,2.0,0.0
property-house-vic-reservoir-145541356,12.0,1.0,2.0,3.0
property-house-vic-reservoir-145592868,8.0,1.0,2.0,2.0
property-house-vic-reservoir-145609904,6.0,1.0,2.0,0.0
property-house-vic-reservoir-145633120,6.0,2.0,2.0,2.0
property-house-vic-reservoir-145659908,10.0,1.0,2.0,3.0
property-house-vic-reservoir-145672228,6.0,1.0,4.0,2.0
property-house-vic-reservoir-145673060,10.0,1.0,3.0,3.0
property-house-vic-reservoir-145677156,5.0,2.0,2.0,0.0
property-house-vic-reservoir-145678244,12.0,1.0,2.0,2.0
property-house-vic-reservoir-145679780,8.0,0.0,1.0,2.0
property-house-vic-reservoir-145718792,5.0,2.0,2.0,0.0
property-house-vic-reservoir-145723228,8.0,1.0,2.0,3.0
property-house-vic-reservoir-145750796,12.0,1.0,2.0,3.0
property-house-vic-reservoir-145751400,8.0,1.0,3.0,3.0
property-house-vic-reservoir-145781888,3.0,2.0,1.0,2.0
property-house-vic-reservoir-145785952,6.0,1.0,0.0,2.0
property-house-vic-reservoir-145786560,11.0,0.0,2.0,4.0
property-house-vic-reservoir-145788604,7.0,2.0,3.0,3.0
property-house-vic-reservoir-145795524,10.0,1.0,2.0,3.0
property-house-vic-reservoir-145809744,8.0,1.0,2.0,2.0
property-house-vic-reservoir-145810620,8.0,1.0,2.0,2.0
property-house-vic-reservoir-145811864,4.0,1.0,2.0,2.0
property-house-vic-reservoir-145848232,10.0,1.0,2.0,1.0
property-house-vic-reservoir-145877460,7.0,0.0,1.0,2.0
property-house-vic-reservoir-145894564,7.0,1.0,2.0,3.0
property-house-vic-reservoir-145896952,9.0,1.0,2.0,2.0
property-house-vic-reservoir-145911928,6.0,2.0,2.0,2.0
property-house-vic-reservoir-145926008,7.0,1.0,3.0,3.0
property-house-vic-reservoir-145926012,10.0,1.0,2.0,2.0
property-house-vic-reservoir-145927132,11.0,0.0,2.0,4.0
property-house-vic-reservoir-145989704,6.0,1.0,0.0,2.0
property-house-vic-reservoir-145991120,5.0,1.0,0.0,2.0
property-house-vic-reservoir-145995212,9.0,1.0,2.0,3.0
property-house-vic-reservoir-146001884,8.0,1.0,1.0,2.0
property-house-vic-reservoir-146025220,7.0,1.0,1.0,3.0
property-house-vic-reservoir-146046368,6.0,1.0,2.0,3.0
property-house-vic-reservoir-146062100,9.0,1.0,2.0,3.0
property-house-vic-reservoir-146084648,10.0,1.0,2.0,2.0
property-house-vic-reservoir-146086984,7.0,1.0,1.0,0.0
property-house-vic-reservoir-146095032,9.0,0.0,1.0,4.0
property-house-vic-reservoir-146098300,6.0,1.0,2.0,2.0
property-house-vic-reservoir-146099108,7.0,1.0,2.0,0.0
property-house-vic-reservoir-146104172,6.0,2.0,4.0,2.0
property-house-vic-reservoir-146109304,6.0,0.0,2.0,3.0
property-house-vic-reservoir-146114668,6.0,1.0,2.0,0.0
property-house-vic-reservoir-146121028,7.0,1.0,1.0,1.0
property-house-vic-reservoir-146121204,5.0,2.0,2.0,1.0
property-house-vic-reservoir-146126972,7.0,1.0,2.0,3.0
property-house-vic-reservoir-146139688,6.0,1.0,2.0,3.0
property-house-vic-reservoir-146145888,9.0,1.0,1.0,1.0
property-house-vic-reservoir-146182772,6.0,1.0,2.0,3.0
property-house-vic-reservoir-146186752,6.0,1.0,0.0,2.0
property-house-vic-reservoir-146208832,7.0,1.0,3.0,3.0
property-house-vic-reservoir-146209732,6.0,1.0,2.0,2.0
property-house-vic-reservoir-146213984,6.0,1.0,2.0,3.0
property-house-vic-reservoir-146214896,7.0,1.0,2.0,3.0
property-house-vic-reservoir-146220368,9.0,1.0,2.0,3.0
property-house-vic-reservoir-146221892,8.0,1.0,2.0,3.0
property-house-vic-reservoir-146259828,8.0,1.0,2.0,3.0
property-house-vic-reservoir-146295040,8.0,1.0,2.0,3.0
property-house-vic-reservoir-146295352,12.0,1.0,2.0,3.0
property-house-vic-reservoir-146303152,8.0,1.0,2.0,3.0
property-house-vic-reservoir-146305484,10.0,1.0,2.0,3.0
property-house-vic-reservoir-146320692,8.0,1.0,2.0,2.0
property-house-vic-reservoir-146324100,6.0,1.0,2.0,3.0
property-house-vic-reservoir-146335196,4.0,1.0,1.0,3.0
property-house-vic-reservoir-146340400,7.0,1.0,4.0,3.0
property-house-vic-reservoir-146376604,9.0,0.0,2.0,3.0
property-house-vic-reservoir-146377312,6.0,0.0,1.0,0.0
property-house-vic-reservoir-146380128,9.0,0.0,1.0,3.0
property-house-vic-reservoir-146392488,10.0,0.0,2.0,3.0
property-house-vic-reservoir-146392492,8.0,0.0,2.0,3.0
property-house-vic-reservoir-146413892,7.0,1.0,3.0,2.0
property-house-vic-reservoir-146430564,7.0,1.0,1.0,3.0
property-house-vic-reservoir-146437168,8.0,1.0,2.0,3.0
property-house-vic-reservoir-146446828,8.0,1.0,2.0,3.0
property-house-vic-reservoir-146461984,5.0,1.0,1.0,2.0
property-house-vic-reservoir-146477452,8.0,1.0,3.0,3.0
property-house-vic-reservoir-146483424,7.0,0.0,1.0,2.0
property-house-vic-reservoir-146512792,5.0,1.0,2.0,3.0
property-house-vic-reservoir-146512896,12.0,1.0,2.0,3.0
property-house-vic-reservoir-146532248,4.0,2.0,1.0,2.0
property-house-vic-reservoir-146539968,7.0,1.0,2.0,2.0
property-house-vic-reservoir-146563048,6.0,1.0,2.0,2.0
property-house-vic-reservoir-146573204,6.0,1.0,1.0,3.0
property-house-vic-reservoir-146582700,4.0,1.0,2.0,2.0
property-house-vic-reservoir-146586236,11.0,1.0,1.0,2.0
property-house-vic-reservoir-146588692,3.0,1.0,2.0,2.0
property-house-vic-reservoir-146595232,7.0,1.0,1.0,3.0
property-house-vic-reservoir-146595340,9.0,2.0,2.0,3.0
property-house-vic-reservoir-146595384,9.0,2.0,3.0,3.0
property-house-vic-reservoir-146597124,6.0,1.0,2.0,3.0
property-house-vic-reservoir-146607344,8.0,1.0,1.0,3.0
property-house-vic-reservoir-146623676,8.0,1.0,1.0,2.0
property-house-vic-reservoir-146649868,8.0,0.0,3.0,3.0
property-house-vic-reservoir-146650252,4.0,2.0,1.0,1.0
property-house-vic-reservoir-146661344,7.0,1.0,2.0,3.0
property-house-vic-reservoir-146680964,8.0,1.0,3.0,3.0
property-house-vic-reservoir-146682888,7.0,1.0,3.0,3.0
property-house-vic-reservoir-146700592,8.0,0.0,1.0,3.0
property-house-vic-reservoir-146726776,12.0,1.0,2.0,2.0
property-house-vic-reservoir-146732316,11.0,1.0,2.0,3.0
property-house-vic-reservoir-146732732,7.0,1.0,1.0,2.0
property-house-vic-reservoir-146761960,7.0,1.0,3.0,2.0
property-house-vic-reservoir-146827760,9.0,1.0,2.0,2.0
property-house-vic-reservoir-146893704,6.0,1.0,2.0,2.0
property-house-vic-reservoir-146915900,6.0,2.0,2.0,0.0
property-house-vic-reservoir-147026568,8.0,1.0,3.0,3.0
property-house-vic-reservoir-147026576,7.0,1.0,2.0,3.0
property-house-vic-reservoir-147029320,9.0,1.0,2.0,2.0
property-house-vic-reservoir-147029392,6.0,1.0,2.0,0.0
property-house-vic-reservoir-147047572,5.0,2.0,2.0,0.0
property-house-vic-reservoir-147080908,8.0,1.0,3.0,3.0
property-house-vic-reservoir-147096492,7.0,1.0,2.0,3.0
property-house-vic-reservoir-147109028,11.0,1.0,2.0,3.0
property-house-vic-reservoir-147129928,8.0,1.0,2.0,2.0
property-house-vic-reservoir-147140588,6.0,1.0,2.0,1.0
property-house-vic-reservoir-147191808,9.0,1.0,1.0,2.0
property-house-vic-reservoir-147192800,6.0,2.0,2.0,0.0
property-house-vic-reservoir-147225508,3.0,1.0,2.0,2.0
property-house-vic-reservoir-147231060,9.0,1.0,3.0,3.0
property-house-vic-reservoir-147231768,12.0,1.0,2.0,2.0
property-house-vic-reservoir-147233272,11.0,1.0,2.0,3.0
property-house-vic-reservoir-147282560,11.0,1.0,2.0,1.0
property-house-vic-reservoir-147296372,8.0,1.0,2.0,3.0
property-house-vic-reservoir-147296488,10.0,1.0,2.0,4.0
property-house-vic-reservoir-147304964,7.0,1.0,3.0,3.0
property-house-vic-reservoir-147306004,6.0,1.0,1.0,1.0
property-house-vic-reservoir-147308168,8.0,1.0,1.0,2.0
property-house-vic-reservoir-147309544,6.0,1.0,2.0,2.0
property-house-vic-reservoir-147325064,5.0,2.0,1.0,1.0
property-house-vic-reservoir-147331704,10.0,0.0,3.0,3.0
property-house-vic-reservoir-147337416,8.0,0.0,2.0,3.0
property-house-vic-reservoir-147346636,9.0,0.0,2.0,3.0
property-house-vic-reservoir-147347608,8.0,1.0,2.0,3.0
property-house-vic-reservoir-147347760,7.0,0.0,2.0,3.0
property-house-vic-reservoir-147366444,5.0,1.0,1.0,2.0
property-house-vic-reservoir-147374356,9.0,1.0,2.0,2.0
property-house-vic-reservoir-147386620,10.0,1.0,3.0,3.0
property-house-vic-reservoir-147387824,10.0,0.0,2.0,4.0
property-house-vic-reservoir-147414596,7.0,1.0,1.0,3.0
property-house-vic-reservoir-147416080,6.0,0.0,2.0,3.0
property-house-vic-reservoir-147416100,6.0,0.0,1.0,2.0
property-house-vic-reservoir-147423108,9.0,1.0,2.0,2.0
property-house-vic-reservoir-147426880,9.0,0.0,1.0,4.0
property-house-vic-reservoir-147428472,9.0,1.0,2.0,3.0
property-house-vic-reservoir-147430716,10.0,1.0,2.0,3.0
property-house-vic-reservoir-147431512,8.0,1.0,2.0,3.0
property-house-vic-reservoir-147473364,10.0,1.0,2.0,2.0
property-house-vic-reservoir-147476180,5.0,2.0,2.0,0.0
property-house-vic-reservoir-147476496,12.0,1.0,2.0,3.0
property-house-vic-reservoir-147480312,12.0,1.0,2.0,1.0
property-house-vic-reservoir-147480428,9.0,0.0,2.0,3.0
property-house-vic-reservoir-147491688,8.0,1.0,3.0,3.0
property-house-vic-reservoir-147493392,11.0,0.0,2.0,4.0
property-house-vic-reservoir-147499608,6.0,1.0,1.0,3.0
property-house-vic-reservoir-147504712,8.0,1.0,3.0,3.0
property-house-vic-reservoir-147507744,6.0,1.0,1.0,3.0
property-house-vic-reservoir-147522448,7.0,1.0,2.0,3.0
property-house-vic-reservoir-147543788,8.0,1.0,3.0,3.0
property-house-vic-reservoir-147559280,5.0,2.0,1.0,2.0
property-house-vic-reservoir-147596372,5.0,0.0,0.0,1.0
property-house-vic-reservoir-147603392,6.0,0.0,2.0,2.0
property-house-vic-reservoir-147624128,5.0,2.0,2.0,0.0
property-house-vic-reservoir-147666976,6.0,1.0,2.0,0.0
property-house-vic-reservoir-147666996,6.0,1.0,2.0,3.0
property-house-vic-reservoir-147680732,6.0,1.0,2.0,2.0
property-house-vic-reservoir-147707844,6.0,2.0,2.0,1.0
property-house-vic-reservoir-147723244,4.0,1.0,2.0,2.0
property-house-vic-reservoir-147723548,7.0,1.0,2.0,3.0
property-house-vic-reservoir-147728720,9.0,1.0,2.0,2.0
property-house-vic-reservoir-147728884,5.0,1.0,0.0,2.0
property-house-vic-reservoir-147730168,5.0,2.0,2.0,0.0
property-house-vic-reservoir-147743436,6.0,2.0,3.0,4.0
property-house-vic-reservoir-147743712,9.0,1.0,2.0,0.0
property-house-vic-reservoir-147744752,6.0,1.0,2.0,0.0
property-house-vic-reservoir-147745100,12.0,1.0,2.0,3.0
property-house-vic-reservoir-147754632,11.0,0.0,2.0,3.0
property-house-vic-reservoir-147787532,4.0,1.0,2.0,1.0
property-house-vic-reservoir-147789576,5.0,2.0,2.0,0.0
property-house-vic-reservoir-147794820,9.0,0.0,2.0,3.0
property-house-vic-reservoir-147797896,6.0,1.0,2.0,0.0
property-house-vic-reservoir-147829608,6.0,0.0,2.0,2.0
property-house-vic-reservoir-147829628,5.0,1.0,0.0,2.0
property-house-vic-reservoir-147833588,7.0,0.0,2.0,3.0
property-house-vic-reservoir-147835440,6.0,2.0,2.0,0.0
property-house-vic-reservoir-147846176,7.0,0.0,2.0,3.0
property-house-vic-reservoir-147853596,8.0,1.0,1.0,2.0
property-house-vic-reservoir-147855348,12.0,1.0,2.0,2.0
property-house-vic-reservoir-147877692,6.0,1.0,2.0,3.0
property-house-vic-reservoir-147877736,7.0,1.0,2.0,3.0
property-house-vic-reservoir-147879352,7.0,1.0,1.0,2.0
property-house-vic-reservoir-147884748,6.0,2.0,2.0,2.0
property-house-vic-reservoir-147892620,7.0,1.0,4.0,3.0
property-house-vic-reservoir-147902628,4.0,2.0,1.0,1.0
property-house-vic-reservoir-147910804,8.0,1.0,2.0,0.0
property-house-vic-reservoir-147921252,8.0,1.0,3.0,3.0
property-house-vic-reservoir-147926184,6.0,2.0,2.0,0.0
property-house-vic-reservoir-147927596,7.0,1.0,2.0,3.0
property-house-vic-reservoir-147948336,5.0,1.0,1.0,1.0
property-house-vic-reservoir-147948360,8.0,2.0,3.0,3.0
property-house-vic-reservoir-147953536,8.0,1.0,2.0,3.0
property-house-vic-reservoir-147955504,9.0,1.0,2.0,3.0
property-house-vic-reservoir-147962800,10.0,0.0,1.0,4.0
property-house-vic-reservoir-147967148,5.0,2.0,2.0,0.0
property-house-vic-reservoir-148017044,12.0,1.0,2.0,3.0
property-house-vic-reservoir-148030000,10.0,1.0,2.0,3.0
property-house-vic-reservoir-148032196,8.0,1.0,3.0,3.0
property-house-vic-reservoir-148034148,6.0,0.0,1.0,0.0
property-house-vic-reservoir-148051104,11.0,1.0,2.0,3.0
property-house-vic-reservoir-148073372,4.0,1.0,2.0,2.0
property-house-vic-reservoir-148078612,10.0,0.0,1.0,3.0
property-house-vic-reservoir-148092068,6.0,2.0,2.0,2.0
property-house-vic-reservoir-148103784,6.0,1.0,1.0,3.0
property-house-vic-reservoir-148121060,7.0,1.0,2.0,3.0
property-house-vic-reservoir-148126124,9.0,1.0,2.0,2.0
property-house-vic-reservoir-148144664,5.0,2.0,1.0,0.0
property-house-vic-reservoir-148151868,7.0,0.0,1.0,2.0
property-house-vic-reservoir-148153024,7.0,1.0,2.0,3.0
property-house-vic-reservoir-148160048,4.0,2.0,1.0,1.0
property-house-vic-reservoir-148183848,8.0,1.0,2.0,0.0
property-house-vic-reservoir-148188324,5.0,1.0,2.0,2.0
property-house-vic-reservoir-148210236,9.0,1.0,2.0,2.0
property-house-vic-reservoir-148212204,4.0,1.0,2.0,2.0
property-house-vic-reservoir-148217636,7.0,1.0,1.0,1.0
property-house-vic-reservoir-148220120,6.0,1.0,2.0,2.0
property-house-vic-reservoir-148229132,8.0,1.0,3.0,3.0
property-house-vic-reservoir-148230544,7.0,1.0,1.0,1.0
property-house-vic-reservoir-148240452,6.0,1.0,2.0,0.0
property-house-vic-reservoir-148285024,8.0,1.0,2.0,2.0
property-house-vic-reservoir-148287320,6.0,0.0,2.0,3.0
property-house-vic-reservoir-148300708,10.0,1.0,2.0,3.0
property-house-vic-reservoir-148332056,11.0,1.0,2.0,3.0
property-house-vic-reservoir-148343532,8.0,1.0,3.0,3.0
property-house-vic-reservoir-148354200,5.0,0.0,0.0,2.0
property-house-vic-reservoir-148364288,12.0,1.0,2.0,2.0
property-house-vic-reservoir-148364792,6.0,1.0,3.0,2.0
property-house-vic-reservoir-148364952,11.0,0.0,2.0,4.0
property-house-vic-reservoir-148408316,4.0,2.0,2.0,1.0
property-house-vic-reservoir-148412780,7.0,1.0,2.0,3.0
property-house-vic-reservoir-148412856,6.0,0.0,1.0,0.0
property-house-vic-reservoir-148420300,7.0,1.0,4.0,3.0
property-house-vic-reservoir-148428612,8.0,1.0,1.0,2.0
property-house-vic-reservoir-148442384,5.0,1.0,2.0,3.0
property-house-vic-reservoir-148456652,8.0,1.0,2.0,3.0
property-house-vic-reservoir-148470212,12.0,1.0,2.0,3.0
property-house-vic-reservoir-148484520,9.0,1.0,2.0,2.0
property-house-vic-reservoir-148535776,9.0,1.0,2.0,0.0
property-house-vic-reservoir-148537532,6.0,1.0,2.0,0.0
property-house-vic-reservoir-148545072,5.0,2.0,2.0,1.0
property-house-vic-reservoir-148550640,6.0,0.0,0.0,2.0
property-house-vic-reservoir-148576752,6.0,0.0,2.0,1.0
property-house-vic-reservoir-148580084,10.0,1.0,2.0,2.0
property-house-vic-reservoir-148621104,7.0,1.0,2.0,0.0
property-house-vic-reservoir-148632488,7.0,2.0,2.0,1.0
property-house-vic-reservoir-148642172,6.0,0.0,1.0,0.0
property-house-vic-reservoir-148647612,9.0,1.0,2.0,2.0
property-house-vic-reservoir-148666596,3.0,2.0,2.0,2.0
property-house-vic-reservoir-148668720,9.0,2.0,3.0,3.0
property-house-vic-reservoir-148673608,10.0,0.0,2.0,3.0
property-house-vic-reservoir-148677928,12.0,1.0,2.0,3.0
property-house-vic-reservoir-148704064,7.0,2.0,4.0,3.0
property-house-vic-reservoir-148718484,7.0,1.0,2.0,3.0
property-house-vic-reservoir-148728576,10.0,1.0,2.0,2.0
property-house-vic-reservoir-148743200,12.0,1.0,2.0,2.0
property-house-vic-reservoir-148750512,4.0,1.0,1.0,1.0
property-house-vic-reservoir-148774944,7.0,0.0,1.0,2.0
property-house-vic-reservoir-148780236,9.0,1.0,3.0,4.0
property-house-vic-reservoir-148781840,7.0,1.0,3.0,2.0
property-house-vic-reservoir-148784536,5.0,0.0,0.0,2.0
property-house-vic-reservoir-148794016,5.0,1.0,0.0,2.0
property-house-vic-reservoir-148807504,8.0,1.0,2.0,3.0
property-house-vic-reservoir-148810388,12.0,1.0,2.0,2.0
property-house-vic-reservoir-148813280,9.0,0.0,2.0,3.0
property-house-vic-reservoir-148817680,10.0,0.0,1.0,3.0
property-house-vic-reservoir-148823100,11.0,0.0,2.0,4.0
property-house-vic-reservoir-148824300,5.0,3.0,2.0,1.0
property-house-vic-reservoir-148825092,8.0,1.0,2.0,3.0
property-house-vic-reservoir-148838740,5.0,1.0,2.0,3.0
property-house-vic-reservoir-148843764,5.0,1.0,0.0,2.0
property-house-vic-reservoir-148859588,7.0,1.0,2.0,3.0
property-house-vic-reservoir-148866764,7.0,1.0,1.0,2.0
property-house-vic-reservoir-148866768,9.0,0.0,2.0,2.0
property-house-vic-reservoir-148871492,8.0,1.0,2.0,0.0
property-house-vic-reservoir-148876532,8.0,1.0,2.0,3.0
property-house-vic-reservoir-148878728,6.0,1.0,2.0,2.0
property-house-vic-reservoir-148885296,6.0,0.0,0.0,2.0
property-house-vic-reservoir-148886600,9.0,1.0,2.0,2.0
property-house-vic-reservoir-148914296,9.0,0.0,1.0,4.0
property-house-vic-reservoir-148915276,10.0,1.0,2.0,1.0
property-house-vic-reservoir-148966632,9.0,1.0,2.0,3.0
property-house-vic-reservoir-148978624,7.0,1.0,2.0,3.0
property-house-vic-reservoir-148994344,9.0,1.0,1.0,3.0
property-house-vic-reservoir-148994364,7.0,1.0,1.0,2.0
property-house-vic-reservoir-148994368,5.0,1.0,2.0,2.0
property-house-vic-reservoir-149000796,7.0,1.0,2.0,3.0
property-house-vic-reservoir-149021996,7.0,1.0,2.0,3.0
property-house-vic-reservoir-149023468,9.0,1.0,2.0,2.0
property-house-vic-reservoir-149037096,5.0,0.0,0.0,1.0
property-house-vic-reservoir-149043952,7.0,1.0,2.0,3.0
property-house-vic-reservoir-149044712,7.0,1.0,3.0,3.0
property-house-vic-reservoir-149057660,10.0,1.0,2.0,1.0
property-house-vic-reservoir-149059320,10.0,1.0,2.0,3.0
property-house-vic-reservoir-149060932,12.0,1.0,2.0,2.0
property-house-vic-reservoir-149066600,10.0,0.0,2.0,4.0
property-house-vic-reservoir-149075120,6.0,1.0,2.0,2.0
property-house-vic-reservoir-149090648,5.0,2.0,2.0,0.0
property-house-vic-reservoir-149090896,9.0,1.0,2.0,2.0
property-house-vic-reservoir-149099052,6.0,0.0,1.0,1.0
property-house-vic-reservoir-149112180,8.0,0.0,2.0,3.0
property-house-vic-reservoir-149119612,8.0,1.0,3.0,3.0
property-house-vic-reservoir-149119624,6.0,2.0,2.0,2.0
property-house-vic-reservoir-149121472,5.0,2.0,2.0,0.0
property-house-vic-reservoir-149121536,8.0,0.0,2.0,3.0
property-house-vic-reservoir-149128176,10.0,1.0,3.0,3.0
property-house-vic-reservoir-149132996,6.0,1.0,2.0,3.0
property-house-vic-reservoir-149151092,6.0,1.0,2.0,3.0
property-house-vic-reservoir-149166920,9.0,0.0,2.0,3.0
property-house-vic-reservoir-149167612,7.0,0.0,2.0,3.0
property-house-vic-reservoir-149168088,7.0,2.0,3.0,3.0
property-house-vic-reservoir-149178440,8.0,1.0,3.0,3.0
property-house-vic-reservoir-149179880,5.0,2.0,2.0,1.0
property-house-vic-reservoir-149180408,6.0,1.0,2.0,3.0
property-house-vic-reservoir-149184732,10.0,1.0,2.0,3.0
property-house-vic-reservoir-149186228,4.0,1.0,1.0,1.0
property-house-vic-reservoir-149186400,6.0,2.0,2.0,0.0
property-house-vic-reservoir-149195064,8.0,2.0,4.0,3.0
property-house-vic-reservoir-149200404,10.0,1.0,2.0,3.0
property-house-vic-reservoir-149203808,6.0,1.0,1.0,3.0
property-house-vic-reservoir-149207416,8.0,2.0,4.0,3.0
property-house-vic-reservoir-149211060,6.0,2.0,2.0,2.0
property-house-vic-reservoir-149237396,5.0,1.0,1.0,2.0
property-house-vic-reservoir-149237440,6.0,1.0,0.0,2.0
property-house-vic-reservoir-149251600,6.0,1.0,2.0,0.0
property-house-vic-reservoir-149266736,4.0,1.0,2.0,2.0
property-house-vic-reservoir-149288856,4.0,2.0,2.0,1.0
property-house-vic-reservoir-149302112,4.0,1.0,2.0,2.0
property-house-vic-reservoir-149319236,5.0,1.0,2.0,2.0
property-house-vic-reservoir-149319248,10.0,1.0,2.0,3.0
property-house-vic-reservoir-149319252,7.0,1.0,2.0,3.0
property-house-vic-reservoir-149322864,7.0,1.0,0.0,2.0
property-house-vic-reservoir-149323332,7.0,1.0,3.0,3.0
property-house-vic-reservoir-149326700,8.0,0.0,2.0,3.0
property-house-vic-reservoir-149330672,8.0,1.0,3.0,4.0
property-house-vic-reservoir-149339104,9.0,1.0,1.0,1.0
property-house-vic-reservoir-149366088,8.0,1.0,2.0,3.0
property-house-vic-reservoir-149375492,5.0,1.0,2.0,3.0
property-house-vic-reservoir-149394156,11.0,1.0,2.0,2.0
property-house-vic-reservoir-149394244,9.0,0.0,2.0,3.0
property-house-vic-reservoir-149394348,6.0,0.0,2.0,2.0
property-house-vic-reservoir-149401824,3.0,2.0,1.0,2.0
property-house-vic-reservoir-149430076,8.0,1.0,2.0,3.0
property-house-vic-reservoir-149450204,9.0,0.0,1.0,4.0
property-house-vic-reservoir-149458828,8.0,1.0,2.0,0.0
property-house-vic-reservoir-149458852,12.0,1.0,2.0,2.0
property-house-vic-reservoir-149462372,7.0,1.0,2.0,3.0
property-house-vic-reservoir-149489276,10.0,0.0,3.0,3.0
property-house-vic-reservoir-149504064,8.0,0.0,2.0,3.0
property-house-vic-reservoir-149517384,9.0,0.0,2.0,3.0
property-house-vic-reservoir-149540900,11.0,1.0,2.0,3.0
property-house-vic-reservoir-149553000,9.0,1.0,2.0,3.0
property-house-vic-reservoir-149575672,7.0,0.0,2.0,3.0
property-house-vic-reservoir-149581928,5.0,1.0,2.0,3.0
property-house-vic-reservoir-149593892,6.0,1.0,1.0,1.0
property-house-vic-reservoir-149598628,7.0,1.0,2.0,3.0
property-house-vic-reservoir-149598640,6.0,1.0,2.0,0.0
property-house-vic-reservoir-149598656,10.0,1.0,3.0,3.0
property-house-vic-reservoir-149601960,4.0,1.0,1.0,1.0
property-house-vic-reservoir-149602684,10.0,1.0,2.0,2.0
property-house-vic-reservoir-149617224,9.0,0.0,1.0,4.0
property-house-vic-reservoir-149632504,9.0,0.0,2.0,3.0
property-house-vic-reservoir-149640356,7.0,1.0,1.0,3.0
property-house-vic-reservoir-149653136,6.0,1.0,2.0,2.0
property-house-vic-reservoir-149653148,3.0,1.0,2.0,2.0
property-house-vic-reservoir-149668936,9.0,1.0,3.0,3.0
property-house-vic-reservoir-149668984,6.0,1.0,3.0,2.0
property-house-vic-reservoir-149668996,9.0,0.0,2.0,3.0
property-house-vic-reservoir-149673532,11.0,1.0,2.0,3.0
property-house-vic-reservoir-149677144,7.0,1.0,4.0,3.0
property-house-vic-reservoir-149680444,7.0,1.0,3.0,3.0
property-house-vic-reservoir-149689640,8.0,1.0,3.0,3.0
property-house-vic-reservoir-149700428,10.0,1.0,2.0,2.0
property-house-vic-reservoir-149700548,9.0,0.0,2.0,3.0
property-house-vic-reservoir-149708388,7.0,1.0,1.0,1.0
property-house-vic-reservoir-149735384,7.0,0.0,2.0,2.0
property-house-vic-reservoir-149735408,7.0,1.0,2.0,3.0
property-house-vic-reservoir-149780548,9.0,0.0,2.0,3.0
property-house-vic-reservoir-149803320,9.0,2.0,3.0,3.0
property-house-vic-reservoir-149867840,7.0,1.0,1.0,1.0
property-house-vic-reservoir-149910644,12.0,1.0,2.0,3.0
property-house-vic-reservoir-149942724,6.0,0.0,1.0,0.0
property-house-vic-reservoir-149942916,12.0,1.0,2.0,2.0
property-house-vic-reservoir-149999896,7.0,1.0,2.0,3.0
property-house-vic-reservoir-150003744,6.0,2.0,4.0,2.0
property-house-vic-reservoir-150086528,9.0,1.0,2.0,2.0
property-house-vic-reservoir-150099180,6.0,1.0,2.0,0.0
property-house-vic-reservoir-150102684,8.0,0.0,2.0,4.0
property-house-vic-reservoir-150102708,6.0,0.0,2.0,2.0
property-house-vic-reservoir-150102720,7.0,1.0,2.0,3.0
property-house-vic-reservoir-150103124,10.0,1.0,2.0,2.0
property-house-vic-reservoir-150104572,4.0,2.0,2.0,1.0
property-house-vic-reservoir-150114016,7.0,1.0,2.0,3.0
property-house-vic-reservoir-150122764,5.0,2.0,3.0,0.0
property-house-vic-reservoir-150128404,7.0,0.0,2.0,3.0
property-house-vic-reservoir-150133956,5.0,2.0,1.0,0.0
property-house-vic-reservoir-150156872,7.0,1.0,2.0,2.0
property-house-vic-reservoir-150174580,11.0,0.0,2.0,3.0
property-house-vic-reservoir-150174588,6.0,1.0,2.0,0.0
property-house-vic-reservoir-150179128,12.0,1.0,2.0,3.0
property-house-vic-reservoir-150179560,7.0,0.0,1.0,2.0
property-house-vic-reservoir-150190592,8.0,1.0,3.0,3.0
property-house-vic-reservoir-150194024,5.0,2.0,2.0,0.0
property-house-vic-reservoir-150205692,7.0,1.0,1.0,3.0
property-house-vic-reservoir-150208376,7.0,1.0,2.0,3.0
property-house-vic-reservoir-150242556,7.0,1.0,2.0,0.0
property-house-vic-reservoir-150244488,11.0,0.0,2.0,4.0
property-house-vic-reservoir-150244972,7.0,1.0,1.0,2.0
property-house-vic-reservoir-150244980,9.0,0.0,2.0,3.0
property-house-vic-reservoir-150244996,9.0,1.0,2.0,3.0
property-house-vic-reservoir-150254732,9.0,1.0,2.0,2.0
property-house-vic-reservoir-150257260,7.0,2.0,3.0,4.0
property-house-vic-reservoir-150265668,8.0,1.0,3.0,3.0
property-house-vic-reservoir-150276536,6.0,1.0,1.0,0.0
property-house-vic-reservoir-150285584,9.0,1.0,2.0,2.0
property-house-vic-reservoir-150327504,7.0,1.0,2.0,3.0
property-house-vic-reservoir-150330628,9.0,0.0,2.0,3.0
property-house-vic-reservoir-150336580,6.0,1.0,2.0,3.0
property-house-vic-reservoir-150339168,12.0,1.0,2.0,2.0
property-house-vic-reservoir-150345500,9.0,1.0,2.0,3.0
property-house-vic-reservoir-150348004,6.0,2.0,2.0,2.0
property-house-vic-reservoir-150380872,9.0,0.0,1.0,3.0
property-house-vic-reservoir-150399296,5.0,2.0,1.0,0.0
property-house-vic-reservoir-150401364,9.0,1.0,2.0,2.0
property-house-vic-reservoir-150409200,9.0,1.0,2.0,2.0
property-house-vic-reservoir-150418112,12.0,1.0,2.0,2.0
property-house-vic-reservoir-150451628,6.0,1.0,1.0,1.0
property-house-vic-reservoir-150472952,4.0,2.0,2.0,0.0
property-house-vic-reservoir-150478708,9.0,1.0,2.0,3.0
property-house-vic-reservoir-150486416,6.0,0.0,0.0,2.0
property-house-vic-reservoir-150486552,5.0,1.0,2.0,1.0
property-house-vic-reservoir-150500476,10.0,0.0,1.0,3.0
property-house-vic-reservoir-150553152,5.0,0.0,0.0,2.0
property-house-vic-reservoir-150576088,7.0,1.0,3.0,3.0
property-house-vic-reservoir-150581004,7.0,1.0,2.0,3.0
property-house-vic-reservoir-150589060,8.0,1.0,1.0,1.0
property-house-vic-reservoir-150613056,9.0,0.0,2.0,2.0
property-house-vic-reservoir-150619712,6.0,1.0,2.0,2.0
property-house-vic-reservoir-150682004,6.0,1.0,2.0,0.0
property-house-vic-reservoir-150682008,8.0,0.0,2.0,3.0
property-house-vic-reservoir-150689828,7.0,0.0,2.0,3.0
property-house-vic-reservoir-150712416,9.0,1.0,1.0,1.0
property-house-vic-reservoir-150801260,8.0,2.0,4.0,3.0
property-house-vic-reservoir-150803804,4.0,1.0,2.0,1.0
property-house-vic-reservoir-150805848,11.0,1.0,2.0,2.0
property-house-vic-reservoir-150833152,8.0,1.0,3.0,3.0
property-house-vic-reservoir-150879368,11.0,1.0,2.0,3.0
property-house-vic-reservoir-150900888,8.0,1.0,1.0,3.0
property-house-vic-reservoir-150971924,7.0,1.0,2.0,3.0
property-house-vic-thornbury-122584674,11.0,1.0,1.0,3.0
property-house-vic-thornbury-122827002,12.0,0.0,0.0,5.0
property-house-vic-thornbury-123413874,13.0,1.0,1.0,5.0
property-house-vic-thornbury-123414042,13.0,1.0,1.0,4.0
property-house-vic-thornbury-123554638,11.0,1.0,1.0,3.0
property-house-vic-thornbury-123858190,13.0,1.0,0.0,4.0
property-house-vic-thornbury-124769734,12.0,1.0,0.0,5.0
property-house-vic-thornbury-124979934,9.0,1.0,0.0,3.0
property-house-vic-thornbury-125266246,9.0,1.0,0.0,3.0
property-house-vic-thornbury-125318742,8.0,1.0,0.0,3.0
property-house-vic-thornbury-125438382,11.0,0.0,1.0,4.0
property-house-vic-thornbury-125599482,10.0,1.0,0.0,5.0
property-house-vic-thornbury-125732626,8.0,1.0,0.0,3.0
property-house-vic-thornbury-126067350,13.0,1.0,0.0,4.0
property-house-vic-thornbury-126202350,9.0,1.0,0.0,2.0
property-house-vic-thornbury-126266382,11.0,1.0,0.0,4.0
property-house-vic-thornbury-126404506,12.0,1.0,0.0,5.0
property-house-vic-thornbury-126439498,12.0,0.0,0.0,5.0
property-house-vic-thornbury-126596934,6.0,1.0,1.0,1.0
property-house-vic-thornbury-126707438,11.0,1.0,1.0,3.0
property-house-vic-thornbury-126732022,9.0,1.0,0.0,5.0
property-house-vic-thornbury-126753866,9.0,1.0,0.0,4.0
property-house-vic-thornbury-126934734,15.0,1.0,0.0,5.0
property-house-vic-thornbury-126972934,13.0,1.0,1.0,4.0
property-house-vic-thornbury-126973370,13.0,0.0,0.0,4.0
property-house-vic-thornbury-127045498,9.0,0.0,0.0,4.0
property-house-vic-thornbury-127730790,8.0,1.0,0.0,3.0
property-house-vic-thornbury-127910022,11.0,1.0,0.0,5.0
property-house-vic-thornbury-127995074,13.0,0.0,0.0,4.0
property-house-vic-thornbury-128025050,8.0,1.0,0.0,2.0
property-house-vic-thornbury-128142446,12.0,1.0,0.0,4.0
property-house-vic-thornbury-128410094,14.0,1.0,0.0,5.0
property-house-vic-thornbury-128548030,7.0,1.0,1.0,2.0
property-house-vic-thornbury-129632958,11.0,2.0,0.0,5.0
property-house-vic-thornbury-129696402,12.0,1.0,0.0,4.0
property-house-vic-thornbury-129817510,13.0,1.0,0.0,4.0
property-house-vic-thornbury-129819650,12.0,0.0,0.0,4.0
property-house-vic-thornbury-129821906,11.0,1.0,0.0,5.0
property-house-vic-thornbury-129877770,9.0,1.0,0.0,4.0
property-house-vic-thornbury-129949358,12.0,0.0,0.0,4.0
property-house-vic-thornbury-129974842,13.0,0.0,0.0,5.0
property-house-vic-thornbury-130345730,8.0,1.0,0.0,3.0
property-house-vic-thornbury-130442870,10.0,1.0,0.0,5.0
property-house-vic-thornbury-130606930,11.0,0.0,0.0,4.0
property-house-vic-thornbury-130638574,7.0,1.0,1.0,1.0
property-house-vic-thornbury-130668854,10.0,1.0,0.0,4.0
property-house-vic-thornbury-130722390,12.0,1.0,0.0,4.0
property-house-vic-thornbury-130727202,12.0,1.0,0.0,4.0
property-house-vic-thornbury-131043146,13.0,1.0,0.0,4.0
property-house-vic-thornbury-131087258,12.0,1.0,0.0,4.0
property-house-vic-thornbury-131356230,12.0,0.0,0.0,4.0
property-house-vic-thornbury-131381102,6.0,1.0,1.0,0.0
property-house-vic-thornbury-131613390,12.0,0.0,0.0,4.0
property-house-vic-thornbury-131661234,10.0,1.0,1.0,3.0
property-house-vic-thornbury-131699102,7.0,1.0,1.0,0.0
property-house-vic-thornbury-131751270,6.0,1.0,1.0,0.0
property-house-vic-thornbury-131754658,11.0,1.0,0.0,5.0
property-house-vic-thornbury-132051906,11.0,1.0,0.0,4.0
property-house-vic-thornbury-132107238,11.0,0.0,0.0,5.0
property-house-vic-thornbury-132109474,12.0,1.0,0.0,7.0
property-house-vic-thornbury-132109498,7.0,1.0,1.0,1.0
property-house-vic-thornbury-132110118,12.0,1.0,0.0,3.0
property-house-vic-thornbury-132127626,12.0,1.0,0.0,4.0
property-house-vic-thornbury-132389858,9.0,1.0,0.0,3.0
property-house-vic-thornbury-132437218,12.0,1.0,0.0,5.0
property-house-vic-thornbury-132512134,10.0,0.0,0.0,4.0
property-house-vic-thornbury-132810354,9.0,1.0,0.0,3.0
property-house-vic-thornbury-132810414,9.0,1.0,0.0,3.0
property-house-vic-thornbury-132856778,12.0,1.0,0.0,4.0
property-house-vic-thornbury-132918106,9.0,1.0,0.0,3.0
property-house-vic-thornbury-133007906,10.0,1.0,0.0,4.0
property-house-vic-thornbury-133010646,10.0,1.0,0.0,4.0
property-house-vic-thornbury-133313582,10.0,1.0,0.0,4.0
property-house-vic-thornbury-133371530,13.0,0.0,0.0,5.0
property-house-vic-thornbury-133428254,11.0,1.0,1.0,5.0
property-house-vic-thornbury-133510038,7.0,1.0,1.0,1.0
property-house-vic-thornbury-133730238,8.0,1.0,0.0,3.0
property-house-vic-thornbury-133793346,6.0,1.0,1.0,1.0
property-house-vic-thornbury-133944362,9.0,1.0,0.0,4.0
property-house-vic-thornbury-133945826,6.0,1.0,1.0,1.0
property-house-vic-thornbury-134001490,8.0,0.0,0.0,4.0
property-house-vic-thornbury-134486766,12.0,2.0,0.0,5.0
property-house-vic-thornbury-134576678,12.0,1.0,0.0,5.0
property-house-vic-thornbury-134602210,9.0,1.0,0.0,4.0
property-house-vic-thornbury-134602274,9.0,1.0,0.0,2.0
property-house-vic-thornbury-134630190,11.0,1.0,0.0,4.0
property-house-vic-thornbury-134692178,13.0,1.0,0.0,4.0
property-house-vic-thornbury-134904198,13.0,1.0,0.0,4.0
property-house-vic-thornbury-134948410,12.0,1.0,0.0,4.0
property-house-vic-thornbury-134976702,8.0,1.0,1.0,2.0
property-house-vic-thornbury-134999142,11.0,1.0,0.0,4.0
property-house-vic-thornbury-135329878,8.0,1.0,0.0,3.0
property-house-vic-thornbury-135584826,15.0,1.0,0.0,5.0
property-house-vic-thornbury-135659998,11.0,1.0,0.0,4.0
property-house-vic-thornbury-135782914,6.0,1.0,1.0,1.0
property-house-vic-thornbury-135881254,13.0,1.0,0.0,4.0
property-house-vic-thornbury-135933698,12.0,0.0,0.0,5.0
property-house-vic-thornbury-135971894,13.0,1.0,0.0,4.0
property-house-vic-thornbury-135974386,12.0,0.0,0.0,5.0
property-house-vic-thornbury-136007730,7.0,1.0,1.0,1.0
property-house-vic-thornbury-136069882,12.0,1.0,0.0,5.0
property-house-vic-thornbury-136257582,11.0,1.0,1.0,4.0
property-house-vic-thornbury-136401630,11.0,1.0,0.0,4.0
property-house-vic-thornbury-136444294,8.0,1.0,1.0,2.0
property-house-vic-thornbury-136660918,12.0,1.0,0.0,5.0
property-house-vic-thornbury-136841002,12.0,1.0,0.0,5.0
property-house-vic-thornbury-136895090,12.0,1.0,0.0,4.0
property-house-vic-thornbury-137247850,7.0,1.0,1.0,0.0
property-house-vic-thornbury-137311142,12.0,1.0,0.0,5.0
property-house-vic-thornbury-137318774,12.0,1.0,0.0,4.0
property-house-vic-thornbury-137515286,11.0,1.0,1.0,5.0
property-house-vic-thornbury-137588618,12.0,1.0,0.0,4.0
property-house-vic-thornbury-137657806,11.0,1.0,0.0,4.0
property-house-vic-thornbury-137705302,13.0,1.0,0.0,4.0
property-house-vic-thornbury-137866554,10.0,1.0,0.0,5.0
property-house-vic-thornbury-137970926,12.0,1.0,0.0,4.0
property-house-vic-thornbury-138015254,13.0,1.0,0.0,4.0
property-house-vic-thornbury-138362927,9.0,1.0,0.0,2.0
property-house-vic-thornbury-138383983,8.0,1.0,0.0,3.0
property-house-vic-thornbury-138454131,11.0,0.0,1.0,4.0
property-house-vic-thornbury-138537923,13.0,1.0,0.0,4.0
property-house-vic-thornbury-138619975,9.0,0.0,0.0,4.0
property-house-vic-thornbury-138670575,13.0,0.0,0.0,5.0
property-house-vic-thornbury-138685739,12.0,1.0,0.0,4.0
property-house-vic-thornbury-138689795,11.0,0.0,0.0,5.0
property-house-vic-thornbury-138691511,12.0,1.0,0.0,4.0
property-house-vic-thornbury-138745855,10.0,1.0,0.0,4.0
property-house-vic-thornbury-138764135,10.0,1.0,0.0,4.0
property-house-vic-thornbury-138933431,11.0,1.0,0.0,5.0
property-house-vic-thornbury-138970507,11.0,1.0,0.0,5.0
property-house-vic-thornbury-138985903,9.0,1.0,0.0,3.0
property-house-vic-thornbury-139011423,10.0,1.0,0.0,3.0
property-house-vic-thornbury-139088399,13.0,0.0,0.0,5.0
property-house-vic-thornbury-139129783,10.0,1.0,0.0,4.0
property-house-vic-thornbury-139171987,13.0,1.0,1.0,4.0
property-house-vic-thornbury-139271531,11.0,1.0,0.0,5.0
property-house-vic-thornbury-139422379,9.0,0.0,0.0,4.0
property-house-vic-thornbury-139622983,8.0,1.0,0.0,4.0
property-house-vic-thornbury-139732411,8.0,1.0,0.0,2.0
property-house-vic-thornbury-139740047,11.0,1.0,0.0,4.0
property-house-vic-thornbury-139917699,12.0,1.0,1.0,4.0
property-house-vic-thornbury-140023187,9.0,1.0,0.0,3.0
property-house-vic-thornbury-140047427,10.0,1.0,0.0,4.0
property-house-vic-thornbury-140189963,8.0,1.0,0.0,3.0
property-house-vic-thornbury-140201715,11.0,2.0,0.0,7.0
property-house-vic-thornbury-140303551,8.0,1.0,1.0,2.0
property-house-vic-thornbury-140368699,10.0,1.0,1.0,3.0
property-house-vic-thornbury-140480143,13.0,1.0,0.0,4.0
property-house-vic-thornbury-140480539,8.0,1.0,1.0,2.0
property-house-vic-thornbury-140485831,12.0,1.0,0.0,4.0
property-house-vic-thornbury-140536091,11.0,1.0,1.0,4.0
property-house-vic-thornbury-140537587,9.0,1.0,0.0,4.0
property-house-vic-thornbury-140657431,12.0,0.0,0.0,5.0
property-house-vic-thornbury-140688083,10.0,1.0,0.0,4.0
property-house-vic-thornbury-140717935,13.0,1.0,0.0,4.0
property-house-vic-thornbury-140720899,12.0,1.0,0.0,5.0
property-house-vic-thornbury-140790083,8.0,1.0,0.0,2.0
property-house-vic-thornbury-140801491,12.0,1.0,0.0,5.0
property-house-vic-thornbury-140833932,11.0,1.0,0.0,4.0
property-house-vic-thornbury-140842204,14.0,1.0,0.0,5.0
property-house-vic-thornbury-140905260,11.0,1.0,0.0,4.0
property-house-vic-thornbury-140906344,9.0,1.0,0.0,3.0
property-house-vic-thornbury-140906388,9.0,1.0,0.0,2.0
property-house-vic-thornbury-140906672,10.0,1.0,0.0,4.0
property-house-vic-thornbury-140916480,7.0,1.0,1.0,3.0
property-house-vic-thornbury-140961420,12.0,1.0,0.0,4.0
property-house-vic-thornbury-141043252,7.0,1.0,1.0,1.0
property-house-vic-thornbury-141327656,13.0,0.0,0.0,5.0
property-house-vic-thornbury-141484012,7.0,1.0,1.0,0.0
property-house-vic-thornbury-141537876,11.0,1.0,0.0,5.0
property-house-vic-thornbury-141588476,12.0,1.0,0.0,5.0
property-house-vic-thornbury-141593472,9.0,1.0,1.0,4.0
property-house-vic-thornbury-141611308,11.0,1.0,0.0,4.0
property-house-vic-thornbury-141657324,9.0,1.0,1.0,2.0
property-house-vic-thornbury-141827916,12.0,1.0,0.0,5.0
property-house-vic-thornbury-141981212,12.0,0.0,0.0,5.0
property-house-vic-thornbury-142108956,10.0,1.0,0.0,4.0
property-house-vic-thornbury-142216468,10.0,1.0,0.0,5.0
property-house-vic-thornbury-142268180,12.0,1.0,0.0,4.0
property-house-vic-thornbury-142397612,15.0,1.0,0.0,5.0
property-house-vic-thornbury-142671524,11.0,1.0,0.0,4.0
property-house-vic-thornbury-142680576,9.0,1.0,0.0,3.0
property-house-vic-thornbury-142796864,8.0,1.0,1.0,0.0
property-house-vic-thornbury-142855892,6.0,1.0,1.0,0.0
property-house-vic-thornbury-142962340,8.0,1.0,0.0,2.0
property-house-vic-thornbury-143022852,12.0,1.0,0.0,3.0
property-house-vic-thornbury-143101000,9.0,1.0,0.0,4.0
property-house-vic-thornbury-143368056,12.0,0.0,0.0,5.0
property-house-vic-thornbury-143454684,12.0,1.0,0.0,4.0
property-house-vic-thornbury-143464036,8.0,1.0,1.0,1.0
property-house-vic-thornbury-143526128,10.0,1.0,1.0,5.0
property-house-vic-thornbury-143526540,8.0,1.0,0.0,2.0
property-house-vic-thornbury-143634852,13.0,1.0,0.0,4.0
property-house-vic-thornbury-143642720,8.0,1.0,0.0,3.0
property-house-vic-thornbury-143678812,11.0,1.0,0.0,4.0
property-house-vic-thornbury-144115836,6.0,1.0,1.0,0.0
property-house-vic-thornbury-144135892,9.0,1.0,0.0,3.0
property-house-vic-thornbury-144342668,6.0,1.0,1.0,1.0
property-house-vic-thornbury-144378204,15.0,1.0,0.0,5.0
property-house-vic-thornbury-144446156,12.0,1.0,0.0,4.0
property-house-vic-thornbury-144446820,10.0,0.0,0.0,4.0
property-house-vic-thornbury-144481160,11.0,0.0,0.0,4.0
property-house-vic-thornbury-144513092,12.0,1.0,0.0,4.0
property-house-vic-thornbury-144561688,13.0,1.0,0.0,6.0
property-house-vic-thornbury-144600548,10.0,1.0,0.0,4.0
property-house-vic-thornbury-144656296,11.0,1.0,0.0,5.0
property-house-vic-thornbury-144871900,10.0,1.0,0.0,3.0
property-house-vic-thornbury-145072580,13.0,1.0,0.0,4.0
property-house-vic-thornbury-145187488,9.0,1.0,0.0,3.0
property-house-vic-thornbury-145592216,9.0,1.0,0.0,4.0
property-house-vic-thornbury-145629364,12.0,1.0,1.0,4.0
property-house-vic-thornbury-145649344,9.0,1.0,0.0,3.0
property-house-vic-thornbury-145712208,9.0,1.0,0.0,3.0
property-house-vic-thornbury-145751072,10.0,1.0,0.0,4.0
property-house-vic-thornbury-145890920,9.0,1.0,0.0,2.0
property-house-vic-thornbury-146063436,12.0,1.0,0.0,5.0
property-house-vic-thornbury-146190688,13.0,1.0,1.0,5.0
property-house-vic-thornbury-146335192,8.0,1.0,0.0,3.0
property-house-vic-thornbury-146354196,12.0,1.0,0.0,4.0
property-house-vic-thornbury-146409616,10.0,0.0,0.0,5.0
property-house-vic-thornbury-146543076,11.0,1.0,1.0,4.0
property-house-vic-thornbury-146820092,12.0,0.0,0.0,5.0
property-house-vic-thornbury-146963228,13.0,1.0,0.0,4.0
property-house-vic-thornbury-146980556,7.0,1.0,1.0,0.0
property-house-vic-thornbury-147055048,9.0,1.0,0.0,3.0
property-house-vic-thornbury-147159416,11.0,0.0,0.0,4.0
property-house-vic-thornbury-147166824,11.0,1.0,1.0,4.0
property-house-vic-thornbury-147290288,11.0,1.0,0.0,4.0
property-house-vic-thornbury-147310548,8.0,1.0,1.0,0.0
property-house-vic-thornbury-147562532,10.0,1.0,0.0,4.0
property-house-vic-thornbury-147575396,12.0,0.0,0.0,5.0
property-house-vic-thornbury-147704764,11.0,0.0,0.0,5.0
property-house-vic-thornbury-147738216,11.0,1.0,0.0,4.0
property-house-vic-thornbury-147769956,10.0,1.0,0.0,4.0
property-house-vic-thornbury-147800304,12.0,0.0,0.0,4.0
property-house-vic-thornbury-147844624,9.0,1.0,1.0,0.0
property-house-vic-thornbury-147854240,8.0,1.0,0.0,2.0
property-house-vic-thornbury-147889920,8.0,1.0,0.0,5.0
property-house-vic-thornbury-147895748,13.0,0.0,0.0,4.0
property-house-vic-thornbury-147959604,8.0,1.0,0.0,3.0
property-house-vic-thornbury-147960428,7.0,1.0,1.0,0.0
property-house-vic-thornbury-147965968,9.0,1.0,0.0,3.0
property-house-vic-thornbury-147967524,9.0,1.0,0.0,4.0
property-house-vic-thornbury-147981556,14.0,1.0,0.0,5.0
property-house-vic-thornbury-148084980,12.0,1.0,0.0,4.0
property-house-vic-thornbury-148275108,13.0,0.0,0.0,5.0
property-house-vic-thornbury-148444188,11.0,1.0,0.0,4.0
property-house-vic-thornbury-148480912,13.0,1.0,0.0,5.0
property-house-vic-thornbury-148630268,8.0,1.0,0.0,3.0
property-house-vic-thornbury-148641980,11.0,1.0,0.0,4.0
property-house-vic-thornbury-148816232,12.0,1.0,0.0,4.0
property-house-vic-thornbury-148828080,12.0,1.0,0.0,5.0
property-house-vic-thornbury-148862524,8.0,1.0,1.0,2.0
property-house-vic-thornbury-148880200,6.0,1.0,1.0,0.0
property-house-vic-thornbury-148893704,10.0,1.0,1.0,5.0
property-house-vic-thornbury-148984644,8.0,1.0,1.0,2.0
property-house-vic-thornbury-149002144,11.0,1.0,1.0,4.0
property-house-vic-thornbury-149085468,11.0,1.0,0.0,4.0
property-house-vic-thornbury-149194416,13.0,0.0,0.0,5.0
property-house-vic-thornbury-149203872,13.0,1.0,0.0,4.0
property-house-vic-thornbury-149209708,11.0,2.0,0.0,7.0
property-house-vic-thornbury-149213980,8.0,1.0,1.0,2.0
property-house-vic-thornbury-149214736,12.0,1.0,0.0,4.0
property-house-vic-thornbury-149249880,8.0,1.0,0.0,5.0
property-house-vic-thornbury-149332980,11.0,1.0,0.0,4.0
property-house-vic-thornbury-149335380,13.0,1.0,0.0,5.0
property-house-vic-thornbury-149339036,12.0,1.0,1.0,4.0
property-house-vic-thornbury-149399292,12.0,1.0,0.0,3.0
property-house-vic-thornbury-149405836,13.0,2.0,0.0,4.0
property-house-vic-thornbury-149462216,12.0,1.0,0.0,5.0
property-house-vic-thornbury-149473972,11.0,1.0,0.0,4.0
property-house-vic-thornbury-149477672,12.0,0.0,0.0,4.0
property-house-vic-thornbury-149488520,11.0,1.0,1.0,5.0
property-house-vic-thornbury-149538328,9.0,1.0,0.0,2.0
property-house-vic-thornbury-149539584,8.0,1.0,0.0,2.0
property-house-vic-thornbury-149556924,13.0,1.0,0.0,6.0
property-house-vic-thornbury-149596100,11.0,1.0,0.0,5.0
property-house-vic-thornbury-149609848,13.0,2.0,0.0,4.0
property-house-vic-thornbury-149687460,13.0,1.0,0.0,4.0
property-house-vic-thornbury-149742840,12.0,1.0,0.0,4.0
property-house-vic-thornbury-150004420,10.0,1.0,0.0,4.0
property-house-vic-thornbury-150006016,10.0,0.0,0.0,5.0
property-house-vic-thornbury-150060952,11.0,1.0,0.0,5.0
property-house-vic-thornbury-150191608,9.0,1.0,1.0,0.0
property-house-vic-thornbury-150339048,10.0,1.0,0.0,5.0
property-house-vic-thornbury-150342448,9.0,1.0,0.0,4.0
property-house-vic-thornbury-150452372,12.0,1.0,0.0,3.0
property-house-vic-thornbury-150489104,9.0,0.0,0.0,4.0
property-house-vic-thornbury-150553604,12.0,2.0,0.0,5.0
property-house-vic-thornbury-150632248,10.0,1.0,0.0,4.0
property-house-vic-thornbury-150815032,7.0,1.0,1.0,3.0
property-townhouse-vic-oakleigh-106926562,7.0,0.0,4.0,4.0
property-townhouse-vic-oakleigh-111804947,5.0,0.0,4.0,2.0
property-townhouse-vic-oakleigh-113231975,7.0,0.0,4.0,3.0
property-townhouse-vic-oakleigh-115053191,5.0,0.0,3.0,2.0
property-townhouse-vic-oakleigh-115881463,6.0,0.0,6.0,2.0
property-townhouse-vic-oakleigh-116298975,6.0,0.0,6.0,2.0
property-townhouse-vic-oakleigh-116506059,6.0,0.0,5.0,2.0
property-townhouse-vic-oakleigh-119331188,7.0,0.0,4.0,4.0
property-townhouse-vic-oakleigh-121319942,8.0,0.0,6.0,2.0
property-townhouse-vic-oakleigh-122745914,6.0,0.0,5.0,2.0
property-townhouse-vic-oakleigh-123304122,7.0,0.0,5.0,2.0
property-townhouse-vic-oakleigh-123969038,7.0,0.0,4.0,4.0
property-townhouse-vic-oakleigh-124548790,8.0,0.0,6.0,2.0
property-townhouse-vic-oakleigh-124550566,6.0,0.0,5.0,2.0
property-townhouse-vic-oakleigh-124885602,7.0,0.0,6.0,3.0
property-townhouse-vic-oakleigh-124896994,6.0,0.0,5.0,2.0
property-townhouse-vic-oakleigh-126099786,7.0,0.0,4.0,4.0
property-townhouse-vic-oakleigh-126345826,7.0,0.0,4.0,4.0
property-townhouse-vic-oakleigh-126805314,7.0,0.0,5.0,4.0
property-townhouse-vic-oakleigh-127414082,7.0,0.0,5.0,2.0
property-townhouse-vic-oakleigh-129757002,6.0,0.0,6.0,2.0
property-townhouse-vic-oakleigh-130730882,8.0,0.0,6.0,2.0
property-townhouse-vic-oakleigh-132027702,7.0,0.0,1.0,4.0
property-townhouse-vic-oakleigh-134012526,6.0,0.0,5.0,2.0
property-townhouse-vic-oakleigh-134680750,7.0,0.0,4.0,4.0
property-townhouse-vic-oakleigh-136516458,5.0,0.0,3.0,2.0
property-townhouse-vic-oakleigh-138615091,5.0,0.0,3.0,1.0
property-townhouse-vic-oakleigh-140047895,6.0,0.0,5.0,3.0
property-townhouse-vic-oakleigh-142026336,6.0,0.0,7.0,2.0
property-townhouse-vic-oakleigh-142481636,7.0,0.0,5.0,3.0
property-townhouse-vic-oakleigh-143500980,7.0,0.0,4.0,4.0
property-townhouse-vic-oakleigh-144916252,6.0,0.0,4.0,4.0
property-townhouse-vic-oakleigh-146994380,7.0,0.0,4.0,4.0
property-townhouse-vic-oakleigh-147742736,6.0,0.0,5.0,2.0
property-townhouse-vic-oakleigh-148469804,6.0,0.0,5.0,4.0
property-townhouse-vic-oakleigh-148854820,6.0,0.0,7.0,2.0
property-townhouse-vic-oakleigh-149097260,6.0,0.0,4.0,3.0
property-townhouse-vic-oakleigh-149224160,7.0,0.0,5.0,4.0
property-townhouse-vic-oakleigh-150071136,7.0,0.0,5.0,4.0
property-townhouse-vic-oakleigh-150213492,7.0,0.0,4.0,2.0
property-townhouse-vic-oakleigh-150379248,6.0,0.0,5.0,2.0
property-townhouse-vic-reservoir-139427311,6.0,1.0,2.0,0.0
property-townhouse-vic-reservoir-141071356,7.0,1.0,2.0,0.0
property-townhouse-vic-reservoir-141549888,9.0,1.0,3.0,3.0
property-townhouse-vic-reservoir-142514276,8.0,1.0,2.0,3.0
property-townhouse-vic-reservoir-142717968,8.0,2.0,2.0,3.0
property-townhouse-vic-reservoir-142725248,8.0,1.0,3.0,3.0
property-townhouse-vic-reservoir-142785796,9.0,1.0,2.0,4.0
property-townhouse-vic-reservoir-142799968,10.0,1.0,2.0,4.0
property-townhouse-vic-reservoir-142816152,8.0,1.0,2.0,3.0
property-townhouse-vic-reservoir-142962912,7.0,1.0,1.0,3.0
property-townhouse-vic-reservoir-143057916,6.0,1.0,2.0,2.0
property-townhouse-vic-reservoir-143057992,11.0,1.0,2.0,2.0
property-townhouse-vic-reservoir-143198732,9.0,0.0,2.0,3.0
property-townhouse-vic-reservoir-143242868,9.0,1.0,3.0,4.0
property-townhouse-vic-reservoir-143437368,8.0,1.0,2.0,2.0
property-townhouse-vic-reservoir-143690744,10.0,1.0,2.0,3.0
property-townhouse-vic-reservoir-143704932,5.0,2.0,2.0,0.0
property-townhouse-vic-reservoir-143766664,12.0,1.0,2.0,2.0
property-townhouse-vic-reservoir-143926572,9.0,2.0,3.0,3.0
property-townhouse-vic-reservoir-143967552,7.0,1.0,2.0,2.0
property-townhouse-vic-reservoir-143975000,8.0,1.0,2.0,2.0
property-townhouse-vic-reservoir-143977780,10.0,1.0,2.0,3.0
property-townhouse-vic-reservoir-144037004,8.0,0.0,1.0,2.0
property-townhouse-vic-reservoir-144153760,8.0,1.0,3.0,3.0
property-townhouse-vic-reservoir-144287056,7.0,1.0,1.0,3.0
property-townhouse-vic-reservoir-144483808,6.0,2.0,4.0,2.0
property-townhouse-vic-reservoir-144687628,7.0,1.0,3.0,3.0
property-townhouse-vic-reservoir-144866936,8.0,1.0,3.0,3.0
property-townhouse-vic-reservoir-145203984,10.0,1.0,2.0,3.0
property-townhouse-vic-reservoir-145220104,8.0,1.0,3.0,3.0
property-townhouse-vic-reservoir-145220796,10.0,1.0,2.0,3.0
property-townhouse-vic-reservoir-145338408,10.0,1.0,2.0,3.0
property-townhouse-vic-reservoir-145397216,12.0,1.0,2.0,3.0
property-townhouse-vic-reservoir-145399468,8.0,1.0,1.0,3.0
property-townhouse-vic-reservoir-145411728,9.0,2.0,3.0,3.0
property-townhouse-vic-reservoir-145557552,6.0,1.0,1.0,1.0
property-townhouse-vic-reservoir-145700160,11.0,0.0,2.0,4.0
property-townhouse-vic-reservoir-145893392,9.0,1.0,2.0,2.0
property-townhouse-vic-reservoir-145900364,7.0,1.0,2.0,3.0
property-townhouse-vic-reservoir-145973724,8.0,1.0,2.0,3.0
property-townhouse-vic-reservoir-146373244,8.0,0.0,1.0,2.0
property-townhouse-vic-reservoir-146544968,7.0,1.0,2.0,0.0
property-townhouse-vic-reservoir-146651064,9.0,0.0,2.0,3.0
property-townhouse-vic-reservoir-146890636,8.0,0.0,1.0,2.0
property-townhouse-vic-reservoir-147025356,7.0,1.0,2.0,3.0
property-townhouse-vic-reservoir-147080948,9.0,1.0,2.0,1.0
property-townhouse-vic-reservoir-147084576,7.0,1.0,3.0,3.0
property-townhouse-vic-reservoir-147184884,8.0,1.0,3.0,3.0
property-townhouse-vic-reservoir-147282600,8.0,1.0,2.0,0.0
property-townhouse-vic-reservoir-147345440,9.0,1.0,2.0,2.0
property-townhouse-vic-reservoir-147355044,5.0,2.0,3.0,0.0
property-townhouse-vic-reservoir-147545376,7.0,0.0,1.0,2.0
property-townhouse-vic-reservoir-147565384,9.0,1.0,2.0,2.0
property-townhouse-vic-reservoir-147582624,7.0,1.0,1.0,3.0
property-townhouse-vic-reservoir-147608580,7.0,1.0,1.0,2.0
property-townhouse-vic-reservoir-147608624,7.0,1.0,3.0,3.0
property-townhouse-vic-reservoir-147781836,7.0,1.0,3.0,3.0
property-townhouse-vic-reservoir-147808776,8.0,1.0,2.0,3.0
property-townhouse-vic-reservoir-147820776,11.0,1.0,2.0,2.0
property-townhouse-vic-reservoir-147853760,7.0,1.0,1.0,1.0
property-townhouse-vic-reservoir-147907008,8.0,1.0,3.0,3.0
property-townhouse-vic-reservoir-147949288,9.0,1.0,3.0,3.0
property-townhouse-vic-reservoir-147952652,9.0,1.0,2.0,3.0
property-townhouse-vic-reservoir-147954284,7.0,1.0,3.0,3.0
property-townhouse-vic-reservoir-147967204,10.0,1.0,2.0,3.0
property-townhouse-vic-reservoir-148027520,10.0,1.0,2.0,4.0
property-townhouse-vic-reservoir-148049504,6.0,1.0,1.0,1.0
property-townhouse-vic-reservoir-148085048,6.0,1.0,2.0,0.0
property-townhouse-vic-reservoir-148111972,12.0,1.0,2.0,3.0
property-townhouse-vic-reservoir-148126152,6.0,1.0,0.0,2.0
property-townhouse-vic-reservoir-148183728,6.0,1.0,2.0,3.0
property-townhouse-vic-reservoir-148188376,8.0,1.0,2.0,3.0
property-townhouse-vic-reservoir-148240484,8.0,1.0,3.0,3.0
property-townhouse-vic-reservoir-148257520,8.0,1.0,2.0,3.0
property-townhouse-vic-reservoir-148281604,9.0,1.0,3.0,3.0
property-townhouse-vic-reservoir-148294412,8.0,0.0,2.0,3.0
property-townhouse-vic-reservoir-148295928,9.0,1.0,2.0,2.0
property-townhouse-vic-reservoir-148416016,6.0,0.0,2.0,3.0
property-townhouse-vic-reservoir-148427540,6.0,1.0,2.0,3.0
property-townhouse-vic-reservoir-148529000,9.0,2.0,3.0,3.0
property-townhouse-vic-reservoir-148568732,7.0,1.0,2.0,3.0
property-townhouse-vic-reservoir-148578732,7.0,1.0,1.0,2.0
property-townhouse-vic-reservoir-148626600,11.0,1.0,2.0,3.0
property-townhouse-vic-reservoir-148630768,7.0,1.0,2.0,3.0
property-townhouse-vic-reservoir-148689212,10.0,1.0,2.0,3.0
property-townhouse-vic-reservoir-148689832,6.0,1.0,2.0,2.0
property-townhouse-vic-reservoir-148709928,7.0,1.0,1.0,3.0
property-townhouse-vic-reservoir-148768836,7.0,0.0,2.0,3.0
property-townhouse-vic-reservoir-148810272,8.0,1.0,3.0,3.0
property-townhouse-vic-reservoir-148903628,7.0,1.0,1.0,1.0
property-townhouse-vic-reservoir-148994356,10.0,1.0,2.0,4.0
property-townhouse-vic-reservoir-149022088,9.0,1.0,2.0,0.0
property-townhouse-vic-reservoir-149023428,10.0,0.0,3.0,3.0
property-townhouse-vic-reservoir-149036140,9.0,1.0,2.0,2.0
property-townhouse-vic-reservoir-149093196,7.0,0.0,2.0,3.0
property-townhouse-vic-reservoir-149148632,8.0,0.0,3.0,3.0
property-townhouse-vic-reservoir-149186596,8.0,1.0,3.0,3.0
property-townhouse-vic-reservoir-149249504,8.0,1.0,2.0,3.0
property-townhouse-vic-reservoir-149252688,7.0,1.0,2.0,3.0
property-townhouse-vic-reservoir-149319272,7.0,1.0,1.0,3.0
property-townhouse-vic-reservoir-149365652,7.0,0.0,2.0,3.0
property-townhouse-vic-reservoir-149374524,11.0,1.0,2.0,3.0
property-townhouse-vic-reservoir-149390568,8.0,1.0,3.0,3.0
property-townhouse-vic-reservoir-149394216,9.0,1.0,3.0,4.0
property-townhouse-vic-reservoir-149463052,7.0,1.0,2.0,0.0
property-townhouse-vic-reservoir-149600352,9.0,1.0,1.0,1.0
property-townhouse-vic-reservoir-149602336,8.0,1.0,2.0,0.0
property-townhouse-vic-reservoir-149602648,10.0,1.0,2.0,2.0
property-townhouse-vic-reservoir-149669064,10.0,0.0,3.0,3.0
property-townhouse-vic-reservoir-149765708,6.0,1.0,3.0,3.0
property-townhouse-vic-reservoir-149812976,7.0,1.0,1.0,3.0
property-townhouse-vic-reservoir-149935252,11.0,1.0,2.0,3.0
property-townhouse-vic-reservoir-149991008,8.0,1.0,3.0,3.0
property-townhouse-vic-reservoir-149994216,9.0,0.0,2.0,4.0
property-townhouse-vic-reservoir-150113256,8.0,1.0,2.0,2.0
property-townhouse-vic-reservoir-150134024,8.0,1.0,3.0,3.0
property-townhouse-vic-reservoir-150148228,9.0,1.0,2.0,1.0
property-townhouse-vic-reservoir-150179360,9.0,1.0,2.0,4.0
property-townhouse-vic-reservoir-150421048,7.0,1.0,0.0,2.0
property-townhouse-vic-reservoir-150473140,8.0,2.0,3.0,3.0
property-townhouse-vic-reservoir-150504728,8.0,1.0,2.0,3.0
property-townhouse-vic-reservoir-150769292,10.0,1.0,2.0,3.0
property-townhouse-vic-thornbury-127029906,9.0,1.0,0.0,3.0
property-townhouse-vic-thornbury-129359674,12.0,1.0,1.0,5.0
property-townhouse-vic-thornbury-135376098,10.0,0.0,0.0,5.0
property-townhouse-vic-thornbury-138308374,11.0,1.0,0.0,3.0
property-townhouse-vic-thornbury-138421967,7.0,1.0,1.0,3.0
property-townhouse-vic-thornbury-139130855,12.0,0.0,0.0,4.0
property-townhouse-vic-thornbury-141042844,7.0,1.0,1.0,3.0
property-townhouse-vic-thornbury-141249852,12.0,1.0,0.0,4.0
property-townhouse-vic-thornbury-141774952,7.0,1.0,1.0,1.0
property-townhouse-vic-thornbury-141921492,11.0,1.0,0.0,3.0
property-townhouse-vic-thornbury-142254200,6.0,1.0,1.0,0.0
property-townhouse-vic-thornbury-142846104,9.0,1.0,0.0,5.0
property-townhouse-vic-thornbury-142881576,13.0,1.0,0.0,4.0
property-townhouse-vic-thornbury-146595292,7.0,1.0,1.0,3.0
property-townhouse-vic-thornbury-147849724,9.0,1.0,0.0,4.0
property-townhouse-vic-thornbury-148396728,7.0,1.0,1.0,3.0
property-townhouse-vic-thornbury-148425296,8.0,1.0,1.0,2.0
property-townhouse-vic-thornbury-148926144,13.0,1.0,0.0,4.0
property-townhouse-vic-thornbury-149262648,13.0,0.0,0.0,5.0
property-townhouse-vic-thornbury-149337664,10.0,0.0,0.0,5.0
property-townhouse-vic-thornbury-149366996,7.0,1.0,1.0,3.0
property-townhouse-vic-thornbury-149461684,7.0,1.0,1.0,3.0
property-townhouse-vic-thornbury-150665160,9.0,1.0,0.0,3.0
property-unit-vic-oakleigh-107592214,7.0,0.0,4.0,3.0
property-unit-vic-oakleigh-110053909,6.0,0.0,6.0,2.0
property-unit-vic-oakleigh-112487663,7.0,0.0,5.0,2.0
property-unit-vic-oakleigh-112748915,6.0,0.0,5.0,3.0
property-unit-vic-oakleigh-118519607,6.0,0.0,5.0,2.0
property-unit-vic-oakleigh-119157427,8.0,0.0,6.0,2.0
property-unit-vic-oakleigh-119620935,8.0,0.0,4.0,3.0
property-unit-vic-oakleigh-119760295,7.0,0.0,5.0,4.0
property-unit-vic-oakleigh-120692641,7.0,0.0,5.0,2.0
property-unit-vic-oakleigh-120878181,7.0,0.0,3.0,4.0
property-unit-vic-oakleigh-121713422,7.0,0.0,5.0,4.0
property-unit-vic-oakleigh-122540442,6.0,0.0,5.0,2.0
property-unit-vic-oakleigh-123554814,7.0,0.0,7.0,2.0
property-unit-vic-oakleigh-123805726,6.0,0.0,4.0,4.0
property-unit-vic-oakleigh-124327034,7.0,0.0,6.0,3.0
property-unit-vic-oakleigh-124746826,8.0,0.0,4.0,3.0
property-unit-vic-oakleigh-124896950,6.0,0.0,6.0,2.0
property-unit-vic-oakleigh-125216310,7.0,0.0,3.0,4.0
property-unit-vic-oakleigh-125227310,7.0,0.0,4.0,4.0
property-unit-vic-oakleigh-125721158,6.0,0.0,5.0,2.0
property-unit-vic-oakleigh-125885222,6.0,0.0,5.0,2.0
property-unit-vic-oakleigh-125917674,7.0,0.0,5.0,3.0
property-unit-vic-oakleigh-126218046,7.0,0.0,5.0,3.0
property-unit-vic-oakleigh-126725886,6.0,0.0,6.0,2.0
property-unit-vic-oakleigh-128276330,7.0,0.0,5.0,4.0
property-unit-vic-oakleigh-128322074,7.0,0.0,6.0,4.0
property-unit-vic-oakleigh-128499830,7.0,0.0,6.0,2.0
property-unit-vic-oakleigh-129163922,8.0,0.0,4.0,4.0
property-unit-vic-oakleigh-129871126,6.0,0.0,6.0,2.0
property-unit-vic-oakleigh-132689034,7.0,0.0,3.0,4.0
property-unit-vic-oakleigh-133262458,7.0,0.0,4.0,2.0
property-unit-vic-oakleigh-134268066,7.0,0.0,6.0,4.0
property-unit-vic-oakleigh-134478582,7.0,0.0,5.0,2.0
property-unit-vic-oakleigh-135904446,7.0,0.0,6.0,2.0
property-unit-vic-oakleigh-137154670,5.0,0.0,4.0,2.0
property-unit-vic-oakleigh-137644166,7.0,0.0,5.0,2.0
property-unit-vic-oakleigh-137693218,8.0,0.0,4.0,2.0
property-unit-vic-oakleigh-137887954,7.0,0.0,4.0,4.0
property-unit-vic-oakleigh-137975054,7.0,0.0,5.0,4.0
property-unit-vic-oakleigh-138292502,7.0,0.0,5.0,3.0
property-unit-vic-oakleigh-141152328,8.0,0.0,4.0,2.0
property-unit-vic-oakleigh-143034476,6.0,0.0,6.0,2.0
property-unit-vic-oakleigh-143875016,7.0,0.0,4.0,2.0
property-unit-vic-oakleigh-144820888,7.0,0.0,6.0,2.0
property-unit-vic-oakleigh-145223428,7.0,0.0,6.0,2.0
property-unit-vic-oakleigh-145634016,7.0,0.0,4.0,3.0
property-unit-vic-oakleigh-145818212,7.0,0.0,5.0,4.0
property-unit-vic-oakleigh-145986188,6.0,0.0,5.0,2.0
property-unit-vic-oakleigh-147008652,7.0,0.0,4.0,2.0
property-unit-vic-oakleigh-147058800,7.0,0.0,5.0,4.0
property-unit-vic-oakleigh-149256788,7.0,0.0,5.0,2.0
property-unit-vic-oakleigh-149403384,6.0,0.0,4.0,3.0
property-unit-vic-oakleigh-150030256,7.0,0.0,5.0,4.0
property-unit-vic-oakleigh-150488064,7.0,0.0,5.0,4.0
property-unit-vic-oakleigh-150649632,6.0,0.0,7.0,2.0
property-unit-vic-reservoir-141224624,7.0,1.0,2.0,2.0
property-unit-vic-reservoir-141562200,9.0,1.0,2.0,3.0
property-unit-vic-reservoir-142696928,6.0,1.0,2.0,3.0
property-unit-vic-reservoir-142720248,7.0,1.0,1.0,1.0
property-unit-vic-reservoir-142736408,8.0,0.0,3.0,3.0
property-unit-vic-reservoir-142739556,8.0,1.0,2.0,3.0
property-unit-vic-reservoir-142756804,12.0,1.0,2.0,3.0
property-unit-vic-reservoir-142848912,6.0,2.0,2.0,2.0
property-unit-vic-reservoir-142890472,8.0,0.0,2.0,3.0
property-unit-vic-reservoir-142966940,6.0,1.0,2.0,3.0
property-unit-vic-reservoir-143051112,11.0,1.0,2.0,3.0
property-unit-vic-reservoir-143101164,9.0,0.0,2.0,3.0
property-unit-vic-reservoir-143116100,5.0,2.0,1.0,1.0
property-unit-vic-reservoir-143293832,8.0,1.0,2.0,3.0
property-unit-vic-reservoir-143310092,8.0,1.0,2.0,3.0
property-unit-vic-reservoir-143356228,9.0,1.0,2.0,2.0
property-unit-vic-reservoir-143371900,7.0,1.0,1.0,1.0
property-unit-vic-reservoir-143481284,9.0,1.0,2.0,3.0
property-unit-vic-reservoir-143515760,8.0,1.0,3.0,3.0
property-unit-vic-reservoir-143526796,5.0,1.0,2.0,3.0
property-unit-vic-reservoir-143550764,7.0,1.0,1.0,3.0
property-unit-vic-reservoir-143573172,10.0,0.0,2.0,4.0
property-unit-vic-reservoir-143573288,7.0,1.0,1.0,3.0
property-unit-vic-reservoir-143632292,10.0,1.0,2.0,3.0
property-unit-vic-reservoir-143669196,7.0,1.0,2.0,0.0
property-unit-vic-reservoir-144034788,8.0,1.0,3.0,3.0
property-unit-vic-reservoir-144036556,7.0,1.0,2.0,3.0
property-unit-vic-reservoir-144049324,8.0,1.0,3.0,3.0
property-unit-vic-reservoir-144049548,8.0,0.0,2.0,3.0
property-unit-vic-reservoir-144097204,7.0,1.0,1.0,1.0
property-unit-vic-reservoir-144128512,9.0,2.0,3.0,3.0
property-unit-vic-reservoir-144148844,12.0,1.0,2.0,3.0
property-unit-vic-reservoir-144241268,6.0,1.0,1.0,1.0
property-unit-vic-reservoir-144276708,6.0,1.0,2.0,0.0
property-unit-vic-reservoir-144316304,5.0,2.0,2.0,1.0
property-unit-vic-reservoir-144433192,8.0,1.0,2.0,2.0
property-unit-vic-reservoir-144525636,12.0,1.0,2.0,3.0
property-unit-vic-reservoir-144580636,10.0,1.0,2.0,2.0
property-unit-vic-reservoir-144583696,8.0,1.0,2.0,0.0
property-unit-vic-reservoir-144623272,9.0,1.0,3.0,4.0
property-unit-vic-reservoir-144653696,9.0,1.0,2.0,2.0
property-unit-vic-reservoir-144655060,7.0,0.0,2.0,2.0
property-unit-vic-reservoir-144659260,7.0,0.0,2.0,2.0
property-unit-vic-reservoir-144687748,10.0,0.0,1.0,4.0
property-unit-vic-reservoir-144823020,9.0,1.0,2.0,2.0
property-unit-vic-reservoir-144830600,8.0,1.0,3.0,3.0
property-unit-vic-reservoir-145070044,10.0,1.0,2.0,1.0
property-unit-vic-reservoir-145109888,9.0,1.0,2.0,2.0
property-unit-vic-reservoir-145160908,5.0,1.0,1.0,3.0
property-unit-vic-reservoir-145296616,11.0,1.0,2.0,3.0
property-unit-vic-reservoir-145297000,8.0,1.0,1.0,1.0
property-unit-vic-reservoir-145342408,8.0,1.0,2.0,2.0
property-unit-vic-reservoir-145350220,7.0,1.0,1.0,2.0
property-unit-vic-reservoir-145399024,6.0,0.0,2.0,3.0
property-unit-vic-reservoir-145399036,11.0,1.0,2.0,3.0
property-unit-vic-reservoir-145622144,7.0,1.0,2.0,3.0
property-unit-vic-reservoir-145622352,7.0,2.0,4.0,3.0
property-unit-vic-reservoir-145782140,11.0,1.0,2.0,1.0
property-unit-vic-reservoir-145816280,8.0,1.0,2.0,3.0
property-unit-vic-reservoir-145852372,6.0,2.0,2.0,2.0
property-unit-vic-reservoir-145900460,7.0,1.0,2.0,3.0
property-unit-vic-reservoir-146034632,8.0,1.0,1.0,1.0
property-unit-vic-reservoir-146049028,8.0,1.0,2.0,3.0
property-unit-vic-reservoir-146121700,11.0,0.0,2.0,4.0
property-unit-vic-reservoir-146166404,8.0,1.0,1.0,3.0
property-unit-vic-reservoir-146191600,7.0,1.0,1.0,1.0
property-unit-vic-reservoir-146293916,4.0,1.0,1.0,1.0
property-unit-vic-reservoir-146303064,6.0,0.0,0.0,2.0
property-unit-vic-reservoir-146303540,8.0,1.0,2.0,3.0
property-unit-vic-reservoir-146330032,9.0,1.0,3.0,4.0
property-unit-vic-reservoir-146337136,12.0,1.0,2.0,3.0
property-unit-vic-reservoir-146339688,11.0,1.0,2.0,3.0
property-unit-vic-reservoir-146660776,6.0,1.0,2.0,3.0
property-unit-vic-reservoir-146777960,8.0,0.0,1.0,2.0
property-unit-vic-reservoir-146791424,7.0,1.0,2.0,3.0
property-unit-vic-reservoir-147065116,8.0,1.0,2.0,0.0
property-unit-vic-reservoir-147126060,9.0,1.0,2.0,2.0
property-unit-vic-reservoir-147215964,9.0,1.0,2.0,2.0
property-unit-vic-reservoir-147257468,6.0,1.0,2.0,2.0
property-unit-vic-reservoir-147290304,8.0,1.0,2.0,2.0
property-unit-vic-reservoir-147296080,9.0,1.0,2.0,3.0
property-unit-vic-reservoir-147315496,8.0,1.0,1.0,2.0
property-unit-vic-reservoir-147412852,8.0,1.0,3.0,3.0
property-unit-vic-reservoir-147412924,8.0,0.0,3.0,3.0
property-unit-vic-reservoir-147475268,7.0,1.0,2.0,3.0
property-unit-vic-reservoir-147479984,9.0,0.0,2.0,3.0
property-unit-vic-reservoir-147480220,6.0,1.0,2.0,3.0
property-unit-vic-reservoir-147489448,9.0,1.0,1.0,2.0
property-unit-vic-reservoir-147577184,9.0,0.0,2.0,3.0
property-unit-vic-reservoir-147586940,9.0,1.0,3.0,3.0
property-unit-vic-reservoir-147608616,8.0,1.0,2.0,2.0
property-unit-vic-reservoir-147657144,7.0,1.0,1.0,0.0
property-unit-vic-reservoir-147666984,8.0,1.0,3.0,3.0
property-unit-vic-reservoir-147666992,7.0,1.0,2.0,3.0
property-unit-vic-reservoir-147768176,9.0,1.0,2.0,4.0
property-unit-vic-reservoir-147808440,9.0,1.0,2.0,1.0
property-unit-vic-reservoir-147812872,10.0,0.0,2.0,4.0
property-unit-vic-reservoir-147827444,6.0,0.0,2.0,3.0
property-unit-vic-reservoir-148008200,8.0,1.0,2.0,3.0
property-unit-vic-reservoir-148011904,7.0,1.0,4.0,3.0
property-unit-vic-reservoir-148012192,7.0,2.0,3.0,3.0
property-unit-vic-reservoir-148031860,6.0,1.0,2.0,2.0
property-unit-vic-reservoir-148091940,8.0,1.0,2.0,3.0
property-unit-vic-reservoir-148117592,7.0,0.0,2.0,3.0
property-unit-vic-reservoir-148118564,7.0,1.0,2.0,3.0
property-unit-vic-reservoir-148126136,8.0,1.0,3.0,3.0
property-unit-vic-reservoir-148136316,7.0,1.0,2.0,3.0
property-unit-vic-reservoir-148183808,8.0,1.0,3.0,3.0
property-unit-vic-reservoir-148237576,6.0,1.0,2.0,2.0
property-unit-vic-reservoir-148331660,12.0,1.0,2.0,3.0
property-unit-vic-reservoir-148412868,6.0,1.0,2.0,3.0
property-unit-vic-reservoir-148421860,8.0,1.0,2.0,3.0
property-unit-vic-reservoir-148482608,9.0,1.0,2.0,3.0
property-unit-vic-reservoir-148541448,7.0,1.0,2.0,3.0
property-unit-vic-reservoir-148578712,8.0,1.0,2.0,3.0
property-unit-vic-reservoir-148675472,11.0,0.0,2.0,4.0
property-unit-vic-reservoir-148731116,10.0,0.0,2.0,3.0
property-unit-vic-reservoir-148780448,6.0,2.0,2.0,2.0
property-unit-vic-reservoir-148782136,9.0,1.0,2.0,3.0
property-unit-vic-reservoir-148866144,8.0,1.0,2.0,3.0
property-unit-vic-reservoir-148882132,11.0,0.0,2.0,4.0
property-unit-vic-reservoir-148916788,8.0,1.0,3.0,3.0
property-unit-vic-reservoir-148934340,8.0,1.0,1.0,3.0
property-unit-vic-reservoir-149057440,7.0,0.0,1.0,2.0
property-unit-vic-reservoir-149119640,12.0,1.0,2.0,3.0
property-unit-vic-reservoir-149146352,8.0,1.0,3.0,3.0
property-unit-vic-reservoir-149151104,9.0,1.0,3.0,3.0
property-unit-vic-reservoir-149151804,8.0,1.0,1.0,2.0
property-unit-vic-reservoir-149179824,8.0,1.0,3.0,3.0
property-unit-vic-reservoir-149191092,11.0,1.0,2.0,3.0
property-unit-vic-reservoir-149252148,6.0,1.0,2.0,0.0
property-unit-vic-reservoir-149369452,7.0,1.0,3.0,3.0
property-unit-vic-reservoir-149458792,8.0,1.0,2.0,2.0
property-unit-vic-reservoir-149467940,7.0,1.0,2.0,3.0
property-unit-vic-reservoir-149483876,7.0,1.0,2.0,0.0
property-unit-vic-reservoir-149498960,9.0,1.0,3.0,3.0
property-unit-vic-reservoir-149506660,6.0,1.0,2.0,0.0
property-unit-vic-reservoir-149520428,7.0,0.0,2.0,2.0
property-unit-vic-reservoir-149532136,7.0,0.0,2.0,3.0
property-unit-vic-reservoir-149535712,7.0,1.0,1.0,1.0
property-unit-vic-reservoir-149559180,9.0,0.0,2.0,3.0
property-unit-vic-reservoir-149592604,8.0,0.0,2.0,3.0
property-unit-vic-reservoir-149596156,10.0,1.0,3.0,3.0
property-unit-vic-reservoir-149611124,9.0,1.0,2.0,3.0
property-unit-vic-reservoir-149619852,10.0,1.0,2.0,2.0
property-unit-vic-reservoir-149669004,8.0,1.0,1.0,1.0
property-unit-vic-reservoir-149673340,7.0,0.0,0.0,2.0
property-unit-vic-reservoir-149673492,9.0,1.0,3.0,3.0
property-unit-vic-reservoir-149683976,10.0,0.0,2.0,3.0
property-unit-vic-reservoir-149719148,7.0,1.0,1.0,3.0
property-unit-vic-reservoir-149935648,8.0,1.0,2.0,2.0
property-unit-vic-reservoir-149942908,8.0,1.0,3.0,4.0
property-unit-vic-reservoir-149951832,8.0,1.0,2.0,3.0
property-unit-vic-reservoir-149966120,9.0,1.0,3.0,4.0
property-unit-vic-reservoir-150009496,9.0,1.0,2.0,3.0
property-unit-vic-reservoir-150178972,8.0,0.0,3.0,3.0
property-unit-vic-reservoir-150228492,9.0,1.0,2.0,1.0
property-unit-vic-reservoir-150248844,8.0,0.0,1.0,2.0
property-unit-vic-reservoir-150252580,7.0,1.0,2.0,2.0
property-unit-vic-reservoir-150277848,9.0,0.0,1.0,3.0
property-unit-vic-reservoir-150303444,9.0,1.0,3.0,3.0
property-unit-vic-reservoir-150402940,8.0,1.0,1.0,1.0
property-unit-vic-reservoir-150489000,10.0,1.0,2.0,3.0
property-unit-vic-reservoir-150614288,8.0,1.0,1.0,2.0
property-unit-vic-reservoir-150774552,7.0,0.0,2.0,2.0
property-unit-vic-reservoir-150929348,8.0,1.0,3.0,3.0
property-unit-vic-thornbury-131468466,12.0,1.0,0.0,4.0
property-unit-vic-thornbury-137443234,9.0,1.0,1.0,4.0
property-unit-vic-thornbury-140208275,13.0,1.0,0.0,4.0
property-unit-vic-thornbury-140295623,12.0,1.0,0.0,4.0
property-unit-vic-thornbury-142552192,7.0,1.0,1.0,1.0
property-unit-vic-thornbury-146429844,13.0,1.0,1.0,5.0
property-unit-vic-thornbury-147477964,9.0,1.0,0.0,4.0
property-unit-vic-thornbury-148978940,10.0,1.0,0.0,5.0
property-unitblock-vic-thornbury-127905262,11.0,1.0,1.0,4.0
property-unitblock-vic-thornbury-140708455,10.0,1.0,0.0,5.0
property-unitblock-vic-thornbury-142920416,12.0,0.0,0.0,4.0
property-unitblock-vic-thornbury-143260140,13.0,0.0,0.0,5.0
property-unitblock-vic-thornbury-144857076,13.0,0.0,0.0,5.0
property-villa-vic-reservoir-143551032,7.0,1.0,2.0,3.0
property-villa-vic-reservoir-145974552,11.0,1.0,2.0,3.0
property-villa-vic-thornbury-145240832,6.0,1.0,1.0,0.0
property-villa-vic-thornbury-148599628,11.0,1.0,0.0,4.0
url,,,,0.0
