URL,Suburb ,Postcode,Address,Latitude,Longitude,Bedroom,Bathroom ,Type ,Car Park space,Last sold date,Land size,Land size unit,Y = Sold price
property-house-vic-oakleigh-150785740,Oakleigh,3166,1 Bishop Street,-37.905174,145.093334,2.0,1.0,house,3.0,2026-05-02,495.0,m2,"$1,280,000"
property-apartment-vic-oakleigh-150500464,Oakleigh,3166,201/63-65 Atherton Road,-37.8989481,145.0927662,2.0,1.0,apartment,1.0,2026-04-24,,,"$460,000"
property-house-vic-oakleigh-150712212,Oakleigh,3166,170 Atherton Road,-37.900633,145.102345,3.0,2.0,house,2.0,2026-04-18,466.0,m2,"$1,155,500"
property-unit-vic-oakleigh-150649632,Oakleigh,3166,1/119 Burlington Street,-37.90325,145.103349,3.0,1.0,unit,2.0,2026-04-18,285.0,m2,"$872,500"
property-apartment-vic-oakleigh-150640980,Oakleigh,3166,2/2 Albert Avenue,-37.89808065,145.0936248,2.0,1.0,apartment,1.0,2026-04-18,,,"$580,000"
property-unit-vic-oakleigh-150500604,Oakleigh,3166,3/1 Parer Street,-37.90874604,145.0980665,2.0,1.0,unit,2.0,2026-04-11,,,"$808,000"
property-townhouse-vic-oakleigh-150684016,Oakleigh,3166,5/2 Stamford Road,-37.8917555,145.1015166,3.0,3.0,townhouse,2.0,2026-04-10,,,"$1,025,000"
property-house-vic-oakleigh-150703704,Oakleigh,3166,33 Tamar Grove,-37.898402,145.096431,3.0,2.0,house,1.0,2026-04-08,539.0,m2,"$1,800,000"
property-house-vic-oakleigh-150485084,Oakleigh,3166,16 Lincoln Avenue,-37.899073,145.099485,4.0,2.0,house,2.0,2026-03-28,,,"$1,560,000"
property-house-vic-oakleigh-150511528,Oakleigh,3166,191 Huntingdale Road,-37.901866,145.105043,3.0,2.0,house,3.0,2026-03-28,544.0,m2,"$1,245,000"
property-house-vic-oakleigh-150408448,Oakleigh,3166,2 Norfolk Avenue,-37.898842,145.100821,3.0,2.0,house,3.0,2026-03-23,352.0,m2,"$1,292,500"
property-house-vic-oakleigh-150388028,Oakleigh,3166,5 Saxon Court,-37.8934539,145.1042014,5.0,3.0,house,4.0,2026-03-21,875.0,m2,"$1,967,500"
property-unit-vic-oakleigh-150488064,Oakleigh,3166,2/22 Palmerston Grove,-37.897121,145.091596,2.0,1.0,unit,1.0,2026-03-18,250.0,m2,"$930,000"
property-apartment-vic-oakleigh-142780556,Oakleigh,3166,508/2 Dalgety Street,-37.89199272,145.089514,2.0,2.0,apartment,1.0,2026-03-17,,,"$600,000"
property-house-vic-oakleigh-150352064,Oakleigh,3166,21 Hatter Street,-37.905686,145.087702,3.0,1.0,house,2.0,2026-03-14,506.0,m2,"$1,525,000"
property-house-vic-oakleigh-150256844,Oakleigh,3166,112 Burlington Street,-37.903514,145.102737,3.0,1.0,house,1.0,2026-03-14,666.0,m2,"$1,300,000"
property-apartment-vic-oakleigh-150515276,Oakleigh,3166,110/19-21 Hanover Street,-37.90085826,145.0917337,1.0,1.0,apartment,1.0,2026-03-14,,,"$375,000"
property-apartment-vic-oakleigh-149754244,Oakleigh,3166,10/103 Atherton Road,-37.89929566,145.0950164,1.0,1.0,apartment,1.0,2026-03-14,,,"$345,000"
property-apartment-vic-oakleigh-150350804,Oakleigh,3166,4/45 Railway Avenue,-37.91059982,145.1033125,1.0,1.0,apartment,1.0,2026-03-08,,,"$300,000"
property-townhouse-vic-oakleigh-150213492,Oakleigh,3166,2/41 Andrew Street,-37.90951179,145.0936862,4.0,2.0,townhouse,2.0,2026-02-28,241.0,m2,"$1,310,000"
property-house-vic-oakleigh-150069040,Oakleigh,3166,44 Haughton Road,-37.90402575,145.0924121,5.0,2.0,house,2.0,2026-02-28,357.0,m2,"$1,250,000"
property-apartment-vic-oakleigh-148941560,Oakleigh,3166,G01/16 Dalgety Street,-37.89212027,145.090512,2.0,2.0,apartment,1.0,2026-02-25,,,"$505,000"
property-apartment-vic-oakleigh-149987364,Oakleigh,3166,111/19-21 Hanover Street,-37.90085826,145.0917337,1.0,1.0,apartment,1.0,2026-02-23,,,"$360,000"
property-house-vic-oakleigh-150115688,Oakleigh,3166,96 Burlington Street,-37.903275,145.100787,2.0,1.0,house,4.0,2026-02-21,669.0,m2,"$1,353,000"
property-unit-vic-oakleigh-150051968,Oakleigh,3166,2/16 Winifred Street,-37.89570248,145.1022997,3.0,2.0,unit,2.0,2026-02-21,,,"$1,171,000"
property-townhouse-vic-oakleigh-150071136,Oakleigh,3166,1/7 Holland Court,-37.90075905,145.0968711,2.0,2.0,townhouse,1.0,2026-02-21,240.0,m2,"$1,125,000"
property-apartment-vic-oakleigh-150079560,Oakleigh,3166,209/63-65 Atherton Road,-37.8989481,145.0927662,2.0,1.0,apartment,1.0,2026-02-21,,,"$470,000"
property-unit-vic-oakleigh-150030256,Oakleigh,3166,1/3 Tamar Grove,-37.89652601,145.0968512,3.0,1.0,unit,2.0,2026-02-19,273.0,m2,"$1,160,000"
property-unit-vic-oakleigh-149611080,Oakleigh,3166,1&2/11 Palmer Street,-37.896434,145.091774,3.0,2.0,unit,2.0,2026-02-17,,,"$1,700,000"
property-apartment-vic-oakleigh-150024988,Oakleigh,3166,1/79 Atherton Road,-37.89912265,145.093875,2.0,1.0,apartment,1.0,2026-02-14,,,"$520,000"
property-apartment-vic-oakleigh-150143948,Oakleigh,3166,10/82-86 Atherton Road,-37.89942033,145.0937799,2.0,1.0,apartment,1.0,2026-02-10,,,"$465,000"
property-apartment-vic-oakleigh-150061548,Oakleigh,3166,106/1525 Dandenong Road,-37.89289355,145.0905128,2.0,1.0,apartment,1.0,2026-02-08,,,"$510,000"
property-unit-vic-oakleigh-149569572,Oakleigh,3166,1/791 Warrigal Road,-37.89012881,145.0889956,2.0,1.0,unit,1.0,2026-02-06,,,"$555,000"
property-apartment-vic-oakleigh-149279736,Oakleigh,3166,201/1525 Dandenong Road,-37.89289355,145.0905128,2.0,2.0,apartment,1.0,2026-01-15,,,"$440,500"
property-townhouse-vic-oakleigh-149276340,Oakleigh,3166,2/8-10 McIntosh Street,-37.91053053,145.0993884,4.0,3.0,townhouse,2.0,2026-01-14,,,"$1,400,000"
property-house-vic-oakleigh-149765764,Oakleigh,3166,140 Atherton Road,-37.900235,145.099478,4.0,3.0,house,2.0,2025-12-20,628.0,m2,"$1,571,000"
property-house-vic-oakleigh-149753276,Oakleigh,3166,23 George Street,-37.902609,145.101942,3.0,2.0,house,2.0,2025-12-20,544.0,m2,"$1,475,000"
property-townhouse-vic-oakleigh-149674664,Oakleigh,3166,4/28 Devon Grove,-37.89600217,145.1034485,4.0,2.0,townhouse,2.0,2025-12-16,,,"$1,090,000"
property-house-vic-oakleigh-149160636,Oakleigh,3166,112 Warrigal Road,-37.904796,145.086178,4.0,1.0,house,2.0,2025-12-15,489.0,m2,"$890,000"
property-house-vic-oakleigh-149455824,Oakleigh,3166,20 Eastgate Street,-37.905674,145.08917,3.0,1.0,house,1.0,2025-11-25,534.0,m2,"$1,450,000"
property-apartment-vic-oakleigh-147442888,Oakleigh,3166,5/83-85 Drummond Street,-37.89241813,145.0906601,2.0,1.0,apartment,1.0,2025-11-19,73.0,m2,"$460,000"
property-apartment-vic-oakleigh-149350048,Oakleigh,3166,110/6 Dalgety Street,-37.89199272,145.089514,2.0,1.0,apartment,1.0,2025-11-17,,,"$500,000"
property-unit-vic-oakleigh-149403384,Oakleigh,3166,1149A North Road,-37.909732,145.088367,2.0,1.0,unit,2.0,2025-11-15,262.0,m2,"$730,000"
property-house-vic-oakleigh-149366956,Oakleigh,3166,38 Tamar Grove,-37.898938,145.096736,2.0,1.0,house,4.0,2025-11-11,540.0,m2,"$1,220,000"
property-apartment-vic-oakleigh-148896452,Oakleigh,3166,14/41 Railway Avenue,-37.91059982,145.1033125,1.0,1.0,apartment,,2025-11-11,,,"$190,000"
property-house-vic-oakleigh-149335132,Oakleigh,3166,22 Gadd Street,-37.909685,145.097039,4.0,2.0,house,4.0,2025-11-09,700.0,m2,"$1,581,000"
property-house-vic-oakleigh-148747072,Oakleigh,3166,23 Clyde Street,-37.897431,145.095478,8.0,3.0,house,3.0,2025-11-08,638.0,m2,"$1,880,000"
property-unit-vic-oakleigh-149314224,Oakleigh,3166,3/21 John Street,-37.90239265,145.1009819,2.0,1.0,unit,1.0,2025-11-08,,,"$835,000"
property-apartment-vic-oakleigh-149241440,Oakleigh,3166,214/6 Dalgety Street,-37.89199272,145.089514,2.0,2.0,apartment,1.0,2025-10-31,,,"$549,500"
property-townhouse-vic-oakleigh-149224160,Oakleigh,3166,4/110 Atherton Road,-37.89981539,145.0963986,2.0,1.0,townhouse,1.0,2025-10-30,1219.0,m2,"$597,000"
property-apartment-vic-oakleigh-149065984,Oakleigh,3166,208/16 Dalgety Street,-37.89212027,145.090512,2.0,2.0,apartment,1.0,2025-10-27,,,"$545,000"
property-house-vic-oakleigh-149173060,Oakleigh,3166,31a Clyde Street,-37.898437,145.095248,3.0,1.0,house,3.0,2025-10-25,487.0,m2,"$1,510,000"
property-apartment-vic-oakleigh-147007224,Oakleigh,3166,316/2 Dalgety Street,-37.89199272,145.089514,2.0,2.0,apartment,1.0,2025-10-23,,,"$570,000"
property-house-vic-oakleigh-149105912,Oakleigh,3166,6 William Street,-37.901409,145.103519,4.0,2.0,house,2.0,2025-10-18,,,"$2,145,000"
property-house-vic-oakleigh-148132628,Oakleigh,3166,19 Winifred Street,-37.895868,145.101933,5.0,3.0,house,3.0,2025-10-18,697.0,m2,"$1,410,000"
property-townhouse-vic-oakleigh-148844728,Oakleigh,3166,5/87 Atkinson Street,-37.89189082,145.0934265,3.0,2.0,townhouse,2.0,2025-10-16,,,"$1,010,000"
property-unit-vic-oakleigh-149256788,Oakleigh,3166,1/36 Heath Avenue,-37.902356,145.099786,2.0,1.0,unit,2.0,2025-10-14,178.0,m2,"$890,000"
property-apartment-vic-oakleigh-148782844,Oakleigh,3166,102/89 Atherton Road,-37.89920414,145.0943799,1.0,1.0,apartment,1.0,2025-10-13,,,"$460,000"
property-townhouse-vic-oakleigh-149055512,Oakleigh,3166,2/14 Gadd Street,-37.90918319,145.0971287,3.0,2.0,townhouse,2.0,2025-10-11,,,"$1,271,000"
property-residential land-vic-oakleigh-204303464,Oakleigh,3166,1243 North Road,-37.91084,145.098784,,,residential land,,2025-10-11,701.0,m2,"$1,024,500"
property-townhouse-vic-oakleigh-149097260,Oakleigh,3166,1/1151 North Road,-37.90975384,145.0885341,4.0,3.0,townhouse,2.0,2025-10-08,287.0,m2,"$1,156,000"
property-apartment-vic-oakleigh-148722696,Oakleigh,3166,501/83-85 Drummond Street,-37.89241813,145.0906601,2.0,2.0,apartment,1.0,2025-10-08,,,"$505,000"
property-house-vic-oakleigh-149006364,Oakleigh,3166,26 Heath Avenue,-37.901975,145.098955,3.0,2.0,house,2.0,2025-10-04,548.0,m2,"$1,575,000"
property-townhouse-vic-oakleigh-148824828,Oakleigh,3166,4/2 Stamford Road,-37.8917555,145.1015166,4.0,2.0,townhouse,2.0,2025-10-04,,,"$1,050,000"
property-townhouse-vic-oakleigh-148854820,Oakleigh,3166,2/19 John Street,-37.90218079,145.1010231,4.0,2.0,townhouse,2.0,2025-09-26,252.0,m2,"$1,200,000"
property-house-vic-oakleigh-147639092,Oakleigh,3166,7A Caloola Avenue,-37.89048,145.090335,3.0,1.0,house,1.0,2025-09-21,696.0,m2,"$1,360,000"
property-house-vic-oakleigh-148727752,Oakleigh,3166,22 Heath Avenue,-37.901915,145.09857,5.0,3.0,house,2.0,2025-09-13,548.0,m2,"$2,025,000"
property-house-vic-oakleigh-148844776,Oakleigh,3166,23 Gadd Street,-37.909536,145.096702,4.0,2.0,house,2.0,2025-09-08,542.0,m2,"$1,950,000"
property-apartment-vic-oakleigh-148622744,Oakleigh,3166,111/89 Atherton Road,-37.89920414,145.0943799,2.0,1.0,apartment,1.0,2025-09-08,,,"$575,000"
property-unit-vic-oakleigh-148718292,Oakleigh,3166,1/3 Albert Avenue,-37.89758571,145.0940126,2.0,1.0,unit,1.0,2025-09-03,,,"$576,000"
property-apartment-vic-oakleigh-148796004,Oakleigh,3166,109/6 Dalgety Street,-37.89199272,145.089514,1.0,1.0,apartment,1.0,2025-09-02,,,"$415,000"
property-unit-vic-oakleigh-148723148,Oakleigh,3166,1/16 Winifred Street,-37.89570248,145.1022997,3.0,2.0,unit,1.0,2025-08-30,,,"$960,000"
property-house-vic-oakleigh-148814512,Oakleigh,3166,8 Clyde Street,-37.896486,145.096083,2.0,1.0,house,,2025-08-29,302.0,m2,"$1,180,000"
property-house-vic-oakleigh-148623884,Oakleigh,3166,110 Burlington Street,-37.903484,145.102545,5.0,5.0,house,4.0,2025-08-24,631.0,m2,"$2,510,000"
property-apartment-vic-oakleigh-148648212,Oakleigh,3166,306/83-85 Drummond Street,-37.89241813,145.0906601,1.0,1.0,apartment,1.0,2025-08-22,,,"$380,000"
property-house-vic-oakleigh-148588964,Oakleigh,3166,2/172 Atherton Road,-37.9006704,145.1026339,3.0,2.0,house,2.0,2025-08-16,300.0,m2,"$1,430,000"
property-apartment-vic-oakleigh-148403836,Oakleigh,3166,304/1525 Dandenong Road,-37.89289355,145.0905128,2.0,2.0,apartment,1.0,2025-08-04,,,"$442,500"
property-unit-vic-oakleigh-147414192,Oakleigh,3166,2/4 Albert Avenue,-37.898109,145.0938729,2.0,1.0,unit,1.0,2025-08-03,,,"$540,000"
property-house-vic-oakleigh-148477976,Oakleigh,3166,33 William Street,-37.904071,145.102643,3.0,2.0,house,2.0,2025-08-02,435.0,m2,"$1,305,000"
property-house-vic-oakleigh-148362516,Oakleigh,3166,180 Atherton Road,-37.900816,145.103648,4.0,1.0,house,4.0,2025-07-26,696.0,m2,"$1,500,000"
property-unit-vic-oakleigh-148391452,Oakleigh,3166,2/63 Golf Links Avenue,-37.90939764,145.0903979,2.0,1.0,unit,1.0,2025-07-26,,,"$781,500"
property-apartment-vic-oakleigh-148400852,Oakleigh,3166,907/6 Dalgety Street,-37.89199272,145.089514,2.0,2.0,apartment,1.0,2025-07-23,,,"$650,000"
property-apartment-vic-oakleigh-148267868,Oakleigh,3166,26/41 Railway Avenue,-37.91059982,145.1033125,1.0,1.0,apartment,,2025-07-21,,,"$195,000"
property-house-vic-oakleigh-148297176,Oakleigh,3166,10 Ford Avenue,-37.907632,145.096592,4.0,3.0,house,4.0,2025-07-12,564.0,m2,"$1,836,000"
property-unit-vic-oakleigh-147801008,Oakleigh,3166,2/1 Leroux Street,-37.89617211,145.1042212,2.0,1.0,unit,1.0,2025-07-12,,,"$663,000"
property-apartment-vic-oakleigh-147140340,Oakleigh,3166,609/1525 Dandenong Road,-37.89289355,145.0905128,2.0,2.0,apartment,1.0,2025-07-05,,,"$515,000"
property-apartment-vic-oakleigh-148085200,Oakleigh,3166,404/83-85 Drummond Street,-37.89241813,145.0906601,2.0,1.0,apartment,1.0,2025-07-03,,,"$460,000"
property-house-vic-oakleigh-147920956,Oakleigh,3166,23 John Street,-37.902494,145.100966,3.0,2.0,house,3.0,2025-06-30,558.0,m2,"$1,550,000"
property-unit-vic-oakleigh-148179804,Oakleigh,3166,2/21 Parer Street,-37.91019114,145.097807,3.0,2.0,unit,2.0,2025-06-28,,,"$930,000"
property-apartment-vic-oakleigh-147963460,Oakleigh,3166,19/82-86 Atherton Road,-37.89942033,145.0937799,2.0,1.0,apartment,1.0,2025-06-27,,,"$515,000"
property-unit-vic-oakleigh-148068332,Oakleigh,3166,8/126 Atherton Road,-37.90001173,145.0978298,3.0,1.0,unit,2.0,2025-06-16,,,"$802,000"
property-townhouse-vic-oakleigh-148022444,Oakleigh,3166,2/131 Huntingdale Road,-37.89405115,145.1064466,3.0,2.0,townhouse,2.0,2025-06-14,,,"$1,001,000"
property-unit-vic-oakleigh-148091460,Oakleigh,3166,3/22 Palmerston Grove,-37.897121,145.091596,2.0,1.0,unit,1.0,2025-06-14,,,"$920,000"
property-house-vic-oakleigh-147963572,Oakleigh,3166,13 Abbeygate Street,-37.905352,145.089872,4.0,1.0,house,3.0,2025-05-31,573.0,m2,"$1,480,000"
property-residential land-vic-oakleigh-204198940,Oakleigh,3166,6 Mill Road,-37.901361,145.088314,,,residential land,,2025-05-25,279.0,m2,"$745,000"
property-apartment-vic-oakleigh-147151688,Oakleigh,3166,707/19-21 Hanover Street,-37.90085826,145.0917337,1.0,1.0,apartment,1.0,2025-04-28,,,"$386,000"
property-house-vic-oakleigh-147360484,Oakleigh,3166,39 Edward Street,-37.905676,145.102682,5.0,2.0,house,4.0,2025-04-16,494.0,m2,"$1,370,000"
property-house-vic-oakleigh-147586456,Oakleigh,3166,10 Gillon Court,-37.892366,145.104934,3.0,1.0,house,1.0,2025-04-13,739.0,m2,"$1,261,000"
property-house-vic-oakleigh-147535672,Oakleigh,3166,1436 Dandenong Road,-37.89439939,145.0941128,4.0,2.0,house,2.0,2025-04-12,,,"$1,160,000"
property-apartment-vic-oakleigh-147346664,Oakleigh,3166,208/83 Drummond Street,-37.89241813,145.0906601,2.0,1.0,apartment,1.0,2025-04-11,,,"$460,000"
property-residential land-vic-oakleigh-204141140,Oakleigh,3166,15 Lister Street,-37.8945,145.103708,,,residential land,,2025-04-07,,,"$1,100,000"
property-apartment-vic-oakleigh-147199804,Oakleigh,3166,11/82-86 Atherton Road,-37.89942033,145.0937799,2.0,1.0,apartment,1.0,2025-04-07,,,"$440,000"
property-house-vic-oakleigh-147509300,Oakleigh,3166,28 Hatter Street,-37.906061,145.088056,3.0,2.0,house,2.0,2025-04-05,533.0,m2,"$1,457,000"
property-townhouse-vic-oakleigh-147470948,Oakleigh,3166,1A McIntosh Street,-37.9096906,145.0991818,3.0,2.0,townhouse,2.0,2025-04-05,,,"$1,351,000"
property-apartment-vic-oakleigh-146947612,Oakleigh,3166,15/110 Atherton Road,-37.89981539,145.0963986,1.0,1.0,apartment,1.0,2025-03-28,,,"$445,000"
property-apartment-vic-oakleigh-146432908,Oakleigh,3166,213/6 Dalgety Street,-37.89199272,145.089514,1.0,1.0,apartment,1.0,2025-03-20,,,"$402,500"
property-apartment-vic-oakleigh-146330060,Oakleigh,3166,12/13 Logie Street,-37.89432127,145.0900745,2.0,1.0,apartment,1.0,2025-03-19,,,"$460,000"
property-apartment-vic-oakleigh-147251408,Oakleigh,3166,25/82-86 Atherton Road,-37.89942033,145.0937799,1.0,1.0,apartment,1.0,2025-03-12,,,"$290,000"
property-apartment-vic-oakleigh-147087520,Oakleigh,3166,115/6 Dalgety Street,-37.89199272,145.089514,2.0,2.0,apartment,1.0,2025-03-11,9635.0,m2,"$535,500"
property-apartment-vic-oakleigh-135986494,Oakleigh,3166,312/19-21 Hanover Street,-37.90085826,145.0917337,1.0,1.0,apartment,1.0,2025-03-11,,,"$368,000"
property-apartment-vic-oakleigh-147027800,Oakleigh,3166,10/110 Atherton Road,-37.89981539,145.0963986,2.0,1.0,apartment,1.0,2025-03-07,,,"$595,000"
property-apartment-vic-oakleigh-147103464,Oakleigh,3166,1/79 Atherton Road,-37.89911763,145.0938732,2.0,1.0,apartment,1.0,2025-03-03,,,"$505,550"
property-unit-vic-oakleigh-147008652,Oakleigh,3166,45 Andrew Street,-37.909756,145.093637,3.0,2.0,unit,2.0,2025-02-28,307.0,m2,"$1,260,000"
property-townhouse-vic-oakleigh-146946944,Oakleigh,3166,10 York Avenue,-37.89958349,145.1017365,4.0,2.0,townhouse,2.0,2025-02-26,,,"$1,200,000"
property-house-vic-oakleigh-147115624,Oakleigh,3166,7 Abbeygate Street,-37.904947,145.08995,3.0,1.0,house,1.0,2025-02-22,534.0,m2,"$1,520,000"
property-house-vic-oakleigh-147076276,Oakleigh,3166,19 Regent Street,-37.900687,145.094542,3.0,2.0,house,1.0,2025-02-22,,,"$1,200,000"
property-house-vic-oakleigh-147065620,Oakleigh,3166,70 Eastgate Street,-37.909232,145.088498,4.0,2.0,house,3.0,2025-02-21,,,"$1,920,000"
property-house-vic-oakleigh-147051036,Oakleigh,3166,17 Downing Street,-37.900556,145.093646,3.0,2.0,house,1.0,2025-02-17,397.0,m2,"$1,395,000"
property-house-vic-oakleigh-146791128,Oakleigh,3166,12 Taylor Street,-37.895868,145.091868,4.0,2.0,house,4.0,2025-02-08,550.0,m2,"$1,955,000"
property-apartment-vic-oakleigh-146866104,Oakleigh,3166,1/11 Logie Street,-37.89427899,145.0898332,2.0,1.0,apartment,1.0,2025-02-08,,,"$440,000"
property-townhouse-vic-oakleigh-146994380,Oakleigh,3166,1/34 Golf Links Avenue,-37.90724296,145.0911324,4.0,2.0,townhouse,2.0,2025-02-07,329.0,m2,"$1,368,888"
property-house-vic-oakleigh-146683188,Oakleigh,3166,132 Warrigal Road,-37.906171,145.085915,2.0,1.0,house,4.0,2025-02-05,558.0,m2,"$1,060,000"
property-house-vic-oakleigh-146462236,Oakleigh,3166,21 Downing Street,-37.900771,145.093607,4.0,1.0,house,1.0,2025-02-05,,,"$1,060,000"
property-apartment-vic-oakleigh-146685360,Oakleigh,3166,313/1525 Dandenong Road,-37.89289355,145.0905128,1.0,1.0,apartment,1.0,2025-02-03,,,"$335,000"
property-house-vic-oakleigh-146297072,Oakleigh,3166,46 John Street,-37.904854,145.100872,5.0,3.0,house,2.0,2025-01-29,543.0,m2,"$1,574,000"
property-townhouse-vic-oakleigh-146487228,Oakleigh,3166,47 Heath Avenue,-37.902726,145.100679,3.0,2.0,townhouse,2.0,2025-01-29,,,"$985,000"
property-unit-vic-oakleigh-146798568,Oakleigh,3166,101/1525 Dandenong Road,-37.89289355,145.0905128,2.0,2.0,unit,1.0,2025-01-27,,,"$460,000"
property-apartment-vic-oakleigh-145596928,Oakleigh,3166,108/83-85 Drummond Street,-37.89241813,145.0906601,2.0,1.0,apartment,1.0,2025-01-27,,,"$450,000"
property-apartment-vic-oakleigh-146946172,Oakleigh,3166,608/1525 Dandenong Road,-37.89289355,145.0905128,2.0,2.0,apartment,1.0,2025-01-15,,,"$570,000"
property-apartment-vic-oakleigh-146871988,Oakleigh,3166,13/79 Atherton Road,-37.89911763,145.0938732,2.0,2.0,apartment,1.0,2024-12-25,,,"$430,000"
property-apartment-vic-oakleigh-146681048,Oakleigh,3166,1/13 Logie Street,-37.89432127,145.0900745,1.0,1.0,apartment,1.0,2024-12-23,,,"$345,000"
property-house-vic-oakleigh-146536328,Oakleigh,3166,2/34 Heath Avenue,-37.90206869,145.0995849,3.0,2.0,house,2.0,2024-12-07,,,"$930,000"
property-house-vic-oakleigh-146674272,Oakleigh,3166,1542 Dandenong Road,-37.89988249,145.1032744,4.0,3.0,house,2.0,2024-12-06,,,"$1,255,000"
property-house-vic-oakleigh-146553532,Oakleigh,3166,4 William Street,-37.901274,145.103545,4.0,2.0,house,3.0,2024-11-30,544.0,m2,"$1,760,000"
property-house-vic-oakleigh-146494292,Oakleigh,3166,1135 North Road,-37.90951,145.086796,4.0,2.0,house,1.0,2024-11-30,671.0,m2,"$1,130,000"
property-apartment-vic-oakleigh-146436484,Oakleigh,3166,2/39 Ferntree Gully Road,-37.89662868,145.1047766,2.0,1.0,apartment,1.0,2024-11-26,,,"$525,000"
property-house-vic-oakleigh-146117852,Oakleigh,3166,36 Golf Links Avenue,-37.907337,145.091151,4.0,2.0,house,2.0,2024-11-22,796.0,m2,"$1,480,000"
property-townhouse-vic-oakleigh-145532272,Oakleigh,3166,44B Heath Avenue,-37.90236956,145.1004802,3.0,2.0,townhouse,2.0,2024-11-18,,,"$1,186,000"
property-house-vic-oakleigh-146359908,Oakleigh,3166,68 Abbeygate Street,-37.909653,145.089488,3.0,2.0,house,2.0,2024-11-16,,,"$1,240,000"
property-townhouse-vic-oakleigh-146176264,Oakleigh,3166,5/110 Atherton Road,-37.89981539,145.0963986,2.0,1.0,townhouse,1.0,2024-11-13,,,"$595,000"
property-apartment-vic-oakleigh-146367156,Oakleigh,3166,102/83-85 Drummond Street,-37.89241813,145.0906601,1.0,1.0,apartment,1.0,2024-11-13,,,"$367,000"
property-house-vic-oakleigh-146218332,Oakleigh,3166,33A William Street,-37.90417,145.102629,3.0,1.0,house,3.0,2024-10-26,,,"$1,235,000"
property-unit-vic-oakleigh-146148596,Oakleigh,3166,4/22 Golf Links Avenue,-37.9061666,145.0913684,2.0,1.0,unit,1.0,2024-10-26,,,"$638,000"
property-townhouse-vic-oakleigh-146172288,Oakleigh,3166,9/167 Atherton Road,-37.90027156,145.1021447,2.0,1.0,townhouse,1.0,2024-10-26,,,"$610,000"
property-townhouse-vic-oakleigh-146128432,Oakleigh,3166,2/77 Burlington Street,-37.90256317,145.0995332,3.0,2.0,townhouse,3.0,2024-10-19,,,"$1,108,000"
property-unit-vic-oakleigh-146061052,Oakleigh,3166,3A Mead Court,-37.9068522,145.0920309,2.0,1.0,unit,,2024-10-16,288.0,m2,"$730,000"
property-apartment-vic-oakleigh-145849340,Oakleigh,3166,22/82-86 Atherton Road,-37.89942033,145.0937799,2.0,1.0,apartment,1.0,2024-10-15,,,"$382,000"
property-apartment-vic-oakleigh-145622604,Oakleigh,3166,601/1525 Dandenong Road,-37.89289355,145.0905128,2.0,2.0,apartment,1.0,2024-10-14,,,"$525,000"
property-house-vic-oakleigh-146073768,Oakleigh,3166,142 Haughton Road,-37.9101472,145.1006133,3.0,1.0,house,3.0,2024-10-12,379.0,m2,"$1,010,000"
property-unit-vic-oakleigh-146003068,Oakleigh,3166,2/16 Bishop Street,-37.906336,145.093473,2.0,1.0,unit,1.0,2024-10-06,,,"$875,000"
property-house-vic-oakleigh-146003060,Oakleigh,3166,1 William Street,-37.901098,145.10322,4.0,2.0,house,3.0,2024-10-05,,,"$1,582,000"
property-house-vic-oakleigh-145963004,Oakleigh,3166,25 Hatter Street,-37.905946,145.08765,3.0,1.0,house,2.0,2024-10-05,566.0,m2,"$1,427,000"
property-unit-vic-oakleigh-145986188,Oakleigh,3166,1/1 Leroux Street,-37.89617211,145.1042212,2.0,1.0,unit,1.0,2024-10-05,197.0,m2,"$726,000"
property-apartment-vic-oakleigh-145682928,Oakleigh,3166,7/45 Railway Avenue,-37.91059982,145.1033125,2.0,1.0,apartment,1.0,2024-09-23,,,"$330,000"
property-apartment-vic-oakleigh-145695396,Oakleigh,3166,1259A North Road,-37.9110216,145.1005323,3.0,2.0,apartment,1.0,2024-09-20,,,"$692,500"
property-house-vic-oakleigh-145798568,Oakleigh,3166,13 Golf Links Avenue,-37.905588,145.091117,3.0,1.0,house,5.0,2024-09-14,932.0,m2,"$1,760,000"
property-house-vic-oakleigh-145866712,Oakleigh,3166,5 George Street,-37.901253,145.102204,2.0,1.0,house,3.0,2024-09-09,544.0,m2,"$1,170,000"
property-house-vic-oakleigh-145433108,Oakleigh,3166,4 Stamford Road,-37.891819,145.101229,3.0,1.0,house,2.0,2024-09-07,725.0,m2,"$1,205,500"
property-apartment-vic-oakleigh-145572828,Oakleigh,3166,202/89 Atherton Road,-37.89920414,145.0943799,1.0,1.0,apartment,1.0,2024-09-07,,,"$450,000"
property-apartment-vic-oakleigh-144534204,Oakleigh,3166,502/19-21 Hanover Street,-37.90085826,145.0917337,1.0,1.0,apartment,1.0,2024-09-04,,,"$345,000"
property-studio-vic-oakleigh-145752568,Oakleigh,3166,13/41 Railway Avenue,-37.91059982,145.1033125,1.0,1.0,studio,,2024-09-04,,,"$177,000"
property-apartment-vic-oakleigh-145074728,Oakleigh,3166,411/2 Dalgety Street,-37.89199272,145.089514,2.0,2.0,apartment,1.0,2024-08-31,,,"$626,000"
property-house-vic-oakleigh-145633092,Oakleigh,3166,32 Heath Avenue,-37.902047,145.099488,4.0,2.0,house,,2024-08-24,912.0,m2,"$1,500,000"
property-apartment-vic-oakleigh-145394572,Oakleigh,3166,11/6 Dalgety Street,-37.89199272,145.089514,2.0,1.0,apartment,1.0,2024-08-16,,,"$590,000"
property-unit-vic-oakleigh-145634016,Oakleigh,3166,1/16 Bishop Street,-37.906336,145.093473,3.0,1.0,unit,2.0,2024-08-07,317.0,m2,"$1,140,000"
property-house-vic-oakleigh-145374784,Oakleigh,3166,1470 Dandenong Road,-37.89640219,145.0975866,3.0,2.0,house,2.0,2024-08-03,521.0,m2,"$1,212,000"
property-apartment-vic-oakleigh-145425360,Oakleigh,3166,12/82-86 Atherton Road,-37.89942033,145.0937799,2.0,1.0,apartment,2.0,2024-07-31,,,"$438,200"
property-house-vic-oakleigh-145390440,Oakleigh,3166,1179 North Road,-37.91011,145.092103,3.0,1.0,house,4.0,2024-07-27,568.0,m2,"$1,080,000"
property-townhouse-vic-oakleigh-141113528,Oakleigh,3166,4/165 Atherton Road,-37.900229,145.101855,4.0,2.0,townhouse,2.0,2024-07-26,,,"$1,200,000"
property-apartment-vic-oakleigh-144256560,Oakleigh,3166,Upper-G08/6 Dalgety Street,-37.89199272,145.089514,2.0,2.0,apartment,1.0,2024-07-16,,,"$580,000"
property-apartment-vic-oakleigh-143935512,Oakleigh,3166,7/103 Atherton Road,-37.89929566,145.0950164,1.0,1.0,apartment,1.0,2024-07-09,,,"$305,000"
property-townhouse-vic-oakleigh-145268096,Oakleigh,3166,4A Abbeygate Street,-37.90470141,145.0904133,4.0,3.0,townhouse,2.0,2024-07-01,,,"$1,450,000"
property-apartment-vic-oakleigh-145118984,Oakleigh,3166,211/89 Atherton Road,-37.89920414,145.0943799,2.0,1.0,apartment,1.0,2024-06-26,,,"$605,000"
property-unit-vic-oakleigh-144820888,Oakleigh,3166,1/201-203 Huntingdale Road,-37.90262743,145.1049148,2.0,1.0,unit,4.0,2024-06-13,132.0,m2,"$640,000"
property-apartment-vic-oakleigh-144696648,Oakleigh,3166,Oros 206/6 Dalgety Street,-37.89198965,145.0893929,2.0,2.0,apartment,2.0,2024-06-08,,,"$655,000"
property-townhouse-vic-oakleigh-144942060,Oakleigh,3166,2/34 Golf Links Avenue,-37.90724296,145.0911324,4.0,2.0,townhouse,2.0,2024-06-01,,,"$1,315,000"
property-apartment-vic-oakleigh-142925240,Oakleigh,3166,301/1525 Dandenong Road,-37.89289355,145.0905128,2.0,2.0,apartment,1.0,2024-06-01,,,"$485,000"
property-apartment-vic-oakleigh-144663408,Oakleigh,3166,17/103 Atherton Road,-37.89929566,145.0950164,2.0,1.0,apartment,1.0,2024-05-27,,,"$400,000"
property-house-vic-oakleigh-144892820,Oakleigh,3166,16 Schoolhall Street,-37.907268,145.088036,3.0,1.0,house,2.0,2024-05-25,599.0,m2,"$1,311,000"
property-townhouse-vic-oakleigh-144684844,Oakleigh,3166,4b Abbeygate Street,-37.90463032,145.0904271,4.0,3.0,townhouse,2.0,2024-05-24,,,"$1,450,000"
property-apartment-vic-oakleigh-144961372,Oakleigh,3166,6/79 Atherton Road,-37.89911763,145.0938732,2.0,2.0,apartment,1.0,2024-05-19,,,"$550,000"
property-house-vic-oakleigh-144828732,Oakleigh,3166,17 Lister Street,-37.894539,145.103877,4.0,3.0,house,2.0,2024-05-18,,,"$1,900,000"
property-unit-vic-oakleigh-144847828,Oakleigh,3166,3/24 Grant Street,-37.898831,145.0979987,2.0,1.0,unit,1.0,2024-05-18,,,"$787,500"
property-apartment-vic-oakleigh-144490400,Oakleigh,3166,403/19-21 Hanover Street,-37.90085826,145.0917337,1.0,1.0,apartment,1.0,2024-05-14,,,"$342,500"
property-house-vic-oakleigh-144630380,Oakleigh,3166,8 Allen Street,-37.889684,145.090106,3.0,1.0,house,2.0,2024-05-11,650.0,m2,"$1,275,000"
property-house-vic-oakleigh-144836712,Oakleigh,3166,14A Young Street,-37.908747,145.095289,3.0,1.0,house,2.0,2024-05-10,,,"$1,260,000"
property-apartment-vic-oakleigh-144568620,Oakleigh,3166,101/19 Hanover Street,-37.90085826,145.0917337,1.0,1.0,apartment,1.0,2024-04-29,,,"$314,000"
property-apartment-vic-oakleigh-144616164,Oakleigh,3166,315/19-21 Hanover Street,-37.90085826,145.0917337,2.0,2.0,apartment,1.0,2024-04-26,,,"$480,000"
property-apartment-vic-oakleigh-144476212,Oakleigh,3166,201/7-9 Station Street,-37.8989891,145.0884823,2.0,1.0,apartment,1.0,2024-04-22,,,"$475,000"
property-apartment-vic-oakleigh-144614008,Oakleigh,3166,7/13 Logie Street,-37.89432127,145.0900745,2.0,1.0,apartment,1.0,2024-04-20,,,"$543,000"
property-apartment-vic-oakleigh-139120199,Oakleigh,3166,502/1525 Dandenong Road,-37.89289355,145.0905128,3.0,2.0,apartment,2.0,2024-04-16,,,"$700,000"
property-apartment-vic-oakleigh-144154760,Oakleigh,3166,501/63 Atherton Road,-37.8989481,145.0927662,2.0,2.0,apartment,1.0,2024-04-15,,,"$550,000"
property-apartment-vic-oakleigh-144495164,Oakleigh,3166,21/41 Railway Avenue,-37.91059982,145.1033125,1.0,1.0,apartment,1.0,2024-04-13,,,"$173,000"
property-apartment-vic-oakleigh-144499440,Oakleigh,3166,7/10 Albert Avenue,-37.8982,145.09456,2.0,1.0,apartment,1.0,2024-04-10,,,"$477,000"
property-house-vic-oakleigh-144492752,Oakleigh,3166,10 George Street,-37.901564,145.102492,4.0,1.0,house,2.0,2024-04-06,544.0,m2,"$1,450,000"
property-apartment-vic-oakleigh-144372540,Oakleigh,3166,16/13 Logie Street,-37.89432127,145.0900745,1.0,1.0,apartment,1.0,2024-03-26,,,"$350,000"
property-house-vic-oakleigh-144169512,Oakleigh,3166,2 Andrew Street,-37.906141,145.094651,4.0,2.0,house,2.0,2024-03-02,580.0,m2,"$1,585,000"
property-apartment-vic-oakleigh-144037984,Oakleigh,3166,6/103 Atherton Road,-37.89929566,145.0950164,2.0,1.0,apartment,1.0,2024-03-02,,,"$415,000"
property-house-vic-oakleigh-144089540,Oakleigh,3166,52 Westgate Street,-37.90838,145.086575,3.0,2.0,house,2.0,2024-02-24,,,"$1,545,000"
property-house-vic-oakleigh-143957088,Oakleigh,3166,4 Princess Street,-37.904508,145.092828,3.0,1.0,house,1.0,2024-02-24,,,"$1,190,000"
property-townhouse-vic-oakleigh-144051812,Oakleigh,3166,110C Haughton Road,-37.90866504,145.0981454,4.0,3.0,townhouse,2.0,2024-02-24,,,"$1,102,500"
property-house-vic-oakleigh-144134520,Oakleigh,3166,34 Bishop Street,-37.907489,145.093274,4.0,2.0,house,2.0,2024-02-22,613.0,m2,"$1,808,888"
property-house-vic-oakleigh-143535884,Oakleigh,3166,94 Haughton Road,-37.907304,145.096896,5.0,3.0,house,4.0,2024-02-17,754.0,m2,"$1,255,000"
property-apartment-vic-oakleigh-143937548,Oakleigh,3166,Oros 124/2 Dalgety Street,-37.89198965,145.0893929,2.0,2.0,apartment,1.0,2024-02-17,,,"$600,000"
property-unit-vic-oakleigh-144048492,Oakleigh,3166,6/82-86 Atherton Road,-37.89942033,145.0937799,2.0,1.0,unit,2.0,2024-02-16,,,"$450,000"
property-house-vic-oakleigh-143700552,Oakleigh,3166,797 Warrigal Road,-37.890889,145.088858,4.0,2.0,house,3.0,2024-02-15,605.0,m2,"$1,360,000"
property-townhouse-vic-oakleigh-143944292,Oakleigh,3166,2/2 Stamford Road,-37.8917555,145.1015166,4.0,2.0,townhouse,2.0,2024-02-10,,,"$1,180,000"
property-apartment-vic-oakleigh-142565496,Oakleigh,3166,302/1525 Dandenong Road,-37.89289355,145.0905128,2.0,2.0,apartment,1.0,2024-02-09,,,"$432,500"
property-house-vic-oakleigh-143961096,Oakleigh,3166,9A Young Street,-37.907196,145.095215,2.0,1.0,house,2.0,2024-02-07,,,"$1,289,000"
property-unit-vic-oakleigh-143875016,Oakleigh,3166,1197 North Road,-37.91021665,145.0939216,3.0,1.0,unit,2.0,2024-02-03,312.0,m2,"$833,500"
property-unit-vic-oakleigh-143321084,Oakleigh,3166,3/26 Grant Street,-37.89908438,145.0979471,2.0,1.0,unit,1.0,2024-02-03,,,"$720,000"
property-house-vic-oakleigh-143704692,Oakleigh,3166,19 Devon Grove,-37.89489,145.1033,3.0,1.0,house,1.0,2024-01-31,713.0,m2,"$1,476,000"
property-studio-vic-oakleigh-143812560,Oakleigh,3166,20/41 Railway Avenue,-37.91059982,145.1033125,1.0,1.0,studio,,2024-01-31,,,"$195,000"
property-apartment-vic-oakleigh-143924076,Oakleigh,3166,412/19-21 Hanover Street,-37.90085826,145.0917337,2.0,1.0,apartment,1.0,2024-01-24,,,"$485,100"
property-apartment-vic-oakleigh-143874220,Oakleigh,3166,102/19-21  Hanover Street,-37.90085826,145.0917337,1.0,1.0,apartment,1.0,2024-01-17,,,"$387,501"
property-apartment-vic-oakleigh-143867648,Oakleigh,3166,301/83-85 Drummond Street,-37.89241813,145.0906601,1.0,1.0,apartment,1.0,2024-01-16,,,"$385,000"
property-apartment-vic-oakleigh-143533088,Oakleigh,3166,12/110 Atherton Road,-37.89981539,145.0963986,2.0,1.0,apartment,1.0,2024-01-15,,,"$529,000"
property-house-vic-oakleigh-143758524,Oakleigh,3166,18 William Street,-37.902227,145.103362,3.0,1.0,house,2.0,2023-12-20,,,"$1,500,000"
property-house-vic-oakleigh-143537520,Oakleigh,3166,7 George Street,-37.901387,145.102178,5.0,4.0,house,4.0,2023-12-16,,,"$2,300,000"
property-house-vic-oakleigh-143700500,Oakleigh,3166,28 Davey Avenue,-37.903086,145.0891,3.0,1.0,house,1.0,2023-12-14,586.0,m2,"$1,320,000"
property-unit-vic-oakleigh-143595024,Oakleigh,3166,4/11 Albert Avenue,-37.897832,145.094911,3.0,1.0,unit,1.0,2023-12-02,,,"$822,500"
property-apartment-vic-oakleigh-143437128,Oakleigh,3166,202/19-21 Hanover Street,-37.90085826,145.0917337,1.0,1.0,apartment,1.0,2023-11-27,,,"$385,000"
property-apartment-vic-oakleigh-143525708,Oakleigh,3166,6/167 Atherton Road,-37.90027156,145.1021447,2.0,1.0,apartment,1.0,2023-11-22,,,"$460,000"
property-house-vic-oakleigh-142475156,Oakleigh,3166,17 Andrew Street,-37.906917,145.094165,2.0,1.0,house,2.0,2023-11-13,601.0,m2,"$1,320,000"
property-apartment-vic-oakleigh-143387388,Oakleigh,3166,18/82-86 Atherton Road,-37.89942033,145.0937799,2.0,1.0,apartment,2.0,2023-11-13,,,"$450,000"
property-house-vic-oakleigh-143412124,Oakleigh,3166,30 Gadd Street,-37.910215,145.096935,4.0,2.0,house,2.0,2023-11-11,,,"$2,450,000"
property-apartment-vic-oakleigh-143243888,Oakleigh,3166,24/82-86 Atherton Road,-37.89942033,145.0937799,1.0,1.0,apartment,1.0,2023-11-01,,,"$275,000"
property-house-vic-oakleigh-143256280,Oakleigh,3166,9 Palmerston Grove,-37.897855,145.091032,5.0,3.0,house,3.0,2023-10-28,,,"$1,775,000"
property-house-vic-oakleigh-143244780,Oakleigh,3166,7 Gadd Street,-37.908116,145.096966,2.0,1.0,house,2.0,2023-10-28,,,"$1,227,000"
property-house-vic-oakleigh-143253124,Oakleigh,3166,117 Atherton Road,-37.89951331,145.0965967,3.0,1.0,house,2.0,2023-10-28,288.0,m2,"$1,050,000"
property-unit-vic-oakleigh-143256056,Oakleigh,3166,1/14 Gadd Street,-37.90918319,145.0971287,2.0,1.0,unit,2.0,2023-10-28,,,"$935,000"
property-house-vic-oakleigh-143165012,Oakleigh,3166,1532 Dandenong Road,-37.89945711,145.102603,4.0,3.0,house,5.0,2023-10-21,697.0,m2,"$1,565,000"
property-house-vic-oakleigh-143205840,Oakleigh,3166,26 Oxford Street,-37.900906,145.093012,4.0,3.0,house,1.0,2023-10-15,,,"$1,472,000"
property-unit-vic-oakleigh-143034476,Oakleigh,3166,1/103 Burlington Street,-37.90299035,145.1012069,3.0,2.0,unit,2.0,2023-10-07,451.0,m2,"$1,255,000"
property-apartment-vic-oakleigh-142905200,Oakleigh,3166,310/83-85 Drummond Street,-37.89241813,145.0906601,2.0,1.0,apartment,1.0,2023-09-28,,,"$475,000"
property-apartment-vic-oakleigh-143059400,Oakleigh,3166,608/19-21 Hanover Street,-37.90085826,145.0917337,2.0,2.0,apartment,1.0,2023-09-23,,,"$520,000"
property-apartment-vic-oakleigh-142903612,Oakleigh,3166,8/11 Logie Street,-37.89427899,145.0898332,2.0,1.0,apartment,1.0,2023-09-22,,,"$449,000"
property-house-vic-oakleigh-143081792,Oakleigh,3166,13 The Avenue,-37.896702,145.095008,3.0,1.0,house,3.0,2023-09-21,884.0,m2,"$2,002,000"
property-townhouse-vic-oakleigh-142957924,Oakleigh,3166,3/108 Atherton Road,-37.89980108,145.0962522,2.0,1.0,townhouse,1.0,2023-09-20,,,"$670,000"
property-house-vic-oakleigh-142839328,Oakleigh,3166,1A Westley Street,-37.895311,145.094782,4.0,2.0,house,2.0,2023-09-16,672.0,m2,"$1,664,000"
property-house-vic-oakleigh-142887448,Oakleigh,3166,71 Burlington Street,-37.902723,145.09897,3.0,2.0,house,2.0,2023-09-16,557.0,m2,"$1,335,000"
property-house-vic-oakleigh-142720192,Oakleigh,3166,22 Queens Avenue,-37.903959,145.088429,6.0,4.0,house,2.0,2023-09-13,,,"$2,950,000"
property-house-vic-oakleigh-142863776,Oakleigh,3166,128A Atherton Road,-37.900061,145.098197,4.0,2.0,house,,2023-09-09,498.0,m2,"$1,336,500"
property-townhouse-vic-oakleigh-142849980,Oakleigh,3166,21/6 Willgilson Court,-37.90565755,145.0926023,3.0,2.0,townhouse,2.0,2023-09-09,,,"$935,000"
property-apartment-vic-oakleigh-142857412,Oakleigh,3166,701/6 Dalgety Street,-37.89198965,145.0893929,2.0,2.0,apartment,1.0,2023-09-06,,,"$605,000"
property-apartment-vic-oakleigh-142749928,Oakleigh,3166,13/45 Railway Avenue,-37.91059982,145.1033125,2.0,1.0,apartment,1.0,2023-09-02,,,"$350,000"
property-house-vic-oakleigh-142738948,Oakleigh,3166,8 Westgate Street,-37.904705,145.08725,5.0,2.0,house,2.0,2023-08-26,536.0,m2,"$2,121,000"
property-house-vic-oakleigh-142719456,Oakleigh,3166,8 Young Street,-37.907498,145.095503,3.0,1.0,house,4.0,2023-08-26,547.0,m2,"$1,336,500"
property-house-vic-oakleigh-142487532,Oakleigh,3166,15 Mora Avenue,-37.901987,145.089117,3.0,1.0,house,2.0,2023-08-24,557.0,m2,"$1,430,000"
property-house-vic-oakleigh-142771168,Oakleigh,3166,9 Best Street,-37.90857898,145.0917036,4.0,1.0,house,1.0,2023-08-21,581.0,m2,"$1,258,000"
property-house-vic-oakleigh-142643836,Oakleigh,3166,29 Tamar Grove,-37.898159,145.096495,2.0,1.0,house,1.0,2023-08-12,543.0,m2,"$1,255,000"
property-apartment-vic-oakleigh-142400348,Oakleigh,3166,11/45 Railway Avenue,-37.91059982,145.1033125,1.0,1.0,apartment,1.0,2023-08-11,,,"$310,000"
property-townhouse-vic-oakleigh-142590864,Oakleigh,3166,1/21 Golf Links Avenue,-37.90631132,145.0906818,5.0,3.0,townhouse,2.0,2023-08-05,,,"$1,293,000"
property-apartment-vic-oakleigh-142399420,Oakleigh,3166,8/103 Atherton Road,-37.89929566,145.0950164,2.0,1.0,apartment,1.0,2023-08-03,,,"$432,000"
property-apartment-vic-oakleigh-142477232,Oakleigh,3166,7/79 Atherton Road,-37.89911763,145.0938732,2.0,1.0,apartment,1.0,2023-07-29,,,"$497,000"
property-unit-vic-oakleigh-142481240,Oakleigh,3166,6/122 Atherton Road,-37.899955,145.097417,2.0,1.0,unit,1.0,2023-07-26,,,"$733,000"
property-house-vic-oakleigh-142494148,Oakleigh,3166,21 Dalgety Street,-37.891702,145.090634,5.0,2.0,house,2.0,2023-07-20,633.0,m2,"$2,110,000"
property-apartment-vic-oakleigh-142399232,Oakleigh,3166,3/79 Atherton Road,-37.89911763,145.0938732,2.0,1.0,apartment,1.0,2023-07-19,,,"$423,500"
property-apartment-vic-oakleigh-142359744,Oakleigh,3166,107/83-85 Drummond Street,-37.89241813,145.0906601,1.0,1.0,apartment,1.0,2023-07-08,,,"$360,000"
property-apartment-vic-oakleigh-142133276,Oakleigh,3166,116/89 Atherton Road,-37.899197,145.094341,2.0,2.0,apartment,1.0,2023-06-26,,,"$620,000"
property-house-vic-oakleigh-142214352,Oakleigh,3166,17 Logie Street,-37.894431,145.091109,3.0,1.0,house,2.0,2023-06-24,576.0,m2,"$1,380,000"
property-apartment-vic-oakleigh-142247752,Oakleigh,3166,302/19-21 Hanover Street,-37.90085826,145.0917337,1.0,1.0,apartment,1.0,2023-06-16,,,"$385,000"
property-apartment-vic-oakleigh-140581431,Oakleigh,3166,316/19-21 Hanover Street,-37.90085826,145.0917337,2.0,1.0,apartment,1.0,2023-06-11,,,"$475,000"
property-townhouse-vic-oakleigh-142106676,Oakleigh,3166,40A Bishop Street,-37.90815805,145.0934747,3.0,2.0,townhouse,2.0,2023-06-10,,,"$1,205,000"
property-apartment-vic-oakleigh-140427555,Oakleigh,3166,Address available on request,,,2.0,2.0,apartment,1.0,2023-06-05,,,"$470,000"
property-house-vic-oakleigh-142012476,Oakleigh,3166,2 The Avenue,-37.896809,145.093777,4.0,1.0,house,2.0,2023-06-03,1048.0,m2,"$1,792,000"
property-house-vic-oakleigh-142069200,Oakleigh,3166,5 Ferntree Gully Road,-37.896165,145.100788,3.0,1.0,house,2.0,2023-05-31,588.0,m2,"$900,000"
property-residential land-vic-oakleigh-203579532,Oakleigh,3166,6A Parer Street,-37.9094321,145.0983018,,,residential land,,2023-05-29,266.0,m2,"$555,000"
property-house-vic-oakleigh-142065296,Oakleigh,3166,44 Golf Links Avenue,-37.90810569,145.0909795,4.0,2.0,house,4.0,2023-05-27,801.0,m2,"$2,040,000"
property-unit-vic-oakleigh-141921144,Oakleigh,3166,1/8 Westminster Street,-37.90061007,145.0960376,2.0,1.0,unit,1.0,2023-05-27,,,"$795,000"
property-apartment-vic-oakleigh-142019300,Oakleigh,3166,5/1 Heath Avenue,-37.901308,145.09614,2.0,1.0,apartment,1.0,2023-05-25,,,"$500,000"
property-house-vic-oakleigh-142033156,Oakleigh,3166,11 Clyde Street,-37.896579,145.095705,3.0,1.0,house,,2023-05-20,313.0,m2,"$1,255,000"
property-apartment-vic-oakleigh-142001324,Oakleigh,3166,206/1525 Dandenong Road,-37.89289355,145.0905128,2.0,1.0,apartment,1.0,2023-05-19,,,"$425,000"
property-house-vic-oakleigh-142083272,Oakleigh,3166,14 Mora Avenue,-37.902245,145.088894,3.0,1.0,house,2.0,2023-05-18,475.0,m2,"$1,400,000"
property-townhouse-vic-oakleigh-136467422,Oakleigh,3166,2/35 Young Street,-37.909846,145.094726,4.0,2.0,townhouse,2.0,2023-05-15,,,"$1,428,000"
property-house-vic-oakleigh-141952500,Oakleigh,3166,1444 Dandenong Road,-37.8950298,145.0951996,4.0,1.0,house,2.0,2023-05-10,794.0,m2,"$1,280,000"
property-house-vic-oakleigh-141841092,Oakleigh,3166,110 Burlington Street,-37.903484,145.102545,2.0,1.0,house,2.0,2023-04-29,631.0,m2,"$1,240,000"
property-house-vic-oakleigh-141732544,Oakleigh,3166,16 Wilson Street,-37.908316,145.094857,5.0,4.0,house,5.0,2023-04-22,,,"$2,265,000"
property-house-vic-oakleigh-141821528,Oakleigh,3166,5 Parer Street,-37.909079,145.098022,3.0,1.0,house,2.0,2023-04-22,700.0,m2,"$1,305,000"
property-townhouse-vic-oakleigh-141644460,Oakleigh,3166,23/6 Willgilson Court,-37.90565755,145.0926023,3.0,2.0,townhouse,2.0,2023-04-20,,,"$987,000"
property-apartment-vic-oakleigh-141279396,Oakleigh,3166,5/167 Atherton Road,-37.90027156,145.1021447,2.0,1.0,apartment,1.0,2023-04-05,,,"$486,000"
property-house-vic-oakleigh-141580908,Oakleigh,3166,3 Henry Street,-37.901347,145.104169,3.0,1.0,house,2.0,2023-03-25,538.0,m2,"$1,050,000"
property-house-vic-oakleigh-141581188,Oakleigh,3166,72 Eastgate Street,-37.909366,145.088471,3.0,1.0,house,1.0,2023-03-25,561.0,m2,"$1,010,000"
property-apartment-vic-oakleigh-141491184,Oakleigh,3166,14/103 Atherton Road,-37.89929566,145.0950164,2.0,1.0,apartment,1.0,2023-03-25,,,"$410,000"
property-apartment-vic-oakleigh-141363620,Oakleigh,3166,505/83 Drummond Street,-37.89241813,145.0906601,2.0,1.0,apartment,1.0,2023-03-04,,,"$430,000"
property-house-vic-oakleigh-141337900,Oakleigh,3166,42 Bishop Street,-37.908216,145.093142,4.0,2.0,house,2.0,2023-02-25,592.0,m2,"$1,970,000"
property-house-vic-oakleigh-141357692,Oakleigh,3166,36 John Street,-37.904189,145.101002,4.0,2.0,house,3.0,2023-02-25,,,"$1,525,000"
property-apartment-vic-oakleigh-141153024,Oakleigh,3166,16/82 Atherton Road,-37.89942033,145.0937799,2.0,1.0,apartment,2.0,2023-02-03,,,"$418,000"
property-unit-vic-oakleigh-140983512,Oakleigh,3166,3/1438 Dandenong Road,-37.89455656,145.0943589,2.0,1.0,unit,1.0,2023-01-30,,,"$580,000"
property-townhouse-vic-oakleigh-140981132,Oakleigh,3166,44B Heath Avenue,-37.90236956,145.1004802,3.0,2.0,townhouse,2.0,2022-12-21,,,"$1,095,000"
property-house-vic-oakleigh-140916600,Oakleigh,3166,13 Classic Court,-37.89398511,145.1052908,4.0,2.0,house,2.0,2022-12-16,,,"$1,300,000"
property-house-vic-oakleigh-140809743,Oakleigh,3166,20 Davey Avenue,-37.903022,145.088488,4.0,1.0,house,2.0,2022-12-03,591.0,m2,"$1,632,000"
property-house-vic-oakleigh-140812127,Oakleigh,3166,4 Queens Avenue,-37.903798,145.086898,3.0,2.0,house,2.0,2022-12-03,,,"$1,390,000"
property-house-vic-oakleigh-140774911,Oakleigh,3166,18 Downing Street,-37.900606,145.094009,4.0,1.0,house,1.0,2022-11-26,,,"$1,245,000"
property-apartment-vic-oakleigh-140478755,Oakleigh,3166,11/6 Dalgety Street,-37.89198965,145.0893929,2.0,1.0,apartment,1.0,2022-11-26,,,"$520,000"
property-house-vic-oakleigh-140769871,Oakleigh,3166,161 Atherton Road,-37.900147,145.101243,4.0,3.0,house,4.0,2022-11-24,654.0,m2,"$1,950,000"
property-house-vic-oakleigh-140574987,Oakleigh,3166,8 Grandview Grove,-37.894008,145.105642,3.0,1.0,house,2.0,2022-11-23,676.0,m2,"$1,050,000"
property-house-vic-oakleigh-140019467,Oakleigh,3166,32 Stamford Road,-37.895422,145.100557,3.0,2.0,house,3.0,2022-11-22,655.0,m2,"$1,430,000"
property-house-vic-oakleigh-140389659,Oakleigh,3166,6 Wilson Street,-37.908202,145.093938,4.0,2.0,house,2.0,2022-10-22,543.0,m2,"$1,337,000"
property-townhouse-vic-oakleigh-140202031,Oakleigh,3166,1/48 Haughton Road,-37.9042372,145.0928013,3.0,3.0,townhouse,2.0,2022-10-17,,,"$937,500"
property-house-vic-oakleigh-140309355,Oakleigh,3166,29 Bishop Street,-37.906953,145.093015,4.0,2.0,house,4.0,2022-10-01,,,"$1,396,000"
property-apartment-vic-oakleigh-139949927,Oakleigh,3166,311/83 Drummond St,-37.89241813,145.0906601,2.0,1.0,apartment,1.0,2022-09-29,,,"$440,000"
property-apartment-vic-oakleigh-136730162,Oakleigh,3166,1/41 Railway Avenue,-37.91059982,145.1033125,1.0,1.0,apartment,,2022-09-28,,,"$190,000"
property-unit-vic-oakleigh-139572167,Oakleigh,3166,2/1a Connell Road,-37.900534,145.098469,3.0,2.0,unit,2.0,2022-09-24,,,"$975,000"
property-house-vic-oakleigh-140231131,Oakleigh,3166,53 Westgate Street,-37.908355,145.086143,2.0,1.0,house,2.0,2022-09-07,,,"$1,207,500"
property-house-vic-oakleigh-139735463,Oakleigh,3166,1446 Dandenong Road,-37.89512228,145.0953451,3.0,2.0,house,1.0,2022-09-01,714.0,m2,"$1,100,000"
property-apartment-vic-oakleigh-139319471,Oakleigh,3166,603/89 Atherton Road,-37.899197,145.094341,3.0,2.0,apartment,2.0,2022-09-01,,,"$1,050,000"
property-apartment-vic-oakleigh-140052151,Oakleigh,3166,503/89 Atherton Road,-37.899197,145.094341,3.0,2.0,apartment,2.0,2022-08-29,,,"$965,000"
property-house-vic-oakleigh-140018291,Oakleigh,3166,7 Connell Road,-37.900911,145.09838,3.0,2.0,house,2.0,2022-08-27,,,"$1,435,000"
property-house-vic-oakleigh-139471543,Oakleigh,3166,54 Abbeygate Street,-37.908726,145.08964,4.0,3.0,house,2.0,2022-08-19,,,"$1,830,000"
property-apartment-vic-oakleigh-139962055,Oakleigh,3166,604/6 Dalgety Street,-37.89198965,145.0893929,2.0,2.0,apartment,1.0,2022-08-17,,,"$470,000"
property-house-vic-oakleigh-139933003,Oakleigh,3166,25 Westgate Street,-37.905849,145.086629,4.0,2.0,house,2.0,2022-08-10,,,"$1,400,000"
property-house-vic-oakleigh-139782743,Oakleigh,3166,49 Westgate Street,-37.908068,145.086196,3.0,1.0,house,2.0,2022-08-09,,,"$1,197,500"
property-apartment-vic-oakleigh-137142842,Oakleigh,3166,101/83-85 Drummond Street,-37.89241813,145.0906601,1.0,1.0,apartment,1.0,2022-08-04,,,"$360,000"
property-house-vic-oakleigh-139763223,Oakleigh,3166,7 Ferntree Gully Road,-37.896186,145.100969,4.0,2.0,house,2.0,2022-07-30,589.0,m2,"$1,799,000"
property-house-vic-oakleigh-139636083,Oakleigh,3166,1189 North Road,-37.910198,145.093079,4.0,2.0,house,2.0,2022-07-25,555.0,m2,"$1,215,000"
property-apartment-vic-oakleigh-139686735,Oakleigh,3166,10/119-123 Atkinson Street,-37.89761544,145.0923695,2.0,1.0,apartment,1.0,2022-07-19,,,"$475,000"
property-house-vic-oakleigh-139695107,Oakleigh,3166,108 Burlington Street,-37.903463,145.102352,3.0,1.0,house,2.0,2022-07-16,630.0,m2,"$1,130,000"
property-house-vic-oakleigh-139590391,Oakleigh,3166,4 Rua Court,-37.891659,145.102462,4.0,3.0,house,4.0,2022-07-09,741.0,m2,"$1,611,000"
property-apartment-vic-oakleigh-139432627,Oakleigh,3166,507/83-85 Drummond Street,-37.89241813,145.0906601,2.0,2.0,apartment,1.0,2022-07-06,,,"$585,000"
property-townhouse-vic-oakleigh-139554991,Oakleigh,3166,2/13 Parer Street,-37.90970303,145.0978947,3.0,2.0,townhouse,1.0,2022-07-02,,,"$885,000"
property-apartment-vic-oakleigh-139461163,Oakleigh,3166,308/83-85 Drummond Street,-37.89241813,145.0906601,2.0,1.0,apartment,1.0,2022-06-28,,,"$480,000"
property-apartment-vic-oakleigh-139438183,Oakleigh,3166,213/19-21 Hanover Street,-37.90085826,145.0917337,1.0,1.0,apartment,1.0,2022-06-20,,,"$318,000"
property-townhouse-vic-oakleigh-139417315,Oakleigh,3166,17/6 Willgilson Court,-37.90565755,145.0926023,3.0,2.0,townhouse,2.0,2022-06-19,,,"$955,050"
property-house-vic-oakleigh-139305251,Oakleigh,3166,21 Abbeygate Street,-37.905882,145.089767,4.0,2.0,house,3.0,2022-06-18,,,"$1,620,000"
property-house-vic-oakleigh-139360707,Oakleigh,3166,48 John Street,-37.904989,145.100845,2.0,1.0,house,1.0,2022-06-18,547.0,m2,"$950,000"
property-house-vic-oakleigh-139301735,Oakleigh,3166,1 Westgate Street,-37.90415145,145.0869396,5.0,2.0,house,2.0,2022-06-04,661.0,m2,"$1,650,000"
property-house-vic-oakleigh-139310387,Oakleigh,3166,6 McIntosh Street,-37.910229,145.099448,4.0,2.0,house,2.0,2022-06-04,741.0,m2,"$1,650,000"
property-apartment-vic-oakleigh-139082355,Oakleigh,3166,104/7-9 Station Street,-37.8989891,145.0884823,2.0,1.0,apartment,1.0,2022-05-31,,,"$565,000"
property-apartment-vic-oakleigh-138843155,Oakleigh,3166,202/23 Oxford Street,-37.90092999,145.0926553,2.0,2.0,apartment,2.0,2022-05-31,,,"$565,000"
property-apartment-vic-oakleigh-138466111,Oakleigh,3166,503/19-21 Hanover Street,-37.90085826,145.0917337,1.0,1.0,apartment,1.0,2022-05-27,,,"$335,000"
property-house-vic-oakleigh-139214323,Oakleigh,3166,57 Bishop Street,-37.909208,145.092593,2.0,1.0,house,1.0,2022-05-18,600.0,m2,"$1,421,000"
property-house-vic-oakleigh-139114567,Oakleigh,3166,19 Bishop Street,-37.90627,145.093146,4.0,1.0,house,2.0,2022-05-14,,,"$1,525,000"
property-house-vic-oakleigh-139102651,Oakleigh,3166,41 Bishop Street,-37.907788,145.092868,3.0,2.0,house,2.0,2022-05-14,600.0,m2,"$1,422,500"
property-townhouse-vic-oakleigh-138995483,Oakleigh,3166,2/8 Willgilson Court,-37.90581643,145.0923659,3.0,2.0,townhouse,1.0,2022-05-07,,,"$840,000"
property-unit-vic-oakleigh-138995535,Oakleigh,3166,1/13 Taylor Street,-37.895609,145.092101,2.0,1.0,unit,1.0,2022-05-07,,,"$710,000"
property-house-vic-oakleigh-139100747,Oakleigh,3166,50 Abbeygate Street,-37.908467,145.0897,3.0,1.0,house,2.0,2022-05-06,,,"$1,443,500"
property-apartment-vic-oakleigh-139181735,Oakleigh,3166,4/1 Heath Avenue,-37.901308,145.09614,2.0,1.0,apartment,1.0,2022-05-06,,,"$450,000"
property-house-vic-oakleigh-138759659,Oakleigh,3166,130 Atherton Road,-37.900072,145.09831,3.0,1.0,house,2.0,2022-04-02,,,"$1,305,000"
property-townhouse-vic-oakleigh-138730071,Oakleigh,3166,2/38 Golf Links Avenue,-37.907469,145.091091,3.0,2.0,townhouse,1.0,2022-04-02,,,"$1,075,000"
property-house-vic-oakleigh-138701947,Oakleigh,3166,37 Clyde Street,-37.898895,145.095145,4.0,2.0,house,5.0,2022-03-26,735.0,m2,"$1,950,000"
property-house-vic-oakleigh-138570583,Oakleigh,3166,16 Caloola Avenue,-37.89093013,145.0905723,5.0,2.0,house,4.0,2022-03-19,893.0,m2,"$2,850,000"
property-townhouse-vic-oakleigh-138615091,Oakleigh,3166,41 Estelle Street,-37.89282715,145.1055095,3.0,2.0,townhouse,2.0,2022-03-19,348.0,m2,"$1,520,000"
property-apartment-vic-oakleigh-138649171,Oakleigh,3166,18/119 Atkinson Street,-37.89761544,145.0923695,2.0,1.0,apartment,1.0,2022-03-12,,,"$558,000"
property-townhouse-vic-oakleigh-138470167,Oakleigh,3166,2/77 Burlington Street,-37.90256317,145.0995332,3.0,2.0,townhouse,1.0,2022-03-05,,,"$1,079,000"
property-unit-vic-oakleigh-138493755,Oakleigh,3166,1/108 Haughton Road,-37.90840703,145.0983131,3.0,2.0,unit,1.0,2022-03-05,,,"$982,000"
property-house-vic-oakleigh-137911162,Oakleigh,3166,1187 North Road,-37.910186,145.09292,4.0,2.0,house,2.0,2022-02-28,557.0,m2,"$1,150,000"
property-house-vic-oakleigh-138343047,Oakleigh,3166,18 Oxford Street,-37.900475,145.093103,3.0,1.0,house,1.0,2022-02-19,,,"$1,460,000"
property-apartment-vic-oakleigh-137548402,Oakleigh,3166,301/83-85 Drummond Street,-37.89241813,145.0906601,1.0,1.0,apartment,1.0,2022-02-17,,,"$375,000"
property-house-vic-oakleigh-138306962,Oakleigh,3166,43 Abbeygate Street,-37.907445,145.089465,2.0,1.0,house,1.0,2022-02-12,506.0,m2,"$1,425,000"
property-townhouse-vic-oakleigh-138252442,Oakleigh,3166,2/5 Heath Avenue,-37.90135045,145.0964558,4.0,2.0,townhouse,2.0,2022-02-05,,,"$1,380,000"
property-unit-vic-oakleigh-138292502,Oakleigh,3166,1/25 Connell Road,-37.90223949,145.0980662,2.0,1.0,unit,2.0,2022-02-03,178.0,m2,"$728,000"
property-townhouse-vic-oakleigh-138188778,Oakleigh,3166,2/139 Huntingdale Road,-37.89461278,145.1063403,4.0,2.0,townhouse,2.0,2022-01-29,,,"$1,081,000"
property-unit-vic-oakleigh-137975054,Oakleigh,3166,1/22 Palmerston Grove,-37.897121,145.091596,3.0,1.0,unit,2.0,2021-12-29,359.0,m2,"$1,140,000"
property-villa-vic-oakleigh-137997306,Oakleigh,3166,2/47 Golf Links Avenue,-37.90836,145.090492,2.0,1.0,villa,2.0,2021-12-21,,,"$765,000"
property-house-vic-oakleigh-137852618,Oakleigh,3166,14 Heath Avenue,-37.90171,145.097063,5.0,2.0,house,3.0,2021-12-11,,,"$1,985,000"
property-house-vic-oakleigh-137869414,Oakleigh,3166,34 Tamar Grove,-37.898696,145.096788,4.0,2.0,house,1.0,2021-12-11,,,"$1,575,000"
property-unit-vic-oakleigh-137887954,Oakleigh,3166,1/12 Golf Links Avenue,-37.905351,145.091498,3.0,2.0,unit,1.0,2021-12-11,364.0,m2,"$1,207,500"
property-townhouse-vic-oakleigh-138116306,Oakleigh,3166,1/165 Atherton Road,-37.900229,145.101855,4.0,3.0,townhouse,2.0,2021-12-10,,,"$1,235,000"
property-townhouse-vic-oakleigh-137813074,Oakleigh,3166,2/48 Haughton Road,-37.9042372,145.0928013,3.0,2.0,townhouse,2.0,2021-12-04,,,"$930,000"
property-townhouse-vic-oakleigh-137619106,Oakleigh,3166,7/110 Atherton Road,-37.89981539,145.0963986,2.0,1.0,townhouse,1.0,2021-11-27,,,"$578,000"
property-residential land-vic-oakleigh-203051078,Oakleigh,3166,1243 North Road,-37.91084,145.098784,,,residential land,,2021-11-21,701.0,m2,"$1,080,000"
property-unit-vic-oakleigh-137693218,Oakleigh,3166,1/1221 North Road,-37.91037467,145.096545,3.0,1.0,unit,3.0,2021-11-20,431.0,m2,"$900,000"
property-apartment-vic-oakleigh-137316894,Oakleigh,3166,211/83 Drummond Street,-37.89241813,145.0906601,2.0,1.0,apartment,1.0,2021-11-20,,,"$470,000"
property-house-vic-oakleigh-137577934,Oakleigh,3166,21 Bishop Street,-37.906405,145.09312,2.0,1.0,house,1.0,2021-11-15,566.0,m2,"$1,370,000"
property-house-vic-oakleigh-137478634,Oakleigh,3166,2/27 Downing Street,-37.90116555,145.0935333,3.0,1.0,house,2.0,2021-11-06,224.0,m2,"$1,056,000"
property-house-vic-oakleigh-137543518,Oakleigh,3166,35 Westgate Street,-37.90654,145.086486,4.0,2.0,house,2.0,2021-11-03,544.0,m2,"$1,985,000"
property-house-vic-oakleigh-137391602,Oakleigh,3166,24 William Street,-37.902631,145.103283,2.0,1.0,house,1.0,2021-10-30,,,"$1,413,000"
property-townhouse-vic-oakleigh-137411954,Oakleigh,3166,25/6 Willgilson Court,-37.90565755,145.0926023,3.0,2.0,townhouse,2.0,2021-10-28,,,"$900,000"
property-unit-vic-oakleigh-137422522,Oakleigh,3166,3/47 Golf Links Avenue,-37.90836,145.090492,2.0,1.0,unit,2.0,2021-10-26,,,"$826,500"
property-house-vic-oakleigh-137355514,Oakleigh,3166,11 John Street,-37.901533,145.101139,3.0,1.0,house,1.0,2021-10-21,,,"$1,325,000"
property-unit-vic-oakleigh-137217178,Oakleigh,3166,3/1 Heath Avenue,-37.901308,145.09614,2.0,1.0,unit,1.0,2021-10-21,,,"$450,000"
property-apartment-vic-oakleigh-136797906,Oakleigh,3166,605/19-21 Hanover Street,-37.90085826,145.0917337,1.0,1.0,apartment,1.0,2021-10-21,,,"$395,000"
property-house-vic-oakleigh-137381018,Oakleigh,3166,6 Young Street,-37.907219,145.095556,3.0,1.0,house,2.0,2021-10-16,638.0,m2,"$1,475,000"
property-house-vic-oakleigh-137224478,Oakleigh,3166,4 John Street,-37.901035,145.101595,5.0,2.0,house,2.0,2021-10-09,,,"$1,356,000"
property-townhouse-vic-oakleigh-136786662,Oakleigh,3166,1/1251 North Road,-37.91094115,145.0996114,3.0,2.0,townhouse,2.0,2021-10-02,,,"$952,001"
property-unit-vic-oakleigh-136776798,Oakleigh,3166,1/32 Golf Links Avenue,-37.90702879,145.0912182,2.0,1.0,unit,1.0,2021-10-01,,,"$730,000"
property-house-vic-oakleigh-136911930,Oakleigh,3166,98 Atkinson Street,-37.896393,145.093128,4.0,2.0,house,2.0,2021-09-03,1156.0,m2,"$2,825,000"
property-house-vic-oakleigh-136724354,Oakleigh,3166,1203 North Road,-37.910328,145.094407,4.0,1.0,house,2.0,2021-08-14,709.0,m2,"$1,140,000"
property-house-vic-oakleigh-136729974,Oakleigh,3166,45 William Street,-37.904907,145.102485,3.0,2.0,house,2.0,2021-08-05,547.0,m2,"$1,710,000"
property-house-vic-oakleigh-136644358,Oakleigh,3166,29 Estelle Street,-37.892678,145.104175,3.0,1.0,house,2.0,2021-07-31,585.0,m2,"$1,389,000"
property-apartment-vic-oakleigh-135778418,Oakleigh,3166,412/89 Atherton Road,-37.899197,145.094341,2.0,2.0,apartment,1.0,2021-07-30,,,"$570,000"
property-house-vic-oakleigh-136348686,Oakleigh,3166,14 Regent Street,-37.90036,145.094959,2.0,1.0,house,2.0,2021-07-16,360.0,m2,"$870,000"
property-townhouse-vic-oakleigh-136582718,Oakleigh,3166,20/6 Willgilson Court,-37.90565755,145.0926023,3.0,2.0,townhouse,2.0,2021-07-13,,,"$900,000"
property-house-vic-oakleigh-136601594,Oakleigh,3166,27 Henry Street,-37.902982,145.103854,3.0,1.0,house,2.0,2021-07-10,,,"$1,426,000"
property-house-vic-oakleigh-136348366,Oakleigh,3166,19 Golf Links Avenue,-37.906217,145.090998,3.0,1.0,house,1.0,2021-07-09,966.0,m2,"$1,770,600"
property-house-vic-oakleigh-136566454,Oakleigh,3166,215 Huntingdale Road,-37.904337,145.104581,2.0,1.0,house,2.0,2021-07-08,,,"$1,235,000"
property-house-vic-oakleigh-136345390,Oakleigh,3166,51 Burlington Street,-37.90246175,145.0966913,3.0,1.0,house,2.0,2021-07-03,,,"$1,115,000"
property-house-vic-oakleigh-136403806,Oakleigh,3166,48 Queens Avenue,-37.90418403,145.0905524,4.0,2.0,house,1.0,2021-06-26,,,"$1,560,000"
property-townhouse-vic-oakleigh-136406550,Oakleigh,3166,2/4 York Avenue,-37.89972759,145.1019136,4.0,3.0,townhouse,2.0,2021-06-26,,,"$1,400,000"
property-townhouse-vic-oakleigh-136343998,Oakleigh,3166,17 Gillon Court,-37.89250953,145.1045733,3.0,2.0,townhouse,2.0,2021-06-26,,,"$1,285,000"
property-apartment-vic-oakleigh-135953522,Oakleigh,3166,407/83 Drummond Street,-37.89241813,145.0906601,2.0,2.0,apartment,1.0,2021-06-26,,,"$595,000"
property-unit-vic-oakleigh-136298446,Oakleigh,3166,1/55 William Street,-37.90560432,145.1021038,2.0,1.0,unit,1.0,2021-06-19,,,"$801,500"
property-house-vic-oakleigh-136177018,Oakleigh,3166,140 Haughton Road,-37.910108,145.100561,4.0,2.0,house,3.0,2021-06-12,407.0,m2,"$895,000"
property-house-vic-oakleigh-136251654,Oakleigh,3166,38 William Street,-37.90441,145.102942,4.0,2.0,house,1.0,2021-06-05,546.0,m2,"$1,670,000"
property-house-vic-oakleigh-136338502,Oakleigh,3166,11 Connell Road,-37.901181,145.098316,3.0,1.0,house,1.0,2021-06-05,700.0,m2,"$1,579,000"
property-townhouse-vic-oakleigh-133916158,Oakleigh,3166,2/127 Huntingdale Road,-37.893823,145.106477,4.0,3.0,townhouse,2.0,2021-05-29,,,"$1,310,000"
property-house-vic-oakleigh-136221666,Oakleigh,3166,30 Clyde Street,-37.8979805,145.0957976,2.0,1.0,house,1.0,2021-05-22,,,"$1,421,000"
property-apartment-vic-oakleigh-135834302,Oakleigh,3166,406/1525 Dandenong Road,-37.89289355,145.0905128,2.0,1.0,apartment,1.0,2021-05-20,,,"$418,000"
property-house-vic-oakleigh-136065162,Oakleigh,3166,84 Atkinson Street,-37.895081,145.093367,3.0,1.0,house,2.0,2021-05-15,,,"$1,540,000"
property-house-vic-oakleigh-136018454,Oakleigh,3166,18 Bishop Street,-37.906437,145.093461,4.0,1.0,house,2.0,2021-05-15,660.0,m2,"$1,390,000"
property-house-vic-oakleigh-136069378,Oakleigh,3166,9 Winifred Street,-37.895194,145.102052,3.0,1.0,house,1.0,2021-05-15,689.0,m2,"$1,360,000"
property-unit-vic-oakleigh-136060150,Oakleigh,3166,4/1 Leroux Street,-37.89617211,145.1042212,2.0,1.0,unit,1.0,2021-05-15,,,"$665,000"
property-house-vic-oakleigh-134870846,Oakleigh,3166,4 Caloola Avenue,-37.890799,145.089406,4.0,2.0,house,2.0,2021-05-12,675.0,m2,"$1,450,000"
property-unit-vic-oakleigh-135989706,Oakleigh,3166,2/48 Burlington Street,-37.902714,145.096431,3.0,2.0,unit,2.0,2021-05-08,,,"$1,009,000"
property-townhouse-vic-oakleigh-135552038,Oakleigh,3166,39 Clyde Street,-37.89917694,145.0951131,2.0,2.0,townhouse,2.0,2021-04-30,,,"$520,000"
property-unit-vic-oakleigh-135904446,Oakleigh,3166,1/136 Haughton Road,-37.90990124,145.1002894,3.0,2.0,unit,1.0,2021-04-24,323.0,m2,"$875,000"
property-apartment-vic-oakleigh-135350242,Oakleigh,3166,16/79 Atherton Road,-37.89911763,145.0938732,2.0,2.0,apartment,2.0,2021-04-24,,,"$550,000"
property-house-vic-oakleigh-135768626,Oakleigh,3166,1 Andrew Street,-37.905875,145.09434,4.0,2.0,house,2.0,2021-04-17,903.0,m2,"$1,450,000"
property-apartment-vic-oakleigh-135715246,Oakleigh,3166,705/19-21 Hanover Street,-37.90085826,145.0917337,2.0,2.0,apartment,1.0,2021-04-16,,,"$654,950"
property-house-vic-oakleigh-135743978,Oakleigh,3166,22 Clyde Street,-37.897455,145.095876,2.0,1.0,house,1.0,2021-04-10,,,"$833,000"
property-apartment-vic-oakleigh-135546906,Oakleigh,3166,604/89 Atherton Road,-37.899197,145.094341,2.0,2.0,apartment,1.0,2021-04-06,,,"$599,000"
property-apartment-vic-oakleigh-131325410,Oakleigh,3166,10/45 Railway Avenue,-37.910388,145.103224,1.0,1.0,apartment,1.0,2021-03-26,,,"$282,000"
property-apartment-vic-oakleigh-135328566,Oakleigh,3166,504/83 - 85 Drummond Street,-37.89241813,145.0906601,2.0,2.0,apartment,1.0,2021-03-23,,,"$585,800"
property-house-vic-oakleigh-135555642,Oakleigh,3166,797 Warrigal Road,-37.890889,145.088858,4.0,2.0,house,2.0,2021-03-20,601.0,m2,"$1,280,000"
property-unit-vic-oakleigh-135546414,Oakleigh,3166,2/63 Golf Links Avenue,-37.90938438,145.0904019,2.0,1.0,unit,1.0,2021-03-19,,,"$700,500"
property-apartment-vic-oakleigh-135471210,Oakleigh,3166,103/2 Albert Avenue,-37.89808065,145.0936248,2.0,1.0,apartment,1.0,2021-03-17,,,"$613,000"
property-house-vic-oakleigh-135464974,Oakleigh,3166,10 Henry Street,-37.901793,145.104442,5.0,2.0,house,3.0,2021-03-08,543.0,m2,"$1,540,000"
property-house-vic-oakleigh-135450534,Oakleigh,3166,1255 North Road,-37.910987,145.100054,3.0,1.0,house,1.0,2021-03-06,689.0,m2,"$1,360,000"
property-townhouse-vic-oakleigh-135409122,Oakleigh,3166,2/69 Drummond Street,-37.89014671,145.0910801,3.0,2.0,townhouse,2.0,2021-02-27,,,"$1,055,000"
property-apartment-vic-oakleigh-135339354,Oakleigh,3166,14/110 Atherton Road,-37.89981539,145.0963986,2.0,1.0,apartment,1.0,2021-02-20,,,"$565,000"
property-apartment-vic-oakleigh-133886382,Oakleigh,3166,205/83-85 Drummond Street,-37.89241813,145.0906601,1.0,1.0,apartment,1.0,2021-02-11,,,"$380,000"
property-townhouse-vic-oakleigh-134808914,Oakleigh,3166,3/21 Golf Links Avenue,-37.90637,145.09096,4.0,3.0,townhouse,2.0,2021-01-29,,,"$1,150,000"
property-house-vic-oakleigh-133918274,Oakleigh,3166,2 Schoolhall Street,-37.90704,145.086177,5.0,3.0,house,4.0,2021-01-12,,,"$2,050,000"
property-townhouse-vic-oakleigh-134986642,Oakleigh,3166,3/34 Heath Avenue,-37.90206869,145.0995849,3.0,2.0,townhouse,2.0,2020-12-24,,,"$860,750"
property-unit-vic-oakleigh-134938482,Oakleigh,3166,2/6 Albert Avenue,-37.89814282,145.0941689,2.0,1.0,unit,2.0,2020-12-19,,,"$712,000"
property-house-vic-oakleigh-133561482,Oakleigh,3166,27 Clyde Street,-37.89761994,145.0954286,4.0,2.0,house,2.0,2020-12-17,,,"$1,630,000"
property-house-vic-oakleigh-134965070,Oakleigh,3166,10 Schoolhall Street,-37.907165,145.087197,5.0,3.0,house,2.0,2020-12-17,596.0,m2,"$1,350,000"
property-apartment-vic-oakleigh-134471358,Oakleigh,3166,411/89-93 Atherton Road,-37.899197,145.094341,1.0,1.0,apartment,1.0,2020-12-16,,,"$460,000"
property-house-vic-oakleigh-134832050,Oakleigh,3166,8 Nelson Avenue,-37.895933,145.094243,5.0,3.0,house,2.0,2020-12-05,,,"$1,907,000"
property-house-vic-oakleigh-134797718,Oakleigh,3166,5 McIntosh Street,-37.909927,145.099149,3.0,1.0,house,3.0,2020-12-05,,,"$1,360,000"
property-house-vic-oakleigh-134787802,Oakleigh,3166,1/44 Andrew Street,-37.909933,145.093973,3.0,2.0,house,2.0,2020-12-05,,,"$1,254,000"
property-apartment-vic-oakleigh-134867754,Oakleigh,3166,13/110 Atherton Road,-37.89981539,145.0963986,1.0,1.0,apartment,1.0,2020-11-30,,,"$425,000"
property-house-vic-oakleigh-134800486,Oakleigh,3166,73 Drummond Street,-37.890419,145.090997,3.0,1.0,house,2.0,2020-11-28,624.0,m2,"$1,351,000"
property-townhouse-vic-oakleigh-134542314,Oakleigh,3166,10/16 Grant Street,-37.89818585,145.0982852,3.0,2.0,townhouse,2.0,2020-11-23,,,"$888,000"
property-house-vic-oakleigh-134682934,Oakleigh,3166,24 Connell Road,-37.90264247,145.0983874,4.0,1.0,house,2.0,2020-11-21,,,"$1,398,000"
property-house-vic-oakleigh-134694474,Oakleigh,3166,35 William Street,-37.904278,145.102604,4.0,2.0,house,2.0,2020-11-21,,,"$1,320,000"
property-house-vic-oakleigh-134676166,Oakleigh,3166,2 Leroux Street,-37.896217,145.104551,4.0,2.0,house,2.0,2020-11-21,,,"$1,111,555"
property-apartment-vic-oakleigh-134867662,Oakleigh,3166,3./110 Atherton Road,-37.89981539,145.0963986,2.0,1.0,apartment,1.0,2020-11-18,,,"$545,000"
property-house-vic-oakleigh-134510906,Oakleigh,3166,52 Haughton Road,-37.905011,145.09385,3.0,1.0,house,1.0,2020-11-14,595.0,m2,"$999,000"
property-house-vic-oakleigh-134613846,Oakleigh,3166,16 Abbeygate Street,-37.905538,145.090254,3.0,2.0,house,1.0,2020-11-04,,,"$1,275,000"
property-unit-vic-oakleigh-134478582,Oakleigh,3166,1/8 Parer Street,-37.9096076,145.0982704,3.0,2.0,unit,2.0,2020-10-31,297.0,m2,"$830,000"
property-unit-vic-oakleigh-134444402,Oakleigh,3166,3/24 Golf Links Avenue,-37.90628806,145.0913032,2.0,1.0,unit,2.0,2020-10-31,,,"$685,500"
property-unit-vic-oakleigh-134355182,Oakleigh,3166,1/13 Parer Street,-37.90970303,145.0978947,3.0,1.0,unit,1.0,2020-10-24,,,"$775,000"
property-unit-vic-oakleigh-134268066,Oakleigh,3166,5/24 Grant Street,-37.898831,145.0979987,2.0,1.0,unit,1.0,2020-10-23,179.0,m2,"$684,500"
property-house-vic-oakleigh-134107178,Oakleigh,3166,41 Edward Street,-37.905697,145.10284,4.0,2.0,house,2.0,2020-10-22,511.0,m2,"$1,330,000"
property-apartment-vic-oakleigh-134453422,Oakleigh,3166,5/110 Atherton Road,-37.89981539,145.0963986,2.0,1.0,apartment,1.0,2020-10-22,1219.0,m2,"$545,200"
property-apartment-vic-oakleigh-134084934,Oakleigh,3166,2/24 Haughton Road,-37.90148125,145.0889948,1.0,1.0,apartment,1.0,2020-10-09,,,"$390,000"
property-apartment-vic-oakleigh-131856070,Oakleigh,3166,10/4 Albert Avenue,-37.898126,145.093868,2.0,1.0,apartment,1.0,2020-10-08,,,"$600,000"
property-apartment-vic-oakleigh-134064210,Oakleigh,3166,209/83-85 Drummond Street,-37.89241813,145.0906601,1.0,1.0,apartment,1.0,2020-10-05,,,"$375,000"
property-townhouse-vic-oakleigh-134034922,Oakleigh,3166,2/16 Grant Street,-37.89818585,145.0982852,3.0,2.0,townhouse,1.0,2020-09-22,,,"$900,000"
property-townhouse-vic-oakleigh-133972090,Oakleigh,3166,11/110 Atherton Road,-37.89981539,145.0963986,2.0,1.0,townhouse,1.0,2020-09-07,,,"$535,000"
property-house-vic-oakleigh-133272626,Oakleigh,3166,5 Eastgate Street,-37.904652,145.088946,5.0,2.0,house,2.0,2020-08-03,,,"$1,602,888"
property-townhouse-vic-oakleigh-134012526,Oakleigh,3166,2/10 Winifred Street,-37.89521169,145.1023901,3.0,2.0,townhouse,1.0,2020-08-02,398.0,m2,"$965,000"
property-house-vic-oakleigh-133959558,Oakleigh,3166,25 Tamar Grove,-37.897926,145.096535,4.0,2.0,house,2.0,2020-07-31,540.0,m2,"$1,490,000"
property-townhouse-vic-oakleigh-133873150,Oakleigh,3166,2/50 Golf Links Avenue,-37.90844351,145.0909192,4.0,2.0,townhouse,2.0,2020-07-25,,,"$1,001,000"
property-unit-vic-oakleigh-133864670,Oakleigh,3166,2/24 Golf Links Avenue,-37.90628806,145.0913032,2.0,1.0,unit,2.0,2020-07-25,,,"$730,000"
property-house-vic-oakleigh-133826198,Oakleigh,3166,33 Gadd Street,-37.910237,145.09657,3.0,1.0,house,3.0,2020-07-18,,,"$1,163,000"
property-house-vic-oakleigh-133857866,Oakleigh,3166,15 Davey Avenue,-37.902723,145.088359,5.0,2.0,house,4.0,2020-07-14,674.0,m2,"$1,680,000"
property-apartment-vic-oakleigh-133790910,Oakleigh,3166,4/119-123 Atkinson Street,-37.89761544,145.0923695,2.0,1.0,apartment,1.0,2020-07-08,,,"$535,000"
property-house-vic-oakleigh-133755494,Oakleigh,3166,9/6 Willgilson Court,-37.90565755,145.0926023,1.0,1.0,house,1.0,2020-07-06,,,"$356,000"
property-house-vic-oakleigh-133600682,Oakleigh,3166,11 Tamar Grove,-37.897037,145.09674,4.0,3.0,house,3.0,2020-07-02,624.0,m2,"$1,876,200"
property-house-vic-oakleigh-133720694,Oakleigh,3166,5 Holland Court,-37.900517,145.096855,3.0,1.0,house,2.0,2020-06-27,573.0,m2,"$1,065,000"
property-house-vic-oakleigh-133462298,Oakleigh,3166,20 Westminster Street,-37.901696,145.095641,3.0,1.0,house,2.0,2020-06-16,459.0,m2,"$1,320,000"
property-townhouse-vic-oakleigh-133574538,Oakleigh,3166,2/98 Haughton Road,-37.907856,145.09761,4.0,3.0,townhouse,2.0,2020-06-13,,,"$1,135,000"
property-unit-vic-oakleigh-133634426,Oakleigh,3166,3/34 Heath Avenue,-37.90206869,145.0995849,3.0,2.0,unit,2.0,2020-06-13,,,"$831,500"
property-house-vic-oakleigh-133558302,Oakleigh,3166,2 Norfolk Avenue,-37.898842,145.100821,2.0,1.0,house,1.0,2020-06-12,352.0,m2,"$760,000"
property-townhouse-vic-oakleigh-133579170,Oakleigh,3166,2/108 Haughton Road,-37.90840703,145.0983131,4.0,2.0,townhouse,2.0,2020-06-02,,,"$960,000"
property-house-vic-oakleigh-133516942,Oakleigh,3166,56 Hatter Street,-37.908496,145.087607,3.0,1.0,house,1.0,2020-05-23,,,"$1,060,000"
property-house-vic-oakleigh-133358714,Oakleigh,3166,4 Eastgate Street,-37.904614,145.089379,2.0,1.0,house,2.0,2020-05-02,,,"$1,040,000"
property-house-vic-oakleigh-133319354,Oakleigh,3166,165 Atherton Road,-37.900229,145.101855,3.0,1.0,house,1.0,2020-04-23,970.0,m2,"$1,650,000"
property-house-vic-oakleigh-133249142,Oakleigh,3166,44 George Street,-37.904969,145.101835,3.0,1.0,house,1.0,2020-04-18,542.0,m2,"$1,125,000"
property-house-vic-oakleigh-133249138,Oakleigh,3166,45 Andrew Street,-37.909756,145.093637,3.0,1.0,house,1.0,2020-04-17,687.0,m2,"$1,030,300"
property-house-vic-oakleigh-133162354,Oakleigh,3166,1486 Dandenong Road,-37.89725895,145.0990593,3.0,1.0,house,2.0,2020-04-15,,,"$910,000"
property-unit-vic-oakleigh-133268022,Oakleigh,3166,3/10 Caloola Avenue,-37.89087413,145.0900815,3.0,1.0,unit,2.0,2020-04-09,,,"$642,000"
property-townhouse-vic-oakleigh-133084974,Oakleigh,3166,3/28 Devon Grove,-37.89600217,145.1034485,4.0,2.0,townhouse,2.0,2020-04-04,,,"$870,000"
property-house-vic-oakleigh-133184806,Oakleigh,3166,13 Grandview Grove,-37.894398,145.1052,3.0,2.0,house,2.0,2020-04-02,,,"$1,111,000"
property-house-vic-oakleigh-133085262,Oakleigh,3166,16 Wilson Street,-37.908316,145.094857,2.0,1.0,house,2.0,2020-03-31,,,"$1,005,000"
property-unit-vic-oakleigh-133141326,Oakleigh,3166,3/24 Grant Street,-37.898831,145.0979987,2.0,1.0,unit,1.0,2020-03-28,,,"$701,500"
property-house-vic-oakleigh-133074274,Oakleigh,3166,16 Henry Street,-37.902207,145.104363,4.0,2.0,house,3.0,2020-03-25,,,"$1,800,000"
property-house-vic-oakleigh-133054122,Oakleigh,3166,29 Logie Street,-37.894607,145.092492,4.0,2.0,house,2.0,2020-03-21,,,"$1,700,000"
property-apartment-vic-oakleigh-133070486,Oakleigh,3166,106/63-65 Atherton Road,-37.8989481,145.0927662,1.0,1.0,apartment,1.0,2020-03-21,,,"$445,000"
property-apartment-vic-oakleigh-133184402,Oakleigh,3166,20/79 Atherton Road,-37.89911763,145.0938732,2.0,1.0,apartment,1.0,2020-03-18,,,"$470,000"
property-house-vic-oakleigh-133007962,Oakleigh,3166,6 Taylor Street,-37.895805,145.091358,4.0,2.0,house,2.0,2020-03-14,,,"$1,760,000"
property-townhouse-vic-oakleigh-132896866,Oakleigh,3166,19 Raymond Court,-37.89239222,145.1030187,4.0,2.0,townhouse,2.0,2020-03-07,,,"$990,000"
property-unit-vic-oakleigh-132927470,Oakleigh,3166,2/28 William Street,-37.90289149,145.1032415,3.0,1.0,unit,2.0,2020-03-07,,,"$802,000"
property-house-vic-oakleigh-132904134,Oakleigh,3166,17 Mora Avenue,-37.902008,145.089276,4.0,2.0,house,2.0,2020-02-29,566.0,m2,"$1,546,000"
property-house-vic-oakleigh-132958102,Oakleigh,3166,43 Estelle Street,-37.89284671,145.1056789,2.0,2.0,house,2.0,2020-02-19,,,"$910,500"
property-unit-vic-oakleigh-132689034,Oakleigh,3166,4/15 Taylor Street,-37.895609,145.092101,2.0,1.0,unit,1.0,2020-02-15,250.0,m2,"$839,500"
property-house-vic-oakleigh-132900794,Oakleigh,3166,1 Golf Links Avenue,-37.904607,145.09121,3.0,1.0,house,4.0,2020-02-10,,,"$990,100"
property-apartment-vic-oakleigh-132164694,Oakleigh,3166,216/19-21 Hanover Street,-37.90085826,145.0917337,2.0,1.0,apartment,1.0,2020-01-09,,,"$460,000"
property-townhouse-vic-oakleigh-132489182,Oakleigh,3166,43 Clyde Street,-37.89917694,145.0951131,2.0,2.0,townhouse,1.0,2019-12-22,,,"$650,000"
property-house-vic-oakleigh-132464442,Oakleigh,3166,15 Gillon Court,-37.892331,145.104434,3.0,2.0,house,2.0,2019-12-14,650.0,m2,"$1,170,000"
property-house-vic-oakleigh-132429086,Oakleigh,3166,33 Eastgate Street,-37.906538,145.088579,3.0,1.0,house,2.0,2019-12-08,539.0,m2,"$1,255,000"
property-house-vic-oakleigh-132448374,Oakleigh,3166,4 Taylor Street,-37.895794,145.091199,2.0,2.0,house,2.0,2019-12-07,547.0,m2,"$1,455,000"
property-house-vic-oakleigh-132318570,Oakleigh,3166,29a Clyde Street,-37.897808,145.095389,4.0,2.0,house,2.0,2019-11-30,,,"$1,375,000"
property-house-vic-oakleigh-132327458,Oakleigh,3166,12 Gadd Street,-37.908985,145.097171,4.0,1.0,house,5.0,2019-11-30,713.0,m2,"$1,320,000"
property-house-vic-oakleigh-132350782,Oakleigh,3166,26 Tamar Grove,-37.898256,145.09689,3.0,2.0,house,,2019-11-30,,,"$1,305,000"
property-house-vic-oakleigh-132461718,Oakleigh,3166,132 Warrigal Road,-37.906171,145.085915,2.0,1.0,house,2.0,2019-11-25,,,"$917,000"
property-unit-vic-oakleigh-132315194,Oakleigh,3166,1/29 Clyde Street,-37.89792818,145.095085,2.0,1.0,unit,1.0,2019-11-23,,,"$870,000"
property-townhouse-vic-oakleigh-132362742,Oakleigh,3166,35C Ferntree Gully Road,-37.89635324,145.1041896,4.0,3.0,townhouse,2.0,2019-11-15,,,"$1,080,000"
property-apartment-vic-oakleigh-130401382,Oakleigh,3166,8/45 Railway Avenue,-37.910388,145.103224,2.0,1.0,apartment,1.0,2019-11-15,,,"$350,000"
property-apartment-vic-oakleigh-132275266,Oakleigh,3166,Appt 302/1525 Dandenong Road,-37.89289355,145.0905128,2.0,2.0,apartment,1.0,2019-11-14,,,"$440,000"
property-apartment-vic-oakleigh-128771466,Oakleigh,3166,2/167 Atherton Road,-37.900109,145.102147,2.0,1.0,apartment,1.0,2019-11-13,,,"$476,000"
property-unit-vic-oakleigh-132135018,Oakleigh,3166,1/1518 Dandenong Road,-37.8987742,145.101523,4.0,2.0,unit,1.0,2019-11-09,,,"$765,000"
property-apartment-vic-oakleigh-132175130,Oakleigh,3166,16/82-86 Atherton Road,-37.89942033,145.0937799,2.0,1.0,apartment,2.0,2019-11-09,,,"$423,500"
property-house-vic-oakleigh-132077342,Oakleigh,3166,1 Westgate Street,-37.90415145,145.0869396,4.0,2.0,house,2.0,2019-10-26,,,"$1,550,000"
property-residential land-vic-oakleigh-202503714,Oakleigh,3166,11 Norfolk Avenue,-37.899141,145.100336,,,residential land,,2019-10-26,611.0,m2,"$1,150,000"
property-townhouse-vic-oakleigh-132027702,Oakleigh,3166,1/69 Drummond Street,-37.89014671,145.0910801,3.0,2.0,townhouse,3.0,2019-10-19,259.0,m2,"$1,000,000"
property-unit-vic-oakleigh-131999446,Oakleigh,3166,1/1 Leroux Street,-37.89617211,145.1042212,2.0,1.0,unit,1.0,2019-10-19,,,"$667,000"
property-house-vic-oakleigh-129844046,Oakleigh,3166,20 Mora Avenue,-37.902362,145.089436,3.0,1.0,house,3.0,2019-10-18,723.0,m2,"$1,149,000"
property-house-vic-oakleigh-130274294,Oakleigh,3166,38 Andrew Street,-37.909505,145.094192,3.0,1.0,house,5.0,2019-09-28,673.0,m2,"$1,100,000"
property-house-vic-oakleigh-131853890,Oakleigh,3166,13 Henry Street,-37.902021,145.104038,3.0,1.0,house,1.0,2019-09-21,543.0,m2,"$1,120,000"
property-unit-vic-oakleigh-131748166,Oakleigh,3166,2/24 Grant Street,-37.898831,145.0979987,2.0,1.0,unit,1.0,2019-09-14,,,"$742,000"
property-house-vic-oakleigh-131742338,Oakleigh,3166,39 Davey Avenue,-37.902956,145.090491,3.0,2.0,house,2.0,2019-09-04,,,"$1,205,000"
property-house-vic-oakleigh-131256990,Oakleigh,3166,1237 North Road,-37.910661,145.098269,2.0,1.0,house,1.0,2019-08-31,,,"$851,000"
property-unit-vic-oakleigh-131619622,Oakleigh,3166,1/8 Westminster Street,-37.90061007,145.0960376,2.0,1.0,unit,1.0,2019-08-31,,,"$740,000"
property-house-vic-oakleigh-131770438,Oakleigh,3166,12 Lincoln Avenue,-37.898812,145.099537,4.0,2.0,house,2.0,2019-08-28,532.0,m2,"$1,640,000"
property-unit-vic-oakleigh-131678602,Oakleigh,3166,1/98 Haughton Road,-37.907856,145.09761,2.0,1.0,unit,1.0,2019-08-22,,,"$730,000"
property-house-vic-oakleigh-131594850,Oakleigh,3166,14 Andrew Street,-37.906968,145.094505,3.0,1.0,house,2.0,2019-08-17,613.0,m2,"$970,000"
property-house-vic-oakleigh-131541662,Oakleigh,3166,59 Westgate Street,-37.908768,145.086064,3.0,2.0,house,2.0,2019-08-10,,,"$1,205,000"
property-house-vic-oakleigh-131487766,Oakleigh,3166,12 Merbow Street,-37.901404,145.10016,3.0,1.0,house,1.0,2019-08-03,589.0,m2,"$1,090,000"
property-house-vic-oakleigh-131250558,Oakleigh,3166,50 Davey Avenue,-37.903394,145.090901,4.0,1.0,house,1.0,2019-07-24,,,"$1,000,000"
property-house-vic-oakleigh-131393790,Oakleigh,3166,71 Burlington Street,-37.902635,145.098988,3.0,1.0,house,2.0,2019-07-20,,,"$1,120,000"
property-apartment-vic-oakleigh-131458266,Oakleigh,3166,20/82-86 Atherton Road,-37.899535,145.093755,1.0,1.0,apartment,1.0,2019-07-19,,,"$370,000"
property-house-vic-oakleigh-130625986,Oakleigh,3166,1460 Dandenong Road,-37.895924,145.096535,3.0,1.0,house,1.0,2019-07-02,589.0,m2,"$700,000"
property-house-vic-oakleigh-131224834,Oakleigh,3166,15 Eastgate Street,-37.905313,145.08871,3.0,2.0,house,2.0,2019-06-22,543.0,m2,"$1,201,000"
property-house-vic-oakleigh-131197690,Oakleigh,3166,28 Queens Avenue,-37.904095,145.088936,3.0,1.0,house,1.0,2019-06-22,,,"$1,138,000"
property-house-vic-oakleigh-131209530,Oakleigh,3166,125 Atherton Road,-37.899476,145.097283,4.0,2.0,house,2.0,2019-06-15,694.0,m2,"$1,564,000"
property-house-vic-oakleigh-130402934,Oakleigh,3166,29 Bishop Street,-37.906947,145.092878,4.0,2.0,house,4.0,2019-06-08,565.0,m2,"$1,018,000"
property-apartment-vic-oakleigh-130637666,Oakleigh,3166,107/19-21 Hanover Street,-37.900843,145.091641,1.0,1.0,apartment,1.0,2019-06-05,,,"$345,000"
property-apartment-vic-oakleigh-131059814,Oakleigh,3166,18/79 Atherton Road,-37.898852,145.09391,2.0,1.0,apartment,1.0,2019-05-25,,,"$437,000"
property-house-vic-oakleigh-131025682,Oakleigh,3166,165 Atherton Road,-37.900125,145.101868,3.0,1.0,house,4.0,2019-05-18,970.0,m2,"$1,480,000"
property-house-vic-oakleigh-130964638,Oakleigh,3166,22A Clyde Street,-37.897528,145.096013,2.0,1.0,house,1.0,2019-05-11,,,"$835,000"
property-townhouse-vic-oakleigh-130730882,Oakleigh,3166,2/12 Parer Street,-37.909873,145.098591,4.0,2.0,townhouse,2.0,2019-05-10,263.0,m2,"$960,000"
property-apartment-vic-oakleigh-130869218,Oakleigh,3166,201/148 Warrigal Road,-37.90664,145.085923,2.0,2.0,apartment,1.0,2019-05-10,,,"$546,000"
property-house-vic-oakleigh-130892558,Oakleigh,3166,1/5 Heath Avenue,-37.900827,145.096657,3.0,1.0,house,2.0,2019-04-27,,,"$955,000"
property-house-vic-oakleigh-130660942,Oakleigh,3166,1516 Dandenong Road,-37.898759,145.101229,2.0,1.0,house,1.0,2019-04-18,697.0,m2,"$849,000"
property-house-vic-oakleigh-130964230,Oakleigh,3166,65 Drummond Street,-37.889931,145.090956,5.0,3.0,house,2.0,2019-04-11,660.0,m2,"$1,430,000"
property-house-vic-oakleigh-130606170,Oakleigh,3166,60 Haughton Road,-37.90552,145.0943,4.0,2.0,house,2.0,2019-03-30,,,"$1,340,000"
property-townhouse-vic-oakleigh-130522466,Oakleigh,3166,2/8 Willgilson Court,-37.905902,145.092235,3.0,2.0,townhouse,2.0,2019-03-25,,,"$730,000"
property-apartment-vic-oakleigh-130102622,Oakleigh,3166,501/83-85 Drummond Street,-37.892402,145.090522,2.0,2.0,apartment,1.0,2019-03-13,,,"$495,000"
property-townhouse-vic-oakleigh-130424434,Oakleigh,3166,1/77 Burlington Street,-37.902695,145.099504,4.0,2.0,townhouse,2.0,2019-03-02,,,"$878,000"
property-house-vic-oakleigh-129785730,Oakleigh,3166,134a Atherton Road,-37.900181,145.098982,3.0,2.0,house,2.0,2019-02-11,350.0,m2,"$1,100,000"
property-apartment-vic-oakleigh-130474918,Oakleigh,3166,23/119 Atkinson Street,-37.897556,145.092233,2.0,1.0,apartment,1.0,2019-02-11,,,"$444,000"
property-house-vic-oakleigh-128568082,Oakleigh,3166,14 Leroux Street,-37.895373,145.104875,3.0,2.0,house,2.0,2019-02-06,688.0,m2,"$1,070,000"
property-apartment-vic-oakleigh-129864950,Oakleigh,3166,10/2 Albert Avenue,-37.898281,145.093599,2.0,2.0,apartment,1.0,2019-01-30,,,"$596,000"
property-house-vic-oakleigh-130304906,Oakleigh,3166,34 Hatter Street,-37.90647,145.088075,4.0,1.0,house,2.0,2019-01-21,533.0,m2,"$1,098,000"
property-house-vic-oakleigh-129779382,Oakleigh,3166,19 William Street,-37.902307,145.102878,4.0,2.0,house,2.0,2019-01-08,,,"$1,080,000"
property-apartment-vic-oakleigh-130020606,Oakleigh,3166,503/63-65 Atherton Road,-37.898873,145.092702,2.0,2.0,apartment,1.0,2018-12-18,,,"$561,000"
property-unit-vic-oakleigh-129920034,Oakleigh,3166,3/7 Albert Avenue,-37.897646,145.094383,2.0,1.0,unit,1.0,2018-12-18,,,"$530,000"
property-unit-vic-oakleigh-129871126,Oakleigh,3166,27 George Street,-37.902972,145.101795,2.0,1.0,unit,1.0,2018-12-08,261.0,m2,"$730,000"
property-townhouse-vic-oakleigh-129757002,Oakleigh,3166,106B Burlington Street,-37.903533,145.102122,3.0,2.0,townhouse,2.0,2018-11-28,207.0,m2,"$855,500"
property-house-vic-oakleigh-129484894,Oakleigh,3166,1/14-16 Grant Street,-37.898277,145.098465,3.0,2.0,house,2.0,2018-11-27,,,"$791,000"
property-house-vic-oakleigh-129416566,Oakleigh,3166,45 Edward Street,-37.905653,145.103193,3.0,2.0,house,1.0,2018-11-02,520.0,m2,"$911,000"
property-unit-vic-oakleigh-129471890,Oakleigh,3166,2/33 Young Street,-37.909668,145.094644,3.0,1.0,unit,2.0,2018-10-28,,,"$766,000"
property-residential land-vic-oakleigh-202218746,Oakleigh,3166,178 Atherton Road,-37.900859,145.103263,,,residential land,,2018-10-23,708.0,m2,"$1,100,000"
property-unit-vic-oakleigh-129258374,Oakleigh,3166,3/32 Golf Links Avenue,-37.907013,145.091436,2.0,1.0,unit,1.0,2018-10-06,,,"$582,500"
property-unit-vic-oakleigh-129163922,Oakleigh,3166,3/46 Abbeygate Street,-37.908217,145.08985,2.0,2.0,unit,1.0,2018-09-22,95.0,m2,"$610,000"
property-apartment-vic-oakleigh-115132511,Oakleigh,3166,10/119 Atkinson Street,-37.897556,145.092233,2.0,1.0,apartment,1.0,2018-09-22,,,"$570,000"
property-house-vic-oakleigh-128855906,Oakleigh,3166,27 Golf Links Avenue,-37.906785,145.090724,3.0,1.0,house,2.0,2018-09-14,,,"$925,000"
property-house-vic-oakleigh-128917558,Oakleigh,3166,7 Gadd Street,-37.908097,145.096824,3.0,1.0,house,2.0,2018-08-29,652.0,m2,"$1,101,000"
property-house-vic-oakleigh-128863694,Oakleigh,3166,21 Dalgety Street,-37.891564,145.090684,4.0,2.0,house,2.0,2018-08-18,641.0,m2,"$1,601,000"
property-apartment-vic-oakleigh-129005810,Oakleigh,3166,401/61-63 Atherton Road,-37.898722,145.092058,2.0,2.0,apartment,1.0,2018-08-18,,,"$580,000"
property-house-vic-oakleigh-128810626,Oakleigh,3166,6 Young Street,-37.907241,145.095679,3.0,1.0,house,2.0,2018-08-14,638.0,m2,"$1,175,000"
property-house-vic-oakleigh-128829854,Oakleigh,3166,40 Andrew Street,-37.909651,145.094166,2.0,1.0,house,2.0,2018-08-11,676.0,m2,"$1,165,000"
property-apartment-vic-oakleigh-128778246,Oakleigh,3166,2/13 Logie Street,-37.894158,145.090092,1.0,1.0,apartment,1.0,2018-08-08,,,"$387,000"
property-house-vic-oakleigh-128802462,Oakleigh,3166,1/1A Connell Road,-37.900512,145.098341,3.0,2.0,house,1.0,2018-08-04,,,"$995,000"
property-house-vic-oakleigh-128698726,Oakleigh,3166,38 Clyde Street,-37.898467,145.095823,3.0,1.0,house,2.0,2018-07-28,547.0,m2,"$1,335,000"
property-house-vic-oakleigh-128672026,Oakleigh,3166,2 Heath Avenue,-37.901709,145.09601,4.0,2.0,house,2.0,2018-07-21,684.0,m2,"$1,200,000"
property-house-vic-oakleigh-128672062,Oakleigh,3166,39 Burlington Street,-37.902086,145.095929,3.0,1.0,house,,2018-07-21,575.0,m2,"$826,000"
property-apartment-vic-oakleigh-128151378,Oakleigh,3166,213/19-21 Hanover Street,-37.900843,145.091641,1.0,1.0,apartment,1.0,2018-07-03,,,"$370,000"
property-unit-vic-oakleigh-128499830,Oakleigh,3166,2/2 Parer Street,-37.909195,145.098559,2.0,2.0,unit,2.0,2018-06-30,385.0,m2,"$660,000"
property-house-vic-oakleigh-128504546,Oakleigh,3166,12 Lincoln Avenue,-37.898828,145.099709,3.0,2.0,house,1.0,2018-06-28,562.0,m2,"$942,200"
property-house-vic-oakleigh-125070154,Oakleigh,3166,141 Atherton Road,-37.899751,145.099331,4.0,3.0,house,4.0,2018-06-27,691.0,m2,"$1,670,000"
property-house-vic-oakleigh-128439330,Oakleigh,3166,16 Raymond Court,-37.891986,145.10362,4.0,2.0,house,5.0,2018-06-23,697.0,m2,"$1,278,000"
property-house-vic-oakleigh-128347662,Oakleigh,3166,15 Davey Avenue,-37.902587,145.088382,5.0,2.0,house,4.0,2018-06-20,674.0,m2,"$1,550,000"
property-house-vic-oakleigh-128426390,Oakleigh,3166,781 Warrigal Road,-37.889173,145.089335,3.0,1.0,house,1.0,2018-06-16,,,"$1,030,000"
property-unit-vic-oakleigh-128322074,Oakleigh,3166,2/25 Grant Street,-37.898662,145.097455,3.0,1.0,unit,2.0,2018-06-02,429.0,m2,"$1,000,000"
property-apartment-vic-oakleigh-127382450,Oakleigh,3166,610/19-21 Hanover Street,-37.900843,145.091641,2.0,2.0,apartment,1.0,2018-05-31,,,"$515,000"
property-apartment-vic-oakleigh-128254646,Oakleigh,3166,6/110 Atherton Road,-37.900011,145.096352,2.0,1.0,apartment,1.0,2018-05-30,,,"$555,000"
property-flat-vic-oakleigh-128241506,Oakleigh,3166,3/105 Atherton Road,-37.89926,145.095539,2.0,1.0,flat,1.0,2018-05-24,,,"$428,888"
property-house-vic-oakleigh-127940890,Oakleigh,3166,33 Tamar Grove,-37.898385,145.096314,4.0,2.0,house,1.0,2018-05-04,,,"$1,430,000"
property-house-vic-oakleigh-128017134,Oakleigh,3166,5 Andrew Street,-37.906121,145.094162,3.0,1.0,house,2.0,2018-05-01,,,"$1,182,500"
property-apartment-vic-oakleigh-128151078,Oakleigh,3166,409/19-21 Hanover Street,-37.900843,145.091641,1.0,1.0,apartment,1.0,2018-04-29,,,"$405,000"
property-house-vic-oakleigh-128016294,Oakleigh,3166,60 Abbeygate Street,-37.909116,145.08968,3.0,2.0,house,2.0,2018-04-28,,,"$1,437,000"
property-house-vic-oakleigh-127522498,Oakleigh,3166,53 William Street,-37.905448,145.102274,3.0,2.0,house,3.0,2018-04-17,,,"$1,130,000"
property-house-vic-oakleigh-127827878,Oakleigh,3166,10 Merbow Street,-37.901378,145.099978,3.0,1.0,house,2.0,2018-04-14,683.0,m2,"$1,265,000"
property-house-vic-oakleigh-127637794,Oakleigh,3166,1/103 Burlington Street,-37.902956,145.101249,3.0,2.0,house,2.0,2018-03-29,,,"$960,000"
property-house-vic-oakleigh-126191106,Oakleigh,3166,110-112 Warrigal Road,-37.904662,145.086301,6.0,2.0,house,4.0,2018-03-26,1044.0,m2,"$2,000,000"
property-house-vic-oakleigh-127623686,Oakleigh,3166,2 Allen Street,-37.889778,145.089636,5.0,3.0,house,4.0,2018-03-24,1378.0,m2,"$2,920,000"
property-house-vic-oakleigh-127688970,Oakleigh,3166,57 Bishop Street,-37.909197,145.092473,2.0,1.0,house,2.0,2018-03-24,607.0,m2,"$1,227,000"
property-unit-vic-oakleigh-127666382,Oakleigh,3166,2/172 Atherton Road,-37.900782,145.10266,2.0,1.0,unit,3.0,2018-03-24,,,"$742,000"
property-house-vic-oakleigh-127683794,Oakleigh,3166,24 Eastgate Street,-37.905951,145.089229,3.0,1.0,house,,2018-03-17,,,"$1,262,000"
property-house-vic-oakleigh-127620438,Oakleigh,3166,37 Andrew Street,-37.909154,145.093597,3.0,1.0,house,1.0,2018-03-17,,,"$1,250,000"
property-townhouse-vic-oakleigh-127414082,Oakleigh,3166,2/14 Gadd Street,-37.909153,145.097306,3.0,2.0,townhouse,2.0,2018-03-15,226.0,m2,"$1,030,000"
property-house-vic-oakleigh-127468142,Oakleigh,3166,21 Golf Links Avenue,-37.906348,145.090724,4.0,2.0,house,4.0,2018-03-13,,,"$1,600,000"
property-house-vic-oakleigh-127443606,Oakleigh,3166,2 William Street,-37.901157,145.103689,4.0,2.0,house,2.0,2018-03-03,541.0,m2,"$1,546,000"
property-house-vic-oakleigh-127403522,Oakleigh,3166,4 Best Street,-37.90819,145.092224,4.0,2.0,house,2.0,2018-02-24,508.0,m2,"$1,580,000"
property-unit-vic-oakleigh-127408418,Oakleigh,3166,2/3 Tamar Grove,-37.896458,145.096729,3.0,1.0,unit,1.0,2018-02-24,,,"$867,000"
property-apartment-vic-oakleigh-127235174,Oakleigh,3166,10/1 Heath Avenue,-37.901027,145.09619,2.0,1.0,apartment,1.0,2018-02-16,65.0,m2,"$477,000"
property-house-vic-oakleigh-127115410,Oakleigh,3166,22 Heath Avenue,-37.901996,145.098547,4.0,2.0,house,2.0,2018-02-03,,,"$1,445,000"
property-house-vic-oakleigh-126377170,Oakleigh,3166,77 Drummond Street,-37.891041,145.090887,3.0,1.0,house,2.0,2018-01-18,671.0,m2,"$1,260,000"
property-house-vic-oakleigh-126924846,Oakleigh,3166,26 Tamar Grove,-37.898272,145.097035,2.0,1.0,house,,2017-12-02,,,"$1,011,000"
property-house-vic-oakleigh-126919502,Oakleigh,3166,1/29 Heath Avenue,-37.90161,145.099899,2.0,2.0,house,1.0,2017-12-02,,,"$750,000"
property-townhouse-vic-oakleigh-126805314,Oakleigh,3166,1/35 Tamar Grove,-37.898511,145.096284,2.0,2.0,townhouse,1.0,2017-11-25,207.0,m2,"$1,050,000"
property-apartment-vic-oakleigh-126784894,Oakleigh,3166,7/82-86 Atherton Road,-37.899535,145.093755,2.0,1.0,apartment,1.0,2017-11-25,,,"$400,000"
property-house-vic-oakleigh-126351466,Oakleigh,3166,128 Haughton Road,-37.909553,145.099721,4.0,2.0,house,1.0,2017-11-23,450.0,m2,"$1,040,000"
property-house-vic-oakleigh-126936550,Oakleigh,3166,1470 Dandenong Road,-37.896467,145.097559,2.0,2.0,house,3.0,2017-11-23,522.0,m2,"$890,000"
property-house-vic-oakleigh-126709322,Oakleigh,3166,89 Burlington Street,-37.902833,145.100698,3.0,1.0,house,2.0,2017-11-21,410.0,m2,"$960,000"
property-house-vic-oakleigh-126728782,Oakleigh,3166,2/23 Dalgety Street,-37.891583,145.090834,4.0,2.0,house,2.0,2017-11-18,267.0,m2,"$615,000"
property-house-vic-oakleigh-126412986,Oakleigh,3166,175 Atherton Road,-37.90024,145.102854,5.0,3.0,house,4.0,2017-11-17,667.0,m2,"$1,960,000"
property-house-vic-oakleigh-126458482,Oakleigh,3166,50 William Street,-37.905246,145.1029,4.0,3.0,house,2.0,2017-11-15,541.0,m2,"$1,480,000"
property-apartment-vic-oakleigh-126760090,Oakleigh,3166,14/2 Albert Avenue,-37.898281,145.093599,2.0,2.0,apartment,1.0,2017-11-15,,,"$600,000"
property-house-vic-oakleigh-126458454,Oakleigh,3166,15 Andrew Street,-37.906787,145.094038,3.0,1.0,house,1.0,2017-11-08,615.0,m2,"$1,120,000"
property-house-vic-oakleigh-126516826,Oakleigh,3166,54 Haughton Road,-37.905246,145.093937,4.0,2.0,house,2.0,2017-10-28,,,"$985,000"
property-house-vic-oakleigh-126466934,Oakleigh,3166,10 Tamar Grove,-37.897205,145.097247,4.0,3.0,house,2.0,2017-10-27,,,"$1,735,000"
property-house-vic-oakleigh-126462486,Oakleigh,3166,2 Bishop Street,-37.905412,145.093698,3.0,2.0,house,2.0,2017-10-21,,,"$1,315,000"
property-house-vic-oakleigh-126502242,Oakleigh,3166,17 Abbeygate Street,-37.905593,145.089709,3.0,1.0,house,2.0,2017-10-21,,,"$1,215,000"
property-house-vic-oakleigh-126446326,Oakleigh,3166,2 Schoolhall Street,-37.907098,145.086152,3.0,1.0,house,2.0,2017-10-14,,,"$1,103,000"
property-apartment-vic-oakleigh-123369582,Oakleigh,3166,7/105 Atherton Road,-37.89926,145.095539,2.0,1.0,apartment,1.0,2017-10-09,,,"$422,000"
property-house-vic-oakleigh-126398282,Oakleigh,3166,52 Abbeygate Street,-37.908614,145.089775,4.0,2.0,house,2.0,2017-10-07,,,"$1,160,000"
property-house-vic-oakleigh-126300666,Oakleigh,3166,1/2 Albert Avenue,-37.898281,145.093599,2.0,1.0,house,1.0,2017-10-07,,,"$585,000"
property-house-vic-oakleigh-126218886,Oakleigh,3166,33 Abbeygate Street,-37.90667,145.0895,5.0,3.0,house,2.0,2017-09-28,547.0,m2,"$1,820,000"
property-house-vic-oakleigh-126238494,Oakleigh,3166,1243 North Road,-37.910724,145.09881,4.0,1.0,house,2.0,2017-09-23,708.0,m2,"$1,091,000"
property-unit-vic-oakleigh-126218046,Oakleigh,3166,1/126 Atherton Road,-37.900509,145.097871,2.0,1.0,unit,2.0,2017-09-23,200.0,m2,"$743,000"
property-apartment-vic-oakleigh-124488334,Oakleigh,3166,706/19-21 Hanover Street,-37.900882,145.091633,1.0,1.0,apartment,1.0,2017-09-19,,,"$380,000"
property-house-vic-oakleigh-126144486,Oakleigh,3166,55 Golf Links Avenue,-37.908805,145.090286,4.0,1.0,house,2.0,2017-09-09,720.0,m2,"$1,470,000"
property-apartment-vic-oakleigh-126150666,Oakleigh,3166,6/103 Atherton Road,-37.898982,145.095101,2.0,1.0,apartment,1.0,2017-09-09,,,"$420,000"
property-house-vic-oakleigh-126166122,Oakleigh,3166,9 Young Street,-37.907061,145.095093,4.0,2.0,house,1.0,2017-09-08,,,"$1,495,000"
property-unit-vic-oakleigh-126047574,Oakleigh,3166,7/7 Albert Avenue,-37.897646,145.094383,2.0,1.0,unit,1.0,2017-09-02,,,"$569,000"
property-house-vic-oakleigh-126033654,Oakleigh,3166,8 William Street,-37.901564,145.103611,3.0,2.0,house,2.0,2017-08-26,538.0,m2,"$1,360,000"
property-house-vic-oakleigh-126011810,Oakleigh,3166,8/13 Heath Avenue,-37.901194,145.097325,3.0,2.0,house,2.0,2017-08-19,,,"$1,157,000"
property-house-vic-oakleigh-125950890,Oakleigh,3166,6 Gillon Court,-37.892104,145.104832,4.0,2.0,house,3.0,2017-08-12,,,"$1,415,000"
property-house-vic-oakleigh-125833206,Oakleigh,3166,128 Atherton Road,-37.900213,145.09803,2.0,1.0,house,1.0,2017-08-11,553.0,m2,"$1,080,000"
property-house-vic-oakleigh-126026058,Oakleigh,3166,38 Andrew Street,-37.909505,145.094192,2.0,1.0,house,1.0,2017-08-09,673.0,m2,"$1,260,000"
property-unit-vic-oakleigh-125917674,Oakleigh,3166,3/25 Connell Road,-37.90227,145.097856,2.0,1.0,unit,3.0,2017-08-05,195.0,m2,"$739,000"
property-unit-vic-oakleigh-125885222,Oakleigh,3166,4/1 York Avenue,-37.899282,145.101395,2.0,1.0,unit,1.0,2017-08-05,190.0,m2,"$690,000"
property-apartment-vic-oakleigh-125922162,Oakleigh,3166,11/82-86 Atherton Road,-37.899535,145.093755,2.0,1.0,apartment,1.0,2017-08-01,,,"$383,000"
property-house-vic-oakleigh-125823942,Oakleigh,3166,142 Atherton Road,-37.90038,145.099619,4.0,1.0,house,2.0,2017-07-20,606.0,m2,"$1,405,000"
property-unit-vic-oakleigh-125756354,Oakleigh,3166,1/167 Atherton Road,-37.900109,145.102147,2.0,1.0,unit,1.0,2017-07-16,,,"$510,000"
property-house-vic-oakleigh-125728486,Oakleigh,3166,42 Bishop Street,-37.908245,145.093279,4.0,2.0,house,2.0,2017-07-15,592.0,m2,"$1,610,000"
property-unit-vic-oakleigh-125721158,Oakleigh,3166,2/1514 Dandenong Road,-37.898674,145.101092,3.0,2.0,unit,2.0,2017-07-15,221.0,m2,"$775,000"
property-house-vic-oakleigh-125720046,Oakleigh,3166,32 Stamford Road,-37.8954,145.100624,3.0,2.0,house,2.0,2017-07-08,655.0,m2,"$1,365,000"
property-house-vic-oakleigh-125567586,Oakleigh,3166,5 Eastgate Street,-37.904632,145.088843,5.0,2.0,house,2.0,2017-06-24,546.0,m2,"$1,750,000"
property-house-vic-oakleigh-125593626,Oakleigh,3166,25 Andrew Street,-37.907446,145.093916,3.0,1.0,house,2.0,2017-06-24,,,"$1,381,000"
property-house-vic-oakleigh-125640866,Oakleigh,3166,10 Henry Street,-37.901816,145.104554,3.0,1.0,house,4.0,2017-06-14,543.0,m2,"$1,250,000"
property-house-vic-oakleigh-125415466,Oakleigh,3166,31 Westgate Street,-37.906236,145.08643,3.0,1.0,house,1.0,2017-06-03,,,"$1,245,000"
property-unit-vic-oakleigh-125246318,Oakleigh,3166,3/26 Grant Street,-37.899118,145.098177,2.0,1.0,unit,1.0,2017-06-02,,,"$650,000"
property-house-vic-oakleigh-125118934,Oakleigh,3166,3 Caloola Avenue,-37.890239,145.089665,3.0,1.0,house,2.0,2017-05-30,890.0,m2,"$1,625,000"
property-house-vic-oakleigh-125352974,Oakleigh,3166,17 John Street,-37.901936,145.100954,2.0,1.0,house,2.0,2017-05-27,,,"$1,225,000"
property-house-vic-oakleigh-125331322,Oakleigh,3166,14 Mora Avenue,-37.902298,145.088877,3.0,1.0,house,2.0,2017-05-27,475.0,m2,"$1,170,000"
property-unit-vic-oakleigh-125216310,Oakleigh,3166,1/1438 Dandenong Road,-37.894646,145.094355,3.0,1.0,unit,2.0,2017-05-15,160.0,m2,"$717,000"
property-house-vic-oakleigh-125235758,Oakleigh,3166,24 Gadd Street,-37.909839,145.097176,5.0,3.0,house,2.0,2017-05-13,707.0,m2,"$1,351,000"
property-house-vic-oakleigh-125366770,Oakleigh,3166,160 Warrigal Road,-37.907714,145.085729,3.0,2.0,house,2.0,2017-05-11,572.0,m2,"$930,000"
property-house-vic-oakleigh-125113490,Oakleigh,3166,65 Drummond Street,-37.889931,145.090956,5.0,3.0,house,2.0,2017-05-06,660.0,m2,"$1,570,000"
property-apartment-vic-oakleigh-125238802,Oakleigh,3166,22/79 Atherton Road,-37.898852,145.09391,2.0,1.0,apartment,1.0,2017-05-05,,,"$435,000"
property-house-vic-oakleigh-125032110,Oakleigh,3166,7 Hilbert Court,-37.895024,145.101506,4.0,2.0,house,2.0,2017-04-22,538.0,m2,"$1,145,000"
property-apartment-vic-oakleigh-124731858,Oakleigh,3166,7/6 Willgilson Court,-37.90618,145.092482,1.0,1.0,apartment,1.0,2017-04-21,,,"$352,000"
property-unit-vic-oakleigh-124896950,Oakleigh,3166,9/167 Atherton Road,-37.900109,145.102147,2.0,1.0,unit,1.0,2017-04-17,115.0,m2,"$535,000"
property-house-vic-oakleigh-124980078,Oakleigh,3166,101 Atkinson Street,-37.89521,145.092703,4.0,2.0,house,,2017-04-08,1143.0,m2,"$2,525,000"
property-house-vic-oakleigh-124960814,Oakleigh,3166,12 Watsonia Street,-37.910042,145.096113,4.0,2.0,house,2.0,2017-04-08,,,"$1,615,000"
property-house-vic-oakleigh-124913866,Oakleigh,3166,32 Henry Street,-37.904141,145.104107,3.0,1.0,house,2.0,2017-04-08,530.0,m2,"$1,077,000"
property-house-vic-oakleigh-125083014,Oakleigh,3166,1183 North Road,-37.910048,145.092452,3.0,1.0,house,2.0,2017-04-02,,,"$1,018,000"
property-townhouse-vic-oakleigh-124896994,Oakleigh,3166,5/28 Devon Grove,-37.896011,145.103603,4.0,2.0,townhouse,4.0,2017-04-01,250.0,m2,"$986,000"
property-house-vic-oakleigh-125142746,Oakleigh,3166,61 Hatter Street,-37.909016,145.086949,3.0,1.0,house,1.0,2017-03-25,,,"$1,262,500"
property-house-vic-oakleigh-124842098,Oakleigh,3166,45 Greville Street,-37.906048,145.109458,5.0,1.0,house,,2017-03-25,595.0,m2,"$1,155,000"
property-apartment-vic-oakleigh-124848938,Oakleigh,3166,4/6 Willgilson Court,-37.90618,145.092482,2.0,1.0,apartment,1.0,2017-03-25,,,"$470,000"
property-house-vic-oakleigh-124750202,Oakleigh,3166,13 Hilbert Court,-37.895188,145.100992,3.0,1.0,house,2.0,2017-03-18,548.0,m2,"$1,033,000"
property-house-vic-oakleigh-124676886,Oakleigh,3166,1231 North Road,-37.910578,145.097564,4.0,1.0,house,2.0,2017-03-18,,,"$991,000"
property-unit-vic-oakleigh-124746826,Oakleigh,3166,1/62 Golf Links Avenue,-37.909334,145.090953,3.0,1.0,unit,2.0,2017-03-18,290.0,m2,"$849,500"
property-townhouse-vic-oakleigh-123304122,Oakleigh,3166,3/110 Haughton Road,-37.908564,145.098276,4.0,3.0,townhouse,2.0,2017-03-16,223.0,m2,"$940,000"
property-apartment-vic-oakleigh-124770078,Oakleigh,3166,14/103 Atherton Road,-37.898982,145.095101,2.0,1.0,apartment,1.0,2017-03-08,,,"$417,000"
property-house-vic-oakleigh-124585874,Oakleigh,3166,128 Atherton Road,-37.900213,145.09803,2.0,1.0,house,2.0,2017-03-04,553.0,m2,"$1,010,000"
property-house-vic-oakleigh-124549062,Oakleigh,3166,197 Huntingdale Road,-37.902271,145.104876,3.0,1.0,house,2.0,2017-02-25,544.0,m2,"$1,025,000"
property-unit-vic-oakleigh-124546162,Oakleigh,3166,24/79 Atherton Road,-37.898852,145.09391,2.0,1.0,unit,1.0,2017-02-21,,,"$415,000"
property-house-vic-oakleigh-124454282,Oakleigh,3166,13 Classic Court,-37.893992,145.105195,4.0,2.0,house,2.0,2017-02-18,531.0,m2,"$1,200,000"
property-house-vic-oakleigh-124426630,Oakleigh,3166,3 Estelle Street,-37.89226,145.101368,3.0,1.0,house,2.0,2017-02-11,602.0,m2,"$1,045,000"
property-apartment-vic-oakleigh-124201438,Oakleigh,3166,301/19-21 Hanover Street,-37.900882,145.091633,1.0,1.0,apartment,1.0,2017-02-10,,,"$370,000"
property-unit-vic-oakleigh-124327034,Oakleigh,3166,5/24 Grant Street,-37.898892,145.098352,2.0,1.0,unit,1.0,2017-01-18,179.0,m2,"$627,500"
property-house-vic-oakleigh-124182982,Oakleigh,3166,1/157 Atherton Road,-37.899969,145.100919,3.0,2.0,house,2.0,2016-12-17,,,"$906,000"
property-house-vic-oakleigh-123805786,Oakleigh,3166,53 Golf Links Avenue,-37.908684,145.090309,5.0,3.0,house,2.0,2016-12-02,,,"$1,700,000"
property-house-vic-oakleigh-123931286,Oakleigh,3166,36 Hatter Street,-37.906602,145.088049,3.0,1.0,house,2.0,2016-11-26,,,"$1,225,000"
property-house-vic-oakleigh-123882158,Oakleigh,3166,134 Atherton Road,-37.90029,145.09896,4.0,1.0,house,2.0,2016-11-19,803.0,m2,"$1,641,000"
property-townhouse-vic-oakleigh-123912070,Oakleigh,3166,2/1221 North Road (Positioned On Gadd St),-37.91037,145.096542,3.0,3.0,townhouse,2.0,2016-11-19,,,"$870,000"
property-house-vic-oakleigh-123907058,Oakleigh,3166,53 Queens Avenue,-37.903813,145.09081,4.0,1.0,house,2.0,2016-11-17,593.0,m2,"$1,310,000"
property-house-vic-oakleigh-123815514,Oakleigh,3166,105 Atkinson Street,-37.895552,145.09264,3.0,1.0,house,2.0,2016-11-12,554.0,m2,"$1,225,000"
property-house-vic-oakleigh-123819454,Oakleigh,3166,1173 North Road,-37.909955,145.09145,3.0,1.0,house,2.0,2016-11-12,650.0,m2,"$1,035,000"
property-unit-vic-oakleigh-123805726,Oakleigh,3166,2/34 Queens Avenue,-37.904072,145.089474,3.0,2.0,unit,2.0,2016-11-12,379.0,m2,"$969,000"
property-apartment-vic-oakleigh-123888926,Oakleigh,3166,308/19-21 Hanover Street,-37.900882,145.091633,1.0,1.0,apartment,1.0,2016-11-03,,,"$385,000"
property-house-vic-oakleigh-123741886,Oakleigh,3166,115 Atkinson Street,-37.897006,145.092353,3.0,1.0,house,2.0,2016-10-29,,,"$1,175,000"
property-townhouse-vic-oakleigh-123610002,Oakleigh,3166,1494B Dandenong Road,-37.897626,145.099592,3.0,2.0,townhouse,2.0,2016-10-19,,,"$825,500"
property-unit-vic-oakleigh-123588070,Oakleigh,3166,1/1478 Dandenong Road,-37.896892,145.098147,3.0,1.0,unit,2.0,2016-10-15,,,"$690,000"
property-house-vic-oakleigh-123521182,Oakleigh,3166,6 Cambridge Street,-37.904477,145.09243,3.0,1.0,house,3.0,2016-10-14,483.0,m2,"$1,100,000"
property-apartment-vic-oakleigh-123507538,Oakleigh,3166,103/63-65 Atherton Road,-37.898865,145.092668,2.0,2.0,apartment,1.0,2016-10-13,,,"$545,000"
property-house-vic-oakleigh-123428202,Oakleigh,3166,46 John Street,-37.904874,145.100979,4.0,3.0,house,2.0,2016-10-08,550.0,m2,"$1,160,000"
property-house-vic-oakleigh-123535406,Oakleigh,3166,4 Leroux Street,-37.896094,145.104749,3.0,1.0,house,2.0,2016-10-08,690.0,m2,"$1,076,000"
property-house-vic-oakleigh-123588074,Oakleigh,3166,53 William Street,-37.905448,145.102274,3.0,2.0,house,2.0,2016-10-06,543.0,m2,"$1,050,000"
property-house-vic-oakleigh-122516542,Oakleigh,3166,1474 Dandenong Road,-37.896712,145.097833,4.0,1.0,house,2.0,2016-09-22,,,"$888,000"
property-apartment-vic-oakleigh-123358998,Oakleigh,3166,2/105 Atherton Road,-37.89926,145.095539,2.0,1.0,apartment,1.0,2016-09-22,,,"$380,000"
property-house-vic-oakleigh-123386834,Oakleigh,3166,56 Burlington Street,-37.902852,145.097022,3.0,1.0,house,2.0,2016-09-17,636.0,m2,"$1,040,500"
property-apartment-vic-oakleigh-122769050,Oakleigh,3166,7/24 Haughton Road,-37.901554,145.089015,2.0,1.0,apartment,1.0,2016-09-14,,,"$395,000"
property-house-vic-oakleigh-123026822,Oakleigh,3166,33 Ferntree Gully Road,-37.896435,145.1039,3.0,2.0,house,4.0,2016-09-09,780.0,m2,"$1,155,250"
property-house-vic-oakleigh-123255450,Oakleigh,3166,15 Golf Links Avenue,-37.905701,145.090842,4.0,2.0,house,2.0,2016-09-03,885.0,m2,"$1,546,000"
property-house-vic-oakleigh-123041082,Oakleigh,3166,34 William Street,-37.904159,145.103107,3.0,2.0,house,2.0,2016-07-30,,,"$1,320,000"
property-house-vic-oakleigh-123056410,Oakleigh,3166,11 Eastgate Street,-37.90504,145.088763,3.0,1.0,house,1.0,2016-07-30,,,"$1,003,000"
property-unit-vic-oakleigh-123055670,Oakleigh,3166,9/126 Atherton Road,-37.900509,145.097871,3.0,1.0,unit,1.0,2016-07-30,,,"$665,000"
property-unit-vic-oakleigh-122925818,Oakleigh,3166,1/233 Huntingdale Road,-37.905779,145.1042,3.0,1.0,unit,2.0,2016-07-23,,,"$637,000"
property-townhouse-vic-oakleigh-122914710,Oakleigh,3166,2/28 Devon Grove,-37.896011,145.103603,4.0,2.0,townhouse,2.0,2016-07-19,,,"$800,000"
property-house-vic-oakleigh-122967482,Oakleigh,3166,126 Burlington Street,-37.903717,145.104454,2.0,1.0,house,2.0,2016-07-16,,,"$600,000"
property-house-vic-oakleigh-122775810,Oakleigh,3166,49 Burlington Street,-37.902363,145.09658,2.0,2.0,house,2.0,2016-06-29,,,"$868,000"
property-house-vic-oakleigh-122762766,Oakleigh,3166,62 Eastgate Street,-37.908685,145.08871,4.0,1.0,house,2.0,2016-06-25,604.0,m2,"$1,180,000"
property-house-vic-oakleigh-122768326,Oakleigh,3166,9 Winifred Street,-37.895187,145.101896,3.0,1.0,house,2.0,2016-06-25,697.0,m2,"$1,124,000"
property-house-vic-oakleigh-122795454,Oakleigh,3166,1/157 Atherton Road,-37.899969,145.100919,3.0,1.0,house,2.0,2016-06-25,,,"$633,500"
property-house-vic-oakleigh-122730738,Oakleigh,3166,799 Warrigal Road,-37.89105,145.088938,2.0,1.0,house,2.0,2016-06-18,602.0,m2,"$690,000"
property-townhouse-vic-oakleigh-122300658,Oakleigh,3166,39 Young Street,-37.910127,145.094663,4.0,2.0,townhouse,2.0,2016-06-11,,,"$760,000"
property-house-vic-oakleigh-122572918,Oakleigh,3166,5 Grant Street,-37.897307,145.09775,5.0,3.0,house,2.0,2016-06-09,699.0,m2,"$1,655,000"
property-unit-vic-oakleigh-122540442,Oakleigh,3166,2/1 York Avenue,-37.899282,145.101395,2.0,1.0,unit,1.0,2016-05-28,222.0,m2,"$600,000"
property-house-vic-oakleigh-122469078,Oakleigh,3166,66 Haughton Road,-37.905907,145.094811,3.0,1.0,house,2.0,2016-05-19,,,"$720,000"
property-apartment-vic-oakleigh-122431430,Oakleigh,3166,11/79 Atherton Road,-37.898852,145.09391,2.0,1.0,apartment,1.0,2016-05-19,,,"$420,000"
property-house-vic-oakleigh-122300734,Oakleigh,3166,13 Eastgate Street,-37.905177,145.088737,4.0,2.0,house,2.0,2016-04-30,550.0,m2,"$1,370,000"
property-house-vic-oakleigh-122304466,Oakleigh,3166,1446 Dandenong Road,-37.89522,145.095281,3.0,1.0,house,2.0,2016-04-30,714.0,m2,"$872,000"
property-house-vic-oakleigh-122324006,Oakleigh,3166,3 Brighton Street,-37.908894,145.095778,5.0,2.0,house,,2016-04-28,,,"$1,100,000"
property-unit-vic-oakleigh-122143610,Oakleigh,3166,184 Atherton Road,-37.900895,145.104021,3.0,1.0,unit,1.0,2016-04-21,,,"$805,000"
property-house-vic-oakleigh-122146478,Oakleigh,3166,1 Best Street,-37.908005,145.091708,4.0,3.0,house,2.0,2016-04-09,535.0,m2,"$951,000"
property-townhouse-vic-oakleigh-122093986,Oakleigh,3166,8/167 Atherton Road,-37.900109,145.102147,2.0,1.0,townhouse,1.0,2016-04-06,,,"$460,000"
property-house-vic-oakleigh-121967654,Oakleigh,3166,22 Westminster Street,-37.901849,145.095708,3.0,1.0,house,2.0,2016-04-05,500.0,m2,"$980,000"
property-house-vic-oakleigh-121998606,Oakleigh,3166,100 Haughton Road,-37.908066,145.097617,2.0,1.0,house,2.0,2016-03-19,,,"$894,000"
property-house-vic-oakleigh-121759238,Oakleigh,3166,128A Atherton Road,-37.90023,145.098137,4.0,2.0,house,1.0,2016-03-09,500.0,m2,"$1,115,000"
property-house-vic-oakleigh-121760986,Oakleigh,3166,28 Young Street,-37.910072,145.09515,5.0,2.0,house,2.0,2016-03-05,540.0,m2,"$1,275,000"
property-townhouse-vic-oakleigh-121903826,Oakleigh,3166,1/38 Estelle Street,-37.893391,145.106401,4.0,2.0,townhouse,2.0,2016-03-04,,,"$965,000"
property-house-vic-oakleigh-121758026,Oakleigh,3166,17 Winifred Street,-37.895728,145.101798,4.0,2.0,house,2.0,2016-02-27,,,"$1,243,000"
property-unit-vic-oakleigh-121713422,Oakleigh,3166,5/16 Regent Street,-37.900643,145.095063,2.0,1.0,unit,1.0,2016-02-20,229.0,m2,"$543,000"
property-house-vic-oakleigh-121561198,Oakleigh,3166,15 Raymond Court,-37.892105,145.102941,4.0,1.0,house,2.0,2016-01-19,578.0,m2,"$1,090,000"
property-townhouse-vic-oakleigh-120190201,Oakleigh,3166,20/1650 Dandenong Road,-37.907078,145.114913,2.0,1.0,townhouse,1.0,2015-12-24,,,"$401,000"
property-unit-vic-oakleigh-120834769,Oakleigh,3166,1/15 Gadd Street,-37.908761,145.096702,3.0,2.0,unit,1.0,2015-12-15,,,"$690,000"
property-house-vic-oakleigh-121252718,Oakleigh,3166,10 Westminster Street,-37.90074,145.095921,4.0,2.0,house,2.0,2015-12-14,,,"$1,285,500"
property-house-vic-oakleigh-121291382,Oakleigh,3166,52 Queens Avenue,-37.904294,145.09075,3.0,2.0,house,1.0,2015-12-12,,,"$1,100,000"
property-apartment-vic-oakleigh-121047078,Oakleigh,3166,7/1 Heath Avenue,-37.901027,145.09619,2.0,1.0,apartment,1.0,2015-12-12,,,"$350,000"
property-house-vic-oakleigh-121173942,Oakleigh,3166,35 Burlington Street,-37.902067,145.095574,5.0,1.0,house,4.0,2015-11-28,,,"$980,000"
property-house-vic-oakleigh-120792005,Oakleigh,3166,6 Grant Street,-37.897691,145.098473,3.0,1.0,house,2.0,2015-11-18,820.0,m2,"$1,200,000"
property-house-vic-oakleigh-121038210,Oakleigh,3166,57 Hatter Street,-37.908732,145.087002,4.0,1.0,house,2.0,2015-11-14,,,"$932,500"
property-townhouse-vic-oakleigh-121051138,Oakleigh,3166,3/28 Devon Grove,-37.896011,145.103603,4.0,2.0,townhouse,2.0,2015-11-14,,,"$775,000"
property-unit-vic-oakleigh-120878181,Oakleigh,3166,4/15 Taylor Street,-37.895554,145.092293,2.0,1.0,unit,1.0,2015-11-14,244.0,m2,"$618,000"
property-house-vic-oakleigh-120935481,Oakleigh,3166,16 Hatter Street,-37.905268,145.088307,2.0,1.0,house,2.0,2015-11-07,560.0,m2,"$945,000"
property-house-vic-oakleigh-120832345,Oakleigh,3166,2 Mead Court,-37.907096,145.091968,3.0,2.0,house,1.0,2015-10-24,,,"$975,000"
property-house-vic-oakleigh-120849317,Oakleigh,3166,1181 North Road,-37.910033,145.092287,3.0,1.0,house,1.0,2015-10-23,568.0,m2,"$830,000"
property-house-vic-oakleigh-120834801,Oakleigh,3166,29 Gadd Street,-37.909947,145.096522,2.0,1.0,house,2.0,2015-10-22,537.0,m2,"$880,000"
property-house-vic-oakleigh-120760445,Oakleigh,3166,2 Gillon Court,-37.891847,145.104602,4.0,4.0,house,2.0,2015-10-20,658.0,m2,"$1,050,000"
property-house-vic-oakleigh-120762369,Oakleigh,3166,33 Abbeygate Street,-37.90667,145.0895,5.0,3.0,house,2.0,2015-10-19,547.0,m2,"$1,575,000"
property-house-vic-oakleigh-120781409,Oakleigh,3166,2 Mill Road,-37.901407,145.087994,4.0,2.0,house,2.0,2015-10-17,563.0,m2,"$1,451,000"
property-house-vic-oakleigh-120763129,Oakleigh,3166,10 Andrew Street,-37.906737,145.094689,4.0,2.0,house,2.0,2015-10-17,,,"$1,346,000"
property-house-vic-oakleigh-120757053,Oakleigh,3166,51 Henry Street,-37.905432,145.103274,5.0,2.0,house,2.0,2015-10-17,,,"$1,050,000"
property-house-vic-oakleigh-120797561,Oakleigh,3166,1/146 Atherton Road,-37.90056,145.099909,3.0,1.0,house,2.0,2015-10-16,,,"$690,000"
property-apartment-vic-oakleigh-120287401,Oakleigh,3166,402/19-21 Hanover Street,-37.900882,145.091633,1.0,1.0,apartment,1.0,2015-10-16,,,"$320,000"
property-house-vic-oakleigh-120712449,Oakleigh,3166,1/1520 Dandenong Road,-37.898927,145.101499,3.0,2.0,house,1.0,2015-10-13,,,"$685,000"
property-unit-vic-oakleigh-120692641,Oakleigh,3166,1/34 Heath Avenue,-37.90227,145.099604,3.0,2.0,unit,1.0,2015-10-10,240.0,m2,"$763,000"
property-apartment-vic-oakleigh-120753617,Oakleigh,3166,6/1 Heath Avenue,-37.901027,145.09619,2.0,1.0,apartment,1.0,2015-10-10,,,"$376,000"
property-house-vic-oakleigh-120611169,Oakleigh,3166,7 Nelson Avenue,-37.895589,145.094318,3.0,1.0,house,2.0,2015-09-28,,,"$1,060,000"
property-house-vic-oakleigh-120614473,Oakleigh,3166,18 Heath Avenue,-37.901992,145.097357,3.0,2.0,house,3.0,2015-09-26,,,"$1,380,000"
property-house-vic-oakleigh-120449277,Oakleigh,3166,199 Huntingdale Road,-37.902407,145.104851,3.0,2.0,house,1.0,2015-09-26,543.0,m2,"$865,000"
property-house-vic-oakleigh-120555997,Oakleigh,3166,8 Norfolk Avenue,-37.899269,145.100899,4.0,1.0,house,2.0,2015-09-19,,,"$1,278,000"
property-house-vic-oakleigh-120592153,Oakleigh,3166,79 Drummond Street,-37.891265,145.090825,3.0,1.0,house,2.0,2015-09-19,,,"$999,000"
property-house-vic-oakleigh-120477193,Oakleigh,3166,38 Andrew Street,-37.909505,145.094192,2.0,1.0,house,2.0,2015-09-12,,,"$1,125,000"
property-house-vic-oakleigh-120513465,Oakleigh,3166,26 Regent Street,-37.901199,145.094908,2.0,1.0,house,1.0,2015-09-12,,,"$960,000"
property-house-vic-oakleigh-120515509,Oakleigh,3166,1/13 Parer Street,-37.909625,145.09774,3.0,1.0,house,1.0,2015-09-12,,,"$715,000"
property-house-vic-oakleigh-120445253,Oakleigh,3166,18 John Street,-37.90214,145.101505,3.0,2.0,house,2.0,2015-09-05,,,"$945,000"
property-house-vic-oakleigh-120407177,Oakleigh,3166,12 Westgate Street,-37.904978,145.08731,5.0,2.0,house,2.0,2015-09-04,,,"$1,365,000"
property-house-vic-oakleigh-120351961,Oakleigh,3166,13 Watsonia Street,-37.910117,145.095532,3.0,2.0,house,2.0,2015-09-02,,,"$1,051,000"
property-house-vic-oakleigh-120427073,Oakleigh,3166,156 Warrigal Road,-37.907426,145.085783,3.0,2.0,house,1.0,2015-08-31,,,"$810,000"
property-house-vic-oakleigh-120415181,Oakleigh,3166,39 Hatter Street,-37.907461,145.087243,4.0,2.0,house,2.0,2015-08-29,,,"$1,280,000"
property-unit-vic-oakleigh-120390393,Oakleigh,3166,2/29 Golf Links Avenue,-37.906901,145.090623,3.0,2.0,unit,2.0,2015-08-29,,,"$700,500"
property-house-vic-oakleigh-120354297,Oakleigh,3166,58 Hatter Street,-37.908668,145.087656,2.0,1.0,house,1.0,2015-08-20,,,"$932,000"
property-apartment-vic-oakleigh-120230197,Oakleigh,3166,16/1 Heath Avenue,-37.901027,145.09619,2.0,1.0,apartment,1.0,2015-08-15,,,"$350,500"
property-house-vic-oakleigh-120174593,Oakleigh,3166,2/233 Huntingdale Road,-37.905779,145.1042,3.0,1.0,house,1.0,2015-08-08,,,"$600,000"
property-house-vic-oakleigh-120225069,Oakleigh,3166,132 Drummond Street,-37.896009,145.090641,3.0,1.0,house,1.0,2015-08-07,809.0,m2,"$1,660,000"
property-house-vic-oakleigh-120174601,Oakleigh,3166,7 George Street,-37.901377,145.102062,3.0,1.0,house,1.0,2015-08-01,,,"$1,071,000"
property-house-vic-oakleigh-120216517,Oakleigh,3166,16 Grandview Grove,-37.894596,145.105698,3.0,1.0,house,2.0,2015-07-30,,,"$905,000"
property-house-vic-oakleigh-120174633,Oakleigh,3166,2/25 Grant Street,-37.898662,145.097455,3.0,1.0,house,2.0,2015-07-29,,,"$845,000"
property-house-vic-oakleigh-120102921,Oakleigh,3166,45 George Street,-37.904787,145.101404,2.0,1.0,house,1.0,2015-07-25,534.0,m2,"$930,000"
property-townhouse-vic-oakleigh-119998593,Oakleigh,3166,2/10 Grandview Grove,-37.89417,145.10578,4.0,2.0,townhouse,2.0,2015-07-21,,,"$940,000"
property-house-vic-oakleigh-120018773,Oakleigh,3166,28 Wilson Street,-37.908545,145.095938,4.0,2.0,house,,2015-07-11,,,"$1,220,000"
property-house-vic-oakleigh-120035593,Oakleigh,3166,23 Dalgety Street,-37.891583,145.090834,3.0,1.0,house,2.0,2015-07-11,,,"$1,060,000"
property-house-vic-oakleigh-120018065,Oakleigh,3166,212A Huntingdale Road,-37.902591,145.10513,3.0,2.0,house,2.0,2015-07-04,378.0,m2,"$820,000"
property-unit-vic-oakleigh-119897285,Oakleigh,3166,2/6 Albert Avenue,-37.898331,145.094047,2.0,1.0,unit,1.0,2015-06-27,,,"$535,000"
property-apartment-vic-oakleigh-119528551,Oakleigh,3166,22/82-86 Atherton Road,-37.899535,145.093755,2.0,1.0,apartment,1.0,2015-06-24,,,"$365,000"
property-house-vic-oakleigh-119868193,Oakleigh,3166,60 Westgate Street,-37.908968,145.086548,2.0,1.0,house,4.0,2015-06-20,,,"$965,000"
property-townhouse-vic-oakleigh-118713547,Oakleigh,3166,3/40 Heath Avenue,-37.902336,145.100116,3.0,2.0,townhouse,2.0,2015-06-20,,,"$860,000"
property-house-vic-oakleigh-119772899,Oakleigh,3166,25 George Street,-37.902733,145.101801,4.0,3.0,house,2.0,2015-06-13,549.0,m2,"$1,163,000"
property-house-vic-oakleigh-119847009,Oakleigh,3166,48 Hatter Street,-37.907964,145.08779,4.0,2.0,house,2.0,2015-06-13,,,"$1,100,000"
property-unit-vic-oakleigh-119800707,Oakleigh,3166,1/2 Fogarty Court,-37.895814,145.10092,2.0,1.0,unit,1.0,2015-06-13,,,"$573,000"
property-house-vic-oakleigh-119706139,Oakleigh,3166,30 Wilson Street,-37.908563,145.096096,3.0,2.0,house,1.0,2015-05-30,,,"$912,000"
property-townhouse-vic-oakleigh-118936495,Oakleigh,3166,2/139 Huntingdale Road,-37.894652,145.106177,4.0,2.0,townhouse,2.0,2015-05-20,,,"$745,000"
property-house-vic-oakleigh-119469991,Oakleigh,3166,51 William Street,-37.905312,145.1023,5.0,2.0,house,2.0,2015-05-02,550.0,m2,"$1,320,000"
property-house-vic-oakleigh-119469475,Oakleigh,3166,7 Holland Court,-37.900692,145.096832,3.0,1.0,house,1.0,2015-05-02,771.0,m2,"$1,189,000"
property-house-vic-oakleigh-119337751,Oakleigh,3166,43 Queens Avenue,-37.903723,145.089973,3.0,1.0,house,1.0,2015-04-18,492.0,m2,"$1,015,000"
property-house-vic-oakleigh-119365511,Oakleigh,3166,39 Henry Street,-37.904615,145.103431,3.0,1.0,house,2.0,2015-04-18,,,"$918,000"
property-house-vic-oakleigh-119099391,Oakleigh,3166,19 Henry Street,-37.902426,145.103853,3.0,1.0,house,2.0,2015-04-14,,,"$905,000"
property-house-vic-oakleigh-119298123,Oakleigh,3166,67 Drummond Street,-37.890056,145.090933,4.0,2.0,house,2.0,2015-04-11,592.0,m2,"$1,275,000"
property-house-vic-oakleigh-119425607,Oakleigh,3166,12 Mercer Street,-37.898101,145.104902,4.0,2.0,house,2.0,2015-04-10,,,"$1,320,000"
property-house-vic-oakleigh-119198627,Oakleigh,3166,781 Warrigal Road (access via Allen St),-37.889173,145.089335,3.0,1.0,house,2.0,2015-03-28,562.0,m2,"$845,500"
property-house-vic-oakleigh-119168319,Oakleigh,3166,210 Huntingdale Road,-37.902588,145.105478,3.0,1.0,house,1.0,2015-03-28,,,"$737,000"
property-house-vic-oakleigh-119297979,Oakleigh,3166,29 Queens Avenue,-37.90361,145.088949,4.0,2.0,house,2.0,2015-03-27,,,"$1,220,000"
property-house-vic-oakleigh-119116367,Oakleigh,3166,50 Queens Avenue,-37.904283,145.090646,2.0,1.0,house,2.0,2015-03-21,,,"$785,000"
property-unit-vic-oakleigh-119157427,Oakleigh,3166,1/16 Parer Street,-37.91012,145.098365,3.0,1.0,unit,1.0,2015-03-21,340.0,m2,"$702,000"
property-house-vic-oakleigh-118624487,Oakleigh,3166,53 Queens Avenue,-37.903813,145.09081,3.0,1.0,house,1.0,2015-03-19,,,"$900,000"
property-apartment-vic-oakleigh-118506387,Oakleigh,3166,15/119 Atkinson Street,-37.897556,145.092233,2.0,1.0,apartment,1.0,2015-01-10,,,"$390,000"
property-house-vic-oakleigh-118424319,Oakleigh,3166,20 Wilson Street,-37.908474,145.095323,3.0,1.0,house,4.0,2014-12-06,,,"$880,000"
property-house-vic-oakleigh-118353587,Oakleigh,3166,25 Andrew Street,-37.907446,145.093916,3.0,1.0,house,2.0,2014-11-29,,,"$852,000"
property-townhouse-vic-oakleigh-118325711,Oakleigh,3166,10/16 Grant Street,-37.898277,145.098465,3.0,2.0,townhouse,2.0,2014-11-29,,,"$710,000"
property-house-vic-oakleigh-118278255,Oakleigh,3166,42 Abbeygate Street,-37.907885,145.089913,3.0,1.0,house,2.0,2014-11-22,660.0,m2,"$870,000"
property-townhouse-vic-oakleigh-118242447,Oakleigh,3166,106c Burlington Street,-37.903446,145.102146,3.0,2.0,townhouse,1.0,2014-11-22,,,"$700,000"
property-house-vic-oakleigh-118133511,Oakleigh,3166,4 York Avenue,-37.899737,145.102097,3.0,2.0,house,1.0,2014-11-07,747.0,m2,"$1,080,000"
property-house-vic-oakleigh-118031619,Oakleigh,3166,39 Queens Ave,-37.903689,145.089655,4.0,2.0,house,2.0,2014-10-25,,,"$1,155,000"
property-house-vic-oakleigh-118009863,Oakleigh,3166,6 Garnett Street,-37.902852,145.106577,3.0,2.0,house,2.0,2014-10-25,,,"$821,000"
property-house-vic-oakleigh-117924255,Oakleigh,3166,1687 Dandenong Road,-37.899318,145.103985,3.0,2.0,house,2.0,2014-10-13,,,"$1,035,000"
property-house-vic-oakleigh-117890559,Oakleigh,3166,17 George Street,-37.902052,145.101932,3.0,1.0,house,2.0,2014-10-11,544.0,m2,"$830,500"
property-house-vic-oakleigh-117924695,Oakleigh,3166,23 Grant Street,-37.898498,145.097478,2.0,1.0,house,2.0,2014-10-07,,,"$740,000"
property-house-vic-oakleigh-117869007,Oakleigh,3166,120 Burlington Street,-37.903714,145.103701,4.0,2.0,house,2.0,2014-10-04,,,"$1,060,000"
property-house-vic-oakleigh-117656623,Oakleigh,3166,26 Oxford Street,-37.900915,145.093111,3.0,3.0,house,1.0,2014-09-26,,,"$1,060,000"
property-townhouse-vic-oakleigh-117752775,Oakleigh,3166,1/5 Winifred Street,-37.894912,145.101792,4.0,2.0,townhouse,2.0,2014-09-20,,,"$950,000"
property-house-vic-oakleigh-117761983,Oakleigh,3166,1 Merbow Street,-37.900765,145.099286,3.0,1.0,house,1.0,2014-09-20,,,"$870,000"
property-house-vic-oakleigh-116850755,Oakleigh,3166,24 Davey Avenue,-37.903162,145.088771,4.0,2.0,house,2.0,2014-09-18,580.0,m2,"$937,500"
property-house-vic-oakleigh-117719291,Oakleigh,3166,4 William Street,-37.901293,145.103662,3.0,2.0,house,2.0,2014-09-13,,,"$1,115,000"
property-house-vic-oakleigh-117457787,Oakleigh,3166,14 Oxford Street,-37.900209,145.093246,2.0,1.0,house,,2014-09-12,,,"$615,000"
property-townhouse-vic-oakleigh-117526211,Oakleigh,3166,2/33 Estelle Street,-37.892614,145.104558,3.0,2.0,townhouse,2.0,2014-09-09,,,"$810,000"
property-house-vic-oakleigh-117658927,Oakleigh,3166,2 Wilson Street,-37.908283,145.093608,4.0,2.0,house,2.0,2014-09-06,,,"$810,000"
property-house-vic-oakleigh-117516291,Oakleigh,3166,2A Norfolk Ave,-37.898585,145.100933,3.0,1.0,house,1.0,2014-09-06,,,"$680,000"
property-house-vic-oakleigh-117292679,Oakleigh,3166,4 George Street,-37.901174,145.102687,4.0,2.0,house,2.0,2014-08-23,,,"$899,000"
property-apartment-vic-oakleigh-117325483,Oakleigh,3166,19/2 Albert Avenue,-37.898281,145.093599,2.0,2.0,apartment,1.0,2014-08-20,,,"$535,000"
property-house-vic-oakleigh-117458815,Oakleigh,3166,5 Mead Court,-37.906764,145.092518,5.0,2.0,house,2.0,2014-08-09,,,"$990,000"
property-house-vic-oakleigh-117410827,Oakleigh,3166,25B Palmerston Grove,-37.896997,145.090892,2.0,2.0,house,1.0,2014-08-04,,,"$758,000"
property-unit-vic-oakleigh-117413255,Oakleigh,3166,1/36 Heath Avenue,-37.902292,145.099775,2.0,1.0,unit,1.0,2014-08-02,,,"$575,000"
property-house-vic-oakleigh-117115699,Oakleigh,3166,67 Eastgate Street,-37.909433,145.088033,3.0,2.0,house,2.0,2014-06-28,,,"$938,000"
property-house-vic-oakleigh-117015983,Oakleigh,3166,70 Eastgate Street,-37.909257,145.088603,4.0,2.0,house,2.0,2014-06-21,,,"$955,000"
property-unit-vic-oakleigh-117053327,Oakleigh,3166,4/7 Albert Avenue,-37.897646,145.094383,2.0,1.0,unit,1.0,2014-06-21,,,"$493,000"
property-apartment-vic-oakleigh-117120731,Oakleigh,3166,6/13 Logie Street,-37.894158,145.090092,2.0,1.0,apartment,1.0,2014-06-21,,,"$440,500"
property-house-vic-oakleigh-117038167,Oakleigh,3166,44 George Street,-37.904992,145.101951,3.0,1.0,house,2.0,2014-06-14,,,"$805,000"
property-house-vic-oakleigh-116881483,Oakleigh,3166,28 Hatter Street,-37.90607,145.088152,3.0,2.0,house,3.0,2014-05-31,,,"$871,000"
property-house-vic-oakleigh-116899967,Oakleigh,3166,2/1221 North Road,-37.91037,145.096542,3.0,3.0,house,2.0,2014-05-31,,,"$772,000"
property-house-vic-oakleigh-116669531,Oakleigh,3166,33A William Street,-37.904155,145.102521,2.0,1.0,house,1.0,2014-05-23,,,"$672,500"
property-townhouse-vic-oakleigh-116649811,Oakleigh,3166,2/14 Gadd Street,-37.909172,145.097481,3.0,2.0,townhouse,2.0,2014-05-10,,,"$750,000"
property-house-vic-oakleigh-116633683,Oakleigh,3166,1219 North Road,-37.910461,145.09633,3.0,1.0,house,2.0,2014-05-05,668.0,m2,"$650,000"
property-unit-vic-oakleigh-116588471,Oakleigh,3166,4/122 Atherton Road,-37.900366,145.097338,2.0,1.0,unit,1.0,2014-05-05,,,"$517,000"
property-apartment-vic-oakleigh-116675215,Oakleigh,3166,8/82-86 Atherton Road,-37.899535,145.093755,2.0,1.0,apartment,2.0,2014-05-03,,,"$375,000"
property-house-vic-oakleigh-116588435,Oakleigh,3166,13 Young Street,-37.907448,145.095022,3.0,1.0,house,2.0,2014-04-21,,,"$790,000"
property-house-vic-oakleigh-116434631,Oakleigh,3166,40 Eastgate Street,-37.907004,145.089025,3.0,1.0,house,2.0,2014-04-12,,,"$836,000"
property-house-vic-oakleigh-116273731,Oakleigh,3166,2 York Avenue,-37.899585,145.102011,2.0,2.0,house,2.0,2014-04-05,,,"$760,000"
property-house-vic-oakleigh-116102415,Oakleigh,3166,1249 North Road,-37.910808,145.099523,2.0,1.0,house,2.0,2014-03-25,,,"$756,660"
property-house-vic-oakleigh-116218395,Oakleigh,3166,37 Bishop Street,-37.907519,145.092775,4.0,2.0,house,2.0,2014-03-22,,,"$860,000"
property-house-vic-oakleigh-116158159,Oakleigh,3166,3B The Avenue,-37.896517,145.094002,3.0,2.0,house,2.0,2014-03-15,,,"$940,000"
property-house-vic-oakleigh-115898663,Oakleigh,3166,1/28 Devon Grove,-37.895942,145.103615,4.0,2.0,house,2.0,2014-03-06,,,"$697,000"
property-house-vic-oakleigh-116046503,Oakleigh,3166,6 Hatter Street,-37.904591,145.088438,2.0,1.0,house,2.0,2014-03-01,,,"$810,000"
property-townhouse-vic-oakleigh-115993899,Oakleigh,3166,3/3 Heath Avenue,-37.901064,145.09641,4.0,2.0,townhouse,2.0,2014-03-01,,,"$720,000"
property-unit-vic-oakleigh-107812496,Oakleigh,3166,1/48 Burlington Street,-37.902868,145.096422,3.0,1.0,unit,2.0,2014-02-22,,,"$582,500"
property-house-vic-oakleigh-115885583,Oakleigh,3166,15 Burlington Street,-37.901514,145.093476,3.0,1.0,house,2.0,2014-02-17,,,"$720,000"
property-unit-vic-oakleigh-115848891,Oakleigh,3166,4/63 Golf Links Avenue,-37.909444,145.090081,2.0,1.0,unit,1.0,2014-02-15,,,"$570,000"
property-townhouse-vic-oakleigh-114895555,Oakleigh,3166,1/1174 North Road,-37.910172,145.087611,3.0,2.0,townhouse,2.0,2014-02-05,,,"$678,888"
property-house-vic-oakleigh-115509071,Oakleigh,3166,130 Atherton Road,-37.90016,145.098272,4.0,1.0,house,1.0,2014-01-15,,,"$720,000"
property-house-vic-oakleigh-115634159,Oakleigh,3166,14 Downing Street,-37.900419,145.094133,3.0,1.0,house,1.0,2013-12-17,,,"$809,000"
property-house-vic-oakleigh-115446503,Oakleigh,3166,34A Oxford Street,-37.901637,145.092975,3.0,1.0,house,1.0,2013-12-14,,,"$764,000"
property-house-vic-oakleigh-115447171,Oakleigh,3166,116 Warrigal Road,-37.905053,145.086228,3.0,1.0,house,1.0,2013-12-14,,,"$600,500"
property-townhouse-vic-oakleigh-113304579,Oakleigh,3166,3/1478 Dandenong Road ( Property positioned on Grant St),-37.8968412,145.0982046,3.0,1.0,townhouse,1.0,2013-12-12,,,"$599,000"
property-house-vic-oakleigh-114921291,Oakleigh,3166,9 Davey Avenue,-37.90253,145.087863,3.0,1.0,house,2.0,2013-12-08,,,"$960,000"
property-house-vic-oakleigh-115324943,Oakleigh,3166,10 Heath Avenue,-37.901904,145.09667,4.0,2.0,house,2.0,2013-11-30,,,"$1,320,000"
property-house-vic-oakleigh-115374431,Oakleigh,3166,37 Clyde Street,-37.898874,145.095038,4.0,2.0,house,4.0,2013-11-30,735.0,m2,"$1,288,000"
property-unit-vic-oakleigh-115297131,Oakleigh,3166,2/157 Atherton Road,-37.899969,145.100919,3.0,2.0,unit,1.0,2013-11-23,,,"$620,000"
property-house-vic-oakleigh-115186147,Oakleigh,3166,26 Estelle Street,-37.893195,145.105055,4.0,2.0,house,2.0,2013-11-16,558.0,m2,"$750,000"
property-house-vic-oakleigh-110723665,Oakleigh,3166,1147 North Road,-37.90956,145.088009,3.0,1.0,house,2.0,2013-11-09,,,"$567,000"
property-house-vic-oakleigh-114782691,Oakleigh,3166,21 Tamar Grove,-37.897678,145.096469,4.0,2.0,house,4.0,2013-11-01,,,"$747,500"
property-house-vic-oakleigh-114976819,Oakleigh,3166,6 William Street,-37.901429,145.103636,4.0,2.0,house,2.0,2013-10-28,,,"$1,300,000"
property-house-vic-oakleigh-114938211,Oakleigh,3166,16 Mora Avenue,-37.902318,145.089048,3.0,2.0,house,1.0,2013-10-26,,,"$641,000"
property-townhouse-vic-oakleigh-114604307,Oakleigh,3166,2/5 Winifred Street,-37.894916,145.101947,3.0,2.0,townhouse,2.0,2013-10-25,,,"$760,000"
property-house-vic-oakleigh-114984683,Oakleigh,3166,24 Heath Avenue,-37.902023,145.098742,3.0,2.0,house,2.0,2013-10-24,,,"$960,000"
property-house-vic-oakleigh-114928983,Oakleigh,3166,17 Grant Street,-37.89808,145.097581,3.0,1.0,house,,2013-10-19,,,"$616,500"
property-house-vic-oakleigh-114865835,Oakleigh,3166,42 Westgate Street,-37.907695,145.086788,3.0,1.0,house,2.0,2013-10-14,,,"$863,000"
property-house-vic-oakleigh-114819491,Oakleigh,3166,25 Davey Avenue,-37.902681,145.089237,5.0,1.0,house,2.0,2013-10-12,,,"$745,000"
property-house-vic-oakleigh-114689875,Oakleigh,3166,10 Eastgate Street,-37.9049725,145.0893617,4.0,2.0,house,2.0,2013-09-21,,,"$1,080,000"
property-unit-vic-oakleigh-114679483,Oakleigh,3166,39 Golf Links Avenue,-37.907647,145.090491,4.0,2.0,unit,2.0,2013-09-21,,,"$1,000,000"
property-house-vic-oakleigh-114689883,Oakleigh,3166,25 John Street,-37.902615,145.10082,3.0,1.0,house,2.0,2013-09-21,,,"$793,000"
property-house-vic-oakleigh-114523491,Oakleigh,3166,1474 Dandenong Road,-37.896712,145.097833,4.0,1.0,house,1.0,2013-09-21,,,"$731,000"
property-house-vic-oakleigh-113577027,Oakleigh,3166,1525 Dandenong Road,-37.8930605,145.0905266,2.0,1.0,house,,2013-08-10,,,"$2,912,850"
property-townhouse-vic-oakleigh-112908799,Oakleigh,3166,2/1225 North Road,-37.910516,145.097049,4.0,3.0,townhouse,2.0,2013-07-04,,,"$650,000"
property-house-vic-oakleigh-112936231,Oakleigh,3166,Address available on request,,,4.0,2.0,house,2.0,2013-03-02,,,"$901,000"
property-apartment-vic-oakleigh-151021412,Oakleigh,3166,409/2 Dalgety Street,-37.89199272,145.089514,3.0,2.0,apartment,2.0,2026-04-01,,,"$780,000"
property-apartment-vic-oakleigh-150772932,Oakleigh,3166,101/63 Atherton Road,-37.8989481,145.0927662,2.0,1.0,apartment,1.0,2026-03-28,,,"$470,000"
property-apartment-vic-oakleigh-150425072,Oakleigh,3166,g03/6 Dalgety Street,-37.89199272,145.089514,2.0,1.0,apartment,1.0,2026-02-26,,,"$582,540"
property-unit-vic-oakleigh-150159824,Oakleigh,3166,2/791 Warrigal Road,-37.89012881,145.0889956,2.0,1.0,unit,1.0,2026-01-28,,,"$575,000"
property-apartment-vic-oakleigh-149889716,Oakleigh,3166,403/2 Dalgety Street,-37.89199272,145.089514,2.0,2.0,apartment,1.0,2025-12-03,,,"$548,880"
property-apartment-vic-oakleigh-144909432,Oakleigh,3166,102/6 Dalgety Street,-37.89199272,145.089514,2.0,2.0,apartment,1.0,2025-10-22,,,"$580,000"
property-house-vic-oakleigh-149848788,Oakleigh,3166,14 Devon Grove,-37.894932,145.103674,3.0,1.0,house,3.0,2025-10-14,,,"$1,249,600"
property-apartment-vic-oakleigh-149495092,Oakleigh,3166,607/6 Dalgety Street,-37.89199272,145.089514,3.0,2.0,apartment,2.0,2025-09-27,,,"$707,000"
property-townhouse-vic-oakleigh-148830800,Oakleigh,3166,7/2 Dalgety Street,-37.89199272,145.089514,2.0,2.0,townhouse,1.0,2025-08-18,,,"$650,000"
property-house-vic-oakleigh-143762056,Oakleigh,3166,26 Westgate Street,-37.905873,145.087026,4.0,2.0,house,2.0,2025-07-17,579.0,m2,"$2,025,000"
property-apartment-vic-oakleigh-148543832,Oakleigh,3166,506/19-21 Hanover Street,-37.90085826,145.0917337,1.0,1.0,apartment,1.0,2025-07-16,,,"$380,000"
property-house-vic-oakleigh-148382020,Oakleigh,3166,23 Young Street,-37.908974,145.094874,3.0,1.0,house,3.0,2025-06-20,,,"$1,280,000"
property-house-vic-oakleigh-148178096,Oakleigh,3166,22 Westminster Street,-37.901831,145.095615,3.0,1.0,house,2.0,2025-05-29,,,"$1,119,000"
property-apartment-vic-oakleigh-148575608,Oakleigh,3166,12/2 Dalgety Street,-37.89199272,145.089514,2.0,2.0,apartment,1.0,2025-05-22,,,"$677,000"
property-house-vic-oakleigh-147861720,Oakleigh,3166,21 Young Street,-37.908831,145.0949,3.0,1.0,house,2.0,2025-04-21,,,"$1,410,000"
property-house-vic-oakleigh-147927724,Oakleigh,3166,48 Queens Avenue,-37.90418403,145.0905524,4.0,2.0,house,1.0,2025-04-18,,,"$1,560,000"
property-apartment-vic-oakleigh-147318056,Oakleigh,3166,306/6 Dalgety Street,-37.89199272,145.089514,2.0,2.0,apartment,1.0,2025-01-30,,,"$542,000"
property-apartment-vic-oakleigh-145939460,Oakleigh,3166,12/45 Railway Avenue,-37.91059982,145.1033125,2.0,1.0,apartment,1.0,2025-01-15,,,"$341,300"
property-apartment-vic-oakleigh-146115352,Oakleigh,3166,225/2 Dalgety Street,-37.89199272,145.089514,2.0,2.0,apartment,1.0,2024-09-10,,,"$550,000"
property-house-vic-oakleigh-145442784,Oakleigh,3166,116 Drummond Street,-37.894409,145.090814,2.0,1.0,house,1.0,2024-07-02,401.0,m2,"$1,210,000"
property-apartment-vic-oakleigh-145989980,Oakleigh,3166,G04/16 Dalgety Street,-37.89212027,145.090512,2.0,2.0,apartment,2.0,2024-07-01,116.0,m2,"$715,000"
property-apartment-vic-oakleigh-145398392,Oakleigh,3166,1/2 Dalgety Street,-37.89199272,145.089514,2.0,2.0,apartment,1.0,2024-07-01,,,"$700,000"
property-apartment-vic-oakleigh-145225920,Oakleigh,3166,Oros 220/6 Dalgety Street,-37.89199272,145.089514,3.0,2.0,apartment,2.0,2024-05-11,,,"$740,000"
property-apartment-vic-oakleigh-145032856,Oakleigh,3166,309/2 Dalgety Street,-37.89199272,145.089514,2.0,2.0,apartment,1.0,2024-05-10,,,"$560,000"
property-apartment-vic-oakleigh-145990156,Oakleigh,3166,G06/16 16 Dalgety Street,,,2.0,2.0,apartment,2.0,2024-04-04,134.0,m2,"$715,000"
property-apartment-vic-oakleigh-144684328,Oakleigh,3166,104/2 Dalgety Street,-37.89198965,145.0893929,2.0,2.0,apartment,1.0,2024-03-18,,,"$615,000"
property-apartment-vic-oakleigh-144645240,Oakleigh,3166,706/6 Dalgety Street,-37.89198965,145.0893929,2.0,2.0,apartment,1.0,2024-03-04,,,"$580,000"
property-apartment-vic-oakleigh-144364972,Oakleigh,3166,501/19-21 Hanover Street,-37.90085826,145.0917337,1.0,1.0,apartment,1.0,2024-02-27,,,"$340,500"
property-apartment-vic-oakleigh-142619124,Oakleigh,3166,306/19 Hanover Street,-37.90085826,145.0917337,1.0,1.0,apartment,1.0,2023-11-08,,,"$382,000"
property-house-vic-oakleigh-143316948,Oakleigh,3166,20 Westminster Street,-37.901696,145.095641,3.0,1.0,house,2.0,2023-09-19,,,"$1,455,000"
property-apartment-vic-oakleigh-143285724,Oakleigh,3166,713/6 Dalgety Street,-37.89198965,145.0893929,3.0,2.0,apartment,2.0,2023-08-28,128.0,m2,"$840,000"
property-apartment-vic-oakleigh-143068684,Oakleigh,3166,6/39 Ferntree Gully Road,-37.89662868,145.1047766,2.0,1.0,apartment,1.0,2023-08-25,,,"$520,000"
property-house-vic-oakleigh-142720460,Oakleigh,3166,21 Dalgety Street,-37.891702,145.090634,5.0,2.0,house,2.0,2023-07-20,633.0,m2,"$2,110,000"
property-house-vic-oakleigh-142659020,Oakleigh,3166,22 Heath Avenue,-37.901915,145.09857,4.0,2.0,house,2.0,2023-07-18,,,"$1,910,000"
property-townhouse-vic-oakleigh-142688640,Oakleigh,3166,3/39 Ferntree Gully Road,-37.89662868,145.1047766,2.0,1.0,townhouse,1.0,2023-07-17,,,"$581,000"
property-house-vic-oakleigh-142222652,Oakleigh,3166,25 Young Street,-37.90911553,145.0948598,4.0,1.0,house,1.0,2023-05-16,,,"$2,150,000"
property-townhouse-vic-oakleigh-142058524,Oakleigh,3166,1/35 Young Street,-37.909846,145.094726,4.0,2.0,townhouse,2.0,2023-04-22,,,"$1,380,000"
property-retirement living-vic-oakleigh-138337150,Oakleigh,3166,18-20 Grant Street,-37.89842422,145.0980134,2.0,1.0,retirement living,1.0,2022-10-18,,,"$450,000"
property-house-vic-oakleigh-139763699,Oakleigh,3166,29 Downing Street,-37.901328,145.093501,3.0,1.0,house,2.0,2022-06-30,,,"$1,525,000"
property-apartment-vic-oakleigh-139665479,Oakleigh,3166,4/40 Atherton Road,-37.8990529,145.0913061,4.0,3.0,apartment,2.0,2022-06-18,,,"$950,000"
property-apartment-vic-oakleigh-139665455,Oakleigh,3166,3/40 Atherton Road,-37.8990529,145.0913061,3.0,1.0,apartment,2.0,2022-06-18,,,"$711,500"
property-townhouse-vic-oakleigh-139490307,Oakleigh,3166,2/165 Atherton Road,-37.900229,145.101855,4.0,3.0,townhouse,2.0,2022-05-25,,,"$1,180,000"
property-apartment-vic-oakleigh-139383175,Oakleigh,3166,25/82-86 Atherton Road,-37.89942033,145.0937799,1.0,1.0,apartment,1.0,2022-05-06,,,"$310,000"
property-unit-vic-oakleigh-139215683,Oakleigh,3166,1/1249 North Road,-37.9109242,145.099499,3.0,2.0,unit,1.0,2022-04-20,,,"$915,000"
property-house-vic-oakleigh-139263839,Oakleigh,3166,14 George Street,-37.901824,145.102451,2.0,1.0,house,1.0,2022-04-07,,,"$1,300,000"
property-house-vic-oakleigh-138789423,Oakleigh,3166,15 Burlington Street,-37.901571,145.093461,3.0,1.0,house,2.0,2022-03-09,,,"$1,550,000"
property-unit-vic-oakleigh-136901058,Oakleigh,3166,1/133 Huntingdale Road,-37.894246,145.106398,3.0,1.0,unit,2.0,2022-02-09,,,"$875,000"
property-townhouse-vic-oakleigh-137166266,Oakleigh,3166,2/133 Huntingdale Road,-37.894246,145.106398,4.0,3.0,townhouse,2.0,2022-01-07,,,"$1,182,000"
property-house-vic-oakleigh-137980570,Oakleigh,3166,6 Abbeygate Street,-37.90482,145.090397,3.0,1.0,house,1.0,2021-11-22,,,"$1,405,000"
property-apartment-vic-oakleigh-136908382,Oakleigh,3166,806/6 Dalgety Street,-37.89198965,145.0893929,2.0,2.0,apartment,1.0,2021-07-16,,,"$610,000"
property-apartment-vic-oakleigh-136908334,Oakleigh,3166,16/6 Dalgety Street,-37.89198965,145.0893929,3.0,2.0,apartment,2.0,2021-07-16,,,"$610,000"
property-unit-vic-oakleigh-136634706,Oakleigh,3166,3/16-18 Regent Street,-37.90045218,145.0949858,2.0,1.0,unit,1.0,2021-05-31,,,"$675,900"
property-apartment-vic-oakleigh-136072462,Oakleigh,3166,512/2 Dalgety Street,-37.89198965,145.0893929,2.0,2.0,apartment,1.0,2021-04-20,,,"$730,000"
property-house-vic-oakleigh-136198946,Oakleigh,3166,47 Westgate Street,-37.907942,145.086222,4.0,2.0,house,1.0,2021-04-16,,,"$1,285,000"
property-house-vic-oakleigh-137726454,Oakleigh,3166,18 Raymond Court,-37.892098,145.103417,3.0,2.0,house,3.0,2021-03-27,697.0,m2,"$1,256,000"
property-house-vic-oakleigh-135601434,Oakleigh,3166,18 Raymond Court,-37.892098,145.103417,3.0,2.0,house,3.0,2021-03-27,697.0,m2,"$1,256,000"
property-house-vic-oakleigh-135944938,Oakleigh,3166,49 Abbeygate Street,-37.907813,145.089399,3.0,1.0,house,1.0,2021-03-19,,,"$1,150,000"
property-apartment-vic-oakleigh-135238550,Oakleigh,3166,4/110 Atherton Road,-37.89981539,145.0963986,2.0,1.0,apartment,1.0,2020-12-09,,,"$546,000"
property-townhouse-vic-oakleigh-134294410,Oakleigh,3166,10/110 Atherton Road,-37.89981539,145.0963986,2.0,1.0,townhouse,1.0,2020-08-07,,,"$545,000"
property-apartment-vic-oakleigh-133633122,Oakleigh,3166,19/79 Atherton Road,-37.89911763,145.0938732,2.0,1.0,apartment,1.0,2020-05-04,,,"$460,000"
property-apartment-vic-oakleigh-132879666,Oakleigh,3166,4/45 Railway Avenue,-37.91059982,145.1033125,1.0,1.0,apartment,1.0,2020-04-02,,,"$255,000"
property-apartment-vic-oakleigh-130800134,Oakleigh,3166,8/79 Atherton Road,-37.898852,145.09391,2.0,1.0,apartment,1.0,2019-03-21,,,"$480,000"
property-apartment-vic-oakleigh-128551954,Oakleigh,3166,5/45 Railway Avenue,-37.910388,145.103224,1.0,1.0,apartment,1.0,2018-06-25,,,"$345,000"
property-house-vic-oakleigh-127477770,Oakleigh,3166,23 William Street,-37.902579,145.102826,2.0,1.0,house,1.0,2018-02-24,,,"$1,150,000"
property-apartment-vic-oakleigh-126370446,Oakleigh,3166,306/19 Hanover Street,-37.900843,145.091641,1.0,1.0,apartment,1.0,2018-02-21,,,"$380,000"
property-apartment-vic-oakleigh-126914626,Oakleigh,3166,501/19 - 21 Hanover St,-37.900843,145.091641,1.0,1.0,apartment,1.0,2018-01-08,,,"$385,000"
property-house-vic-oakleigh-127153762,Oakleigh,3166,19 Westgate Street,-37.905378,145.086597,4.0,2.0,house,2.0,2017-12-05,566.0,m2,"$1,560,000"
property-house-vic-oakleigh-128479230,Oakleigh,3166,19 Golf Links Avenue,-37.906185,145.090753,3.0,1.0,house,1.0,2017-11-29,,,"$1,750,000"
property-apartment-vic-oakleigh-126837474,Oakleigh,3166,506/83-85 Drummond Street,-37.892402,145.090497,2.0,2.0,apartment,1.0,2017-11-28,,,"$607,000"
property-unit-vic-oakleigh-125864310,Oakleigh,3166,2/6 Albert Avenue,-37.898331,145.094047,2.0,1.0,unit,1.0,2017-08-10,,,"$682,000"
property-apartment-vic-oakleigh-120365429,Oakleigh,3166,3/264 Huntingdale Rd,-37.907371,145.104567,2.0,1.0,apartment,1.0,2017-08-03,,,"$377,000"
property-apartment-vic-oakleigh-125540606,Oakleigh,3166,110/63-65 Atherton Road,-37.898873,145.092727,2.0,1.0,apartment,1.0,2017-06-17,,,"$510,000"
property-apartment-vic-oakleigh-125432698,Oakleigh,3166,3/103 Atherton Road,-37.898982,145.095101,2.0,1.0,apartment,1.0,2017-06-10,,,"$589,000"
property-house-vic-oakleigh-125252526,Oakleigh,3166,36 Westgate Street,-37.906574,145.087002,3.0,2.0,house,1.0,2017-05-13,,,"$1,205,000"
property-apartment-vic-oakleigh-124692090,Oakleigh,3166,1/79 Atherton Road,-37.898852,145.09391,2.0,1.0,apartment,1.0,2017-03-02,,,"$460,000"
property-apartment-vic-oakleigh-119783155,Oakleigh,3166,17/82-86 Atherton Road,-37.899535,145.093755,2.0,1.0,apartment,,2016-11-30,,,"$375,000"
property-unit-vic-oakleigh-123554814,Oakleigh,3166,1/122 Burlington Street,-37.90376,145.104079,3.0,1.0,unit,2.0,2016-11-15,366.0,m2,"$790,625"
property-apartment-vic-oakleigh-123686018,Oakleigh,3166,5/10 Albert Avenue,-37.898388,145.094545,2.0,1.0,apartment,1.0,2016-10-19,,,"$430,000"
property-house-vic-oakleigh-123533206,Oakleigh,3166,Address available on request,,,3.0,1.0,house,1.0,2016-09-21,564.0,m2,"$1,005,000"
property-house-vic-oakleigh-122186562,Oakleigh,3166,1243 North Road,-37.910724,145.09881,3.0,1.0,house,1.0,2016-08-02,700.0,m2,"$945,000"
property-apartment-vic-oakleigh-122558882,Oakleigh,3166,19/119 Atkinson Street,-37.897556,145.092233,2.0,1.0,apartment,1.0,2016-06-16,,,"$385,000"
property-townhouse-vic-oakleigh-122745914,Oakleigh,3166,2/10 Winifred Street,-37.895264,145.102551,3.0,2.0,townhouse,1.0,2016-06-12,398.0,m2,"$812,888"
property-house-vic-oakleigh-122676282,Oakleigh,3166,5/1 Parer Street,-37.908681,145.097719,2.0,1.0,house,1.0,2016-06-03,,,"$600,000"
property-house-vic-oakleigh-121156954,Oakleigh,3166,Address available on request,,,2.0,3.0,house,3.0,2016-05-28,522.0,m2,"$918,000"
property-apartment-vic-oakleigh-121994634,Oakleigh,3166,8/82-86 Atherton Road,-37.899535,145.093755,2.0,1.0,apartment,2.0,2016-03-22,,,"$380,000"
property-apartment-vic-oakleigh-121799138,Oakleigh,3166,14/13 Logie Street,-37.894158,145.090092,2.0,1.0,apartment,1.0,2016-03-12,,,"$347,500"
property-house-vic-oakleigh-121682406,Oakleigh,3166,151 Atherton Road,-37.899969,145.100162,2.0,1.0,house,1.0,2016-02-09,357.0,m2,"$652,000"
property-apartment-vic-oakleigh-121371226,Oakleigh,3166,Apartment 207/19-21 Hanover Street,-37.900882,145.091633,1.0,1.0,apartment,1.0,2016-02-03,,,"$380,000"
property-house-vic-oakleigh-120321361,Oakleigh,3166,17/2 Albert Avenue,-37.898281,145.093599,2.0,2.0,house,1.0,2015-10-28,,,"$570,000"
property-house-vic-oakleigh-120190681,Oakleigh,3166,22 Regent Street,-37.900909,145.094964,4.0,2.0,house,1.0,2015-08-01,,,"$1,220,000"
property-house-vic-oakleigh-120251049,Oakleigh,3166,4 Andrew Street,-37.906342,145.094762,3.0,1.0,house,,2015-07-30,605.0,m2,"$1,021,000"
property-house-vic-oakleigh-119913365,Oakleigh,3166,122 Haughton Road,-37.909227,145.099156,2.0,1.0,house,1.0,2015-06-26,700.0,m2,"$910,000"
property-townhouse-vic-oakleigh-119627559,Oakleigh,3166,35 Tamar Grove,-37.898511,145.096284,2.0,2.0,townhouse,1.0,2015-06-19,,,"$780,000"
property-house-vic-oakleigh-119830995,Oakleigh,3166,10 Wilson Street,-37.90837,145.094388,5.0,2.0,house,4.0,2015-06-11,555.0,m2,"$916,000"
property-apartment-vic-oakleigh-119741763,Oakleigh,3166,6/79 Atherton Road,-37.898852,145.09391,2.0,1.0,apartment,1.0,2015-06-09,,,"$442,500"
property-apartment-vic-oakleigh-119529704,Oakleigh,3166,10/103 Atherton Road,-37.898982,145.095101,1.0,1.0,apartment,1.0,2015-06-09,,,"$340,000"
property-unit-vic-oakleigh-119760295,Oakleigh,3166,2/122 Atherton Road,-37.900366,145.097338,3.0,1.0,unit,2.0,2015-06-06,221.0,m2,"$642,500"
property-house-vic-oakleigh-119723531,Oakleigh,3166,7 Ferntree Gully Road,-37.896094,145.100992,3.0,1.0,house,1.0,2015-05-31,,,"$733,000"
property-apartment-vic-oakleigh-119566487,Oakleigh,3166,609/19 Hanover Street,-37.900882,145.091633,1.0,1.0,apartment,1.0,2015-05-29,,,"$380,000"
property-apartment-vic-oakleigh-118997715,Oakleigh,3166,17/79 Atherton Road,-37.898852,145.09391,2.0,1.0,apartment,1.0,2015-05-26,,,"$420,000"
property-unit-vic-oakleigh-119620935,Oakleigh,3166,1/63 Golflinks Avenue,-37.909444,145.090081,2.0,1.0,unit,1.0,2015-05-23,211.0,m2,"$571,000"
property-house-vic-oakleigh-119336623,Oakleigh,3166,20 George Street,-37.90226,145.102478,4.0,2.0,house,1.0,2015-05-08,,,"$945,000"
property-townhouse-vic-oakleigh-118924095,Oakleigh,3166,1/40 Heath Avenue,-37.902336,145.100116,3.0,2.0,townhouse,2.0,2015-04-17,,,"$925,000"
property-house-vic-oakleigh-119283151,Oakleigh,3166,46 Golf Links Avenue,-37.908241,145.091149,3.0,1.0,house,,2015-03-28,,,"$1,055,500"
property-house-vic-oakleigh-119189787,Oakleigh,3166,175 Atherton Road,-37.90024,145.102854,3.0,1.0,house,2.0,2015-03-28,,,"$925,500"
property-apartment-vic-oakleigh-109598596,Oakleigh,3166,3/1 Oxford Street,-37.899546,145.092828,3.0,2.0,apartment,1.0,2015-03-28,,,"$647,500"
property-house-vic-oakleigh-119129047,Oakleigh,3166,32 Estelle Street,-37.893325,145.105836,3.0,2.0,house,4.0,2015-03-21,1085.0,m2,"$1,478,000"
property-house-vic-oakleigh-119169571,Oakleigh,3166,1/123 Atherton Road,-37.899324,145.097133,3.0,1.0,house,4.0,2015-03-21,,,"$800,000"
property-house-vic-oakleigh-119100259,Oakleigh,3166,2 Princess Street,-37.904436,145.092682,3.0,1.0,house,,2015-03-14,,,"$658,000"
property-house-vic-oakleigh-119085203,Oakleigh,3166,110 Burlington Street,-37.903574,145.102529,2.0,1.0,house,2.0,2015-02-28,635.0,m2,"$826,000"
property-house-vic-oakleigh-119012279,Oakleigh,3166,23 William Street,-37.902579,145.102826,2.0,1.0,house,1.0,2015-02-28,,,"$823,000"
property-townhouse-vic-oakleigh-118912215,Oakleigh,3166,2/1478 Dandenong Road,-37.896892,145.098147,3.0,1.0,townhouse,1.0,2015-02-02,,,"$622,500"
property-house-vic-oakleigh-118619047,Oakleigh,3166,Address available on request,,,3.0,1.0,house,1.0,2014-12-15,703.0,m2,"$791,000"
property-house-vic-oakleigh-118367099,Oakleigh,3166,2/1 Oxford Street,-37.899546,145.092828,3.0,2.0,house,1.0,2014-12-15,,,"$590,000"
property-unit-vic-oakleigh-118519607,Oakleigh,3166,2/1 York Avenue,-37.899282,145.101395,2.0,1.0,unit,1.0,2014-12-14,163.0,m2,"$547,000"
property-apartment-vic-oakleigh-118405211,Oakleigh,3166,16/1554 Dandenong Road,-37.901613,145.105678,2.0,1.0,apartment,2.0,2014-12-06,,,"$362,500"
property-apartment-vic-oakleigh-118593603,Oakleigh,3166,10/79 Atherton Road,-37.898852,145.09391,2.0,2.0,apartment,1.0,2014-12-03,,,"$440,000"
property-house-vic-oakleigh-118331991,Oakleigh,3166,38 George Street,-37.904583,145.10203,2.0,1.0,house,1.0,2014-11-29,544.0,m2,"$803,000"
property-apartment-vic-oakleigh-118350043,Oakleigh,3166,4/119 Atkinson Street,-37.897556,145.092233,2.0,1.0,apartment,1.0,2014-11-29,,,"$450,000"
property-apartment-vic-oakleigh-118317043,Oakleigh,3166,6/264 Huntingdale Road,-37.907371,145.104567,2.0,1.0,apartment,1.0,2014-11-29,,,"$337,500"
property-apartment-vic-oakleigh-117687715,Oakleigh,3166,2/2 Albert Avenue,-37.898281,145.093599,2.0,1.0,apartment,1.0,2014-11-25,,,"$512,000"
property-house-vic-oakleigh-118164611,Oakleigh,3166,21 Oxford Street,-37.900739,145.0926,2.0,1.0,house,2.0,2014-11-08,,,"$960,000"
property-apartment-vic-oakleigh-118131891,Oakleigh,3166,1/105 Atherton Road,-37.89926,145.095539,2.0,1.0,apartment,1.0,2014-11-08,,,"$360,000"
property-house-vic-oakleigh-117977171,Oakleigh,3166,2/1526 Dandenong Road,-37.899297,145.102091,2.0,1.0,house,1.0,2014-10-18,,,"$508,000"
property-house-vic-oakleigh-117814211,Oakleigh,3166,126 Warrigal Road,-37.90576,145.086092,2.0,1.0,house,1.0,2014-10-04,,,"$575,000"
property-apartment-vic-oakleigh-117749091,Oakleigh,3166,1/79 Atherton Road,-37.898852,145.09391,2.0,1.0,apartment,1.0,2014-09-19,,,"$435,000"
property-apartment-vic-oakleigh-117361735,Oakleigh,3166,8/1554-1556 Dandenong Road,-37.901613,145.105678,1.0,1.0,apartment,1.0,2014-09-18,,,"$330,000"
property-house-vic-oakleigh-117516235,Oakleigh,3166,1494 Dandenong Road,-37.897645,145.09952,3.0,1.0,house,,2014-08-20,,,"$775,000"
property-apartment-vic-oakleigh-117410271,Oakleigh,3166,15/82-86 Atherton Road,-37.899535,145.093755,2.0,1.0,apartment,1.0,2014-08-18,,,"$372,000"
property-house-vic-oakleigh-116858703,Oakleigh,3166,37 Westgate Street,-37.906654,145.086349,3.0,1.0,house,2.0,2014-08-17,,,"$800,000"
property-townhouse-vic-oakleigh-117337523,Oakleigh,3166,7/13 Heath Avenue,-37.901194,145.097325,3.0,2.0,townhouse,2.0,2014-08-02,,,"$820,000"
property-house-vic-oakleigh-117308799,Oakleigh,3166,68 Eastgate Street,-37.909126,145.088628,3.0,2.0,house,2.0,2014-07-19,,,"$890,000"
property-unit-vic-oakleigh-117211599,Oakleigh,3166,2/1 Leroux Street,-37.896213,145.103873,2.0,1.0,unit,1.0,2014-07-12,,,"$470,000"
property-house-vic-oakleigh-116546171,Oakleigh,3166,24/79 Atherton Road,-37.898852,145.09391,2.0,1.0,house,1.0,2014-07-11,,,"$410,000"
property-house-vic-oakleigh-116235515,Oakleigh,3166,1/48 Haughton Road,-37.904236,145.0928045,3.0,3.0,house,1.0,2014-07-08,170.0,m2,"$650,000"
property-apartment-vic-oakleigh-116232847,Oakleigh,3166,1/264 Huntingdale Road,-37.9073321,145.1042452,2.0,1.0,apartment,1.0,2014-06-20,,,"$370,000"
property-apartment-vic-oakleigh-116960511,Oakleigh,3166,13/13 Logie Street,-37.894158,145.090092,2.0,1.0,apartment,1.0,2014-06-14,,,"$390,000"
property-house-vic-oakleigh-116992923,Oakleigh,3166,22 Best Street,,,3.0,1.0,house,1.0,2014-06-12,,,"$771,115"
property-apartment-vic-oakleigh-113366223,Oakleigh,3166,170A Warrigal Road,-37.908375,145.085541,2.0,1.0,apartment,,2014-06-09,,,"$310,000"
property-house-vic-oakleigh-117052179,Oakleigh,3166,21 George Street,-37.902462,145.101853,3.0,1.0,house,1.0,2014-06-07,,,"$721,000"
property-house-vic-oakleigh-116788003,Oakleigh,3166,158 Warrigal Road,-37.90757,145.085756,3.0,2.0,house,1.0,2014-06-07,576.0,m2,"$600,000"
property-house-vic-oakleigh-116944787,Oakleigh,3166,1217 North Road,-37.910438,145.096138,3.0,1.0,house,2.0,2014-05-31,,,"$630,000"
property-house-vic-oakleigh-116819927,Oakleigh,3166,39 Hatter Street,-37.907461,145.087243,3.0,1.0,house,2.0,2014-05-27,,,"$780,000"
property-apartment-vic-oakleigh-115340247,Oakleigh,3166,1/1761 Dandenong Road,-37.90272,145.109481,2.0,1.0,apartment,1.0,2014-05-15,,,"$270,000"
property-house-vic-oakleigh-116695419,Oakleigh,3166,1143 North Road,-37.909517,145.087654,4.0,2.0,house,2.0,2014-05-13,663.0,m2,"$645,888"
property-unit-vic-oakleigh-116854023,Oakleigh,3166,1/15 George Street,-37.901917,145.101958,2.0,1.0,unit,1.0,2014-05-08,,,"$585,000"
property-house-vic-oakleigh-116602043,Oakleigh,3166,14A Oxford Street,-37.900264,145.093236,2.0,1.0,house,,2014-05-03,,,"$620,000"
property-unit-vic-oakleigh-116286867,Oakleigh,3166,2/3 Albert Ave,-37.897592,145.093932,2.0,1.0,unit,1.0,2014-04-19,,,"$440,000"
property-apartment-vic-oakleigh-116017127,Oakleigh,3166,3/148 Warrigal Road,-37.906642,145.085923,2.0,2.0,apartment,1.0,2014-04-07,,,"$480,000"
property-townhouse-vic-oakleigh-116298975,Oakleigh,3166,2/106 Burlington Street,-37.903526,145.102134,3.0,2.0,townhouse,1.0,2014-04-02,206.0,m2,"$716,000"
property-house-vic-oakleigh-116290303,Oakleigh,3166,231 Huntingdale Road,-37.905554,145.104244,2.0,1.0,house,2.0,2014-03-21,,,"$611,000"
property-apartment-vic-oakleigh-116158603,Oakleigh,3166,20/79 Atherton Road,-37.898852,145.09391,2.0,1.0,apartment,1.0,2014-03-15,,,"$405,000"
property-house-vic-oakleigh-116113587,Oakleigh,3166,46 Henry Street,-37.905091,145.103925,2.0,1.0,house,2.0,2014-03-11,,,"$750,000"
property-house-vic-oakleigh-116019023,Oakleigh,3166,1/17 Norfolk Avenue,-37.899439,145.099932,3.0,1.0,house,2.0,2014-03-01,,,"$720,000"
property-house-vic-oakleigh-115913483,Oakleigh,3166,10 Grandview Grove,-37.89417,145.10578,3.0,1.0,house,2.0,2014-02-28,,,"$698,000"
property-apartment-vic-oakleigh-116142867,Oakleigh,3166,22/119 Atkinson Street,-37.897556,145.092233,2.0,1.0,apartment,1.0,2014-02-28,,,"$431,000"
property-house-vic-oakleigh-115794147,Oakleigh,3166,26 Westgate Street,-37.905866,145.087138,2.0,1.0,house,1.0,2014-02-17,,,"$820,000"
property-house-vic-oakleigh-115904063,Oakleigh,3166,64 Haughton Road,-37.90582,145.094694,4.0,2.0,house,2.0,2014-02-15,,,"$745,000"
property-apartment-vic-oakleigh-115582427,Oakleigh,3166,2/264 Huntingdale Rd,-37.9073321,145.1042452,2.0,1.0,apartment,1.0,2014-02-15,,,"$345,000"
property-house-vic-oakleigh-112318587,Oakleigh,3166,59 Bishop Street,-37.909342,145.092447,3.0,2.0,house,3.0,2014-02-10,606.0,m2,"$830,000"
property-townhouse-vic-oakleigh-115881463,Oakleigh,3166,1546A Dandenong Road,-37.900116,145.103532,3.0,2.0,townhouse,1.0,2014-02-03,351.0,m2,"$750,000"
property-townhouse-vic-oakleigh-114647839,Oakleigh,3166,2/131 Huntingdale Road,-37.894087,145.106287,3.0,2.0,townhouse,2.0,2014-01-14,,,"$325,000"
property-apartment-vic-oakleigh-114720563,Oakleigh,3166,105/63 Atherton Road,-37.898865,145.092668,2.0,2.0,apartment,1.0,2013-12-19,,,"$525,000"
property-townhouse-vic-oakleigh-107567550,Oakleigh,3166,2/1169 North Road,-37.909908,145.091078,3.0,2.0,townhouse,2.0,2013-12-18,,,"$300,000"
property-house-vic-oakleigh-115568343,Oakleigh,3166,14 Berkeley Street,-37.906847,145.10601,3.0,1.0,house,1.0,2013-11-30,,,"$721,739"
property-house-vic-oakleigh-115364515,Oakleigh,3166,62 Westgate Street,-37.909111,145.086521,3.0,2.0,house,2.0,2013-11-15,,,"$906,000"
property-apartment-vic-oakleigh-114937395,Oakleigh,3166,16/79 Atherton Road,-37.898852,145.09391,2.0,1.0,apartment,1.0,2013-11-09,,,"$411,000"
property-apartment-vic-oakleigh-114659975,Oakleigh,3166,9/1554 Dandenong Road,-37.9013573,145.1059319,1.0,1.0,apartment,1.0,2013-10-31,,,"$275,000"
property-house-vic-oakleigh-114875803,Oakleigh,3166,16 Parer Street,-37.91012,145.098365,3.0,1.0,house,1.0,2013-10-19,,,"$787,000"
property-unit-vic-oakleigh-114764399,Oakleigh,3166,2/37 Young Street,-37.909982,145.094586,3.0,1.0,unit,1.0,2013-10-18,,,"$570,000"
property-house-vic-oakleigh-114856947,Oakleigh,3166,11 Ferntree Gully Road,-37.896086,145.101348,3.0,1.0,house,1.0,2013-10-12,,,"$605,000"
property-house-vic-oakleigh-114757279,Oakleigh,3166,21 Dalgety Street,-37.891564,145.090684,3.0,1.0,house,2.0,2013-10-05,,,"$631,000"
property-townhouse-vic-oakleigh-114757299,Oakleigh,3166,1259a North Road,-37.910987,145.100567,3.0,2.0,townhouse,1.0,2013-10-05,,,"$531,000"
property-townhouse-vic-oakleigh-114827819,Oakleigh,3166,2/5 Heath Avenue,-37.900827,145.096657,4.0,2.0,townhouse,2.0,2013-09-30,,,"$712,250"
property-townhouse-vic-oakleigh-114740383,Oakleigh,3166,19 Raymond Court,-37.8922753,145.1032046,4.0,2.0,townhouse,1.0,2013-09-20,,,"$700,000"
property-house-vic-oakleigh-113122939,Oakleigh,3166,1 Ferntree Gully Road,-37.8959301,145.0978417,3.0,1.0,house,1.0,2013-09-12,584.0,m2,"$570,000"
property-apartment-vic-oakleigh-114462067,Oakleigh,3166,9/79 Atherton Road,-37.898852,145.09391,2.0,2.0,apartment,1.0,2013-09-09,,,"$360,000"
property-house-vic-oakleigh-114096831,Oakleigh,3166,1184 North Road,-37.9099681,145.08884,3.0,1.0,house,1.0,2013-08-05,,,"$545,000"
property-house-vic-oakleigh-114223839,Oakleigh,3166,4  Connell Road,-37.900688,145.098974,3.0,1.0,house,4.0,2013-07-22,,,"$660,000"
property-house-vic-oakleigh-114002959,Oakleigh,3166,62 Burlington Street,-37.903021,145.097394,3.0,2.0,house,1.0,2013-07-06,,,"$636,000"
property-apartment-vic-oakleigh-114079443,Oakleigh,3166,14/82-86 Atherton Road,-37.8994232,145.0939505,2.0,1.0,apartment,1.0,2013-06-29,,,"$373,000"
property-unit-vic-oakleigh-113488055,Oakleigh,3166,2/233 Huntingdale Road,-37.905779,145.1042,3.0,1.0,unit,1.0,2013-06-24,,,"$455,000"
property-house-vic-oakleigh-111815175,Oakleigh,3166,18/82-86 Atherton Rd,-37.899535,145.093755,2.0,1.0,house,2.0,2013-06-19,,,"$395,000"
property-residential land-vic-oakleigh-200515331,Oakleigh,3166,6 Saxon Court,-37.8929697,145.1045245,,,residential land,,2013-05-31,839.0,m2,"$640,000"
property-townhouse-vic-oakleigh-113231975,Oakleigh,3166,Unit 1/42 Golf Links Avenue,-37.907982,145.091401,4.0,3.0,townhouse,2.0,2013-05-17,330.0,m2,"$670,000"
property-unit-vic-oakleigh-113424123,Oakleigh,3166,3/7 Albert Ave,-37.897646,145.094383,2.0,1.0,unit,1.0,2013-05-12,,,"$425,777"
property-townhouse-vic-oakleigh-113576055,Oakleigh,3166,2/108 Atherton Road,-37.899887,145.096082,3.0,2.0,townhouse,1.0,2013-05-11,,,"$520,000"
property-house-vic-oakleigh-113524591,Oakleigh,3166,9 Golf Links Avenue,-37.9051691,145.091078,3.0,1.0,house,1.0,2013-05-04,,,"$511,000"
property-apartment-vic-oakleigh-112894127,Oakleigh,3166,4/82-86 Atherton Road,-37.8994232,145.0939505,2.0,1.0,apartment,1.0,2013-04-30,,,"$375,000"
property-apartment-vic-oakleigh-113020267,Oakleigh,3166,6/11 Logie Street,-37.894135,145.089854,2.0,1.0,apartment,1.0,2013-04-25,,,"$395,500"
property-house-vic-oakleigh-113297427,Oakleigh,3166,52 John Street,-37.905284,145.1009,3.0,2.0,house,2.0,2013-04-06,,,"$575,000"
property-apartment-vic-oakleigh-113297251,Oakleigh,3166,3/24 Haughton Road,-37.901554,145.089015,2.0,1.0,apartment,1.0,2013-04-02,,,"$342,000"
property-house-vic-oakleigh-113087427,Oakleigh,3166,1243 North Road,-37.910724,145.09881,3.0,1.0,house,1.0,2013-03-27,,,"$550,555"
property-unit-vic-oakleigh-112918839,Oakleigh,3166,1/8 Parer Street,-37.909575,145.098462,3.0,2.0,unit,2.0,2013-03-23,,,"$605,000"
property-unit-vic-oakleigh-113163779,Oakleigh,3166,5/22 Golf Links Avenue,-37.906253,145.091492,2.0,1.0,unit,1.0,2013-03-23,,,"$412,000"
property-house-vic-oakleigh-111418967,Oakleigh,3166,2/27 Oxford Street,-37.901088,145.09253,3.0,2.0,house,1.0,2013-03-06,,,"$500,000"
property-house-vic-oakleigh-112992967,Oakleigh,3166,3 Norfolk Avenue,-37.898634,145.10028,3.0,1.0,house,1.0,2013-02-28,,,"$625,000"
property-unit-vic-oakleigh-112748915,Oakleigh,3166,4/4 Lincoln Avenue,-37.8976745,145.0997797,2.0,1.0,unit,1.0,2013-02-09,249.0,m2,"$451,000"
property-apartment-vic-oakleigh-112650727,Oakleigh,3166,2/79 Atherton Road,-37.898852,145.09391,2.0,1.0,apartment,1.0,2013-02-06,,,"$375,000"
property-apartment-vic-oakleigh-112564367,Oakleigh,3166,6/24 Haughton Road,-37.901554,145.089015,1.0,1.0,apartment,1.0,2013-01-25,,,"$362,251"
property-townhouse-vic-oakleigh-110477953,Oakleigh,3166,2/1225 North Road,-37.910516,145.097049,4.0,3.0,townhouse,2.0,2013-01-08,,,"$255,000"
property-house-vic-oakleigh-112076975,Oakleigh,3166,47 Berkeley Street,-37.907035,145.111718,3.0,1.0,house,1.0,2012-12-15,,,"$513,000"
property-house-vic-oakleigh-112279535,Oakleigh,3166,1 Hatter Street,-37.904256,145.087944,3.0,2.0,house,1.0,2012-12-12,,,"$593,000"
property-apartment-vic-oakleigh-111730431,Oakleigh,3166,2/82-86 Atherton Road,-37.8994232,145.0939505,2.0,1.0,apartment,1.0,2012-11-26,,,"$372,500"
property-house-vic-oakleigh-111933179,Oakleigh,3166,18 Merbow Street,-37.901485,145.100718,3.0,1.0,house,2.0,2012-11-15,,,"$738,500"
property-house-vic-oakleigh-111838051,Oakleigh,3166,5 Wilson Street,-37.907583,145.091981,3.0,1.0,house,1.0,2012-11-10,,,"$726,000"
property-apartment-vic-oakleigh-111482775,Oakleigh,3166,7/13 Logie Street,-37.894158,145.090092,2.0,1.0,apartment,1.0,2012-11-07,,,"$410,000"
property-apartment-vic-oakleigh-111730435,Oakleigh,3166,3/119 Atkinson Street,-37.897556,145.092233,2.0,1.0,apartment,1.0,2012-10-27,,,"$372,500"
property-unit-vic-oakleigh-111466683,Oakleigh,3166,1/14 Gadd Street,-37.909172,145.097481,2.0,1.0,unit,2.0,2012-10-08,,,"$496,000"
property-unit-vic-oakleigh-111355063,Oakleigh,3166,1/55 William Street,-37.905605,145.102242,2.0,1.0,unit,1.0,2012-09-22,,,"$430,000"
property-townhouse-vic-oakleigh-110032713,Oakleigh,3166,3/15A Golf Links Avenue,-37.905858,145.090813,4.0,2.0,townhouse,2.0,2012-08-30,,,"$645,000"
property-unit-vic-oakleigh-111121535,Oakleigh,3166,3/24 Grant Street,-37.898881,145.098311,2.0,1.0,unit,1.0,2012-08-29,,,"$443,000"
property-apartment-vic-oakleigh-111132887,Oakleigh,3166,20/41 Railway Avenue,-37.9104516,145.1028658,1.0,1.0,apartment,1.0,2012-08-29,,,"$165,000"
property-house-vic-oakleigh-111189019,Oakleigh,3166,25 Young Street,-37.909102,145.094747,3.0,1.0,house,2.0,2012-08-28,,,"$675,000"
property-apartment-vic-oakleigh-110620705,Oakleigh,3166,23c/79 Atherton Road,-37.898852,145.09391,2.0,1.0,apartment,1.0,2012-08-09,,,"$367,500"
property-house-vic-oakleigh-110994207,Oakleigh,3166,16 Henry St,-37.902223,145.104477,3.0,1.0,house,1.0,2012-08-01,,,"$626,500"
property-townhouse-vic-oakleigh-110922119,Oakleigh,3166,7/16 Grant Street,-37.898139,145.098587,3.0,2.0,townhouse,2.0,2012-07-28,,,"$620,000"
property-house-vic-oakleigh-110714517,Oakleigh,3166,47 Henry Street,-37.90516,145.103328,3.0,1.0,house,1.0,2012-07-27,,,"$585,000"
property-house-vic-oakleigh-110730721,Oakleigh,3166,58 Beauford Street,-37.909208,145.111617,4.0,1.0,house,1.0,2012-07-04,,,"$500,000"
property-house-vic-oakleigh-110419725,Oakleigh,3166,50 George Street,-37.9054,145.101872,5.0,2.0,house,2.0,2012-07-02,,,"$740,000"
property-villa-vic-oakleigh-110773011,Oakleigh,3166,62A Burlington Street,-37.903039,145.097536,3.0,2.0,villa,1.0,2012-06-27,,,"$525,136"
property-house-vic-oakleigh-110666353,Oakleigh,3166,25 Palmerston Grove,-37.897013,145.09104,3.0,2.0,house,1.0,2012-06-23,,,"$585,000"
property-house-vic-oakleigh-110534873,Oakleigh,3166,41 Burlington Street,-37.9022941,145.0960408,3.0,1.0,house,2.0,2012-06-16,409.0,m2,"$493,000"
property-unit-vic-oakleigh-110531297,Oakleigh,3166,1/26 Grant Street,-37.899118,145.098177,2.0,1.0,unit,2.0,2012-06-11,,,"$472,000"
property-house-vic-oakleigh-110476697,Oakleigh,3166,53 Ross Street,-37.907843,145.11152,3.0,1.0,house,1.0,2012-06-01,,,"$550,167"
property-house-vic-oakleigh-109889136,Oakleigh,3166,9A McIntosh Street,-37.910169,145.098733,3.0,2.0,house,2.0,2012-05-22,,,"$571,500"
property-townhouse-vic-oakleigh-110301109,Oakleigh,3166,2/62 Golf Links Avenue,-37.909288,145.0906774,4.0,2.0,townhouse,2.0,2012-05-19,,,"$705,500"
property-house-vic-oakleigh-110321137,Oakleigh,3166,33 Berkeley Street,-37.906793,145.109527,3.0,2.0,house,3.0,2012-05-19,,,"$695,000"
property-house-vic-oakleigh-110564353,Oakleigh,3166,1 Voumard Street,-37.913474,145.094222,3.0,2.0,house,4.0,2012-05-19,,,"$670,000"
property-house-vic-oakleigh-110228117,Oakleigh,3166,1201 North Road,-37.910204,145.094221,3.0,1.0,house,1.0,2012-05-12,536.0,m2,"$500,000"
property-house-vic-oakleigh-110276637,Oakleigh,3166,46 Westgate Street,-37.907978,145.086735,5.0,2.0,house,2.0,2012-05-11,,,"$1,065,000"
property-house-vic-oakleigh-110044709,Oakleigh,3166,28 Andrew Street,-37.908772,145.094326,2.0,1.0,house,1.0,2012-04-28,685.0,m2,"$590,000"
property-house-vic-oakleigh-110218705,Oakleigh,3166,12 Young Street,-37.907758,145.095611,2.0,1.0,house,1.0,2012-04-22,,,"$590,000"
property-unit-vic-oakleigh-110053909,Oakleigh,3166,1/103 Burlington Street,-37.902991,145.1012408,3.0,2.0,unit,1.0,2012-04-21,450.0,m2,"$518,000"
property-apartment-vic-oakleigh-109845501,Oakleigh,3166,2/11 Logie Street,-37.894135,145.089854,2.0,1.0,apartment,1.0,2012-04-20,,,"$404,000"
property-house-vic-oakleigh-110096041,Oakleigh,3166,5 Grant Street,-37.897307,145.09775,2.0,1.0,house,2.0,2012-04-16,,,"$620,000"
property-house-vic-oakleigh-109794951,Oakleigh,3166,44 Ross Street,-37.908008,145.109865,3.0,1.0,house,2.0,2012-03-31,,,"$529,000"
property-house-vic-oakleigh-110032721,Oakleigh,3166,24 Ross Street,-37.90771,145.107089,2.0,1.0,house,1.0,2012-03-26,502.0,m2,"$530,430"
property-apartment-vic-oakleigh-109359021,Oakleigh,3166,12/1554 Dandenong Road,-37.9013575,145.1059317,1.0,1.0,apartment,1.0,2012-03-26,,,"$295,000"
property-townhouse-vic-oakleigh-110028305,Oakleigh,3166,1/19 John Street,-37.9021571,145.1011906,4.0,2.0,townhouse,1.0,2012-03-24,,,"$645,000"
property-house-vic-oakleigh-109681531,Oakleigh,3166,26 Regent Street,-37.901199,145.094908,2.0,1.0,house,,2012-03-17,,,"$576,500"
property-unit-vic-oakleigh-109461651,Oakleigh,3166,1/13 Parer Street,-37.909596,145.097573,3.0,1.0,unit,1.0,2012-03-15,,,"$491,500"
property-apartment-vic-oakleigh-109344356,Oakleigh,3166,5/119 Atkinson Street,-37.897556,145.092233,2.0,1.0,apartment,1.0,2012-03-01,,,"$370,000"
property-house-vic-oakleigh-109359001,Oakleigh,3166,39 Heath Avenue,-37.902108,145.100921,4.0,2.0,house,1.0,2012-02-22,,,"$660,500"
property-house-vic-oakleigh-109289871,Oakleigh,3166,21 Merbow Street,-37.900981,145.100831,3.0,1.0,house,2.0,2012-02-18,,,"$666,000"
property-apartment-vic-oakleigh-109250841,Oakleigh,3166,24/82-86 Atherton Road,-37.8994232,145.0939505,1.0,1.0,apartment,1.0,2012-02-17,,,"$321,500"
property-apartment-vic-oakleigh-108023646,Oakleigh,3166,2/24 Haughton Rd,-37.901554,145.089015,1.0,1.0,apartment,1.0,2012-01-25,,,"$364,500"
property-house-vic-oakleigh-108874611,Oakleigh,3166,1/3 Tamar Grove,-37.896458,145.096729,3.0,1.0,house,2.0,2012-01-11,,,"$520,000"
property-house-vic-oakleigh-108359921,Oakleigh,3166,9 Dalgety Street,-37.891471,145.089904,3.0,1.0,house,1.0,2011-12-19,,,"$710,000"
property-house-vic-oakleigh-108676586,Oakleigh,3166,26 George Street,-37.902667,145.1024,3.0,1.0,house,3.0,2011-12-10,,,"$700,000"
property-house-vic-oakleigh-108066546,Oakleigh,3166,183 Atherton Road,-37.900346,145.103744,3.0,1.0,house,2.0,2011-12-06,,,"$780,000"
property-house-vic-oakleigh-108445331,Oakleigh,3166,49 Burlington St,-37.902363,145.09658,3.0,1.0,house,1.0,2011-11-30,,,"$530,000"
property-house-vic-oakleigh-108383131,Oakleigh,3166,1145 North Road,-37.909539,145.087831,3.0,1.0,house,1.0,2011-11-26,,,"$470,000"
property-townhouse-vic-oakleigh-108369381,Oakleigh,3166,10/16 Grant Street,-37.898139,145.098587,3.0,2.0,townhouse,1.0,2011-11-19,,,"$555,000"
property-unit-vic-oakleigh-108255261,Oakleigh,3166,4/3 Albert Avenue,-37.897592,145.093932,2.0,1.0,unit,1.0,2011-11-19,,,"$387,000"
property-apartment-vic-oakleigh-108374366,Oakleigh,3166,1/82-86 Atherton Road,-37.8994232,145.0939505,2.0,1.0,apartment,1.0,2011-11-17,,,"$325,000"
property-unit-vic-oakleigh-107592214,Oakleigh,3166,1/42 Golflinks Avenue,-37.907982,145.091401,4.0,2.0,unit,2.0,2011-09-05,333.0,m2,"$610,000"
property-house-vic-oakleigh-107586078,Oakleigh,3166,1/112 Haughton Road,-37.908754,145.09853,3.0,2.0,house,2.0,2011-09-03,424.0,m2,"$515,000"
property-house-vic-oakleigh-107567415,Oakleigh,3166,178 Atherton Road,-37.900859,145.103263,3.0,1.0,house,,2011-08-20,713.0,m2,"$740,000"
property-house-vic-oakleigh-107552455,Oakleigh,3166,6 Westgate Street,-37.904579,145.087387,4.0,2.0,house,2.0,2011-08-13,,,"$680,000"
property-house-vic-oakleigh-107512880,Oakleigh,3166,1149B North Road,-37.909692,145.088473,2.0,1.0,house,2.0,2011-08-09,,,"$455,000"
property-house-vic-oakleigh-107549038,Oakleigh,3166,110 Atherton Rd,-37.900011,145.096352,5.0,2.0,house,8.0,2011-08-08,,,"$1,300,000"
property-house-vic-oakleigh-107528203,Oakleigh,3166,47 Queens Avenue,-37.903756,145.090276,3.0,1.0,house,1.0,2011-08-06,,,"$730,000"
property-house-vic-oakleigh-107522566,Oakleigh,3166,14 & 14A Palmer Street,-37.896857,145.092017,2.0,1.0,house,1.0,2011-07-30,,,"$1,079,000"
property-house-vic-oakleigh-107462899,Oakleigh,3166,41 Hargreaves Street,-37.908976,145.109249,3.0,1.0,house,2.0,2011-07-26,,,"$616,000"
property-house-vic-oakleigh-107505216,Oakleigh,3166,14 Greville Street,-37.906141,145.106294,3.0,1.0,house,2.0,2011-07-23,,,"$610,000"
property-house-vic-oakleigh-107505218,Oakleigh,3166,9 Garnett Street,-37.902397,145.106571,2.0,1.0,house,2.0,2011-07-23,,,"$521,500"
property-house-vic-oakleigh-107567412,Oakleigh,3166,48 Bishop Street,-37.9086881,145.093075,3.0,1.0,house,,2011-07-20,720.0,m2,"$738,000"
property-apartment-vic-oakleigh-107452117,Oakleigh,3166,15/82-86 Atherton Road,-37.8994232,145.0939505,2.0,1.0,apartment,1.0,2011-07-16,,,"$371,600"
property-apartment-vic-oakleigh-107516583,Oakleigh,3166,17/119 Atkinson Street,-37.897556,145.092233,2.0,1.0,apartment,1.0,2011-07-14,,,"$395,000"
property-apartment-vic-oakleigh-107431451,Oakleigh,3166,2/79 Atherton Road,-37.898852,145.09391,2.0,1.0,apartment,1.0,2011-06-23,,,"$410,000"
property-house-vic-oakleigh-107424829,Oakleigh,3166,13 Mora Avenue,-37.901857,145.088961,3.0,2.0,house,2.0,2011-06-18,,,"$780,000"
property-house-vic-oakleigh-107412812,Oakleigh,3166,5 William Street,-37.901359,145.103062,4.0,2.0,house,1.0,2011-06-11,,,"$860,000"
property-house-vic-oakleigh-107401448,Oakleigh,3166,55 Golf Links Avenue,-37.908805,145.090286,4.0,1.0,house,,2011-06-11,,,"$780,000"
property-house-vic-oakleigh-107390649,Oakleigh,3166,7/122 Atherton Road,-37.900366,145.097338,2.0,1.0,house,1.0,2011-06-04,,,"$437,500"
property-apartment-vic-oakleigh-107331749,Oakleigh,3166,4/264 Huntingdale Road,-37.9073327,145.1042502,2.0,1.0,apartment,1.0,2011-04-23,,,"$340,000"
property-house-vic-oakleigh-107301083,Oakleigh,3166,3 Gadd Street,-37.907813,145.096874,4.0,1.0,house,1.0,2011-04-22,,,"$655,000"
property-apartment-vic-oakleigh-107272275,Oakleigh,3166,2/82-86 Atherton Road,-37.899535,145.093755,2.0,1.0,apartment,1.0,2011-04-18,,,"$385,000"
property-house-vic-oakleigh-107259927,Oakleigh,3166,13 Grandview Grove,-37.89441,145.105115,3.0,2.0,house,2.0,2011-04-08,,,"$700,000"
property-unit-vic-oakleigh-107179264,Oakleigh,3166,2/98 Burlington Street,-37.903353,145.10117,3.0,1.0,unit,1.0,2011-03-10,,,"$495,000"
property-townhouse-vic-oakleigh-106926455,Oakleigh,3166,1/15 A Golf Links  Avenue,-37.905732,145.091079,4.0,2.0,townhouse,2.0,2011-03-08,,,"$770,000"
property-house-vic-oakleigh-107182266,Oakleigh,3166,2 Stamford Road,-37.891636,145.101427,3.0,2.0,house,,2011-03-05,,,"$1,000,000"
property-house-vic-oakleigh-107073537,Oakleigh,3166,37 Golf Links Avenue,-37.9078321,145.0908159,1.0,1.0,house,,2011-02-26,,,"$420,000"
property-house-vic-oakleigh-107109962,Oakleigh,3166,19 William Street,-37.902307,145.102878,2.0,1.0,house,1.0,2011-02-19,,,"$662,000"
property-house-vic-oakleigh-106911393,Oakleigh,3166,20 Ferntree Gully Rd,-37.896763,145.101569,6.0,3.0,house,2.0,2011-01-11,,,"$642,719"
property-apartment-vic-oakleigh-106999192,Oakleigh,3166,6/82-86 Atherton Road,-37.899535,145.093755,2.0,1.0,apartment,2.0,2010-12-24,,,"$367,000"
property-apartment-vic-oakleigh-107056690,Oakleigh,3166,3/6 Willgilson Ct,-37.906602,145.092402,1.0,1.0,apartment,1.0,2010-12-20,,,"$399,000"
property-house-vic-oakleigh-106993381,Oakleigh,3166,9 Lincoln Ave,-37.898366,145.099054,2.0,1.0,house,1.0,2010-12-02,,,"$635,000"
property-house-vic-oakleigh-106984763,Oakleigh,3166,158 Warrigal Road,-37.90757,145.085756,3.0,1.0,house,1.0,2010-11-26,,,"$523,000"
property-house-vic-oakleigh-106898434,Oakleigh,3166,1472 Dandenong Road,-37.896448,145.097662,2.0,2.0,house,1.0,2010-11-17,,,"$515,000"
property-house-vic-oakleigh-106876284,Oakleigh,3166,8 Elizabeth St,-37.898619,145.107144,4.0,1.0,house,1.0,2010-11-10,,,"$760,495"
property-house-vic-oakleigh-106898428,Oakleigh,3166,23 Clyde Street,-37.897431,145.095478,5.0,3.0,house,2.0,2010-11-06,,,"$890,000"
property-apartment-vic-oakleigh-106846819,Oakleigh,3166,16/82-86 Atherton Road,-37.8992729,145.0938157,2.0,1.0,apartment,2.0,2010-10-25,,,"$368,000"
property-house-vic-oakleigh-106873284,Oakleigh,3166,26 Oxford Street,-37.900906,145.093012,3.0,1.0,house,,2010-10-23,,,"$546,000"
property-house-vic-oakleigh-106892026,Oakleigh,3166,1/1 Leroux Street,-37.896205,145.104063,2.0,1.0,house,1.0,2010-10-20,,,"$522,500"
property-apartment-vic-oakleigh-106695164,Oakleigh,3166,22/82-86 Atherton Road,-37.8992729,145.0938157,2.0,1.0,apartment,1.0,2010-10-15,,,"$350,000"
property-townhouse-vic-oakleigh-106784922,Oakleigh,3166,1/16 Winifred Street,-37.895717,145.102674,3.0,2.0,townhouse,2.0,2010-10-11,,,"$635,000"
property-house-vic-oakleigh-106695768,Oakleigh,3166,11 George Street,-37.901657,145.102125,3.0,1.0,house,1.0,2010-10-05,,,"$680,000"
property-townhouse-vic-oakleigh-106793462,Oakleigh,3166,2/5 Heath Avenue,-37.901359,145.096515,4.0,2.0,townhouse,2.0,2010-09-18,,,"$695,000"
property-house-vic-oakleigh-106718138,Oakleigh,3166,29 William Street,-37.903829,145.102695,3.0,2.0,house,2.0,2010-09-05,,,"$650,000"
property-house-vic-oakleigh-106739111,Oakleigh,3166,4 Ford St,-37.90769,145.096091,3.0,1.0,house,2.0,2010-09-01,,,"$626,777"
property-house-vic-oakleigh-106631212,Oakleigh,3166,43 Henry Street,-37.904887,145.103475,3.0,1.0,house,2.0,2010-08-16,,,"$650,000"
property-unit-vic-oakleigh-106571446,Oakleigh,3166,2/48 Burlington Street,-37.902714,145.096431,3.0,1.0,unit,1.0,2010-08-03,,,"$505,000"
property-house-vic-oakleigh-105859586,Oakleigh,3166,2/50 Golflinks Avenue,-37.90848541,145.0909271,1.0,1.0,house,1.0,2010-08-02,,,"$340,000"
property-house-vic-oakleigh-106654587,Oakleigh,3166,15 Fenton Street,-37.908145,145.110489,7.0,2.0,house,1.0,2010-07-31,,,"$623,500"
property-house-vic-oakleigh-106649528,Oakleigh,3166,13 Watsonia Street,-37.910122,145.095629,3.0,2.0,house,1.0,2010-07-24,,,"$750,000"
property-house-vic-oakleigh-106622378,Oakleigh,3166,9 Westley Street,-37.896129,145.094636,4.0,1.0,house,,2010-07-08,,,"$770,000"
property-house-vic-oakleigh-106609941,Oakleigh,3166,31 Sumersett Ave,-37.916212,145.086042,3.0,2.0,house,4.0,2010-07-08,,,"$610,000"
property-house-vic-oakleigh-106604945,Oakleigh,3166,12 Hatter Street,-37.904992,145.088266,4.0,2.0,house,2.0,2010-07-06,,,"$886,000"
property-house-vic-oakleigh-106509945,Oakleigh,3166,139 Huntingdale Rd,-37.894641,145.10602,3.0,1.0,house,1.0,2010-07-03,,,"$655,000"
property-unit-vic-oakleigh-106571414,Oakleigh,3166,1/1 Fenton Street,-37.905245,145.110439,3.0,1.0,unit,,2010-06-22,,,"$430,000"
property-house-vic-oakleigh-106571226,Oakleigh,3166,40 Bishop Street,-37.908091,145.093156,3.0,1.0,house,2.0,2010-06-19,,,"$741,000"
property-unit-vic-oakleigh-106553828,Oakleigh,3166,1/38 Golflinks Avenue,-37.907469,145.091091,3.0,1.0,unit,1.0,2010-05-31,,,"$555,000"
property-apartment-vic-oakleigh-106521830,Oakleigh,3166,5/264 Huntingdale Road,-37.907344,145.104425,2.0,1.0,apartment,,2010-05-24,,,"$322,500"
property-house-vic-oakleigh-106495160,Oakleigh,3166,11 Westgate St,-37.904835,145.086698,3.0,1.0,house,1.0,2010-05-15,,,"$710,500"
property-house-vic-oakleigh-106519372,Oakleigh,3166,34 Golflinks Avenue,-37.907139,145.091179,3.0,1.0,house,4.0,2010-05-08,,,"$1,405,000"
property-unit-vic-oakleigh-106258037,Oakleigh,3166,11/13 Logie Street,-37.894308,145.090052,2.0,1.0,unit,1.0,2010-04-18,,,"$415,000"
property-unit-vic-oakleigh-106418872,Oakleigh,3166,1/11 Albert Avenue,-37.897832,145.094911,3.0,1.0,unit,1.0,2010-04-17,,,"$475,000"
property-apartment-vic-oakleigh-106367685,Oakleigh,3166,1/11 Logie Street,-37.894279,145.089833,2.0,1.0,apartment,1.0,2010-03-30,,,"$385,000"
property-house-vic-oakleigh-106371147,Oakleigh,3166,4 Abbeygate Street,-37.904676,145.090424,2.0,1.0,house,1.0,2010-03-27,,,"$796,000"
property-house-vic-oakleigh-106210714,Oakleigh,3166,777 Warrigal Road,-37.888886,145.089274,5.0,2.0,house,,2010-03-23,,,"$641,000"
property-unit-vic-oakleigh-106387850,Oakleigh,3166,4/126 Atherton Road,-37.900491,145.097784,2.0,1.0,unit,1.0,2010-03-17,,,"$480,000"
property-house-vic-oakleigh-106276362,Oakleigh,3166,72 Eastgate St,-37.909396,145.088578,3.0,1.0,house,1.0,2010-03-05,,,"$660,125"
property-house-vic-oakleigh-106151397,Oakleigh,3166,1592 Dandenong Road,-37.903546,145.109186,6.0,2.0,house,2.0,2010-02-20,,,"$650,000"
property-unit-vic-oakleigh-105697359,Oakleigh,3166,2/13 Parer Street,-37.90964508,145.0979157,3.0,2.0,unit,1.0,2010-02-20,,,"$555,000"
property-house-vic-oakleigh-106235083,Oakleigh,3166,29 Hatter Street,-37.906234,145.087597,3.0,2.0,house,1.0,2010-01-06,,,"$920,000"
property-unit-vic-oakleigh-106108456,Oakleigh,3166,5/6 Albert Avenue,-37.89835358,145.0940247,2.0,1.0,unit,2.0,2010-01-01,,,"$413,000"
property-house-vic-oakleigh-106220607,Oakleigh,3166,18 Westgate St,-37.905361,145.08713,4.0,2.0,house,1.0,2009-12-24,,,"$1,000,000"
property-house-vic-oakleigh-106221779,Oakleigh,3166,13 Abbeygate Street,-37.905352,145.089872,4.0,1.0,house,1.0,2009-12-22,,,"$810,000"
property-house-vic-oakleigh-106180275,Oakleigh,3166,29 Downing St,-37.901307,145.093411,3.0,1.0,house,2.0,2009-12-21,,,"$585,341"
property-unit-vic-oakleigh-106174186,Oakleigh,3166,2/21 Parer Street,-37.910191,145.097806,3.0,2.0,unit,1.0,2009-12-19,,,"$557,000"
property-house-vic-oakleigh-106159534,Oakleigh,3166,25 Heath Avenue,-37.901759,145.099518,3.0,1.0,house,1.0,2009-12-12,,,"$755,000"
property-house-vic-oakleigh-106062381,Oakleigh,3166,20 Tamar Grove,-37.89788818,145.0969696,1.0,1.0,house,,2009-12-12,,,"$720,000"
property-unit-vic-oakleigh-106081968,Oakleigh,3166,5/24 Grant Street,-37.8989296,145.0979919,2.0,1.0,unit,1.0,2009-12-10,,,"$465,000"
property-house-vic-oakleigh-106104076,Oakleigh,3166,1/3 Ross St,-37.907062,145.105241,2.0,1.0,house,1.0,2009-12-08,,,"$441,299"
property-house-vic-oakleigh-106054488,Oakleigh,3166,35 Wilson Street,-37.90811539,145.0956879,3.0,2.0,house,2.0,2009-11-16,,,"$820,000"
property-house-vic-oakleigh-106125783,Oakleigh,3166,36 Beauford St,-37.908617,145.108667,3.0,2.0,house,2.0,2009-11-14,,,"$630,000"
property-unit-vic-oakleigh-106077637,Oakleigh,3166,1/24 Grant Street,-37.8989296,145.0979919,2.0,1.0,unit,2.0,2009-11-14,,,"$460,000"
property-unit-vic-oakleigh-106084924,Oakleigh,3166,2/6 Shafton Street,-37.90424347,145.1084595,2.0,1.0,unit,1.0,2009-11-07,,,"$420,000"
property-apartment-vic-oakleigh-106035556,Oakleigh,3166,7/82-86 Atherton Road,-37.8992424,145.0938263,2.0,1.0,apartment,1.0,2009-11-07,,,"$340,000"
property-house-vic-oakleigh-106080540,Oakleigh,3166,1/21 Parer St,-37.910172,145.097639,2.0,1.0,house,1.0,2009-10-28,,,"$510,000"
property-unit-vic-oakleigh-106037442,Oakleigh,3166,1/48 Golflinks Avenue,-37.90649033,145.091095,2.0,1.0,unit,1.0,2009-10-18,,,"$488,000"
property-unit-vic-oakleigh-106037704,Oakleigh,3166,3/6 Albert Avenue,-37.89835358,145.0940247,2.0,1.0,unit,1.0,2009-10-12,,,"$450,500"
property-house-vic-oakleigh-105996831,Oakleigh,3166,4 Connell Road,-37.90067673,145.0988464,3.0,1.0,house,1.0,2009-10-10,,,"$590,500"
property-house-vic-oakleigh-105990400,Oakleigh,3166,35 Andrew Street,-37.90901947,145.0937805,3.0,1.0,house,2.0,2009-10-03,704.0,m2,"$665,000"
property-house-vic-oakleigh-106017781,Oakleigh,3166,19 Henry St,-37.902426,145.103853,3.0,1.0,house,1.0,2009-09-29,,,"$545,000"
property-house-vic-oakleigh-105946613,Oakleigh,3166,4 Vernon Street,-37.90452576,145.1056519,3.0,1.0,house,2.0,2009-09-19,,,"$643,000"
property-house-vic-oakleigh-105916662,Oakleigh,3166,47 Heath Ave,-37.902833,145.100698,3.0,2.0,house,1.0,2009-08-23,,,"$550,207"
property-house-vic-oakleigh-105935786,Oakleigh,3166,24 Oxford Street,-37.9007988,145.0930328,4.0,2.0,house,3.0,2009-08-22,,,"$765,000"
property-house-vic-oakleigh-105834837,Oakleigh,3166,9 Palmerston Grove,-37.89785385,145.0910339,3.0,1.0,house,,2009-08-15,,,"$567,000"
property-house-vic-oakleigh-105935155,Oakleigh,3166,11 Abbeygate St,-37.905186,145.089788,3.0,2.0,house,,2009-08-12,,,"$810,000"
property-house-vic-oakleigh-105936849,Oakleigh,3166,7 Henry St,-37.901612,145.10401,3.0,2.0,house,2.0,2009-08-12,,,"$595,000"
property-house-vic-oakleigh-105822572,Oakleigh,3166,120 Burlington Street,-37.9036293,145.103714,4.0,2.0,house,2.0,2009-07-25,,,"$810,000"
property-unit-vic-oakleigh-105662274,Oakleigh,3166,3/34 Heath Avenue,-37.90246964,145.0995789,3.0,2.0,unit,1.0,2009-07-10,,,"$483,200"
property-house-vic-oakleigh-105776862,Oakleigh,3166,1480 Dandenong Road,-37.897052,145.098505,3.0,1.0,house,2.0,2009-07-05,,,"$685,000"
property-unit-vic-oakleigh-105801763,Oakleigh,3166,2/172 Atherton Rd,-37.900782,145.10266,2.0,1.0,unit,2.0,2009-06-17,,,"$445,000"
property-unit-vic-oakleigh-105761864,Oakleigh,3166,2/47 Golflinks Avenue,-37.90829086,145.0901337,2.0,1.0,unit,1.0,2009-06-13,,,"$390,000"
property-unit-vic-oakleigh-105505293,Oakleigh,3166,1/40 Fenton Street,-37.90901184,145.1107788,2.0,1.0,unit,1.0,2009-05-31,,,"$438,500"
property-house-vic-oakleigh-105730937,Oakleigh,3166,2 Bishop Street,-37.90537643,145.0936585,3.0,2.0,house,2.0,2009-05-30,,,"$622,000"
property-house-vic-oakleigh-105330008,Oakleigh,3166,42 Oxford Street,-37.902554,145.092796,1.0,1.0,house,1.0,2009-05-28,,,"$510,000"
property-house-vic-oakleigh-105746520,Oakleigh,3166,15 Fenton Street,-37.9081459,145.1104889,3.0,1.0,house,,2009-05-26,,,"$460,000"
property-unit-vic-oakleigh-105666690,Oakleigh,3166,3/11 Albert Avenue,-37.89783096,145.0949097,3.0,1.0,unit,1.0,2009-05-16,,,"$416,500"
property-house-vic-oakleigh-105745359,Oakleigh,3166,56 Abbeygate St,-37.908866,145.089728,2.0,1.0,house,1.0,2009-05-15,,,"$559,000"
property-house-vic-oakleigh-105680506,Oakleigh,3166,7/220-230 Huntingdale Rd,-37.903959,145.105223,3.0,2.0,house,1.0,2009-05-15,,,"$481,000"
property-house-vic-oakleigh-105664718,Oakleigh,3166,4 Mead Court,-37.90670395,145.0921478,2.0,1.0,house,,2009-05-09,,,"$361,000"
property-house-vic-oakleigh-105682887,Oakleigh,3166,65 Drummond Street,-37.88993454,145.091095,5.0,2.0,house,1.0,2009-05-07,,,"$690,000"
property-house-vic-oakleigh-105643761,Oakleigh,3166,4/24 Grant Street,-37.89881897,145.0986633,2.0,1.0,house,1.0,2009-04-15,,,"$407,000"
property-house-vic-oakleigh-105555633,Oakleigh,3166,29 Bishop Street,-37.9069519,145.0930176,4.0,2.0,house,4.0,2009-04-08,,,"$560,000"
property-house-vic-oakleigh-105662824,Oakleigh,3166,49 Henry St,-37.905297,145.1033,2.0,1.0,house,2.0,2009-04-08,,,"$550,000"
property-house-vic-oakleigh-105603195,Oakleigh,3166,1546B Dandenong Rd,-37.900171,145.103651,3.0,2.0,house,1.0,2009-04-08,,,"$530,000"
property-apartment-vic-oakleigh-105598291,Oakleigh,3166,6/167 Atherton Road,-37.900109,145.102147,2.0,1.0,apartment,1.0,2009-04-04,,,"$325,000"
property-house-vic-oakleigh-105531028,Oakleigh,3166,1699 Dandenong Rd,-37.899766,145.104694,3.0,1.0,house,2.0,2009-04-03,,,"$575,000"
property-apartment-vic-oakleigh-105636481,Oakleigh,3166,2/82-86 Atherton Road,-37.89942169,145.0937805,2.0,1.0,apartment,1.0,2009-03-30,,,"$355,000"
property-unit-vic-oakleigh-105477812,Oakleigh,3166,1/13 Parer Street,-37.90964508,145.0979157,3.0,1.0,unit,1.0,2009-03-26,,,"$446,000"
property-house-vic-oakleigh-105608096,Oakleigh,3166,27 Eastgate St,-37.906115,145.088556,3.0,2.0,house,1.0,2009-03-24,,,"$590,000"
property-unit-vic-oakleigh-105125100,Oakleigh,3166,1/54 Carmichael Rd,-37.902161,145.113016,4.0,2.0,unit,2.0,2009-03-22,,,"$575,000"
property-unit-vic-oakleigh-105572487,Oakleigh,3166,2/116 Burlington Street,-37.90381241,145.1033173,2.0,1.0,unit,1.0,2009-03-21,,,"$400,250"
property-house-vic-oakleigh-105545695,Oakleigh,3166,209 Huntingdale Rd,-37.903089,145.104719,3.0,1.0,house,2.0,2009-03-14,,,"$401,000"
property-house-vic-oakleigh-105439057,Oakleigh,3166,6 Oxford St,-37.899896,145.093307,5.0,2.0,house,1.0,2009-03-13,,,"$480,000"
property-house-vic-oakleigh-105424804,Oakleigh,3166,2 Heath Avenue,-37.901577,145.0960388,4.0,2.0,house,2.0,2009-03-10,,,"$575,000"
property-house-vic-oakleigh-105462993,Oakleigh,3166,3/126 Atherton Road,-37.90034103,145.0978088,2.0,1.0,house,1.0,2009-02-16,,,"$342,500"
property-house-vic-oakleigh-105416490,Oakleigh,3166,73 Drummond St,-37.890428,145.090867,3.0,1.0,house,1.0,2009-01-24,,,"$620,000"
property-apartment-vic-oakleigh-105420175,Oakleigh,3166,1/167 Atherton Road,-37.90027237,145.1021423,2.0,1.0,apartment,1.0,2009-01-24,,,"$340,500"
property-house-vic-oakleigh-105398812,Oakleigh,3166,1a Moroney St,-37.910784,145.100267,3.0,2.0,house,1.0,2009-01-10,,,"$420,000"
property-house-vic-oakleigh-105420342,Oakleigh,3166,1616 Dandenong Road,-37.90514755,145.1118012,3.0,1.0,house,1.0,2009-01-07,,,"$530,000"
property-unit-vic-oakleigh-105383167,Oakleigh,3166,3/14 Rugby Road,-37.89400101,145.0867462,2.0,1.0,unit,2.0,2008-12-19,,,"$300,000"
property-house-vic-oakleigh-105353384,Oakleigh,3166,1/122 Burlington St,-37.90367126,145.104126,3.0,1.0,house,1.0,2008-12-16,,,"$420,000"
property-house-vic-oakleigh-105340982,Oakleigh,3166,3 Lanham St,-37.910606,145.113352,3.0,1.0,house,,2008-12-09,,,"$468,000"
property-house-vic-oakleigh-105308400,Oakleigh,3166,1638 Dandenong Road,-37.90616608,145.1134796,5.0,2.0,house,2.0,2008-11-24,,,"$370,000"
property-house-vic-oakleigh-105235613,Oakleigh,3166,1584 Dandenong Rd,-37.903209,145.108299,3.0,1.0,house,1.0,2008-11-21,,,"$480,000"
property-house-vic-oakleigh-105249125,Oakleigh,3166,94 Haughton Road,-37.90730286,145.0968933,5.0,3.0,house,2.0,2008-10-30,740.0,m2,"$622,000"
property-house-vic-oakleigh-105230646,Oakleigh,3166,6 Worcester St,-37.903165,145.106075,3.0,1.0,house,1.0,2008-10-21,530.0,m2,"$478,888"
property-townhouse-vic-oakleigh-105177894,Oakleigh,3166,4/1248 North Road,-37.91155624,145.0960083,4.0,2.0,townhouse,2.0,2008-10-09,,,"$495,000"
property-house-vic-oakleigh-105116390,Oakleigh,3166,3 Vivian Crt,-37.918879,145.110635,3.0,1.0,house,2.0,2008-10-02,,,"$439,950"
property-house-vic-oakleigh-105181408,Oakleigh,3166,191 Huntingdale Road,-37.90186691,145.1050415,3.0,1.0,house,2.0,2008-09-29,,,"$505,000"
property-house-vic-oakleigh-105197206,Oakleigh,3166,72 Haughton Road,-37.90601349,145.0951843,3.0,2.0,house,,2008-09-29,,,"$485,000"
property-villa-vic-oakleigh-105102003,Oakleigh,3166,2/180a Warrigal Road,-37.90886307,145.0853882,2.0,1.0,villa,1.0,2008-09-16,,,"$400,000"
property-unit-vic-oakleigh-104982917,Oakleigh,3165,Address available on request,,,2.0,1.0,unit,1.0,2008-08-30,,,"$305,688"
property-house-vic-oakleigh-105083264,Oakleigh,3166,27 Henry St,-37.902971,145.103749,3.0,1.0,house,2.0,2008-08-27,,,"$580,000"
property-house-vic-oakleigh-105068289,Oakleigh,3166,42 George St,-37.904856,145.101977,3.0,1.0,house,2.0,2008-08-25,,,"$527,000"
property-house-vic-oakleigh-104919259,Oakleigh,3166,1592 Dandenong Road,-37.90354538,145.1091919,2.0,1.0,house,3.0,2008-08-22,662.0,m2,"$495,000"
property-house-vic-oakleigh-105075555,Oakleigh,3166,2 Sherbrooke Avenue,-37.935959,145.080695,6.0,2.0,house,2.0,2008-08-16,,,"$535,000"
property-villa-vic-oakleigh-104986041,Oakleigh,3166,4/1 McIntosh Street,-37.90969086,145.0990601,2.0,1.0,villa,1.0,2008-08-04,,,"$318,000"
property-unit-vic-oakleigh-105060293,Oakleigh,3166,1/76 Haughton Road,-37.90645218,145.0953369,3.0,1.0,unit,1.0,2008-07-29,,,"$370,000"
property-house-vic-oakleigh-104945439,Oakleigh,3166,1169 North Road,-37.90999222,145.0910645,3.0,1.0,house,2.0,2008-07-12,,,"$463,000"
property-villa-vic-oakleigh-104969346,Oakleigh,3166,6/24 Grant Street,-37.89881897,145.0986633,2.0,1.0,villa,1.0,2008-07-02,,,"$390,000"
property-house-vic-oakleigh-104952115,Oakleigh,3166,5 Andrew St,-37.90612411,145.0942993,3.0,1.0,house,2.0,2008-06-27,,,"$586,000"
property-apartment-vic-oakleigh-104917647,Oakleigh,3166,15/1554 Dandenong Road,-37.89340591,145.0928955,1.0,1.0,apartment,1.0,2008-06-26,,,"$290,000"
property-house-vic-oakleigh-104892733,Oakleigh,3166,3/220 Huntingdale Road,-37.90407181,145.1053619,3.0,2.0,house,1.0,2008-06-23,,,"$405,000"
property-house-vic-oakleigh-104925237,Oakleigh,3166,2 Andrew Street,-37.90613937,145.0946503,3.0,2.0,house,2.0,2008-06-21,,,"$765,000"
property-house-vic-oakleigh-104801307,Oakleigh,3166,132 Ferntree Gully Road,-37.898564,145.11751,4.0,2.0,house,2.0,2008-06-19,733.0,m2,"$524,760"
property-house-vic-oakleigh-104793119,Oakleigh,3166,14 Abercrombie Street,-37.931461,145.083261,3.0,2.0,house,1.0,2008-06-04,,,"$630,000"
property-house-vic-oakleigh-104864391,Oakleigh,3166,1/89 Burlington St,-37.90291977,145.1006317,3.0,1.0,house,1.0,2008-06-04,,,"$476,000"
property-house-vic-oakleigh-104818631,Oakleigh,3166,42 Heath Avenue,-37.90216827,145.1003571,3.0,2.0,house,3.0,2008-05-17,876.0,m2,"$735,000"
property-house-vic-oakleigh-104815413,Oakleigh,3166,4 Greville Street,-37.90595245,145.1053314,3.0,1.0,house,1.0,2008-05-10,709.0,m2,"$495,000"
property-unit-vic-oakleigh-104711643,Oakleigh,3166,1/1438 Dandenong Road,-37.89474869,145.0942535,3.0,1.0,unit,1.0,2008-04-30,,,"$340,000"
property-townhouse-vic-oakleigh-104607891,Oakleigh,3166,8/16 Grant Street,-37.89813614,145.0986176,3.0,2.0,townhouse,2.0,2008-04-26,,,"$530,000"
property-townhouse-vic-oakleigh-150379248,Oakleigh,3166,43 Devon Grove,-37.89642449,145.1030099,4.0,3.0,townhouse,3.0,2026-04-29,380.0,m2,Contact agent
property-townhouse-vic-oakleigh-149873660,Oakleigh,3166,6/183 Atherton Road,-37.90048054,145.1036618,2.0,2.0,townhouse,1.0,2026-04-13,,,Contact agent
property-apartment-vic-oakleigh-149835940,Oakleigh,3166,6/41 Railway Avenue,-37.91059982,145.1033125,1.0,1.0,apartment,,2026-04-08,,,Contact agent
property-house-vic-oakleigh-150809988,Oakleigh,3166,8 Heath Avenue,-37.901639,145.096553,3.0,1.0,house,1.0,2026-04-01,,,Contact agent
property-apartment-vic-oakleigh-150628032,Oakleigh,3166,15/1 Heath Avenue,-37.901308,145.09614,2.0,1.0,apartment,1.0,2026-03-27,,,Contact agent
property-townhouse-vic-oakleigh-150324760,Oakleigh,3166,2/98 Haughton Road,-37.90809949,145.0974021,4.0,3.0,townhouse,2.0,2026-03-21,,,Contact agent
property-apartment-vic-oakleigh-150658272,Oakleigh,3166,704/6 Dalgety Street,-37.89199272,145.089514,2.0,2.0,apartment,1.0,2026-03-05,,,"$550,000"
property-house-vic-oakleigh-150116372,Oakleigh,3166,22 William Street,-37.902496,145.103321,3.0,1.0,house,2.0,2026-02-28,,,Contact agent
property-house-vic-oakleigh-150024364,Oakleigh,3166,130 Drummond Street,-37.895819,145.090516,3.0,1.0,house,2.0,2026-02-28,,,Contact agent
property-house-vic-oakleigh-149574508,Oakleigh,3166,60 Abbeygate Street,-37.909114,145.089581,3.0,2.0,house,2.0,2026-02-16,,,"$1,490,000"
property-apartment-vic-oakleigh-149926420,Oakleigh,3166,108/2 Dalgety Street,-37.89199272,145.089514,1.0,1.0,apartment,1.0,2026-01-30,,,"$416,888"
property-apartment-vic-oakleigh-148557216,Oakleigh,3166,106/35-41 Dalgety Street,-37.89189246,145.0934262,3.0,2.0,apartment,2.0,2026-01-28,,,"$721,000"
property-apartment-vic-oakleigh-149945080,Oakleigh,3166,401/2 Dalgety Street,-37.89199272,145.089514,2.0,1.0,apartment,1.0,2026-01-28,,,"$510,000"
property-townhouse-vic-oakleigh-149906072,Oakleigh,3166,3/183 Atherton Road,-37.90048054,145.1036618,2.0,2.0,townhouse,1.0,2026-01-24,,,"$906,000"
property-house-vic-oakleigh-149046792,Oakleigh,3166,16 William Street,-37.902092,145.103388,5.0,2.0,house,2.0,2026-01-23,540.0,m2,Contact agent
property-house-vic-oakleigh-150340940,Oakleigh,3166,8 Allen Street,-37.889684,145.090106,3.0,1.0,house,2.0,2026-01-19,650.0,m2,Contact agent
property-residential land-vic-oakleigh-204403740,Oakleigh,3166,1436 Dandenong Road,-37.89439939,145.0941128,,,residential land,,2026-01-13,1011.0,m2,"$1,300,000"
property-house-vic-oakleigh-148479760,Oakleigh,3166,1165 North Road,-37.909952,145.090663,4.0,1.0,house,3.0,2026-01-06,863.0,m2,Contact agent
property-apartment-vic-oakleigh-149879496,Oakleigh,3166,303/1525 Dandenong Road,-37.89289355,145.0905128,2.0,2.0,apartment,1.0,2025-12-24,,,"$447,500"
property-house-vic-oakleigh-149626224,Oakleigh,3166,17 Princess Street,-37.904869,145.093421,3.0,1.0,house,2.0,2025-12-12,,,"$1,090,000"
property-house-vic-oakleigh-149636380,Oakleigh,3166,22A Clyde Street,-37.89752024,145.0958639,2.0,1.0,house,2.0,2025-12-06,294.0,m2,"$1,071,000"
property-townhouse-vic-oakleigh-149499120,Oakleigh,3166,2/38 Andrew Street,-37.90950061,145.0943382,4.0,3.0,townhouse,2.0,2025-11-29,,,"$1,370,000"
property-house-vic-oakleigh-149430108,Oakleigh,3166,33 Andrew Street,-37.908867,145.093807,4.0,3.0,house,2.0,2025-11-28,695.0,m2,"$1,430,000"
property-townhouse-vic-oakleigh-149409852,Oakleigh,3166,1/28 William Street,-37.90289149,145.1032415,3.0,3.0,townhouse,2.0,2025-11-22,,,"$990,000"
property-house-vic-oakleigh-148794064,Oakleigh,3166,23 Ferntree Gully Road,-37.896364,145.102511,3.0,2.0,house,2.0,2025-11-18,727.0,m2,"$1,160,000"
property-apartment-vic-oakleigh-149390000,Oakleigh,3166,22/41 Railway Avenue,-37.91059982,145.1033125,1.0,1.0,apartment,,2025-11-18,,,"$275,000"
property-apartment-vic-oakleigh-149202944,Oakleigh,3166,108/6 Dalgety Street,-37.89199272,145.089514,2.0,2.0,apartment,1.0,2025-11-14,,,"$593,000"
property-house-vic-oakleigh-148870464,Oakleigh,3166,10 Wilson Street,-37.908264,145.094414,5.0,2.0,house,4.0,2025-11-11,548.0,m2,"$1,655,000"
property-townhouse-vic-oakleigh-149291184,Oakleigh,3166,2/20 Grandview Grove,-37.89484515,145.1054978,4.0,3.0,townhouse,2.0,2025-11-07,,,"$1,330,000"
property-apartment-vic-oakleigh-149275604,Oakleigh,3166,6/110 Atherton Road,-37.89981539,145.0963986,2.0,1.0,apartment,1.0,2025-11-01,71.0,m2,"$593,600"
property-townhouse-vic-oakleigh-149136560,Oakleigh,3166,2/37 Andrew Street,-37.90914301,145.0934098,4.0,3.0,townhouse,2.0,2025-10-25,,,"$1,550,000"
property-townhouse-vic-oakleigh-149186368,Oakleigh,3166,23B Logie Street,-37.89451531,145.0918126,4.0,2.0,townhouse,1.0,2025-10-25,,,Contact agent
property-apartment-vic-oakleigh-149317716,Oakleigh,3166,14B/79 Atherton Road,-37.89912265,145.093875,2.0,1.0,apartment,1.0,2025-10-23,,,Contact agent
property-unit-vic-oakleigh-149201552,Oakleigh,3166,3/8 Westminster Street,-37.90061007,145.0960376,3.0,1.0,unit,1.0,2025-10-22,,,"$878,000"
property-house-vic-oakleigh-149059096,Oakleigh,3166,1177 North Road,-37.910099,145.091944,3.0,1.0,house,2.0,2025-10-18,567.0,m2,"$981,000"
property-townhouse-vic-oakleigh-149385276,Oakleigh,3166,32 Estelle Street,-37.89320551,145.1059318,4.0,2.0,townhouse,3.0,2025-10-17,,,Contact agent
property-townhouse-vic-oakleigh-149010192,Oakleigh,3166,12/6 Willgilson Court,-37.90565755,145.0926023,3.0,2.0,townhouse,2.0,2025-10-11,,,"$950,000"
property-apartment-vic-oakleigh-148895200,Oakleigh,3166,7/119-123 Atkinson Street,-37.89761544,145.0923695,2.0,1.0,apartment,1.0,2025-09-24,2659.0,m2,"$460,000"
property-apartment-vic-oakleigh-148751564,Oakleigh,3166,206/63-65 Atherton Road,-37.8989481,145.0927662,2.0,1.0,apartment,,2025-09-24,,,"$410,000"
property-townhouse-vic-oakleigh-148244176,Oakleigh,3166,2/12 Leroux Street,-37.89544259,145.1047076,3.0,2.0,townhouse,1.0,2025-09-19,,,"$1,020,000"
property-townhouse-vic-oakleigh-148469804,Oakleigh,3166,2/1478 Dandenong Road,-37.89692308,145.0981112,3.0,2.0,townhouse,2.0,2025-09-11,176.0,m2,"$970,000"
property-townhouse-vic-oakleigh-148827976,Oakleigh,3166,1/16 Mora Avenue,-37.90226606,145.0890649,2.0,2.0,townhouse,1.0,2025-09-10,,,"$1,251,000"
property-apartment-vic-oakleigh-148759024,Oakleigh,3166,9/10 Albert Avenue,-37.8982,145.09456,2.0,1.0,apartment,1.0,2025-09-06,2653.0,m2,"$567,000"
property-house-vic-oakleigh-148639956,Oakleigh,3166,160 Warrigal Road,-37.907716,145.085614,3.0,2.0,house,2.0,2025-08-30,573.0,m2,"$902,000"
property-apartment-vic-oakleigh-147927060,Oakleigh,3166,21/119 Atkinson Street,-37.89761544,145.0923695,2.0,1.0,apartment,1.0,2025-08-19,,,"$465,000"
property-apartment-vic-oakleigh-148648280,Oakleigh,3166,16/6 Dalgety Street,-37.89199272,145.089514,2.0,2.0,apartment,1.0,2025-08-16,,,"$597,000"
property-townhouse-vic-oakleigh-148711292,Oakleigh,3166,4/201 Huntingdale Road,-37.90262743,145.1049148,3.0,1.0,townhouse,1.0,2025-08-13,,,"$717,000"
property-apartment-vic-oakleigh-148403168,Oakleigh,3166,3/4 Albert Avenue,-37.898109,145.0938729,2.0,1.0,apartment,1.0,2025-08-07,,,"$550,000"
property-apartment-vic-oakleigh-145231152,Oakleigh,3166,409/89 Atherton Road,-37.89920414,145.0943799,3.0,2.0,apartment,2.0,2025-08-04,,,Contact agent
property-townhouse-vic-oakleigh-150198480,Oakleigh,3166,4/41 Golf Links Avenue,-37.90787,145.09066,4.0,3.0,townhouse,2.0,2025-07-30,,,Contact agent
property-house-vic-oakleigh-148637452,Oakleigh,3166,23 Abbeygate Street,-37.906017,145.089752,3.0,1.0,house,2.0,2025-07-29,539.0,m2,"$1,362,500"
property-house-vic-oakleigh-147551936,Oakleigh,3166,4 Mead Court,-37.90673528,145.0920836,2.0,1.0,house,3.0,2025-07-24,256.0,m2,"$795,000"
property-apartment-vic-oakleigh-147566140,Oakleigh,3166,204/23 Oxford Street,-37.90092999,145.0926553,2.0,2.0,apartment,1.0,2025-07-24,,,"$460,000"
property-house-vic-oakleigh-147653372,Oakleigh,3166,60 Eastgate Street,-37.908513,145.088641,4.0,2.0,house,3.0,2025-07-06,,,"$1,750,000"
property-townhouse-vic-oakleigh-146366228,Oakleigh,3166,1/1255 North Road,-37.910987,145.100054,4.0,3.0,townhouse,2.0,2025-07-05,,,"$1,268,188"
property-unit-vic-oakleigh-148153124,Oakleigh,3166,4/8 Albert Avenue,-37.89817243,145.094428,2.0,1.0,unit,2.0,2025-07-03,,,"$660,000"
property-apartment-vic-oakleigh-147743720,Oakleigh,3166,11/79 Atherton Road,-37.89911763,145.0938732,2.0,1.0,apartment,1.0,2025-06-28,,,"$540,000"
property-unit-vic-oakleigh-148642696,Oakleigh,3166,7/6 Willgilson Court,-37.90565755,145.0926023,1.0,1.0,unit,1.0,2025-06-20,,,"$422,000"
property-apartment-vic-oakleigh-148065736,Oakleigh,3166,501/1525 Dandenong Road,-37.89289355,145.0905128,2.0,2.0,apartment,1.0,2025-06-17,,,"$500,000"
property-house-vic-oakleigh-147906948,Oakleigh,3166,1516 Dandenong Road,-37.89866189,145.1013497,3.0,1.0,house,1.0,2025-06-14,697.0,m2,"$1,138,888"
property-house-vic-oakleigh-147945000,Oakleigh,3166,20 Mora Avenue,-37.902317,145.089461,6.0,5.0,house,9.0,2025-05-31,723.0,m2,Contact agent
property-house-vic-oakleigh-144530648,Oakleigh,3166,6 Clyde Street,-37.89636551,145.0961184,2.0,1.0,house,,2025-05-31,,,"$1,100,000"
property-unit-vic-oakleigh-147963152,Oakleigh,3166,3/26 Golf Links Avenue,-37.9065605,145.0913006,2.0,1.0,unit,1.0,2025-05-31,,,"$640,000"
property-house-vic-oakleigh-147957280,Oakleigh,3166,33 Queens Avenue,-37.903764,145.089185,2.0,1.0,house,1.0,2025-05-28,457.0,m2,"$1,245,000"
property-house-vic-oakleigh-147755692,Oakleigh,3166,2 The Avenue,-37.896809,145.093777,4.0,1.0,house,1.0,2025-05-13,1048.0,m2,"$1,600,000"
property-apartment-vic-oakleigh-147210904,Oakleigh,3166,311/89 Atherton Road,-37.89920414,145.0943799,2.0,1.0,apartment,1.0,2025-05-08,,,"$560,000"
property-townhouse-vic-oakleigh-147742736,Oakleigh,3166,35C Ferntree Gully Road,-37.89635324,145.1041896,4.0,3.0,townhouse,2.0,2025-05-03,230.0,m2,"$1,200,000"
property-house-vic-oakleigh-147561420,Oakleigh,3166,10 Leroux Street,-37.895624,145.104668,3.0,1.0,house,3.0,2025-04-24,,,"$1,250,000"
property-townhouse-vic-oakleigh-146978172,Oakleigh,3166,12/4 Albert Avenue,-37.898109,145.0938729,2.0,1.0,townhouse,1.0,2025-04-15,,,"$580,000"
property-house-vic-oakleigh-147413356,Oakleigh,3166,25 Abbeygate Street,-37.906151,145.089726,5.0,2.0,house,3.0,2025-04-08,,,"$1,400,000"
property-house-vic-oakleigh-147722136,Oakleigh,3166,96 Haughton Road,-37.907737,145.097453,3.0,2.0,house,5.0,2025-04-07,,,"$1,255,000"
property-house-vic-oakleigh-147493208,Oakleigh,3166,50 Queens Avenue,-37.904175,145.090664,2.0,1.0,house,2.0,2025-04-05,340.0,m2,"$1,020,000"
property-unit-vic-oakleigh-147527368,Oakleigh,3166,5/33-35 Golf Links Avenue,-37.90713558,145.0906516,2.0,1.0,unit,1.0,2025-04-05,,,"$710,000"
property-house-vic-oakleigh-146680936,Oakleigh,3166,1/37 Andrew Street,-37.90914301,145.0934098,4.0,3.0,house,2.0,2025-04-01,,,"$1,505,000"
property-apartment-vic-oakleigh-147235868,Oakleigh,3166,105/6 Dalgety Street,-37.89199272,145.089514,2.0,2.0,apartment,1.0,2025-03-25,,,"$585,000"
property-house-vic-oakleigh-146813684,Oakleigh,3166,1253 North Road,-37.910957,145.099862,5.0,4.0,house,2.0,2025-03-17,685.0,m2,"$990,000"
property-house-vic-oakleigh-147264788,Oakleigh,3166,18 John Street,-37.902123,145.101397,3.0,1.0,house,2.0,2025-03-15,543.0,m2,"$1,400,000"
property-townhouse-vic-oakleigh-146891048,Oakleigh,3166,1/110 Atherton Road,-37.89981539,145.0963986,2.0,1.0,townhouse,1.0,2025-03-13,,,"$600,000"
property-apartment-vic-oakleigh-146221080,Oakleigh,3166,10/1 Heath Avenue,-37.901308,145.09614,2.0,1.0,apartment,1.0,2025-03-11,,,"$450,000"
property-townhouse-vic-oakleigh-147029444,Oakleigh,3166,4/13-15 Heath Avenue,-37.90146696,145.0972921,3.0,2.0,townhouse,2.0,2025-02-25,,,Contact agent
property-unit-vic-oakleigh-147058800,Oakleigh,3166,3/29 Clyde Street,-37.89792818,145.095085,2.0,1.0,unit,2.0,2025-02-22,211.0,m2,"$895,000"
property-house-vic-oakleigh-147083928,Oakleigh,3166,121 Burlington Street,-37.903275,145.103574,4.0,2.0,house,3.0,2025-02-20,636.0,m2,"$1,350,000"
property-unit-vic-oakleigh-147001996,Oakleigh,3166,5/2 Albert Avenue,-37.89808065,145.0936248,2.0,1.0,unit,1.0,2025-02-20,,,"$545,000"
property-apartment-vic-oakleigh-147068788,Oakleigh,3166,UG01/6 Dalgety Street,-37.89199272,145.089514,2.0,2.0,apartment,1.0,2025-02-12,,,Contact agent
property-apartment-vic-oakleigh-147059108,Oakleigh,3166,23/119 Atkinson Street,-37.89761544,145.0923695,2.0,1.0,apartment,1.0,2025-02-03,,,"$500,000"
property-unit-vic-oakleigh-139322239,Oakleigh,3166,6/105 Atherton Road,-37.89936142,145.0954801,2.0,1.0,unit,1.0,2025-01-29,,,"$412,000"
property-house-vic-oakleigh-147188872,Oakleigh,3166,1510 Dandenong Road,-37.89829184,145.1007564,3.0,2.0,house,1.0,2025-01-17,,,"$910,000"
property-apartment-vic-oakleigh-138140710,Oakleigh,3166,16/41 Railway Avenue,-37.91059982,145.1033125,1.0,1.0,apartment,,2025-01-14,,,"$190,000"
property-apartment-vic-oakleigh-146162632,Oakleigh,3166,903/6 Dalgety Street,-37.89199272,145.089514,2.0,2.0,apartment,1.0,2024-12-19,,,"$660,800"
property-house-vic-oakleigh-146683644,Oakleigh,3166,53 Abbeygate Street,-37.908047,145.089358,3.0,1.0,house,2.0,2024-12-14,,,"$1,325,000"
property-duplex+semi-detached-vic-oakleigh-146580668,Oakleigh,3166,32 Haughton Road,-37.902466,145.090299,2.0,1.0,duplex/semi-detached,2.0,2024-12-03,478.0,m2,"$885,000"
property-house-vic-oakleigh-146549276,Oakleigh,3166,107 Burlington Street,-37.903058,145.101805,3.0,1.0,house,,2024-11-30,,,"$1,656,000"
property-townhouse-vic-oakleigh-146496692,Oakleigh,3166,2/5 Winifred Street,-37.89488976,145.102119,3.0,2.0,townhouse,2.0,2024-11-29,,,"$1,050,000"
property-house-vic-oakleigh-146399432,Oakleigh,3166,4 Queens Avenue,-37.903798,145.086898,3.0,2.0,house,2.0,2024-11-23,511.0,m2,"$1,500,000"
property-house-vic-oakleigh-146717216,Oakleigh,3166,110 Warrigal Road,-37.904661,145.086205,2.0,1.0,house,1.0,2024-11-22,,,"$906,000"
property-house-vic-oakleigh-146415032,Oakleigh,3166,33 Westminster Street,-37.901843,145.095262,3.0,2.0,house,2.0,2024-11-19,,,"$1,150,000"
property-apartment-vic-oakleigh-145965444,Oakleigh,3166,2/46 Abbeygate Street,-37.908207,145.089752,2.0,1.0,apartment,1.0,2024-11-16,,,Contact agent
property-apartment-vic-oakleigh-146514668,Oakleigh,3166,19/79 Atherton Road,-37.89911763,145.0938732,2.0,1.0,apartment,1.0,2024-11-13,,,"$477,000"
property-house-vic-oakleigh-146039980,Oakleigh,3166,1/64 Golf Links Avenue,-37.909439,145.090744,2.0,1.0,house,2.0,2024-10-29,323.0,m2,"$970,000"
property-unit-vic-oakleigh-145990116,Oakleigh,3166,4/33-35 Golf Links Avenue,-37.90713558,145.0906516,2.0,1.0,unit,1.0,2024-10-29,,,"$667,000"
property-house-vic-oakleigh-146170820,Oakleigh,3166,27 Eastgate Street,-37.906143,145.088668,4.0,2.0,house,2.0,2024-10-26,534.0,m2,"$1,415,000"
property-house-vic-oakleigh-145877452,Oakleigh,3166,52 John Street,-37.905267,145.100793,4.0,2.0,house,2.0,2024-10-26,544.0,m2,"$1,330,500"
property-house-vic-oakleigh-146145320,Oakleigh,3166,73 Burlington Street,-37.902744,145.099152,3.0,1.0,house,2.0,2024-10-26,557.0,m2,"$1,110,000"
property-apartment-vic-oakleigh-145767352,Oakleigh,3166,118/2 Dalgety Street,-37.89199272,145.089514,2.0,2.0,apartment,1.0,2024-10-18,,,"$501,000"
property-apartment-vic-oakleigh-145728164,Oakleigh,3166,210/83-85 Drummond Street,-37.89241813,145.0906601,2.0,1.0,apartment,1.0,2024-10-14,,,"$420,000"
property-house-vic-oakleigh-146055948,Oakleigh,3166,5 Davey Avenue,-37.902628,145.087497,4.0,2.0,house,4.0,2024-10-12,677.0,m2,"$1,500,000"
property-house-vic-oakleigh-146317260,Oakleigh,3166,136 Atherton Road,-37.900194,145.099172,4.0,2.0,house,2.0,2024-10-10,,,"$1,690,000"
property-house-vic-oakleigh-145616700,Oakleigh,3166,26 Mora Avenue,-37.902391,145.09013,5.0,2.0,house,2.0,2024-10-09,545.0,m2,"$1,410,000"
property-apartment-vic-oakleigh-145662996,Oakleigh,3166,211/83-85 Drummond Street,-37.89241813,145.0906601,2.0,1.0,apartment,1.0,2024-10-02,,,"$460,000"
property-townhouse-vic-oakleigh-146150600,Oakleigh,3166,lot 1/41 Golf Links Avenue,-37.90787,145.09066,3.0,3.0,townhouse,2.0,2024-09-23,,,Contact agent
property-house-vic-oakleigh-145812852,Oakleigh,3166,15 Golf Links Avenue,-37.905732,145.091079,4.0,2.0,house,2.0,2024-09-21,885.0,m2,"$1,760,000"
property-house-vic-oakleigh-145871504,Oakleigh,3166,8 Clyde Street,-37.896486,145.096083,2.0,1.0,house,,2024-09-21,302.0,m2,Contact agent
property-unit-vic-oakleigh-145818212,Oakleigh,3166,9/122 Atherton Road,-37.899955,145.097417,2.0,1.0,unit,1.0,2024-09-13,159.0,m2,"$662,000"
property-house-vic-oakleigh-145813780,Oakleigh,3166,20 Parer Street,-37.910361,145.098137,3.0,2.0,house,2.0,2024-09-05,736.0,m2,"$1,392,000"
property-apartment-vic-oakleigh-145638620,Oakleigh,3166,502/83-85 Drummond Street,-37.89241813,145.0906601,2.0,1.0,apartment,1.0,2024-08-30,,,"$447,000"
property-house-vic-oakleigh-145572084,Oakleigh,3166,6 Queens Avenue,-37.90381,145.087057,3.0,1.0,house,2.0,2024-08-26,,,"$1,250,000"
property-house-vic-oakleigh-145558724,Oakleigh,3166,75 Drummond Street,-37.890531,145.090698,3.0,2.0,house,2.0,2024-08-17,610.0,m2,"$1,330,000"
property-townhouse-vic-oakleigh-144916252,Oakleigh,3166,1/1145 North Road,-37.9093855,145.0878537,4.0,2.0,townhouse,2.0,2024-08-09,273.0,m2,"$1,154,500"
property-apartment-vic-oakleigh-145425320,Oakleigh,3166,4/2 Albert Avenue,-37.89808065,145.0936248,2.0,2.0,apartment,1.0,2024-07-31,,,Contact agent
property-apartment-vic-oakleigh-145022104,Oakleigh,3166,7/105 Atherton Road,-37.89936142,145.0954801,2.0,1.0,apartment,1.0,2024-07-26,,,"$430,000"
property-house-vic-oakleigh-145319256,Oakleigh,3166,67 Eastgate Street,-37.90943379,145.0880323,3.0,2.0,house,2.0,2024-07-20,219.0,m2,"$1,220,000"
property-unit-vic-oakleigh-145351028,Oakleigh,3166,2/22 Golf Links Avenue,-37.9061666,145.0913684,2.0,1.0,unit,1.0,2024-07-18,,,"$705,000"
property-house-vic-oakleigh-145117140,Oakleigh,3166,13 Queens Avenue,-37.903616,145.087858,3.0,1.0,house,,2024-07-10,475.0,m2,"$1,300,000"
property-unit-vic-oakleigh-145223428,Oakleigh,3166,5/201-203 Huntingdale Road,-37.90262743,145.1049148,2.0,1.0,unit,1.0,2024-07-06,187.0,m2,"$683,000"
property-townhouse-vic-oakleigh-145145216,Oakleigh,3166,10a Merbow Street,-37.90128411,145.1000104,4.0,3.0,townhouse,2.0,2024-07-02,,,Contact agent
property-house-vic-oakleigh-145137004,Oakleigh,3166,1A Lincoln Avenue,-37.897836,145.099357,4.0,1.0,house,3.0,2024-06-22,1128.0,m2,"$1,600,000"
property-house-vic-oakleigh-145011740,Oakleigh,3166,78 Haughton Road,-37.906509,145.095808,3.0,1.0,house,2.0,2024-06-19,,,"$940,000"
property-townhouse-vic-oakleigh-145267740,Oakleigh,3166,lot 2/41 Golf Links Avenue,-37.90787,145.09066,4.0,3.0,townhouse,2.0,2024-06-13,,,Contact agent
property-apartment-vic-oakleigh-145111204,Oakleigh,3166,16/119-123 Atkinson Street,-37.89761544,145.0923695,2.0,1.0,apartment,1.0,2024-06-13,,,"$505,000"
property-unit-vic-oakleigh-145110792,Oakleigh,3166,6/33-35 Golf Links Avenue,-37.90713558,145.0906516,2.0,1.0,unit,2.0,2024-06-12,,,"$785,000"
property-house-vic-oakleigh-144939556,Oakleigh,3166,170 Atherton Road,-37.900633,145.102345,3.0,2.0,house,2.0,2024-06-01,466.0,m2,"$1,112,500"
property-house-vic-oakleigh-144710620,Oakleigh,3166,118 Atherton Road,-37.899897,145.096973,4.0,1.0,house,4.0,2024-05-31,631.0,m2,"$1,700,000"
property-apartment-vic-oakleigh-145268144,Oakleigh,3166,1/39 Ferntree Gully Road,-37.89662868,145.1047766,2.0,1.0,apartment,,2024-05-27,,,"$514,000"
property-unit-vic-oakleigh-144893556,Oakleigh,3166,3/24 Golf Links Avenue,-37.90628806,145.0913032,2.0,1.0,unit,2.0,2024-05-23,,,"$745,000"
property-apartment-vic-oakleigh-144886740,Oakleigh,3166,3/1 Heath Avenue,-37.901308,145.09614,2.0,1.0,apartment,1.0,2024-05-20,,,"$484,200"
property-house-vic-oakleigh-144854492,Oakleigh,3166,141 Atherton Road,-37.89989,145.099305,4.0,3.0,house,4.0,2024-05-18,697.0,m2,"$1,850,000"
property-apartment-vic-oakleigh-145033400,Oakleigh,3166,119/6 Dalgety Street,-37.89199272,145.089514,2.0,2.0,apartment,1.0,2024-05-13,,,"$515,000"
property-house-vic-oakleigh-144766656,Oakleigh,3166,11 Westminster Street,-37.900549,145.0955,3.0,1.0,house,2.0,2024-05-11,455.0,m2,"$1,250,000"
property-apartment-vic-oakleigh-144779360,Oakleigh,3166,19/119-123 Atkinson Street,-37.89761544,145.0923695,2.0,1.0,apartment,1.0,2024-05-11,,,"$482,000"
property-apartment-vic-oakleigh-145032284,Oakleigh,3166,504/6 Dalgety Street,-37.89199272,145.089514,3.0,2.0,apartment,2.0,2024-05-06,,,"$730,000"
property-apartment-vic-oakleigh-144382456,Oakleigh,3166,5/103 Atherton Road,-37.89929566,145.0950164,1.0,1.0,apartment,1.0,2024-05-04,,,"$335,000"
property-house-vic-oakleigh-144659236,Oakleigh,3166,17 Westminster Street,-37.900837,145.095448,3.0,1.0,house,,2024-05-01,,,"$1,370,000"
property-apartment-vic-oakleigh-144897688,Oakleigh,3166,404/6 Dalgety Street,-37.89199272,145.089514,3.0,2.0,apartment,2.0,2024-04-28,,,"$745,000"
property-house-vic-oakleigh-144647036,Oakleigh,3166,6 Taylor Street,-37.895805,145.091358,4.0,2.0,house,2.0,2024-04-27,,,"$1,890,000"
property-townhouse-vic-oakleigh-145033152,Oakleigh,3166,4/2 Dalgety Street,-37.89199272,145.089514,2.0,2.0,townhouse,1.0,2024-04-26,,,"$670,000"
property-apartment-vic-oakleigh-144608780,Oakleigh,3166,206/83-85 Drummond Street,-37.89241813,145.0906601,1.0,1.0,apartment,1.0,2024-04-24,,,"$360,000"
property-house-vic-oakleigh-144953076,Oakleigh,3166,39 Bishop Street,-37.907654,145.092895,3.0,1.0,house,2.0,2024-04-19,546.0,m2,"$1,290,000"
property-unit-vic-oakleigh-143190868,Oakleigh,3166,4/126 Atherton Road,-37.90001173,145.0978298,2.0,1.0,unit,2.0,2024-04-18,,,"$705,000"
property-house-vic-oakleigh-144290584,Oakleigh,3166,59 Golf Links Avenue,-37.909119,145.090434,2.0,1.0,house,2.0,2024-04-13,905.0,m2,"$1,390,000"
property-apartment-vic-oakleigh-143826832,Oakleigh,3166,508/89 Atherton Road,-37.899197,145.094341,2.0,1.0,apartment,1.0,2024-04-10,,,"$570,000"
property-house-vic-oakleigh-144108880,Oakleigh,3166,31 Queens Avenue,-37.903743,145.089049,4.0,2.0,house,2.0,2024-04-04,,,"$1,650,000"
property-apartment-vic-oakleigh-145564772,Oakleigh,3166,109/63-65 Atherton Road,-37.8989481,145.0927662,2.0,1.0,apartment,1.0,2024-04-04,,,Contact agent
property-apartment-vic-oakleigh-144509784,Oakleigh,3166,109/63-65 Atherton Road,-37.8989481,145.0927662,2.0,1.0,apartment,1.0,2024-04-04,,,"$555,000"
property-apartment-vic-oakleigh-143060972,Oakleigh,3166,8/6 Dalgety Street,-37.89198965,145.0893929,2.0,1.0,apartment,1.0,2024-03-27,,,"$480,000"
property-apartment-vic-oakleigh-144006852,Oakleigh,3166,13/13 Logie Street,-37.89432127,145.0900745,2.0,1.0,apartment,1.0,2024-03-26,,,"$481,000"
property-house-vic-oakleigh-143569376,Oakleigh,3166,11 Eastgate Street,-37.905056,145.088878,5.0,3.0,house,2.0,2024-03-25,545.0,m2,"$2,150,000"
property-house-vic-oakleigh-144387432,Oakleigh,3166,10 Heath Avenue,-37.901669,145.096723,4.0,2.0,house,2.0,2024-03-23,,,"$1,870,000"
property-house-vic-oakleigh-144223424,Oakleigh,3166,19 Abbeygate Street,-37.905747,145.089793,2.0,1.0,house,2.0,2024-03-16,,,"$1,290,000"
property-apartment-vic-oakleigh-144421568,Oakleigh,3166,406/6 Dalgety Street,-37.89198965,145.0893929,2.0,2.0,apartment,1.0,2024-03-05,,,"$570,888"
property-apartment-vic-oakleigh-144422188,Oakleigh,3166,307/6 Dalgety Street,-37.89198965,145.0893929,2.0,2.0,apartment,1.0,2024-03-05,,,"$566,000"
property-apartment-vic-oakleigh-143412672,Oakleigh,3166,6/45 Railway Avenue,-37.91059982,145.1033125,2.0,1.0,apartment,1.0,2024-03-01,,,Contact agent
property-house-vic-oakleigh-143539912,Oakleigh,3166,14 Andrew Street,-37.906968,145.094505,5.0,5.0,house,3.0,2024-02-27,613.0,m2,"$2,745,000"
property-house-vic-oakleigh-144063968,Oakleigh,3166,23 Downing Street,-37.900879,145.093581,3.0,2.0,house,2.0,2024-02-24,400.0,m2,"$1,616,000"
property-apartment-vic-oakleigh-143882728,Oakleigh,3166,113/1525 Dandenong Road,-37.89289355,145.0905128,1.0,1.0,apartment,1.0,2024-02-20,,,"$292,500"
property-house-vic-oakleigh-144089100,Oakleigh,3166,7 Westley Street,-37.895985,145.094663,3.0,2.0,house,1.0,2024-02-17,,,"$1,455,000"
property-apartment-vic-oakleigh-144092020,Oakleigh,3166,7/39 Ferntree Gully Road,-37.89662868,145.1047766,2.0,1.0,apartment,1.0,2024-02-15,,,"$520,000"
property-unit-vic-oakleigh-143755468,Oakleigh,3166,6/3 Albert Avenue,-37.89758571,145.0940126,2.0,1.0,unit,1.0,2024-02-14,,,"$594,117"
property-apartment-vic-oakleigh-144421880,Oakleigh,3166,218/6 Dalgety Street,-37.89198965,145.0893929,2.0,2.0,apartment,1.0,2024-02-14,,,"$550,000"
property-apartment-vic-oakleigh-143932420,Oakleigh,3166,504/63-65 Atherton Road,-37.8989481,145.0927662,2.0,1.0,apartment,1.0,2024-02-13,,,"$520,000"
property-house-vic-oakleigh-143991796,Oakleigh,3166,3 Young Street,-37.906692,145.095308,3.0,2.0,house,1.0,2024-02-10,,,"$1,580,000"
property-house-vic-oakleigh-143631036,Oakleigh,3166,8 Mill Road,-37.901361,145.088314,2.0,1.0,house,1.0,2024-01-09,,,"$990,000"
property-apartment-vic-oakleigh-143706340,Oakleigh,3166,8/82-86 Atherton Road,-37.89942033,145.0937799,2.0,1.0,apartment,2.0,2023-12-18,,,"$430,000"
property-house-vic-oakleigh-143665516,Oakleigh,3166,13 Connell Road,-37.901307,145.09829,3.0,1.0,house,2.0,2023-12-16,696.0,m2,"$1,377,000"
property-house-vic-oakleigh-143717780,Oakleigh,3166,27 Young Street,-37.909253,145.094832,4.0,2.0,house,3.0,2023-12-15,,,"$1,450,000"
property-apartment-vic-oakleigh-143769388,Oakleigh,3166,101/148 Warrigal Road,-37.90662977,145.0858247,2.0,1.0,apartment,1.0,2023-12-14,,,"$400,000"
property-apartment-vic-oakleigh-143580752,Oakleigh,3166,602/19-21 Hanover Street,-37.90085826,145.0917337,1.0,1.0,apartment,1.0,2023-12-06,,,"$372,000"
property-unit-vic-oakleigh-143635488,Oakleigh,3166,5/24 Grant Street,-37.898831,145.0979987,2.0,1.0,unit,1.0,2023-12-05,,,"$815,000"
property-apartment-vic-oakleigh-143446604,Oakleigh,3166,1/4 Albert Avenue,-37.898109,145.0938729,2.0,1.0,apartment,1.0,2023-12-04,,,"$500,000"
property-house-vic-oakleigh-143574620,Oakleigh,3166,7 McIntosh Street,-37.910053,145.099123,3.0,2.0,house,2.0,2023-12-02,,,"$1,385,000"
property-townhouse-vic-oakleigh-143500980,Oakleigh,3166,2/12 Golf Links Avenue,-37.905351,145.091498,3.0,2.0,townhouse,2.0,2023-11-25,244.0,m2,"$1,000,000"
property-house-vic-oakleigh-143314308,Oakleigh,3166,12 Wilson Street,-37.908275,145.094562,3.0,1.0,house,1.0,2023-11-23,548.0,m2,"$1,135,000"
property-house-vic-oakleigh-143303636,Oakleigh,3166,57 Bishop Street,-37.909208,145.092593,2.0,1.0,house,1.0,2023-11-18,600.0,m2,"$1,241,000"
property-house-vic-oakleigh-143677476,Oakleigh,3166,114/2 Dalgety Street,-37.89198965,145.0893929,2.0,1.0,house,1.0,2023-11-17,,,"$530,000"
property-house-vic-oakleigh-143831604,Oakleigh,3166,18 Raymond Court,-37.892098,145.103417,3.0,2.0,house,3.0,2023-11-16,691.0,m2,"$1,350,000"
property-house-vic-oakleigh-142813300,Oakleigh,3166,18 Raymond Court,-37.892098,145.103417,3.0,2.0,house,3.0,2023-11-16,691.0,m2,Contact agent
property-house-vic-oakleigh-143395160,Oakleigh,3166,35 Bishop Street,-37.907375,145.092936,3.0,1.0,house,1.0,2023-11-11,,,"$1,205,000"
property-house-vic-oakleigh-143199860,Oakleigh,3166,1/1526 Dandenong Road,-37.8991983,145.1022002,4.0,2.0,house,2.0,2023-11-08,428.0,m2,"$1,825,000"
property-apartment-vic-oakleigh-143464520,Oakleigh,3166,402/83-85 Drummond Street,-37.89241813,145.0906601,1.0,1.0,apartment,1.0,2023-11-01,,,"$342,500"
property-house-vic-oakleigh-143253608,Oakleigh,3166,785 Warrigal Road,-37.889748,145.08907,5.0,2.0,house,4.0,2023-10-28,626.0,m2,"$1,575,000"
property-apartment-vic-oakleigh-142966008,Oakleigh,3166,601/19-21 Hanover Street,-37.90085826,145.0917337,1.0,1.0,apartment,1.0,2023-10-26,,,"$370,000"
property-apartment-vic-oakleigh-143044340,Oakleigh,3166,307/2 Dalgety Street,-37.89198965,145.0893929,1.0,1.0,apartment,1.0,2023-10-25,,,"$400,000"
property-apartment-vic-oakleigh-142939872,Oakleigh,3166,8/39 Ferntree Gully Road,-37.89662868,145.1047766,2.0,1.0,apartment,1.0,2023-10-20,,,"$510,000"
property-house-vic-oakleigh-143168128,Oakleigh,3166,114 Drummond Street,-37.894301,145.090851,2.0,1.0,house,1.0,2023-10-17,405.0,m2,"$1,210,000"
property-house-vic-oakleigh-143120720,Oakleigh,3166,45 Tamar Grove,-37.89913572,145.0962888,3.0,1.0,house,2.0,2023-10-14,,,"$1,310,000"
property-apartment-vic-oakleigh-142892752,Oakleigh,3166,104/83-85 Drummond Street,-37.89241813,145.0906601,2.0,1.0,apartment,1.0,2023-10-13,,,"$445,000"
property-apartment-vic-oakleigh-143089528,Oakleigh,3166,502/2 Dalgety Street,-37.89198965,145.0893929,2.0,2.0,apartment,1.0,2023-10-10,,,"$548,000"
property-house-vic-oakleigh-143046820,Oakleigh,3166,31 Gadd Street,-37.910102,145.096608,2.0,1.0,house,1.0,2023-10-05,536.0,m2,"$1,170,000"
property-apartment-vic-oakleigh-138440475,Oakleigh,3166,605/1525 Dandenong Road,-37.89289355,145.0905128,2.0,2.0,apartment,2.0,2023-10-04,,,"$482,000"
property-apartment-vic-oakleigh-143089780,Oakleigh,3166,601/2 Dalgety Street,-37.89198965,145.0893929,2.0,1.0,apartment,1.0,2023-09-13,,,"$540,000"
property-house-vic-oakleigh-142794940,Oakleigh,3166,1/17 Norfolk Avenue,-37.899467,145.100271,3.0,1.0,house,2.0,2023-09-02,289.0,m2,"$1,160,000"
property-house-vic-oakleigh-142803676,Oakleigh,3166,7 John Street,-37.901263,145.101201,3.0,1.0,house,2.0,2023-08-31,313.0,m2,"$1,110,000"
property-house-vic-oakleigh-142711624,Oakleigh,3166,27 Ferntree Gully Road,-37.896416,145.102953,3.0,1.0,house,2.0,2023-08-26,,,"$1,545,000"
property-house-vic-oakleigh-142525100,Oakleigh,3166,43 Westgate Street,-37.907654,145.086275,4.0,2.0,house,2.0,2023-08-06,577.0,m2,"$1,630,000"
property-house-vic-oakleigh-142596504,Oakleigh,3166,19 Young Street,-37.908687,145.094927,3.0,1.0,house,2.0,2023-08-05,,,"$1,430,000"
property-residential land-vic-oakleigh-203467779,Oakleigh,3166,4-6 Heath Avenue,-37.901597,145.096213,,,residential land,,2023-08-02,2101.0,m2,Contact agent
property-house-vic-oakleigh-142521152,Oakleigh,3166,211A Huntingdale Road,-37.904067,145.104634,3.0,1.0,house,4.0,2023-08-01,561.0,m2,"$970,000"
property-townhouse-vic-oakleigh-142481636,Oakleigh,3166,8/13 Heath Avenue,-37.90146696,145.0972921,3.0,2.0,townhouse,2.0,2023-07-22,291.0,m2,"$1,258,000"
property-house-vic-oakleigh-142460652,Oakleigh,3166,1201 North Road,-37.910315,145.094202,3.0,1.0,house,1.0,2023-07-22,,,"$955,000"
property-house-vic-oakleigh-142659112,Oakleigh,3166,50 Davey Avenue,-37.903287,145.090937,4.0,2.0,house,3.0,2023-07-18,,,"$2,125,000"
property-unit-vic-oakleigh-141482984,Oakleigh,3166,8/122 Atherton Road,-37.899955,145.097417,2.0,1.0,unit,1.0,2023-07-07,,,"$612,000"
property-apartment-vic-oakleigh-143859020,Oakleigh,3166,802/6 Dalgety Street,-37.89198965,145.0893929,2.0,1.0,apartment,1.0,2023-07-07,,,Contact agent
property-house-vic-oakleigh-140050303,Oakleigh,3166,56 Burlington Street,-37.902792,145.097103,5.0,3.0,house,4.0,2023-07-04,,,"$2,200,000"
property-house-vic-oakleigh-142375784,Oakleigh,3166,1/38 Andrew Street,-37.90950061,145.0943382,4.0,3.0,house,2.0,2023-07-03,,,"$1,490,888"
property-apartment-vic-oakleigh-142332140,Oakleigh,3166,G01/83-85 Drummond Street,-37.89241813,145.0906601,2.0,1.0,apartment,1.0,2023-06-28,111.0,m2,Contact agent
property-house-vic-oakleigh-142196796,Oakleigh,3166,41 Golf Links Avenue,-37.90787,145.09066,4.0,1.0,house,4.0,2023-06-26,1056.0,m2,Contact agent
property-apartment-vic-oakleigh-142252928,Oakleigh,3166,210/63-65 Atherton Road,-37.8989481,145.0927662,2.0,1.0,apartment,1.0,2023-06-24,,,"$446,000"
property-villa-vic-oakleigh-142342752,Oakleigh,3166,3/1 Mcintosh Street,-37.9096906,145.0991818,2.0,1.0,villa,1.0,2023-06-22,,,"$740,104"
property-apartment-vic-oakleigh-142410140,Oakleigh,3166,217/6 Dalgety Street,-37.89198965,145.0893929,2.0,2.0,apartment,1.0,2023-06-21,,,"$578,000"
property-house-vic-oakleigh-142170684,Oakleigh,3166,13 Lincoln Avenue,-37.898608,145.099167,3.0,2.0,house,1.0,2023-06-03,650.0,m2,Contact agent
property-townhouse-vic-oakleigh-142026336,Oakleigh,3166,1/19 John Street,-37.90218079,145.1010231,4.0,2.0,townhouse,2.0,2023-05-27,251.0,m2,"$1,025,000"
property-house-vic-oakleigh-141487064,Oakleigh,3166,1203 North Road,-37.910328,145.094407,4.0,1.0,house,4.0,2023-05-24,,,"$1,155,122"
property-apartment-vic-oakleigh-141819308,Oakleigh,3166,7/2 Albert Avenue,-37.89808065,145.0936248,2.0,2.0,apartment,1.0,2023-05-23,,,Contact agent
property-house-vic-oakleigh-142302364,Oakleigh,3166,63 Eastgate Street,-37.909162,145.08809,4.0,2.0,house,2.0,2023-05-20,,,"$1,835,000"
property-house-vic-oakleigh-142017260,Oakleigh,3166,38 Regent Street,-37.90177599,145.0946977,3.0,2.0,house,,2023-05-20,352.0,m2,"$1,245,000"
property-townhouse-vic-oakleigh-141242112,Oakleigh,3166,3/201 Huntingdale Road,-37.90262743,145.1049148,3.0,1.0,townhouse,1.0,2023-05-16,,,"$628,000"
property-house-vic-oakleigh-141091204,Oakleigh,3166,2 Rua Court,-37.891514,145.102431,2.0,1.0,house,1.0,2023-05-12,1380.0,m2,Contact agent
property-house-vic-oakleigh-141821940,Oakleigh,3166,78 Burlington Street,-37.903033,145.099178,3.0,1.0,house,2.0,2023-05-04,557.0,m2,"$985,000"
property-house-vic-oakleigh-141842352,Oakleigh,3166,5 Downing Street,-37.900017,145.093751,3.0,2.0,house,4.0,2023-04-29,697.0,m2,"$1,350,000"
property-unit-vic-oakleigh-141840896,Oakleigh,3166,4/1 York Avenue,-37.89929086,145.1015915,2.0,1.0,unit,1.0,2023-04-22,,,"$725,000"
property-unit-vic-oakleigh-141681588,Oakleigh,3166,102/83-85 Drummond Street,-37.89241813,145.0906601,1.0,1.0,unit,1.0,2023-04-17,,,"$351,500"
property-house-vic-oakleigh-141772724,Oakleigh,3166,30 Henry Street,-37.903994,145.104021,3.0,1.0,house,4.0,2023-04-15,543.0,m2,"$1,150,000"
property-townhouse-vic-oakleigh-137842986,Oakleigh,3166,3/165 Atherton Road,-37.900229,145.101855,4.0,3.0,townhouse,2.0,2023-04-14,,,Contact agent
property-apartment-vic-oakleigh-138473091,Oakleigh,3166,25/41 Railway Avenue,-37.91059982,145.1033125,1.0,1.0,apartment,,2023-04-11,,,"$198,000"
property-apartment-vic-oakleigh-140050095,Oakleigh,3166,403/6 Dalgety Street,-37.89198965,145.0893929,2.0,2.0,apartment,1.0,2023-03-29,,,Contact agent
property-unit-vic-oakleigh-141295532,Oakleigh,3166,2/7 Rua Court,-37.89177437,145.1020437,4.0,2.0,unit,2.0,2023-03-17,,,"$1,090,000"
property-unit-vic-oakleigh-141152328,Oakleigh,3166,1/1169 North Road,-37.91000979,145.0909849,4.0,2.0,unit,1.0,2023-03-17,321.0,m2,"$855,000"
property-townhouse-vic-oakleigh-141502808,Oakleigh,3166,2/111 Burlington Street,-37.90313873,145.102436,2.0,2.0,townhouse,2.0,2023-03-16,,,"$1,111,000"
property-apartment-vic-oakleigh-143859176,Oakleigh,3166,503/6 Dalgety Street,-37.89198965,145.0893929,2.0,2.0,apartment,,2023-03-16,,,Contact agent
property-house-vic-oakleigh-141106344,Oakleigh,3166,17 Hatter Street,-37.905425,145.087743,4.0,2.0,house,2.0,2023-03-02,,,Contact agent
property-house-vic-oakleigh-141451860,Oakleigh,3166,17 Hatter Street,-37.905425,145.087743,4.0,2.0,house,2.0,2023-03-02,,,"$1,850,000"
property-house-vic-oakleigh-141379068,Oakleigh,3166,26 Estelle Street,-37.893098,145.105086,4.0,2.0,house,2.0,2023-02-25,,,"$1,265,000"
property-apartment-vic-oakleigh-141423960,Oakleigh,3166,G3/89 Atherton Road,-37.899197,145.094341,2.0,2.0,apartment,1.0,2023-02-23,,,Contact agent
property-house-vic-oakleigh-141225284,Oakleigh,3166,1/20 Grandview Grove,-37.89484515,145.1054978,3.0,1.0,house,2.0,2023-02-11,,,"$1,080,000"
property-unit-vic-oakleigh-140924836,Oakleigh,3166,208/83-85 Drummond Street,-37.89241813,145.0906601,2.0,1.0,unit,1.0,2023-02-09,,,"$465,000"
property-house-vic-oakleigh-141167740,Oakleigh,3166,2 Queens Avenue,-37.903778,145.086773,4.0,2.0,house,2.0,2023-02-04,417.0,m2,"$1,111,000"
property-unit-vic-oakleigh-140658215,Oakleigh,3166,305/83-85 Drummond Street,-37.89241813,145.0906601,1.0,1.0,unit,1.0,2023-01-25,,,"$365,000"
property-apartment-vic-oakleigh-141242980,Oakleigh,3166,8/105 Atherton Road,-37.89936142,145.0954801,2.0,1.0,apartment,1.0,2023-01-24,,,"$360,000"
property-house-vic-oakleigh-140948708,Oakleigh,3166,34 Oxford Street,-37.90149,145.092906,3.0,1.0,house,1.0,2022-12-17,506.0,m2,"$1,251,000"
property-apartment-vic-oakleigh-140508835,Oakleigh,3166,5/4 Albert Avenue,-37.898109,145.0938729,2.0,1.0,apartment,1.0,2022-12-07,,,"$510,000"
property-apartment-vic-oakleigh-140751379,Oakleigh,3166,17/2 Albert Avenue,-37.89808065,145.0936248,2.0,2.0,apartment,1.0,2022-11-30,,,"$602,000"
property-house-vic-oakleigh-140543891,Oakleigh,3166,40 John Street,-37.904441,145.10095,4.0,2.0,house,2.0,2022-11-25,545.0,m2,"$1,431,000"
property-apartment-vic-oakleigh-140984428,Oakleigh,3166,G06/6 Dalgety Street,-37.89198965,145.0893929,2.0,1.0,apartment,1.0,2022-11-25,,,Contact agent
property-house-vic-oakleigh-140708431,Oakleigh,3166,2 Logie Court,-37.895123,145.093775,4.0,2.0,house,2.0,2022-11-19,,,"$1,836,000"
property-unit-vic-oakleigh-140545931,Oakleigh,3166,5/105 Atherton Road,-37.89936142,145.0954801,2.0,1.0,unit,1.0,2022-10-30,,,"$426,000"
property-apartment-vic-oakleigh-140882720,Oakleigh,3166,206/19-21 Hanover Street,-37.90085826,145.0917337,1.0,1.0,apartment,1.0,2022-10-14,52.0,m2,"$326,578"
property-unit-vic-oakleigh-140201823,Oakleigh,3166,306/83-85 Drummond Street,-37.89241813,145.0906601,1.0,1.0,unit,1.0,2022-10-12,,,"$365,000"
property-house-vic-oakleigh-140276191,Oakleigh,3166,127 Atkinson Street,-37.898136,145.092276,3.0,1.0,house,4.0,2022-10-08,756.0,m2,"$1,498,000"
property-house-vic-oakleigh-140070619,Oakleigh,3166,4 Tamar Grove,-37.896783,145.097178,3.0,1.0,house,4.0,2022-10-08,667.0,m2,"$1,288,888"
property-house-vic-oakleigh-140530283,Oakleigh,3166,1205 North Road,-37.91036372,145.0946654,4.0,1.0,house,1.0,2022-10-01,,,"$890,000"
property-house-vic-oakleigh-139980015,Oakleigh,3166,9 Tamar Grove,-37.896902,145.096766,4.0,2.0,house,3.0,2022-09-23,,,"$1,850,000"
property-apartment-vic-oakleigh-140473007,Oakleigh,3166,806/6 Dalgety Street,-37.89198965,145.0893929,2.0,2.0,apartment,1.0,2022-09-19,,,Contact agent
property-townhouse-vic-oakleigh-140047895,Oakleigh,3166,3/4 Lincoln Avenue,-37.89813109,145.0996873,2.0,1.0,townhouse,1.0,2022-09-09,94.0,m2,"$685,500"
property-house-vic-oakleigh-139249639,Oakleigh,3166,46 George Street,-37.905112,145.101809,3.0,1.0,house,2.0,2022-09-07,542.0,m2,Contact agent
property-townhouse-vic-oakleigh-139724575,Oakleigh,3166,2/108 Atherton Road,-37.89980108,145.0962522,3.0,2.0,townhouse,1.0,2022-08-04,,,Contact agent
property-apartment-vic-oakleigh-136066482,Oakleigh,3166,"406,124,TH03/2-6 Dalgety Street",-37.89198965,145.0893929,3.0,2.0,apartment,2.0,2022-08-01,,,Contact agent
property-apartment-vic-oakleigh-137543178,Oakleigh,3166,603/19-21 Hanover Street,-37.90085826,145.0917337,1.0,1.0,apartment,1.0,2022-07-29,,,Contact agent
property-apartment-vic-oakleigh-139467019,Oakleigh,3166,109/83-85 Drummond Street,-37.89241813,145.0906601,1.0,1.0,apartment,1.0,2022-07-15,,,"$355,000"
property-house-vic-oakleigh-139514695,Oakleigh,3166,18 Westgate Street,-37.905361,145.08713,4.0,2.0,house,2.0,2022-07-14,,,"$1,540,000"
property-townhouse-vic-oakleigh-139326023,Oakleigh,3166,2A Grant Street,-37.8972973,145.0983255,3.0,1.0,townhouse,2.0,2022-07-09,,,"$915,000"
property-townhouse-vic-oakleigh-139531935,Oakleigh,3166,1/16 Grant Street,-37.89818585,145.0982852,3.0,2.0,townhouse,2.0,2022-07-04,,,Contact agent
property-apartment-vic-oakleigh-139487271,Oakleigh,3166,105/83-85 Drummond Street,-37.89241813,145.0906601,1.0,1.0,apartment,1.0,2022-07-04,,,"$353,000"
property-townhouse-vic-oakleigh-139805595,Oakleigh,3166,3/46 Golf Links Avenue,-37.908217,145.090969,4.0,3.0,townhouse,2.0,2022-07-02,,,Contact agent
property-house-vic-oakleigh-139441419,Oakleigh,3166,126 Haughton Road,-37.90932,145.099528,2.0,1.0,house,2.0,2022-06-20,700.0,m2,Contact agent
property-house-vic-oakleigh-139463743,Oakleigh,3166,14 Mora Avenue,-37.902245,145.088894,3.0,1.0,house,1.0,2022-06-18,,,"$1,150,000"
property-apartment-vic-oakleigh-139397387,Oakleigh,3166,4/40-42 Atherton Road,-37.8990529,145.0913061,4.0,3.0,apartment,2.0,2022-06-18,,,Contact agent
property-townhouse-vic-oakleigh-139389755,Oakleigh,3166,1/14 Mill Road,-37.90163927,145.0888293,2.0,2.0,townhouse,1.0,2022-06-18,,,"$715,000"
property-apartment-vic-oakleigh-139397383,Oakleigh,3166,3/40-42 Atherton Road,-37.8990529,145.0913061,3.0,2.0,apartment,2.0,2022-06-18,,,Contact agent
property-apartment-vic-oakleigh-139032879,Oakleigh,3166,6/2 Albert Avenue,-37.89808065,145.0936248,2.0,2.0,apartment,1.0,2022-06-18,,,"$581,000"
property-house-vic-oakleigh-139335187,Oakleigh,3166,10 Classic Court,-37.893891,145.104508,5.0,3.0,house,2.0,2022-06-04,532.0,m2,"$1,230,000"
property-house-vic-oakleigh-138313382,Oakleigh,3166,1 Norfolk Avenue,-37.8985325,145.1005025,5.0,2.0,house,3.0,2022-06-02,765.0,m2,"$1,740,000"
property-apartment-vic-oakleigh-139398039,Oakleigh,3166,2/40-42 Atherton Road,-37.8990529,145.0913061,2.0,2.0,apartment,2.0,2022-06-01,,,Contact agent
property-unit-vic-oakleigh-139132655,Oakleigh,3166,2/1 Gadd Street,-37.90765382,145.0967589,3.0,1.0,unit,2.0,2022-05-21,,,"$750,000"
property-townhouse-vic-oakleigh-139430987,Oakleigh,3166,119/2 Dalgety Street,-37.89198965,145.0893929,2.0,2.0,townhouse,1.0,2022-05-20,,,Contact agent
property-apartment-vic-oakleigh-138121034,Oakleigh,3166,9/119 Atkinson Street,-37.89761544,145.0923695,2.0,1.0,apartment,1.0,2022-05-11,,,"$448,000"
property-house-vic-oakleigh-139020551,Oakleigh,3166,1/119 Burlington Street,-37.90325,145.103349,3.0,1.0,house,1.0,2022-04-30,285.0,m2,"$845,000"
property-house-vic-oakleigh-138649803,Oakleigh,3166,27 Bishop Street,-37.906818,145.093041,5.0,3.0,house,2.0,2022-04-22,,,Contact agent
property-apartment-vic-oakleigh-133767262,Oakleigh,3166,104/1525 Dandenong Road,-37.89289355,145.0905128,2.0,2.0,apartment,1.0,2022-04-22,,,"$450,000"
property-apartment-vic-oakleigh-132155354,Oakleigh,3166,510/1525 Dandenong Road,-37.89289355,145.0905128,2.0,2.0,apartment,1.0,2022-04-13,,,Contact agent
property-apartment-vic-oakleigh-138820711,Oakleigh,3166,13/45 Railway Avenue,-37.91059982,145.1033125,2.0,1.0,apartment,1.0,2022-04-09,,,"$317,000"
property-house-vic-oakleigh-138515391,Oakleigh,3166,4 Winifred Street,-37.894831,145.10246,5.0,2.0,house,3.0,2022-04-04,,,"$1,700,000"
property-house-vic-oakleigh-138652331,Oakleigh,3166,39 Eastgate Street,-37.906943,145.088523,4.0,2.0,house,3.0,2022-03-26,,,"$1,767,000"
property-house-vic-oakleigh-138684047,Oakleigh,3166,5 Abbeygate Street,-37.904804,145.089977,2.0,1.0,house,1.0,2022-03-26,,,"$1,351,000"
property-unit-vic-oakleigh-138711771,Oakleigh,3166,1/105 Atherton Road,-37.89936142,145.0954801,2.0,1.0,unit,1.0,2022-03-26,,,"$510,000"
property-apartment-vic-oakleigh-138217966,Oakleigh,3166,24/79 Atherton Road,-37.89911763,145.0938732,2.0,1.0,apartment,1.0,2022-03-25,,,Contact agent
property-house-vic-oakleigh-138633399,Oakleigh,3166,1179 North Road,-37.91011,145.092103,3.0,1.0,house,2.0,2022-03-23,569.0,m2,"$1,055,000"
property-house-vic-oakleigh-138629959,Oakleigh,3166,32 John Street,-37.903911,145.101055,3.0,1.0,house,2.0,2022-03-12,,,"$1,270,000"
property-house-vic-oakleigh-138319186,Oakleigh,3166,94 Atkinson Street,-37.89606,145.093194,3.0,2.0,house,3.0,2022-03-11,1369.0,m2,"$2,200,000"
property-unit-vic-oakleigh-138443443,Oakleigh,3166,2/233 Huntingdale Road,-37.9058631,145.1041714,3.0,1.0,unit,1.0,2022-02-26,,,"$779,000"
property-house-vic-oakleigh-138328726,Oakleigh,3166,21 Logie Street,-37.894493,145.091597,7.0,3.0,house,4.0,2022-02-24,1200.0,m2,Contact agent
property-house-vic-oakleigh-138343223,Oakleigh,3166,50 Westgate Street,-37.908227,145.08659,3.0,2.0,house,2.0,2022-02-19,,,"$1,695,000"
property-townhouse-vic-oakleigh-138347531,Oakleigh,3166,2/184 Atherton Road,-37.90086117,145.1040317,4.0,2.0,townhouse,2.0,2022-02-19,,,"$1,300,000"
property-house-vic-oakleigh-138051338,Oakleigh,3166,2 Ford Avenue,-37.90755979,145.0959685,4.0,2.0,house,2.0,2022-02-18,548.0,m2,Contact agent
property-apartment-vic-oakleigh-136735278,Oakleigh,3166,6.02/89 Atherton Road,-37.899197,145.094341,2.0,2.0,apartment,1.0,2022-02-14,,,Contact agent
property-apartment-vic-oakleigh-138395367,Oakleigh,3166,12/13 Logie Street,-37.89432127,145.0900745,2.0,1.0,apartment,1.0,2022-02-12,,,"$462,000"
property-apartment-vic-oakleigh-138701011,Oakleigh,3166,6/41 Railway Avenue,-37.91059982,145.1033125,1.0,1.0,apartment,,2022-01-21,,,Contact agent
property-apartment-vic-oakleigh-134046102,Oakleigh,3166,8/4 Albert Avenue,-37.898126,145.093868,2.0,1.0,apartment,1.0,2022-01-14,,,"$500,000"
property-house-vic-oakleigh-138045518,Oakleigh,3166,5 Hilbert Court,-37.894868,145.101367,3.0,1.0,house,2.0,2021-12-22,698.0,m2,"$1,515,000"
property-apartment-vic-oakleigh-137987410,Oakleigh,3166,9/39 Ferntree Gully Road,-37.896626,145.104756,2.0,1.0,apartment,1.0,2021-12-21,,,Contact agent
property-unit-vic-oakleigh-137916622,Oakleigh,3166,23/79 Atherton Road,-37.89911763,145.0938732,2.0,1.0,unit,1.0,2021-12-09,,,"$466,000"
property-house-vic-oakleigh-137834278,Oakleigh,3166,12 Grant Street,-37.898062,145.098168,4.0,1.0,house,2.0,2021-12-04,612.0,m2,"$1,580,000"
property-apartment-vic-oakleigh-137557954,Oakleigh,3166,15/2 Albert Ave,-37.89808065,145.0936248,2.0,2.0,apartment,1.0,2021-12-02,,,"$629,000"
property-house-vic-oakleigh-137501414,Oakleigh,3166,47 Edward Street,-37.905749,145.103317,3.0,1.0,house,2.0,2021-12-01,,,"$1,370,000"
property-house-vic-oakleigh-137627626,Oakleigh,3166,97 Atkinson Street,-37.894362,145.092965,3.0,1.0,house,2.0,2021-11-30,,,"$1,450,000"
property-townhouse-vic-oakleigh-137663170,Oakleigh,3166,1494C Dandenong Road,-37.89773375,145.0994417,3.0,2.0,townhouse,2.0,2021-11-27,,,"$1,050,000"
property-apartment-vic-oakleigh-137750850,Oakleigh,3166,310/89 Atherton Road,-37.899197,145.094341,1.0,1.0,apartment,1.0,2021-11-24,,,Contact agent
property-apartment-vic-oakleigh-137755626,Oakleigh,3166,8/119 Atkinson Street,-37.89761544,145.0923695,2.0,1.0,apartment,1.0,2021-11-23,,,"$506,000"
property-unit-vic-oakleigh-137644166,Oakleigh,3166,1/6 Parer Street,-37.9094321,145.0983018,2.0,1.0,unit,1.0,2021-11-18,326.0,m2,"$894,250"
property-unit-vic-oakleigh-137653234,Oakleigh,3166,5/22 Golf Links Avenue,-37.9061666,145.0913684,2.0,1.0,unit,1.0,2021-11-17,,,"$755,000"
property-apartment-vic-oakleigh-136030934,Oakleigh,3166,TH02/2-6 Dalgety Street,-37.89198965,145.0893929,2.0,2.0,apartment,1.0,2021-11-15,,,Contact agent
property-apartment-vic-oakleigh-136358006,Oakleigh,3166,10/13 Logie Street,-37.89432127,145.0900745,2.0,1.0,apartment,1.0,2021-11-03,,,"$448,500"
property-house-vic-oakleigh-136712126,Oakleigh,3166,7 York Avenue,-37.899763,145.101491,3.0,1.0,house,1.0,2021-10-20,,,"$1,600,000"
property-house-vic-oakleigh-137603694,Oakleigh,3166,13 George Street,-37.901783,145.102099,5.0,2.0,house,2.0,2021-10-19,,,"$1,600,000"
property-house-vic-oakleigh-137406050,Oakleigh,3166,18 Tamar Grove,-37.897762,145.096994,4.0,2.0,house,,2021-10-16,461.0,m2,"$1,605,556"
property-townhouse-vic-oakleigh-136891066,Oakleigh,3166,2/20 Grandview Grove,-37.89484515,145.1054978,4.0,3.0,townhouse,2.0,2021-10-06,,,"$1,350,000"
property-unit-vic-oakleigh-136941802,Oakleigh,3166,2/22 Golf Links Avenue,-37.9061666,145.0913684,2.0,1.0,unit,1.0,2021-09-23,,,"$632,000"
property-house-vic-oakleigh-136979326,Oakleigh,3166,74 Haughton Road,-37.906098,145.095312,3.0,1.0,house,1.0,2021-09-20,,,"$1,035,000"
property-house-vic-oakleigh-137384110,Oakleigh,3166,1 & 2/64 Abbeygate Street,-37.909356,145.089529,2.0,1.0,house,1.0,2021-09-16,,,Contact agent
property-house-vic-oakleigh-137083974,Oakleigh,3166,6A Clyde Street,-37.8964365,145.0961032,2.0,1.0,house,,2021-09-13,,,"$1,160,000"
property-house-vic-oakleigh-136912210,Oakleigh,3166,26 Henry Street,-37.902889,145.104232,2.0,1.0,house,1.0,2021-08-28,547.0,m2,Contact agent
property-house-vic-oakleigh-137680730,Oakleigh,3166,26 Henry Street,-37.902889,145.104232,2.0,1.0,house,1.0,2021-08-28,547.0,m2,"$1,245,000"
property-unit-vic-oakleigh-137154670,Oakleigh,3166,1/20 Grandview Grove,-37.89484515,145.1054978,3.0,1.0,unit,2.0,2021-08-28,300.0,m2,"$1,065,000"
property-apartment-vic-oakleigh-136145654,Oakleigh,3166,503/63-65 Atherton Road,-37.8989481,145.0927662,2.0,2.0,apartment,1.0,2021-08-23,,,"$580,000"
property-house-vic-oakleigh-136288430,Oakleigh,3166,128 Atherton Road,-37.900051,145.098084,5.0,3.0,house,2.0,2021-08-20,554.0,m2,Contact agent
property-apartment-vic-oakleigh-135724866,Oakleigh,3166,403/83-85 Drummond Street,-37.89241813,145.0906601,1.0,1.0,apartment,1.0,2021-08-10,,,"$330,000"
property-apartment-vic-oakleigh-135842994,Oakleigh,3166,604/1525 Dandenong Road,-37.89289355,145.0905128,2.0,2.0,apartment,2.0,2021-08-06,,,"$580,000"
property-house-vic-oakleigh-137106766,Oakleigh,3166,29 Queens Avenue,-37.903732,145.088924,3.0,2.0,house,1.0,2021-07-27,,,"$1,740,000"
property-house-vic-oakleigh-136305318,Oakleigh,3166,13 Station Street,-37.899129,145.088474,2.0,3.0,house,5.0,2021-07-17,193.0,m2,Contact agent
property-apartment-vic-oakleigh-136430666,Oakleigh,3166,207/19-21 Hanover Street,-37.90085826,145.0917337,1.0,1.0,apartment,1.0,2021-07-14,,,"$385,000"
property-townhouse-vic-oakleigh-136516458,Oakleigh,3166,1/127 Huntingdale Road,-37.893823,145.106477,4.0,3.0,townhouse,2.0,2021-07-09,268.0,m2,Contact agent
property-house-vic-oakleigh-137106674,Oakleigh,3166,21 Abbeygate Street,-37.905882,145.089767,3.0,1.0,house,2.0,2021-07-06,,,"$1,130,000"
property-unit-vic-oakleigh-136175082,Oakleigh,3166,4/8 Albert Avenue,-37.89817243,145.094428,2.0,1.0,unit,3.0,2021-06-21,,,"$682,000"
property-house-vic-oakleigh-135767086,Oakleigh,3166,88 Atkinson Street,-37.895377,145.093314,4.0,2.0,house,4.0,2021-06-08,,,"$1,710,000"
property-unit-vic-oakleigh-135841062,Oakleigh,3166,9/110 Atherton Road,-37.89981539,145.0963986,2.0,1.0,unit,1.0,2021-05-27,,,"$581,500"
property-house-vic-oakleigh-136013078,Oakleigh,3166,37 Abbeygate Street,-37.906906,145.089581,3.0,1.0,house,2.0,2021-05-10,383.0,m2,"$1,050,000"
property-house-vic-oakleigh-135923510,Oakleigh,3166,14-16 Palmerston Grove,-37.897619,145.091505,4.0,2.0,house,6.0,2021-05-01,814.0,m2,Contact agent
property-house-vic-oakleigh-135944706,Oakleigh,3166,17 Leroux Street,-37.895034,145.104411,4.0,1.0,house,1.0,2021-05-01,702.0,m2,"$1,387,000"
property-apartment-vic-oakleigh-136027386,Oakleigh,3166,4/79 Atherton Road,-37.89911763,145.0938732,2.0,1.0,apartment,2.0,2021-04-27,,,"$522,000"
property-apartment-vic-oakleigh-135825730,Oakleigh,3166,304/63-65 Atherton Road,-37.8989481,145.0927662,2.0,1.0,apartment,1.0,2021-04-09,,,"$545,000"
property-house-vic-oakleigh-135577642,Oakleigh,3166,50 Bishop Street,-37.9088,145.093036,4.0,2.0,house,3.0,2021-03-27,,,"$2,060,000"
property-house-vic-oakleigh-135786482,Oakleigh,3166,1153  North Road,-37.909777,145.08879,2.0,1.0,house,1.0,2021-03-25,511.0,m2,"$975,000"
property-house-vic-oakleigh-134958042,Oakleigh,3166,6 Cambridge Street,-37.904464,145.092374,3.0,1.0,house,2.0,2021-03-03,,,"$1,250,000"
property-apartment-vic-oakleigh-135339958,Oakleigh,3166,7/79 Atherton Road,-37.89911763,145.0938732,2.0,1.0,apartment,1.0,2021-02-26,,,"$510,000"
property-apartment-vic-oakleigh-135613726,Oakleigh,3166,603/2 Dalgety Street,-37.89198965,145.0893929,3.0,2.0,apartment,2.0,2021-02-24,,,Contact agent
property-apartment-vic-oakleigh-134887930,Oakleigh,3166,11/1 Heath Avenue,-37.901308,145.09614,2.0,1.0,apartment,1.0,2021-02-24,,,"$446,000"
property-house-vic-oakleigh-135309110,Oakleigh,3166,12  Albert Avenue,-37.89819149,145.0948333,8.0,3.0,house,3.0,2021-02-20,1297.0,m2,Contact agent
property-apartment-vic-oakleigh-135323682,Oakleigh,3166,11/79 Atherton Road,-37.89911763,145.0938732,2.0,1.0,apartment,1.0,2021-02-06,,,"$494,500"
property-townhouse-vic-oakleigh-134808210,Oakleigh,3166,3/21 Golf Links Avenue,-37.90637,145.09096,4.0,3.0,townhouse,1.0,2021-01-23,,,Contact agent
property-house-vic-oakleigh-134851014,Oakleigh,3166,50 Henry Street,-37.905351,145.103759,4.0,2.0,house,6.0,2021-01-14,542.0,m2,"$1,342,000"
property-apartment-vic-oakleigh-132765010,Oakleigh,3166,1/2 Albert  Avenue,-37.89808065,145.0936248,2.0,1.0,apartment,1.0,2020-12-20,,,"$600,000"
property-townhouse-vic-oakleigh-135116518,Oakleigh,3166,2/21 Golf Links Avenue,-37.90637,145.09096,4.0,3.0,townhouse,1.0,2020-12-04,,,Contact agent
property-house-vic-oakleigh-134552830,Oakleigh,3166,20 Bishop Street,-37.906572,145.093434,4.0,2.0,house,2.0,2020-12-03,,,"$1,700,000"
property-residential land-vic-oakleigh-202678186,Oakleigh,3166,81 Drummond Street,-37.89144532,145.0908443,,,residential land,,2020-11-26,267.0,m2,"$570,000"
property-townhouse-vic-oakleigh-134680750,Oakleigh,3166,2/29 Golf Links Avenue,-37.9069723,145.090823,3.0,2.0,townhouse,2.0,2020-11-14,239.0,m2,"$881,000"
property-unit-vic-oakleigh-134065186,Oakleigh,3166,1/1249 North Road,-37.910924,145.099498,3.0,2.0,unit,1.0,2020-10-02,,,Contact agent
property-unit-vic-oakleigh-134471678,Oakleigh,3166,5/6 Albert Avenue,-37.89814282,145.0941689,2.0,1.0,unit,2.0,2020-09-24,,,"$755,000"
property-townhouse-vic-oakleigh-133882542,Oakleigh,3166,5/2 Stamford Road,-37.89160032,145.1012866,3.0,3.0,townhouse,2.0,2020-08-01,,,"$881,000"
property-house-vic-oakleigh-133894998,Oakleigh,3166,23 Grant Street,-37.89854336,145.0976492,2.0,1.0,house,2.0,2020-07-11,,,"$870,000"
property-unit-vic-oakleigh-133140534,Oakleigh,3166,2/15 Gadd Street,-37.90879327,145.0968421,3.0,2.0,unit,1.0,2020-06-30,,,"$821,000"
property-house-vic-oakleigh-133498086,Oakleigh,3166,11 Lincoln Avenue,-37.898491,145.099193,4.0,2.0,house,,2020-06-29,,,"$1,424,800"
property-house-vic-oakleigh-133103294,Oakleigh,3166,31 Logie Street,-37.89460028,145.0926065,4.0,2.0,house,,2020-05-19,410.0,m2,"$1,150,000"
property-house-vic-oakleigh-133304334,Oakleigh,3166,64 Golflinks Avenue,-37.909439,145.090744,3.0,1.0,house,2.0,2020-05-06,,,"$1,040,000"
property-unit-vic-oakleigh-133155254,Oakleigh,3166,3/167 Atherton Road,-37.90027156,145.1021447,2.0,1.0,unit,1.0,2020-04-30,,,"$484,999"
property-house-vic-oakleigh-133209426,Oakleigh,3166,4 Princess Street,-37.904508,145.092828,3.0,1.0,house,1.0,2020-04-16,,,"$895,000"
property-unit-vic-oakleigh-133262458,Oakleigh,3166,40 Bishop Street,-37.90810842,145.0931388,3.0,2.0,unit,2.0,2020-04-08,416.0,m2,"$963,000"
property-house-vic-oakleigh-133013366,Oakleigh,3166,36 Eastgate Street,-37.906743,145.08896,4.0,1.0,house,1.0,2020-03-31,500.0,m2,"$1,133,000"
property-apartment-vic-oakleigh-132971482,Oakleigh,3166,202/23 Oxford Street,-37.90092999,145.0926553,2.0,2.0,apartment,1.0,2020-03-29,,,"$555,000"
property-house-vic-oakleigh-133018414,Oakleigh,3166,182 Atherton Road,-37.900838,145.103852,4.0,2.0,house,2.0,2020-03-24,,,"$1,200,000"
property-house-vic-oakleigh-132981410,Oakleigh,3166,8 Heath Avenue,-37.901639,145.096553,3.0,1.0,house,3.0,2020-03-18,1039.0,m2,"$1,550,000"
property-house-vic-oakleigh-132968138,Oakleigh,3166,15 Raymond Court,-37.892119,145.103052,3.0,1.0,house,2.0,2020-03-16,578.0,m2,"$1,150,000"
property-apartment-vic-oakleigh-132155358,Oakleigh,3166,413/1525 Dandenong Road,-37.89289355,145.0905128,1.0,1.0,apartment,1.0,2020-02-21,,,"$370,000"
property-apartment-vic-oakleigh-131875690,Oakleigh,3166,709/19-21 Hanover Street,-37.90085826,145.0917337,2.0,2.0,apartment,1.0,2020-02-18,,,Contact agent
property-house-vic-oakleigh-132748298,Oakleigh,3166,37 Ferntree Gully Road,-37.896595,145.104518,5.0,2.0,house,2.0,2020-02-15,,,"$1,200,000"
property-house-vic-oakleigh-132464402,Oakleigh,3166,2 Heath Avenue,-37.901577,145.096043,4.0,2.0,house,2.0,2019-12-14,684.0,m2,"$1,350,000"
property-house-vic-oakleigh-132464678,Oakleigh,3166,39 Burlington Street,-37.902214,145.09589,3.0,1.0,house,1.0,2019-12-14,575.0,m2,"$925,000"
property-house-vic-oakleigh-132322054,Oakleigh,3166,50 Abbeygate Street,-37.908467,145.0897,3.0,1.0,house,1.0,2019-11-08,509.0,m2,"$1,120,000"
property-townhouse-vic-oakleigh-133326598,Oakleigh,3166,Lot 2/4 Albert Avenue,-37.898126,145.093868,2.0,1.0,townhouse,1.0,2019-11-08,,,Contact agent
property-house-vic-oakleigh-132027322,Oakleigh,3166,2 Taylor Street,-37.895773,145.091029,3.0,1.0,house,,2019-10-19,,,"$1,115,000"
property-house-vic-oakleigh-131983290,Oakleigh,3166,15 Young Street,-37.907573,145.095149,3.0,1.0,house,1.0,2019-10-12,,,"$1,101,000"
property-unit-vic-oakleigh-132003606,Oakleigh,3166,4/7 Albert Avenue,-37.89775815,145.0944417,2.0,1.0,unit,1.0,2019-10-12,,,"$540,000"
property-studio-vic-oakleigh-131665230,Oakleigh,3166,29/41 Railway Avenue,-37.91059982,145.1033125,,1.0,studio,,2019-10-09,,,"$185,000"
property-townhouse-vic-oakleigh-132575678,Oakleigh,3166,35B Ferntree Gully Road,-37.8964485,145.104173,4.0,3.0,townhouse,2.0,2019-09-30,,,"$1,020,800"
property-apartment-vic-oakleigh-130353730,Oakleigh,3166,402/1525 Dandenong Road,-37.892759,145.090538,2.0,2.0,apartment,1.0,2019-09-25,,,"$461,000"
property-house-vic-oakleigh-131708810,Oakleigh,3166,116 Warrigal Road,-37.905066,145.086126,3.0,1.0,house,2.0,2019-08-31,,,"$955,000"
property-townhouse-vic-oakleigh-131741418,Oakleigh,3166,29 Best Street,-37.91003119,145.0914399,4.0,3.0,townhouse,2.0,2019-08-28,,,Contact agent
property-unit-vic-oakleigh-131513622,Oakleigh,3166,22/119-123 Atkinson Street,-37.897556,145.092233,2.0,1.0,unit,1.0,2019-08-08,,,"$540,000"
property-house-vic-oakleigh-131210734,Oakleigh,3166,86 Warrigal Road,-37.902943,145.086683,3.0,1.0,house,1.0,2019-08-05,522.0,m2,"$725,000"
property-house-vic-oakleigh-131531578,Oakleigh,3166,1460 Dandenong Road,-37.895924,145.096535,3.0,1.0,house,1.0,2019-07-10,589.0,m2,"$700,000"
property-house-vic-oakleigh-130896050,Oakleigh,3166,9 Queens Avenue,-37.903462,145.087588,4.0,2.0,house,3.0,2019-07-05,,,"$1,385,000"
property-apartment-vic-oakleigh-131303478,Oakleigh,3166,4/46 Abbeygate Street,-37.908217,145.08985,2.0,2.0,apartment,1.0,2019-06-29,,,"$591,000"
property-house-vic-oakleigh-128497666,Oakleigh,3166,92 Haughton Road,-37.907252,145.09666,2.0,1.0,house,2.0,2019-05-27,475.0,m2,"$830,000"
property-house-vic-oakleigh-132756490,Oakleigh,3166,1 Golf Links Avenue,-37.904607,145.09121,3.0,1.0,house,4.0,2019-04-30,,,Contact agent
property-house-vic-oakleigh-130594958,Oakleigh,3166,1 Golf Links Avenue,-37.904585,145.091002,3.0,1.0,house,4.0,2019-04-30,,,Contact agent
property-unit-vic-oakleigh-130565314,Oakleigh,3166,2/1438 Dandenong Road,-37.894646,145.094355,2.0,1.0,unit,1.0,2019-04-18,,,"$535,000"
property-house-vic-oakleigh-130503298,Oakleigh,3166,42 Andrew Street,-37.909796,145.09414,4.0,1.0,house,2.0,2019-04-04,726.0,m2,"$977,500"
property-house-vic-oakleigh-129491358,Oakleigh,3166,11a Clyde Street,-37.896631,145.095561,3.0,1.0,house,,2019-02-27,,,"$880,000"
property-apartment-vic-oakleigh-129338982,Oakleigh,3166,15/103 Atherton Road,-37.898982,145.095101,2.0,1.0,apartment,1.0,2019-02-24,,,Contact agent
property-apartment-vic-oakleigh-126984378,Oakleigh,3166,11/45 Railway Avenue,-37.910388,145.103224,1.0,1.0,apartment,1.0,2019-02-04,,,"$310,000"
property-apartment-vic-oakleigh-129539298,Oakleigh,3166,206/63 Atherton Road,-37.898873,145.092702,2.0,1.0,apartment,,2019-01-14,,,"$382,000"
property-apartment-vic-oakleigh-129988606,Oakleigh,3166,207/63-65 Atherton Road,-37.898873,145.092702,2.0,2.0,apartment,1.0,2018-12-27,,,"$530,000"
property-house-vic-oakleigh-130843502,Oakleigh,3166,98 Atkinson Street,-37.896423,145.093265,4.0,2.0,house,2.0,2018-12-06,,,"$2,600,000"
property-apartment-vic-oakleigh-127607826,Oakleigh,3166,109/1525 Dandenong Road,-37.892759,145.090538,1.0,1.0,apartment,1.0,2018-12-05,,,Contact agent
property-townhouse-vic-oakleigh-129632218,Oakleigh,3166,21/6 Willgilson Court,-37.90618,145.092482,3.0,2.0,townhouse,2.0,2018-11-28,,,"$805,000"
property-unit-vic-oakleigh-129797314,Oakleigh,3166,2/22 Palmerston Grove,-37.89714,145.091756,2.0,1.0,unit,1.0,2018-11-19,,,"$679,950"
property-apartment-vic-oakleigh-129631758,Oakleigh,3166,"1, 2 & 3/40-42 Atherton Road",-37.89915,145.091227,4.0,3.0,apartment,2.0,2018-11-07,,,Contact agent
property-house-vic-oakleigh-129461546,Oakleigh,3166,25 Westgate Street,-37.90582,145.08651,5.0,1.0,house,2.0,2018-11-02,,,"$1,000,000"
property-apartment-vic-oakleigh-129523906,Oakleigh,3166,203/63-65 Atherton Road,-37.898873,145.092702,2.0,2.0,apartment,1.0,2018-10-25,,,"$530,000"
property-house-vic-oakleigh-131021898,Oakleigh,3166,86 Atkinson Street,-37.895251,145.093462,4.0,3.0,house,2.0,2018-10-24,,,"$1,500,000"
property-house-vic-oakleigh-129415446,Oakleigh,3166,1 Grandview Gve,-37.89345,145.105298,6.0,3.0,house,2.0,2018-10-13,,,"$1,150,000"
property-house-vic-oakleigh-129376938,Oakleigh,3166,4/29-31 Heath Avenue,-37.90161,145.099899,2.0,1.0,house,1.0,2018-09-27,,,"$654,000"
property-unit-vic-oakleigh-128588042,Oakleigh,3166,6/122 Atherton Road,-37.900366,145.097338,2.0,1.0,unit,1.0,2018-09-14,,,"$565,000"
property-house-vic-oakleigh-128142534,Oakleigh,3166,6 Logie Street,-37.895094,145.091493,4.0,2.0,house,4.0,2018-09-11,,,Contact agent
property-house-vic-oakleigh-128895678,Oakleigh,3166,3 McIntosh Street,-37.909777,145.098982,3.0,1.0,house,1.0,2018-09-06,,,"$1,060,000"
property-house-vic-oakleigh-128485438,Oakleigh,3166,70 Eastgate Street,-37.909257,145.088603,3.0,2.0,house,3.0,2018-08-31,,,"$1,451,500"
property-house-vic-oakleigh-128353406,Oakleigh,3166,223 Huntingdale Road,-37.904867,145.104376,3.0,1.0,house,2.0,2018-08-24,,,"$970,000"
property-apartment-vic-oakleigh-128679538,Oakleigh,3166,Address available on request,,,2.0,1.0,apartment,1.0,2018-08-16,,,"$391,500"
property-townhouse-vic-oakleigh-128691022,Oakleigh,3166,3/17 Golf Links Avenue,-37.906021,145.090783,3.0,2.0,townhouse,2.0,2018-08-10,,,Contact agent
property-house-vic-oakleigh-128290182,Oakleigh,3166,11A Golf Links Avenue,-37.905403,145.090896,4.0,2.0,house,2.0,2018-07-13,762.0,m2,"$1,520,000"
property-house-vic-oakleigh-128515566,Oakleigh,3166,12 Young Street,-37.907758,145.095611,2.0,1.0,house,2.0,2018-06-30,560.0,m2,"$1,150,000"
property-unit-vic-oakleigh-128411626,Oakleigh,3166,3/1 Parer Street,-37.908681,145.097719,2.0,1.0,unit,1.0,2018-06-23,,,"$655,000"
property-house-vic-oakleigh-127683182,Oakleigh,3166,57 Hatter Street,-37.908732,145.087002,5.0,3.0,house,2.0,2018-06-22,568.0,m2,"$1,950,000"
property-townhouse-vic-oakleigh-128173978,Oakleigh,3166,2/122 Haughton Road,-37.909227,145.099156,4.0,3.0,townhouse,2.0,2018-06-15,,,"$1,038,888"
property-townhouse-vic-oakleigh-128077914,Oakleigh,3166,2/122 Burlington Street,-37.90376,145.104079,4.0,2.0,townhouse,2.0,2018-05-31,,,"$1,075,000"
property-unit-vic-oakleigh-128276330,Oakleigh,3166,1/3 Tamar Grove,-37.896458,145.096729,3.0,1.0,unit,2.0,2018-05-30,265.0,m2,"$840,000"
property-house-vic-oakleigh-128254310,Oakleigh,3166,17A Grant Street,-37.898148,145.097569,3.0,1.0,house,1.0,2018-05-26,,,Contact agent
property-house-vic-oakleigh-128284294,Oakleigh,3166,30 Gadd Street,-37.910245,145.097101,3.0,1.0,house,2.0,2018-05-21,703.0,m2,"$1,075,000"
property-house-vic-oakleigh-128280790,Oakleigh,3166,15 Mora Avenue,-37.901878,145.089133,3.0,1.0,house,2.0,2018-05-11,558.0,m2,Contact agent
property-house-vic-oakleigh-127771270,Oakleigh,3166,33 William Street,-37.904047,145.102543,3.0,2.0,house,2.0,2018-05-01,435.0,m2,"$1,000,000"
property-townhouse-vic-oakleigh-127466838,Oakleigh,3166,3/108 ATHERTON ROAD,-37.899887,145.096082,2.0,1.0,townhouse,1.0,2018-04-18,,,Contact agent
property-apartment-vic-oakleigh-127705938,Oakleigh,3166,102/63-65 Atherton Road,-37.898873,145.092727,2.0,2.0,apartment,1.0,2018-03-21,,,"$545,000"
property-townhouse-vic-oakleigh-127432430,Oakleigh,3166,3/5 Heath Avenue,-37.900827,145.096657,4.0,2.0,townhouse,2.0,2018-03-15,,,"$1,050,000"
property-apartment-vic-oakleigh-126917122,Oakleigh,3166,507/19-21 Hanover Street,-37.900843,145.091641,2.0,2.0,apartment,1.0,2018-03-15,,,"$505,000"
property-unit-vic-oakleigh-126725886,Oakleigh,3166,1/172 Atherton Road,-37.900782,145.10266,3.0,1.0,unit,3.0,2018-02-16,400.0,m2,"$891,000"
property-apartment-vic-oakleigh-127331850,Oakleigh,3166,4/13 Logie Street,-37.894158,145.090092,2.0,1.0,apartment,1.0,2018-02-10,,,"$505,000"
property-house-vic-oakleigh-126719086,Oakleigh,3166,3 Young Street,-37.906698,145.09516,3.0,1.0,house,2.0,2018-01-30,,,"$1,140,000"
property-apartment-vic-oakleigh-127325530,Oakleigh,3166,15/79 Atherton Road,-37.898852,145.09391,2.0,1.0,apartment,1.0,2018-01-28,,,"$472,500"
property-house-vic-oakleigh-126759218,Oakleigh,3166,12 George Street,-37.901717,145.102582,4.0,2.0,house,2.0,2018-01-09,,,"$1,560,000"
property-apartment-vic-oakleigh-127247126,Oakleigh,3166,4/105 Atherton Road,-37.89926,145.095539,2.0,1.0,apartment,1.0,2017-12-31,,,"$418,000"
property-apartment-vic-oakleigh-126948230,Oakleigh,3166,5/105 Atherton Road,-37.89926,145.095539,2.0,1.0,apartment,,2017-12-22,,,"$410,000"
property-house-vic-oakleigh-127022102,Oakleigh,3166,11 The Avenue,-37.896498,145.094896,2.0,1.0,house,2.0,2017-12-20,1072.0,m2,"$1,800,000"
property-house-vic-oakleigh-126823446,Oakleigh,3166,805 Warrigal Road,-37.891499,145.088866,4.0,3.0,house,2.0,2017-12-06,578.0,m2,"$1,200,000"
property-house-vic-oakleigh-126976138,Oakleigh,3166,96 Warrigal Road,-37.903715,145.086484,4.0,2.0,house,2.0,2017-12-05,,,"$1,000,888"
property-house-vic-oakleigh-126814678,Oakleigh,3166,2/8 Lincoln Avenue,-37.898568,145.099932,4.0,2.0,house,2.0,2017-12-03,,,"$1,150,000"
property-house-vic-oakleigh-126959094,Oakleigh,3166,38 Abbeygate Street,-37.907616,145.089964,4.0,2.0,house,1.0,2017-11-28,,,"$1,550,000"
property-house-vic-oakleigh-126124266,Oakleigh,3166,3 Ford Avenue,-37.907296,145.096197,3.0,2.0,house,2.0,2017-11-06,,,"$1,150,000"
property-house-vic-oakleigh-126619742,Oakleigh,3166,60 Abbeygate Street,-37.909116,145.08968,2.0,1.0,house,1.0,2017-11-02,,,"$1,000,000"
property-unit-vic-oakleigh-126580918,Oakleigh,3166,4/4 Lincoln Avenue,-37.898254,145.099812,2.0,1.0,unit,2.0,2017-10-28,,,"$735,000"
property-house-vic-oakleigh-125954842,Oakleigh,3166,1448 Dandenong Road,-37.895321,145.095497,4.0,2.0,house,2.0,2017-10-17,,,Contact agent
property-house-vic-oakleigh-126423498,Oakleigh,3166,8 Mill Road,-37.901469,145.088509,2.0,1.0,house,1.0,2017-10-17,280.0,m2,Contact agent
property-house-vic-oakleigh-126449526,Oakleigh,3166,26a George Street,-37.902802,145.102375,4.0,2.0,house,2.0,2017-10-14,,,"$1,575,000"
property-apartment-vic-oakleigh-126391722,Oakleigh,3166,102/63-65 Atherton Road,-37.898873,145.092727,2.0,2.0,apartment,1.0,2017-10-07,,,"$550,000"
property-house-vic-oakleigh-126278230,Oakleigh,3166,68 Haughton Road,-37.905994,145.094926,3.0,1.0,house,1.0,2017-09-27,,,"$800,000"
property-house-vic-oakleigh-114124411,Oakleigh,3166,3 Grant Street,-37.897198,145.097775,2.0,1.0,house,,2017-09-22,419.0,m2,"$982,500"
property-house-vic-oakleigh-126160914,Oakleigh,3166,8 Abbeygate Street,-37.90497,145.090473,3.0,1.0,house,2.0,2017-09-16,567.0,m2,"$1,295,000"
property-apartment-vic-oakleigh-126239178,Oakleigh,3166,10/13 Logie Street,-37.894158,145.090092,2.0,1.0,apartment,1.0,2017-09-16,,,Contact agent
property-apartment-vic-oakleigh-126088150,Oakleigh,3166,207/83 Drummond Street,-37.892402,145.090497,1.0,1.0,apartment,1.0,2017-09-05,,,Contact agent
property-townhouse-vic-oakleigh-126099786,Oakleigh,3166,3/34 Golf Links Avenue,-37.907179,145.091406,4.0,2.0,townhouse,2.0,2017-09-02,210.0,m2,"$1,065,000"
property-townhouse-vic-oakleigh-126345826,Oakleigh,3166,4/34 Golf Links Avenue,-37.907179,145.091406,4.0,2.0,townhouse,2.0,2017-09-02,220.0,m2,"$1,006,000"
property-house-vic-oakleigh-126123378,Oakleigh,3166,6 Clyde Street,-37.896377,145.096252,2.0,1.0,house,,2017-09-02,,,"$995,000"
property-unit-vic-oakleigh-126470146,Oakleigh,3166,7/7 Albert Avenue,-37.897646,145.094383,2.0,1.0,unit,1.0,2017-09-02,,,Contact agent
property-house-vic-oakleigh-126121846,Oakleigh,3166,6 Mead Court,-37.906957,145.092508,3.0,2.0,house,2.0,2017-08-25,,,"$1,230,000"
property-apartment-vic-oakleigh-125127074,Oakleigh,3166,Address available on request,,,1.0,1.0,apartment,1.0,2017-08-23,,,Contact agent
property-townhouse-vic-oakleigh-106986521,Oakleigh,3166,4/8 Willgilson Court,-37.9055904,145.092314,3.0,2.0,townhouse,2.0,2017-08-16,,,Contact agent
property-house-vic-oakleigh-125851378,Oakleigh,3166,30 Oxford Street,-37.901255,145.093047,4.0,2.0,house,1.0,2017-08-06,,,Contact agent
property-house-vic-oakleigh-125895386,Oakleigh,3166,1/1526 Dandenong Road,-37.899297,145.102091,3.0,1.0,house,2.0,2017-08-05,,,"$868,000"
property-apartment-vic-oakleigh-124756918,Oakleigh,3166,109/63-65 Atherton Road,-37.898873,145.092727,2.0,1.0,apartment,1.0,2017-06-28,,,"$494,000"
property-apartment-vic-oakleigh-125384922,Oakleigh,3166,1/103 Atherton Road,-37.898982,145.095101,2.0,1.0,apartment,1.0,2017-06-02,,,"$465,000"
property-apartment-vic-oakleigh-125381182,Oakleigh,3166,16/79 Atherton Road,-37.898852,145.09391,2.0,1.0,apartment,2.0,2017-05-30,,,Contact agent
property-apartment-vic-oakleigh-125397174,Oakleigh,3166,17/79 Atherton Road,-37.898852,145.09391,2.0,1.0,apartment,1.0,2017-05-25,,,Contact agent
property-unit-vic-oakleigh-125227310,Oakleigh,3166,4 Mead Court,-37.906748,145.092015,2.0,1.0,unit,2.0,2017-05-20,258.0,m2,"$676,000"
property-house-vic-oakleigh-125236518,Oakleigh,3166,100 Atkinson Street,-37.896842,145.093214,3.0,1.0,house,3.0,2017-05-13,,,"$2,500,000"
property-apartment-vic-oakleigh-124955858,Oakleigh,3166,14/82-86 Atherton Road,-37.899535,145.093755,2.0,1.0,apartment,1.0,2017-05-12,,,"$370,000"
property-townhouse-vic-oakleigh-124885602,Oakleigh,3166,3/134 Atherton Road,-37.90029,145.09896,3.0,2.0,townhouse,2.0,2017-05-11,340.0,m2,Contact agent
property-house-vic-oakleigh-125095134,Oakleigh,3166,110 Atkinson Street,-37.898018,145.092924,4.0,2.0,house,2.0,2017-04-29,,,Contact agent
property-house-vic-oakleigh-124811494,Oakleigh,3166,43 George Street,-37.904651,145.10143,3.0,2.0,house,2.0,2017-03-25,545.0,m2,"$1,320,000"
property-house-vic-oakleigh-123729538,Oakleigh,3166,94 Burlington Street,-37.903338,145.100574,3.0,1.0,house,1.0,2017-03-22,670.0,m2,"$830,000"
property-house-vic-oakleigh-124792522,Oakleigh,3166,1482 Dandenong Road,-37.897142,145.09866,3.0,1.0,house,1.0,2017-03-16,,,Contact agent
property-house-vic-oakleigh-124903566,Oakleigh,3166,57 Bishop Street,-37.909197,145.092473,2.0,1.0,house,1.0,2017-03-04,610.0,m2,"$1,050,100"
property-apartment-vic-oakleigh-124491426,Oakleigh,3166,2/82 Atherton Road,-37.899535,145.093755,2.0,1.0,apartment,1.0,2017-03-02,,,Contact agent
property-townhouse-vic-oakleigh-124550566,Oakleigh,3166,4/28 Devon Grove,-37.896011,145.103603,4.0,2.0,townhouse,2.0,2017-02-25,208.0,m2,Contact agent
property-apartment-vic-oakleigh-124271750,Oakleigh,3166,U 5/79 Atherton Road,-37.898852,145.09391,2.0,1.0,apartment,2.0,2017-02-24,,,"$452,000"
property-townhouse-vic-oakleigh-124548790,Oakleigh,3166,1/12 Parer Street,-37.909873,145.098591,4.0,2.0,townhouse,2.0,2017-02-10,305.0,m2,"$1,120,000"
property-apartment-vic-oakleigh-124379498,Oakleigh,3166,207/19-21 Hanover Street,-37.900882,145.091633,1.0,1.0,apartment,1.0,2017-01-30,,,"$350,000"
property-apartment-vic-oakleigh-124128418,Oakleigh,3166,108/63-65 Atherton Road,-37.898873,145.092702,2.0,1.0,apartment,1.0,2016-12-15,,,"$525,000"
property-townhouse-vic-oakleigh-123969038,Oakleigh,3166,2/34 Golf Links Avenue,-37.907179,145.091406,4.0,2.0,townhouse,2.0,2016-11-26,220.0,m2,"$1,040,000"
property-apartment-vic-oakleigh-123948674,Oakleigh,3166,19/82-86 Atherton Road,-37.899535,145.093755,2.0,1.0,apartment,1.0,2016-11-12,,,Contact agent
property-house-vic-oakleigh-123374910,Oakleigh,3166,23 Heath Avenue,-37.901653,145.099326,4.0,2.0,house,2.0,2016-11-07,,,"$1,640,000"
property-unit-vic-oakleigh-123609138,Oakleigh,3166,2/26 Grant Street,-37.899118,145.098177,2.0,1.0,unit,1.0,2016-10-08,,,Contact agent
property-house-vic-oakleigh-123337766,Oakleigh,3166,1249 North Road,-37.910808,145.099523,3.0,1.0,house,2.0,2016-09-14,693.0,m2,Contact agent
property-house-vic-oakleigh-122448766,Oakleigh,3166,1472 Dandenong Road,-37.896579,145.097727,2.0,2.0,house,2.0,2016-08-29,,,"$800,000"
property-house-vic-oakleigh-123060326,Oakleigh,3166,98 Haughton Road,-37.907965,145.097487,2.0,1.0,house,1.0,2016-08-06,733.0,m2,"$780,000"
property-house-vic-oakleigh-122774094,Oakleigh,3166,24 Mora Avenue,-37.902414,145.08988,3.0,1.0,house,2.0,2016-06-25,550.0,m2,Contact agent
property-house-vic-oakleigh-122597590,Oakleigh,3166,8/105 Atherton Road,-37.89926,145.095539,2.0,1.0,house,1.0,2016-06-18,70.0,m2,"$347,000"
property-house-vic-oakleigh-122572906,Oakleigh,3166,2/77 Burlington Street,-37.902695,145.099504,3.0,2.0,house,2.0,2016-06-14,196.0,m2,"$845,000"
property-house-vic-oakleigh-122253966,Oakleigh,3166,37 Clyde Street,-37.898874,145.095038,4.0,2.0,house,3.0,2016-04-30,735.0,m2,"$1,480,000"
property-house-vic-oakleigh-122077602,Oakleigh,3166,47 Hatter Street,-37.908027,145.087136,3.0,2.0,house,2.0,2016-04-21,,,"$1,240,000"
property-house-vic-oakleigh-121996762,Oakleigh,3166,37 Westgate Street,-37.906654,145.086349,3.0,1.0,house,3.0,2016-03-19,553.0,m2,"$950,000"
property-apartment-vic-oakleigh-121462346,Oakleigh,3166,213/19-21 Hanover Street,-37.900882,145.091633,1.0,1.0,apartment,1.0,2016-01-21,,,Contact agent
property-house-vic-oakleigh-121344722,Oakleigh,3166,110 Haughton Road,-37.908564,145.098276,3.0,1.0,house,2.0,2015-12-12,,,"$1,025,000"
property-townhouse-vic-oakleigh-121319942,Oakleigh,3166,2/16 Parer Street,-37.91012,145.098365,4.0,3.0,townhouse,2.0,2015-12-12,220.0,m2,"$860,000"
property-house-vic-oakleigh-121225222,Oakleigh,3166,7 Mora Avenue,-37.901796,145.088446,3.0,1.0,house,2.0,2015-12-11,556.0,m2,"$1,060,000"
property-house-vic-oakleigh-121137394,Oakleigh,3166,20 Grandview Grove,-37.894879,145.105644,3.0,1.0,house,2.0,2015-12-01,676.0,m2,Contact agent
property-apartment-vic-oakleigh-120846681,Oakleigh,3166,603/19-21 Hanover Street,-37.900882,145.091633,1.0,1.0,apartment,1.0,2015-10-30,,,"$382,500"
property-house-vic-oakleigh-120846173,Oakleigh,3166,38 Estelle Street,-37.893391,145.106401,3.0,1.0,house,1.0,2015-10-24,,,Contact agent
property-house-vic-oakleigh-120832357,Oakleigh,3166,136 Atherton Road,-37.900314,145.099142,3.0,2.0,house,2.0,2015-10-17,625.0,m2,"$900,000"
property-apartment-vic-oakleigh-119448767,Oakleigh,3166,8/103 Atherton Road,-37.898982,145.095101,2.0,1.0,apartment,1.0,2015-09-30,,,"$425,000"
property-house-vic-oakleigh-120508769,Oakleigh,3166,51 Golf Links Avenue,-37.908562,145.09033,3.0,2.0,house,2.0,2015-09-14,728.0,m2,"$950,000"
property-house-vic-oakleigh-120109309,Oakleigh,3166,17 Palmerston Grove,-37.897415,145.090967,4.0,2.0,house,2.0,2015-07-13,898.0,m2,"$2,000,000"
property-house-vic-oakleigh-119893693,Oakleigh,3166,9 Winifred Street,-37.895187,145.101896,3.0,1.0,house,1.0,2015-06-16,697.0,m2,"$1,005,000"
property-house-vic-oakleigh-119476735,Oakleigh,3166,41 Bishop Street,-37.907791,145.092722,3.0,1.0,house,2.0,2015-05-18,,,"Range: $915,000 - $1,065,000"
property-apartment-vic-oakleigh-118376359,Oakleigh,3166,40/1554 Dandenong Road,-37.901613,145.105678,2.0,2.0,apartment,2.0,2015-05-02,,,"Range: $395,000 - $465,000"
property-townhouse-vic-oakleigh-119331188,Oakleigh,3166,20/6 Willgilson Court,-37.90618,145.092482,3.0,2.0,townhouse,2.0,2015-04-15,172.0,m2,"$690,100"
property-house-vic-oakleigh-119217375,Oakleigh,3166,26 George Street,-37.902667,145.1024,2.0,1.0,house,2.0,2015-04-10,,,Contact agent
property-apartment-vic-oakleigh-118691331,Oakleigh,3166,6/6 Willgilson Court,-37.90618,145.092482,1.0,1.0,apartment,1.0,2015-03-16,,,"$342,000"
property-house-vic-oakleigh-118998827,Oakleigh,3166,129 Huntingdale Road,-37.893945,145.106314,3.0,1.0,house,1.0,2015-02-28,,,"$734,500"
property-house-vic-oakleigh-118968551,Oakleigh,3166,43 Clyde Street,-37.89925,145.094902,2.0,2.0,house,1.0,2015-02-28,,,Contact agent
property-house-vic-oakleigh-118204867,Oakleigh,3166,21 Queens Avenue,-37.903552,145.088414,3.0,2.0,house,2.0,2014-12-10,,,"$1,250,000"
property-house-vic-oakleigh-118242451,Oakleigh,3166,1542 Dandenong Road,-37.899959,145.103198,3.0,2.0,house,2.0,2014-11-22,611.0,m2,"$785,000"
property-house-vic-oakleigh-118015507,Oakleigh,3166,24 Gadd Street,-37.909839,145.097176,5.0,2.0,house,2.0,2014-10-29,700.0,m2,"$1,020,000"
property-house-vic-oakleigh-117938431,Oakleigh,3166,3 Raymond Court,-37.891289,145.10308,5.0,3.0,house,2.0,2014-10-18,593.0,m2,"$1,125,000"
property-house-vic-oakleigh-117911951,Oakleigh,3166,1456 Dandenong Road,-37.895756,145.096244,4.0,3.0,house,3.0,2014-10-11,,,"$800,000"
property-house-vic-oakleigh-117844347,Oakleigh,3166,789 Warrigal Road,-37.89005,145.089153,4.0,2.0,house,3.0,2014-09-23,620.0,m2,Contact agent
property-house-vic-oakleigh-117544012,Oakleigh,3166,47 George Street,-37.904922,145.101378,2.0,1.0,house,2.0,2014-08-18,,,"$712,000"
property-townhouse-vic-oakleigh-117460275,Oakleigh,3166,2/1151 North Road,-37.909544,145.088658,4.0,3.0,townhouse,2.0,2014-08-16,,,Contact agent
property-apartment-vic-oakleigh-117515619,Oakleigh,3166,20/82-86 Atherton Road,-37.899535,145.093755,1.0,1.0,apartment,1.0,2014-08-16,,,"$330,000"
property-house-vic-oakleigh-117468459,Oakleigh,3166,35 Ferntree Gully Road,-37.896463,145.10414,3.0,2.0,house,2.0,2014-08-09,776.0,m2,"$900,000"
property-house-vic-oakleigh-117274543,Oakleigh,3166,13 Palmerston Grove,-37.897639,145.090927,4.0,1.0,house,2.0,2014-08-04,439.0,m2,Contact agent
property-house-vic-oakleigh-117352599,Oakleigh,3166,16 Raymond Court,-37.891986,145.10362,4.0,2.0,house,2.0,2014-07-26,697.0,m2,"$796,000"
property-townhouse-vic-oakleigh-115053191,Oakleigh,3166,2/131 Huntingdale Road,-37.894087,145.106287,3.0,2.0,townhouse,2.0,2014-07-16,320.0,m2,Contact agent
property-apartment-vic-oakleigh-115884199,Oakleigh,3166,4/45 Railway Ave,-37.9108447,145.1034191,1.0,1.0,apartment,1.0,2014-07-07,,,Contact agent
property-apartment-vic-oakleigh-117213631,Oakleigh,3166,1 & 5/1707 Dandenong Road,-37.9001,145.105261,2.0,1.0,apartment,1.0,2014-07-05,,,"$383,333"
property-house-vic-oakleigh-116771955,Oakleigh,3166,15 Westminster Street,-37.900587,145.095399,3.0,1.0,house,1.0,2014-05-30,436.0,m2,"$675,000"
property-townhouse-vic-oakleigh-116506059,Oakleigh,3166,1/16 Winifred Street,-37.895672,145.102479,3.0,2.0,townhouse,2.0,2014-05-23,276.0,m2,"$650,000"
property-house-vic-oakleigh-116719767,Oakleigh,3166,22A Clyde Street,-37.897528,145.096013,2.0,1.0,house,3.0,2014-05-22,,,"$720,000"
property-house-vic-oakleigh-116538099,Oakleigh,3166,15 Clyde Street,-37.896867,145.095509,4.0,1.0,house,3.0,2014-04-29,607.0,m2,"$970,000"
property-house-vic-oakleigh-116289607,Oakleigh,3166,94 Haughton Road,-37.9073105,145.0969456,5.0,3.0,house,2.0,2014-03-31,,,"$815,000"
property-apartment-vic-oakleigh-116286927,Oakleigh,3166,16/13 Logie Street,-37.894158,145.090092,1.0,1.0,apartment,1.0,2014-03-29,,,"$352,500"
property-house-vic-oakleigh-115033183,Oakleigh,3166,Address available on request,,,3.0,1.0,house,2.0,2014-03-27,585.0,m2,Contact agent
property-townhouse-vic-oakleigh-116218655,Oakleigh,3166,43 Estelle Street,-37.89284,145.105669,2.0,2.0,townhouse,1.0,2014-03-22,,,"$691,000"
property-apartment-vic-oakleigh-116217455,Oakleigh,3166,6/19-21 Willesden Road,-37.894447,145.077694,2.0,1.0,apartment,1.0,2014-03-22,,,"$360,001"
property-apartment-vic-oakleigh-116217451,Oakleigh,3166,9/19-21 Willesden Road,-37.894447,145.077694,2.0,1.0,apartment,1.0,2014-03-22,,,"$360,000"
property-house-vic-oakleigh-116104895,Oakleigh,3166,1 Holland Court,-37.900225,145.096985,3.0,1.0,house,2.0,2014-03-15,618.0,m2,Contact agent
property-apartment-vic-oakleigh-116164875,Oakleigh,3166,10/45 Railway Ave,-37.9108447,145.1034191,1.0,1.0,apartment,1.0,2014-03-12,,,Contact agent
property-unit-vic-oakleigh-116022355,Oakleigh,3166,2/35 Garnett Street,-37.904123,145.109385,2.0,1.0,unit,1.0,2014-03-02,,,Contact agent
property-house-vic-oakleigh-116072511,Oakleigh,3166,52 Abbeygate Street,-37.908614,145.089775,2.0,1.0,house,2.0,2014-02-28,,,"$735,000"
property-apartment-vic-oakleigh-114970547,Oakleigh,3166,17/41 Railway Avenue,-37.9108447,145.1034191,1.0,1.0,apartment,,2014-02-21,,,"$250,000"
property-house-vic-oakleigh-115849475,Oakleigh,3166,35 Grant Street,-37.899497,145.097447,3.0,2.0,house,4.0,2014-02-15,295.0,m2,"$810,000"
property-house-vic-oakleigh-115949443,Oakleigh,3166,77 Burlington Street,-37.902695,145.099504,3.0,1.0,house,2.0,2014-02-04,,,Contact agent
property-house-vic-oakleigh-115324955,Oakleigh,3166,33 Westgate Street,-37.906375,145.086403,3.0,2.0,house,3.0,2014-01-14,,,"$997,000"
property-apartment-vic-oakleigh-113844951,Oakleigh,3166,7/119 Atkinson Street,-37.897556,145.092233,2.0,1.0,apartment,1.0,2014-01-14,,,Contact agent
property-residential land-vic-oakleigh-200667955,Oakleigh,3166,Address available on request,,,,,residential land,,2013-12-21,919.0,m2,Contact agent
property-house-vic-oakleigh-113223455,Oakleigh,3166,16/2 Albert Avenue,-37.898281,145.093599,2.0,2.0,house,1.0,2013-11-25,,,Contact agent
property-townhouse-vic-oakleigh-115017699,Oakleigh,3166,2-4/2 Stamford Road,-37.891636,145.101427,4.0,3.0,townhouse,2.0,2013-11-22,,,Contact agent
property-house-vic-oakleigh-115197495,Oakleigh,3166,14 Allen Street,-37.889864,145.090624,3.0,1.0,house,2.0,2013-11-16,,,"$900,000"
property-apartment-vic-oakleigh-114720767,Oakleigh,3166,305/63 Atherton Road,-37.898865,145.092668,2.0,1.0,apartment,1.0,2013-10-14,,,Contact agent
property-apartment-vic-oakleigh-114727031,Oakleigh,3166,406/63 Atherton St,-37.898865,145.092668,1.0,1.0,apartment,1.0,2013-10-14,,,Contact agent
property-apartment-vic-oakleigh-109066276,Oakleigh,3166,4/103 Atherton Road,-37.899167,145.095051,2.0,1.0,apartment,1.0,2013-10-04,,,Contact agent
property-house-vic-oakleigh-114631631,Oakleigh,3166,34 Davey Avenue,-37.903252,145.089595,5.0,2.0,house,2.0,2013-09-21,,,"$1,155,000"
property-unit-vic-oakleigh-114617331,Oakleigh,3166,3/29 Clyde Street,-37.897927,145.095247,2.0,1.0,unit,1.0,2013-09-21,,,"$662,000"
property-unit-vic-oakleigh-114650103,Oakleigh,3166,3/22 Golf Links Avenue,-37.906253,145.091492,2.0,1.0,unit,2.0,2013-09-21,,,"$510,000"
property-apartment-vic-oakleigh-114076355,Oakleigh,3166,21/1554 Dandenong Road,-37.9013573,145.1059319,1.0,1.0,apartment,1.0,2013-09-16,,,Contact agent
property-house-vic-oakleigh-114560939,Oakleigh,3166,8 Westley Street,-37.895919,145.095204,2.0,1.0,house,1.0,2013-09-14,,,"$830,000"
property-apartment-vic-oakleigh-114249119,Oakleigh,3166,13/45 Railway Avenue,-37.9104418,145.1028781,2.0,1.0,apartment,1.0,2013-09-05,,,Contact agent
property-house-vic-oakleigh-114325243,Oakleigh,3166,1488 Dandenong Road,-37.897386,145.099078,3.0,1.0,house,2.0,2013-08-10,533.0,m2,"$722,000"
property-house-vic-oakleigh-114285875,Oakleigh,3166,10 Abbeygate Street,-37.905113,145.090445,3.0,1.0,house,2.0,2013-07-29,,,"$782,500"
property-house-vic-oakleigh-114182159,Oakleigh,3166,13 Winifred Street,-37.895457,145.101846,3.0,1.0,house,2.0,2013-07-27,689.0,m2,"$765,000"
property-townhouse-vic-oakleigh-113626711,Oakleigh,3166,24/6 Willgilson Court,-37.90605,145.092664,3.0,2.0,townhouse,2.0,2013-07-27,,,Contact agent
property-house-vic-oakleigh-114109491,Oakleigh,3166,24 Hatter Street,-37.905806,145.088203,3.0,2.0,house,2.0,2013-07-13,,,"$890,000"
property-unit-vic-oakleigh-114095595,Oakleigh,3166,6/3 Albert Avenue,-37.897592,145.093932,2.0,1.0,unit,1.0,2013-07-03,,,"$405,000"
property-townhouse-vic-oakleigh-113780375,Oakleigh,3166,26/6 Willgilson Court,-37.90605,145.092664,3.0,2.0,townhouse,2.0,2013-06-06,,,"$585,000"
property-apartment-vic-oakleigh-113929183,Oakleigh,3166,5/45 Railway Ave,-37.9104419,145.1028782,1.0,1.0,apartment,1.0,2013-06-06,,,Contact agent
property-apartment-vic-oakleigh-112915491,Oakleigh,3166,10/41 Railway Avenue,-37.9104419,145.1028782,1.0,1.0,apartment,,2013-06-04,,,Contact agent
property-house-vic-oakleigh-113730495,Oakleigh,3166,45 William Street,-37.904904,145.102378,3.0,2.0,house,2.0,2013-06-01,,,"$772,000"
property-house-vic-oakleigh-113756243,Oakleigh,3166,19 Queens Avenue,-37.903539,145.08828,4.0,1.0,house,1.0,2013-06-01,,,"$732,500"
property-house-vic-oakleigh-113605195,Oakleigh,3166,6 Ross Street,-37.907517,145.105363,3.0,1.0,house,1.0,2013-05-22,,,"$575,100"
property-house-vic-oakleigh-113588047,Oakleigh,3166,23 Burlington Street,-37.901955,145.094637,2.0,2.0,house,2.0,2013-05-18,,,"$555,000"
property-townhouse-vic-oakleigh-111790179,Oakleigh,3166,2/10 Mill Road,-37.901597,145.088648,3.0,2.0,townhouse,2.0,2013-04-29,,,"$575,000"
property-house-vic-oakleigh-113207747,Oakleigh,3166,3 Parer Street,-37.908938,145.097868,3.0,1.0,house,1.0,2013-04-18,700.0,m2,"$760,000"
property-house-vic-oakleigh-111278527,Oakleigh,3166,40 Heath  Ave,-37.902336,145.100116,2.0,1.0,house,,2013-03-21,889.0,m2,Contact agent
property-apartment-vic-oakleigh-112630463,Oakleigh,3166,3/45 Railway Avenue,-37.9104419,145.1028782,2.0,1.0,apartment,1.0,2013-03-12,,,Contact agent
property-townhouse-vic-oakleigh-113050639,Oakleigh,3166,1/10 Mill Road,-37.901597,145.088648,3.0,2.0,townhouse,2.0,2013-03-05,,,"$599,999"
property-apartment-vic-oakleigh-112980975,Oakleigh,3166,1/13 Logie,-37.894158,145.090092,1.0,1.0,apartment,1.0,2013-03-02,,,Contact agent
property-house-vic-oakleigh-112881539,Oakleigh,3166,15 Hatter Street,-37.905278,145.087663,4.0,2.0,house,2.0,2013-02-23,,,"$903,000"
property-house-vic-oakleigh-112825303,Oakleigh,3166,41 Westgate Street,-37.907476,145.086187,2.0,1.0,house,2.0,2013-02-23,,,"$690,000"
property-house-vic-oakleigh-111893587,Oakleigh,3166,61 Hatter Street,-37.909017,145.086949,3.0,1.0,house,2.0,2013-02-09,,,"$705,000"
property-apartment-vic-oakleigh-112125847,Oakleigh,3166,4/24 Haughton Road,-37.901554,145.089015,2.0,1.0,apartment,1.0,2013-01-25,,,"$362,251"
property-apartment-vic-oakleigh-112564175,Oakleigh,3166,1/24 Haughton Road,-37.901554,145.089015,1.0,1.0,apartment,1.0,2013-01-19,,,"$350,002"
property-residential land-vic-oakleigh-200434207,Oakleigh,3166,2/139 Huntingdale Road,-37.894652,145.106177,,,residential land,,2013-01-19,,,"$272,000"
property-townhouse-vic-oakleigh-112948463,Oakleigh,3166,2/139 Huntingdale Road,-37.894652,145.106177,3.0,2.0,townhouse,1.0,2013-01-19,,,Contact agent
property-house-vic-oakleigh-112547835,Oakleigh,3166,13 Princess Street,-37.904928,145.0931,2.0,1.0,house,1.0,2012-12-27,,,"$567,500"
property-house-vic-oakleigh-112457339,Oakleigh,3166,98 Warrigal Road,-37.903831,145.086463,3.0,1.0,house,1.0,2012-12-22,,,"$506,000"
property-house-vic-oakleigh-110279253,Oakleigh,3166,6 Parer Street,-37.909439,145.098488,2.0,1.0,house,2.0,2012-12-21,,,Contact agent
property-house-vic-oakleigh-112459587,Oakleigh,3166,51 Golf Links Avenue,-37.9086021,145.0906059,3.0,2.0,house,2.0,2012-12-15,,,"$788,000"
property-unit-vic-oakleigh-112487663,Oakleigh,3166,1/1 Parer Street,-37.908713,145.097866,2.0,1.0,unit,1.0,2012-12-15,198.0,m2,"$395,000"
property-house-vic-oakleigh-111773355,Oakleigh,3166,23 Estelle Street,-37.892519,145.1037,2.0,1.0,house,2.0,2012-12-11,,,"$580,000"
property-house-vic-oakleigh-112224627,Oakleigh,3166,9 Grant Street,-37.897576,145.097693,3.0,1.0,house,2.0,2012-12-03,,,"$750,000"
property-house-vic-oakleigh-111659799,Oakleigh,3166,33 Estelle Street,-37.892614,145.104558,3.0,1.0,house,,2012-12-03,576.0,m2,"$610,000"
property-townhouse-vic-oakleigh-112002151,Oakleigh,3166,8/8 Willgilson Court,-37.9055802,145.0923156,3.0,2.0,townhouse,2.0,2012-11-24,,,"$598,000"
property-house-vic-oakleigh-111680735,Oakleigh,3166,2 Queens Avenue,-37.903854,145.086744,3.0,1.0,house,1.0,2012-11-22,,,Contact agent
property-apartment-vic-oakleigh-111979419,Oakleigh,3166,7a/79 Atherton Road,-37.898852,145.09391,2.0,1.0,apartment,1.0,2012-11-17,,,Contact agent
property-house-vic-oakleigh-111550011,Oakleigh,3166,5 Cambridge Street,-37.904203,145.091937,4.0,2.0,house,2.0,2012-11-12,,,"$725,000"
property-house-vic-oakleigh-111962691,Oakleigh,3166,Address available on request,,,3.0,1.0,house,,2012-11-12,,,Contact agent
property-house-vic-oakleigh-111860530,Oakleigh,3166,2A Fogarty Court,-37.895814,145.10092,2.0,1.0,house,2.0,2012-11-10,,,Contact agent
property-townhouse-vic-oakleigh-111804947,Oakleigh,3166,1/23 Fenton Street,-37.908934,145.110168,4.0,2.0,townhouse,2.0,2012-11-08,400.0,m2,Contact agent
property-house-vic-oakleigh-111773379,Oakleigh,3166,215 Huntingdale Road,-37.904325,145.10448,3.0,1.0,house,2.0,2012-10-27,,,"$605,000"
property-apartment-vic-oakleigh-111859566,Oakleigh,3166,2/13 Logie Street,-37.894158,145.090092,1.0,1.0,apartment,1.0,2012-10-25,,,"$320,000"
property-house-vic-oakleigh-111568067,Oakleigh,3166,5 York Avenue,-37.899609,145.101353,2.0,1.0,house,2.0,2012-10-13,,,"$647,000"
property-house-vic-oakleigh-111550035,Oakleigh,3166,35 Hargreaves Street,-37.908909,145.108613,3.0,1.0,house,1.0,2012-10-13,,,Contact agent
property-house-vic-oakleigh-111570875,Oakleigh,3166,34 Westgate Street,-37.906432,145.08703,3.0,1.0,house,1.0,2012-10-05,,,"$675,000"
property-townhouse-vic-oakleigh-106926562,Oakleigh,3166,2/15A Golf Links Avenue,-37.905858,145.090813,4.0,2.0,townhouse,2.0,2012-09-29,357.0,m2,"$630,000"
property-house-vic-oakleigh-111350623,Oakleigh,3166,2/147 Atherton Road,-37.899689,145.099869,3.0,1.0,house,2.0,2012-09-15,,,Contact agent
property-unit-vic-oakleigh-111275419,Oakleigh,3166,1/37 Young Street,-37.909982,145.094586,2.0,1.0,unit,1.0,2012-09-08,,,"$510,000"
property-unit-vic-oakleigh-110934391,Oakleigh,3166,2/40 Fenton Street,-37.909046,145.110667,3.0,1.0,unit,2.0,2012-07-28,,,"$540,000"
property-apartment-vic-oakleigh-110457009,Oakleigh,3166,1/46 Abbeygate Street,-37.9081765,145.0896629,2.0,1.0,apartment,1.0,2012-06-08,,,Contact agent
property-house-vic-oakleigh-110388073,Oakleigh,3166,1/5 Rua Court,-37.891651,145.101846,2.0,1.0,house,2.0,2012-05-26,346.0,m2,Contact agent
property-house-vic-oakleigh-110266393,Oakleigh,3166,1488 Dandenong Road,-37.897386,145.099078,3.0,1.0,house,2.0,2012-05-25,,,Contact agent
property-residential land-vic-oakleigh-200222817,Oakleigh,3166,2 Franklyn Street,-37.906982,145.113944,,,residential land,,2012-05-21,,,Contact agent
property-townhouse-vic-oakleigh-110097757,Oakleigh,3166,3/42 Golf Links Avenue,-37.907982,145.091401,4.0,2.0,townhouse,1.0,2012-05-18,,,Contact agent
property-house-vic-oakleigh-108430121,Oakleigh,3166,3 Golf Links Avenue,-37.904709,145.091016,3.0,1.0,house,1.0,2012-05-12,,,"$630,000"
property-house-vic-oakleigh-109466071,Oakleigh,3166,63 Hatter Street,-37.90916,145.086922,4.0,2.0,house,2.0,2012-05-11,,,"$821,500"
property-house-vic-oakleigh-110219741,Oakleigh,3166,15 Golflinks Avenue,-37.905701,145.090842,4.0,2.0,house,2.0,2012-05-05,,,Contact agent
property-house-vic-oakleigh-110200493,Oakleigh,3166,1/16 Bishop Street,-37.906334,145.093634,3.0,1.0,house,2.0,2012-05-05,,,"$530,000"
property-house-vic-oakleigh-110138897,Oakleigh,3166,65 Garnett Street,-37.905959,145.112349,3.0,1.0,house,1.0,2012-04-28,,,"$540,000"
property-house-vic-oakleigh-109860201,Oakleigh,3166,34 Henry Street,-37.904274,145.10408,3.0,2.0,house,1.0,2012-04-12,,,Contact agent
property-house-vic-oakleigh-109068421,Oakleigh,3166,3 Norfolk Avenue,-37.898634,145.10028,2.0,1.0,house,1.0,2012-04-11,,,"$607,000"
property-unit-vic-oakleigh-108688826,Oakleigh,3166,5/6 Reid Street,-37.90714,145.07271,2.0,1.0,unit,1.0,2012-04-03,,,Contact agent
property-villa-vic-oakleigh-109839546,Oakleigh,3166,1/122 Atherton Road,-37.900366,145.097338,3.0,1.0,villa,1.0,2012-03-31,,,"$519,500"
property-house-vic-oakleigh-109713776,Oakleigh,3166,53 Golf Links Avenue,-37.908684,145.090309,5.0,3.0,house,2.0,2012-03-24,,,"$1,050,000"
property-house-vic-oakleigh-109797831,Oakleigh,3166,69 Burlington Street,-37.90253,145.098003,3.0,1.0,house,1.0,2012-03-17,,,Contact agent
property-house-vic-oakleigh-109303591,Oakleigh,3166,41 Beauford Street,-37.908256,145.109385,3.0,1.0,house,2.0,2012-03-10,,,"$540,000"
property-house-vic-oakleigh-109446381,Oakleigh,3166,36 Bishop Street,-37.907642,145.093394,3.0,1.0,house,2.0,2012-03-03,,,Contact agent
property-house-vic-oakleigh-109458616,Oakleigh,3166,5 Dalgety Street,-37.89142,145.089462,2.0,1.0,house,1.0,2012-03-03,,,"$500,000"
property-apartment-vic-oakleigh-108667741,Oakleigh,3166,8/82-86 Atherton Rd,-37.899535,145.093755,2.0,1.0,apartment,2.0,2012-02-29,,,"$355,000"
property-house-vic-oakleigh-109434186,Oakleigh,3166,49 Golf Links Avenue,-37.908439,145.090351,3.0,1.0,house,1.0,2012-02-27,,,Contact agent
property-house-vic-oakleigh-109469821,Oakleigh,3166,14 Mora Avenue,-37.902298,145.088877,3.0,1.0,house,1.0,2012-02-25,,,"$510,411"
property-house-vic-oakleigh-109420646,Oakleigh,3166,48 Davey Avenue,,,3.0,2.0,house,1.0,2012-02-25,,,Contact agent
property-house-vic-oakleigh-108886051,Oakleigh,3166,15 Westgate Street,-37.905106,145.086647,4.0,2.0,house,2.0,2012-02-18,,,"$902,500"
property-house-vic-oakleigh-109048766,Oakleigh,3166,121 Atherton Road,-37.899453,145.096929,4.0,3.0,house,3.0,2012-02-18,528.0,m2,Contact agent
property-house-vic-oakleigh-108706326,Oakleigh,3166,9 Lincoln Avenue,-37.898421,145.099044,3.0,1.0,house,1.0,2012-01-31,,,"$651,000"
property-house-vic-oakleigh-108153261,Oakleigh,3166,6/10 Daly Street,-37.901401,145.111322,2.0,1.0,house,1.0,2012-01-25,,,Contact agent
property-house-vic-oakleigh-109154241,Oakleigh,3166,59 Westgate Street,-37.908755,145.085945,3.0,1.0,house,1.0,2012-01-07,,,"$603,158"
property-apartment-vic-oakleigh-108482901,Oakleigh,3166,7/24 Haughton Rd,-37.901554,145.089015,2.0,1.0,apartment,1.0,2011-12-21,,,Contact agent
property-house-vic-oakleigh-108779991,Oakleigh,3166,22 Regent Street,-37.900909,145.094964,4.0,2.0,house,2.0,2011-12-17,,,Contact agent
property-house-vic-oakleigh-108352471,Oakleigh,3166,92 Drummond Street,-37.89117,145.091558,4.0,2.0,house,2.0,2011-12-14,,,Contact agent
property-house-vic-oakleigh-108825461,Oakleigh,3166,32A George Street,-37.904152,145.102112,2.0,1.0,house,,2011-12-14,,,"$541,998"
property-unit-vic-oakleigh-107906401,Oakleigh,3166,21 Cleek Ave,-37.911799,145.087629,3.0,1.0,unit,1.0,2011-12-07,,,Contact agent
property-house-vic-oakleigh-108434311,Oakleigh,3166,10 Raymond Court,-37.891578,145.103693,2.0,1.0,house,1.0,2011-11-26,692.0,m2,Contact agent
property-house-vic-oakleigh-108335276,Oakleigh,3166,8 Nelson Avenue,-37.896012,145.094236,3.0,1.0,house,1.0,2011-11-19,,,Contact agent
property-apartment-vic-oakleigh-107539983,Oakleigh,3166,12/1366 Dandenong Road,-37.893172,145.085978,1.0,1.0,apartment,1.0,2011-11-14,,,Contact agent
property-house-vic-oakleigh-107594286,Oakleigh,3166,1484 Dandenong Rd,-37.897225,145.098802,4.0,1.0,house,2.0,2011-11-10,,,"$625,000"
property-house-vic-oakleigh-108232421,Oakleigh,3166,35 William Street,-37.904263,145.102502,3.0,2.0,house,2.0,2011-11-05,,,"$725,000"
property-apartment-vic-oakleigh-107973336,Oakleigh,3166,8/11 Logie Street,-37.894135,145.089854,2.0,1.0,apartment,1.0,2011-11-04,,,"$420,000"
property-house-vic-oakleigh-108044966,Oakleigh,3166,30 Abbeygate Street,-37.906956,145.09009,2.0,1.0,house,2.0,2011-10-22,,,Contact agent
property-house-vic-oakleigh-107604552,Oakleigh,3166,1476 Dandenong Road,-37.896801,145.097993,3.0,1.0,house,1.0,2011-10-21,,,Contact agent
property-house-vic-oakleigh-107893891,Oakleigh,3166,6 Merbow Street,-37.901334,145.099615,4.0,1.0,house,2.0,2011-10-15,660.0,m2,"$751,000"
property-house-vic-oakleigh-107520835,Oakleigh,3166,35 Westgate Street,-37.906514,145.086377,3.0,1.0,house,2.0,2011-08-25,,,"$687,000"
property-unit-vic-oakleigh-107397415,Oakleigh,3166,1/26 Golflinks Avenue,-37.906564,145.091816,2.0,1.0,unit,2.0,2011-08-06,,,"$411,000"
property-house-vic-oakleigh-107540929,Oakleigh,3166,13 Grant Street,-37.897835,145.097636,3.0,1.0,house,1.0,2011-08-06,,,Contact agent
property-house-vic-oakleigh-107480493,Oakleigh,3166,38 Heath Avenue,-37.902314,145.099944,3.0,1.0,house,2.0,2011-08-01,,,Contact agent
property-house-vic-oakleigh-107458684,Oakleigh,3166,4/22 Golflinks Avenue,-37.906253,145.091492,2.0,1.0,house,1.0,2011-07-09,,,Contact agent
property-house-vic-oakleigh-107395995,Oakleigh,3166,5 Norfolk Avenue,-37.898751,145.100255,3.0,1.0,house,3.0,2011-07-07,604.0,m2,"$620,000"
property-house-vic-oakleigh-107448108,Oakleigh,3166,9 Taylor Street,-37.895492,145.09178,4.0,2.0,house,4.0,2011-06-25,,,Contact agent
property-townhouse-vic-oakleigh-107424696,Oakleigh,3166,5/167 Atherton Road,-37.900109,145.102147,2.0,1.0,townhouse,1.0,2011-06-18,,,"$395,000"
property-house-vic-oakleigh-107203804,Oakleigh,3166,1151 North Road,-37.909657,145.088631,4.0,1.0,house,1.0,2011-05-31,,,Contact agent
property-townhouse-vic-oakleigh-107278753,Oakleigh,3166,2/13 Heath Avenue,-37.901194,145.09735,3.0,2.0,townhouse,2.0,2011-05-18,,,Contact agent
property-house-vic-oakleigh-107272676,Oakleigh,3166,3 Hargreaves Street,-37.908493,145.104802,4.0,2.0,house,2.0,2011-04-16,,,Contact agent
property-apartment-vic-oakleigh-107233946,Oakleigh,3166,4/122 Atherton Road,-37.900366,145.097338,2.0,1.0,apartment,1.0,2011-04-02,,,"$415,000"
property-house-vic-oakleigh-107240229,Oakleigh,3166,3 Fenton Street,-37.905492,145.110518,3.0,1.0,house,2.0,2011-04-02,,,Contact agent
property-house-vic-oakleigh-107206291,Oakleigh,3166,79 Greville Street,-37.906504,145.113526,2.0,1.0,house,2.0,2011-04-01,,,Contact agent
property-house-vic-oakleigh-107097382,Oakleigh,3166,61 Hatter Street,-37.909017,145.086949,3.0,1.0,house,6.0,2011-03-28,,,"$720,002"
property-house-vic-oakleigh-107207651,Oakleigh,3166,22 Palmerston Grove,-37.897139,145.091757,3.0,1.0,house,2.0,2011-03-26,,,Contact agent
property-house-vic-oakleigh-107215838,Oakleigh,3166,148 Warrigal Road,-37.906642,145.085923,1.0,1.0,house,2.0,2011-03-17,,,Contact agent
property-house-vic-oakleigh-107019466,Oakleigh,3166,3 Logie Court,-37.894818,145.094098,3.0,1.0,house,2.0,2011-03-05,,,"$735,000"
property-house-vic-oakleigh-107139687,Oakleigh,3166,61 Eastgate Street,-37.909,145.088004,3.0,1.0,house,1.0,2011-03-05,,,"$710,000"
property-house-vic-oakleigh-107128545,Oakleigh,3166,16 Downing Street,-37.900515,145.094116,2.0,1.0,house,1.0,2011-02-26,,,Contact agent
property-house-vic-oakleigh-107185311,Oakleigh,3166,39 Hargreaves Street,-37.908953,145.109033,3.0,1.0,house,2.0,2011-02-16,,,Contact agent
property-house-vic-oakleigh-107100840,Oakleigh,3166,2 Vernon Street,-37.904571,145.105446,3.0,2.0,house,4.0,2011-02-12,,,"$730,000"
property-house-vic-oakleigh-107023521,Oakleigh,3166,32 Andrew Street,-37.909065,145.094273,3.0,1.0,house,1.0,2011-01-25,,,Contact agent
property-house-vic-oakleigh-107043898,Oakleigh,3166,27 Hatter Street,-37.90606,145.087512,4.0,2.0,house,2.0,2010-12-24,,,"$935,000"
property-house-vic-oakleigh-107045817,Oakleigh,3166,156 Warrigal Road,-37.907426,145.085783,3.0,1.0,house,2.0,2010-12-19,,,"$535,000"
property-house-vic-oakleigh-106917586,Oakleigh,3166,24 Hatter Street,-37.905801,145.088109,4.0,2.0,house,2.0,2010-12-03,,,"$880,000"
property-apartment-vic-oakleigh-106973119,Oakleigh,3166,4/167 Atherton Rd,-37.900272,145.102145,2.0,1.0,apartment,1.0,2010-11-30,,,Contact agent
property-house-vic-oakleigh-106932028,Oakleigh,3166,7 Estelle Street,-37.892386,145.101715,3.0,1.0,house,4.0,2010-11-26,,,"$540,000"
property-apartment-vic-oakleigh-106982572,Oakleigh,3166,5A/79 Atherton Road,-37.898852,145.09391,2.0,1.0,apartment,1.0,2010-11-23,,,Contact agent
property-house-vic-oakleigh-106936685,Oakleigh,3166,21 Queens Avenue,-37.903679,145.088391,3.0,2.0,house,2.0,2010-11-20,,,"$975,000"
property-house-vic-oakleigh-106917133,Oakleigh,3166,6/8-10 Palmerston Grove,-37.897895,145.091724,3.0,1.0,house,1.0,2010-11-10,,,Contact agent
property-apartment-vic-oakleigh-106913823,Oakleigh,3166,19/79 Atherton Road,-37.898852,145.09391,2.0,1.0,apartment,1.0,2010-10-31,,,Contact agent
property-house-vic-oakleigh-106883444,Oakleigh,3166,3 Parer Street,-37.908954,145.098048,3.0,1.0,house,2.0,2010-10-30,,,"$765,000"
property-house-vic-oakleigh-106898604,Oakleigh,3166,12 Ross St,-37.907579,145.105922,3.0,2.0,house,2.0,2010-10-21,,,"Range: $595,000 - $695,000"
property-house-vic-oakleigh-106858190,Oakleigh,3166,3 Norfolk Ave,-37.898634,145.10028,2.0,1.0,house,2.0,2010-10-12,,,"$684,214"
property-house-vic-thornbury-150781136,Thornbury,3071,244A Rossmoyne Street,-37.75897658,145.0163138,3.0,2.0,house,4.0,2026-05-04,,,"$1,575,000"
property-house-vic-thornbury-150809292,Thornbury,3071,184 Harold Street,-37.75525863,144.9868328,3.0,2.0,house,2.0,2026-05-02,,,"$1,730,000"
property-townhouse-vic-thornbury-150258752,Thornbury,3071,3/236 Collins Street,-37.7569744,145.023932,2.0,2.0,townhouse,1.0,2026-04-29,,,"$820,500"
property-townhouse-vic-thornbury-150665160,Thornbury,3071,185 Mansfield Street,-37.75762961,145.0141192,1.0,1.0,townhouse,1.0,2026-04-25,121.0,m2,"$710,000"
property-townhouse-vic-thornbury-150060976,Thornbury,3071,80 Pender Street,-37.75481038,145.0126065,3.0,2.0,townhouse,2.0,2026-04-22,,,"$1,295,000"
property-house-vic-thornbury-150756580,Thornbury,3071,134 Dundas Street,-37.754019,145.015464,3.0,1.0,house,4.0,2026-04-16,,,"$1,350,000"
property-townhouse-vic-thornbury-150435320,Thornbury,3071,3/25 Wilmoth Street,-37.76426527,145.0156464,3.0,3.0,townhouse,2.0,2026-04-16,,,"$1,080,000"
property-house-vic-thornbury-150815032,Thornbury,3071,330 Raleigh Street,-37.76147,145.024982,3.0,1.0,house,1.0,2026-04-14,497.0,m2,"$1,155,000"
property-apartment-vic-thornbury-150832084,Thornbury,3071,5/82 Gooch Street,-37.758734,145.006424,2.0,1.0,apartment,1.0,2026-04-14,,,"$615,000"
property-house-vic-thornbury-150632248,Thornbury,3071,139 Rossmoyne Street,-37.757946,145.009479,3.0,1.0,house,2.0,2026-04-11,481.0,m2,"$1,685,000"
property-house-vic-thornbury-150553604,Thornbury,3071,49 Fenwick Street,-37.762051,145.004953,3.0,1.0,house,2.0,2026-04-11,347.0,m2,"$1,380,000"
property-apartment-vic-thornbury-150699448,Thornbury,3071,2/70 Collins Street,-37.755343,145.007502,1.0,1.0,apartment,1.0,2026-04-08,,,"$505,000"
property-house-vic-thornbury-150253900,Thornbury,3071,179 Hutton Street,-37.754605,144.986255,4.0,2.0,house,3.0,2026-04-02,,,"$1,750,000"
property-villa-vic-thornbury-150646404,Thornbury,3071,4/13 Strettle Street,-37.75426824,144.9832334,2.0,1.0,villa,1.0,2026-04-02,,,"$890,000"
property-unit-vic-thornbury-150639440,Thornbury,3071,30/8-10 Martin Street,-37.76112303,145.0011574,2.0,1.0,unit,,2026-04-02,,,"$665,000"
property-apartment-vic-thornbury-150191216,Thornbury,3071,16/30-34 Strettle Street,-37.75259628,144.9831201,2.0,1.0,apartment,2.0,2026-04-02,,,"$550,000"
property-townhouse-vic-thornbury-150550728,Thornbury,3071,4/4 Strettle Street,-37.7548845,144.9824562,3.0,2.0,townhouse,2.0,2026-04-01,,,"$1,300,000"
property-apartment-vic-thornbury-150584012,Thornbury,3071,3/114 Smith Street,-37.756602,144.99132,2.0,1.0,apartment,1.0,2026-04-01,,,"$641,000"
property-apartment-vic-thornbury-150514676,Thornbury,3071,1/57 Pender Street,-37.753929,145.007476,1.0,1.0,apartment,1.0,2026-03-29,,,"$545,000"
property-house-vic-thornbury-150572356,Thornbury,3071,105 Harold Street,-37.75594934,144.9907499,2.0,1.0,house,,2026-03-28,,,"$1,495,000"
property-house-vic-thornbury-150476144,Thornbury,3071,78 Wales Street,-37.760188,145.009654,3.0,1.0,house,1.0,2026-03-28,,,"$1,054,000"
property-townhouse-vic-thornbury-150440836,Thornbury,3071,3/21-23 Collins Street,-37.75456196,145.0030943,3.0,2.0,townhouse,1.0,2026-03-28,,,"$965,000"
property-unit-vic-thornbury-150498452,Thornbury,3071,1/115 Flinders Street,-37.75661121,145.0121866,2.0,1.0,unit,2.0,2026-03-28,,,"$912,500"
property-unit-vic-thornbury-150473728,Thornbury,3071,2/111 Mansfield Street,-37.75708131,145.0089301,2.0,1.0,unit,1.0,2026-03-28,,,"$840,000"
property-house-vic-thornbury-150489104,Thornbury,3071,210 Harold Street,-37.75504765,144.9851974,3.0,2.0,house,1.0,2026-03-27,360.0,m2,"$1,650,000"
property-house-vic-thornbury-150452372,Thornbury,3071,183 Clarendon Street,-37.760841,145.01384,3.0,1.0,house,6.0,2026-03-26,620.0,m2,"$1,650,000"
property-apartment-vic-thornbury-150211548,Thornbury,3071,201/690 High Street,-37.7583438,145.0008682,2.0,1.0,apartment,1.0,2026-03-24,,,"$612,750"
property-townhouse-vic-thornbury-150425120,Thornbury,3071,342 Gooch Street,-37.76094879,145.0273389,3.0,2.0,townhouse,2.0,2026-03-23,,,"$950,000"
property-apartment-vic-thornbury-150481020,Thornbury,3071,8/119 Keon Street,-37.75178289,144.9851495,2.0,1.0,apartment,1.0,2026-03-23,,,"$549,500"
property-townhouse-vic-thornbury-150417228,Thornbury,3071,5/80 Clyde Street,-37.76208256,145.0151179,3.0,2.0,townhouse,2.0,2026-03-21,,,"$1,558,000"
property-townhouse-vic-thornbury-150186648,Thornbury,3071,85D Clyde Street,-37.76140103,145.0118015,4.0,2.0,townhouse,2.0,2026-03-20,,,"$1,205,000"
property-apartment-vic-thornbury-150276820,Thornbury,3071,9/86 Collins Street,-37.75555,145.009509,1.0,1.0,apartment,1.0,2026-03-20,,,"$420,000"
property-apartment-vic-thornbury-150437172,Thornbury,3071,4/5 Kemp Street,-37.76232281,144.9958249,1.0,1.0,apartment,1.0,2026-03-19,,,"$405,000"
property-house-vic-thornbury-150342448,Thornbury,3071,214 Harold Street,-37.755024,144.984984,2.0,1.0,house,1.0,2026-03-14,360.0,m2,"$1,145,000"
property-apartment-vic-thornbury-150201412,Thornbury,3071,13/62 Dundas Street,-37.75316746,145.0078383,2.0,1.0,apartment,1.0,2026-03-13,,,"$482,000"
property-house-vic-thornbury-150339048,Thornbury,3071,245 Darebin Road,-37.76501,145.017373,3.0,1.0,house,3.0,2026-03-11,547.0,m2,"$1,300,000"
property-house-vic-thornbury-150191608,Thornbury,3071,305 Raleigh Street,-37.760995,145.022997,4.0,2.0,house,3.0,2026-03-03,470.0,m2,"$2,075,000"
property-house-vic-thornbury-150191412,Thornbury,3071,34 Rossmoyne Street,-37.757569,145.003167,3.0,1.0,house,,2026-02-28,,,"$1,451,000"
property-townhouse-vic-thornbury-150216264,Thornbury,3071,265B Mansfield Street,-37.75834943,145.0209116,2.0,1.0,townhouse,1.0,2026-02-28,,,"$990,000"
property-apartment-vic-thornbury-150200904,Thornbury,3071,41/337 Station Street,-37.763439,145.020961,2.0,1.0,apartment,1.0,2026-02-27,,,"$715,000"
property-house-vic-thornbury-150201260,Thornbury,3071,87A Mansfield Street,-37.75690714,145.007158,2.0,1.0,house,,2026-02-26,,,"$1,290,000"
property-villa-vic-thornbury-150206408,Thornbury,3071,1/383 Station Street,-37.759637,145.02158,2.0,1.0,villa,1.0,2026-02-26,,,"$651,900"
property-house-vic-thornbury-150191428,Thornbury,3071,175 Mansfield Street,-37.757549,145.013145,4.0,2.0,house,,2026-02-24,377.0,m2,"$1,850,000"
property-apartment-vic-thornbury-150182232,Thornbury,3071,6/37 Collins Street,-37.75488997,145.0039448,2.0,1.0,apartment,1.0,2026-02-19,,,"$725,000"
property-house-vic-thornbury-150115124,Thornbury,3071,117 Hutton Street,-37.755042,144.990783,2.0,1.0,house,1.0,2026-02-18,,,"$1,350,000"
property-apartment-vic-thornbury-150060608,Thornbury,3071,4/167 Darebin Road,-37.7645525,145.013145,2.0,1.0,apartment,1.0,2026-02-16,,,"$602,000"
property-house-vic-thornbury-150154956,Thornbury,3071,69 Rennie Street,-37.7530007,144.9881536,4.0,2.0,house,2.0,2026-02-14,,,"$1,800,000"
property-house-vic-thornbury-150060952,Thornbury,3071,16 Collins Street,-37.755075,145.002746,3.0,1.0,house,2.0,2026-02-14,358.0,m2,"$1,790,000"
property-house-vic-thornbury-150125068,Thornbury,3071,2/69 Darebin Road,-37.763638,145.0047638,3.0,2.0,house,2.0,2026-02-14,,,"$1,415,000"
property-townhouse-vic-thornbury-149345808,Thornbury,3071,3/53 Harold Street,-37.75651674,144.9959084,2.0,1.0,townhouse,1.0,2026-02-14,,,"$822,000"
property-unit-vic-thornbury-150060280,Thornbury,3071,7/308-310 Rossmoyne Street,-37.759624,145.022454,2.0,1.0,unit,1.0,2026-02-14,,,"$682,000"
property-unit-vic-thornbury-150057184,Thornbury,3071,7/62 Dundas Street,-37.75316746,145.0078383,2.0,1.0,unit,1.0,2026-02-14,,,"$510,000"
property-unit-vic-thornbury-150062968,Thornbury,3071,3/360 St Georges Road,-37.758087,144.993879,2.0,1.0,unit,2.0,2026-02-11,,,"$603,250"
property-unit-vic-thornbury-150063900,Thornbury,3071,4/25 Martin Street,-37.76099284,145.002927,2.0,1.0,unit,1.0,2026-02-11,,,"$552,000"
property-unit-vic-thornbury-149470308,Thornbury,3071,8/56 Ballantyne Street,-37.75798637,144.9955853,1.0,1.0,unit,1.0,2026-02-11,,,"$379,000"
property-apartment-vic-thornbury-150116880,Thornbury,3071,8/14 Hutton Street,-37.75574431,144.9993492,1.0,1.0,apartment,1.0,2026-02-09,,,"$366,000"
property-house-vic-thornbury-150006016,Thornbury,3071,45 Rennie Street,-37.753245,144.990003,3.0,1.0,house,1.0,2026-02-07,432.0,m2,"$1,250,000"
property-unit-vic-thornbury-150017420,Thornbury,3071,3/2 Smith Street,-37.75759161,144.9999409,2.0,1.0,unit,1.0,2026-02-04,,,"$720,000"
property-house-vic-thornbury-148984644,Thornbury,3071,164 Dundas Street,-37.754306,145.018044,3.0,2.0,house,2.0,2026-02-03,865.0,m2,"$1,800,000"
property-townhouse-vic-thornbury-149699160,Thornbury,3071,16 Aviary Grove,-37.761426,145.0270781,3.0,2.0,townhouse,2.0,2026-02-02,,,"$915,000"
property-house-vic-thornbury-146963228,Thornbury,3071,118 Normanby Avenue,-37.758226,144.989346,3.0,1.0,house,3.0,2026-01-31,495.0,m2,"$1,265,000"
property-house-vic-thornbury-149687460,Thornbury,3071,41A Normanby Avenue,-37.75923783,144.9964448,2.0,1.0,house,1.0,2026-01-30,255.0,m2,"$1,250,000"
property-unitblock-vic-thornbury-149512828,Thornbury,3071,15 Comas Grove,-37.75609195,144.9846715,7.0,4.0,unitblock,2.0,2026-01-29,,,"$2,140,000"
property-house-vic-thornbury-150004420,Thornbury,3071,155B Gooch Street,-37.75886366,145.0105941,4.0,3.0,house,2.0,2026-01-27,317.0,m2,"$2,150,000"
property-townhouse-vic-thornbury-149921468,Thornbury,3071,2C Newcastle Street,-37.75623361,145.0106137,2.0,1.0,townhouse,2.0,2026-01-22,,,"$944,000"
property-unit-vic-thornbury-149402944,Thornbury,3071,2/62 Normanby Avenue,-37.75875828,144.9947665,2.0,1.0,unit,1.0,2026-01-16,,,"$850,000"
property-unit-vic-thornbury-149887056,Thornbury,3071,2/32-34 Clarendon Street,-37.75992615,145.0027351,2.0,1.0,unit,1.0,2026-01-16,,,"$691,000"
property-house-vic-thornbury-149539584,Thornbury,3071,154 Dundas Street,-37.75422,145.017207,2.0,1.0,house,4.0,2026-01-13,527.0,m2,"$1,285,000"
property-house-vic-thornbury-149475368,Thornbury,3071,69 Darebin Rd,-37.763638,145.0047638,3.0,1.0,house,1.0,2025-12-31,,,"$1,215,000"
property-townhouse-vic-thornbury-149696896,Thornbury,3071,11b Archbold Street,-37.75328758,145.0038176,2.0,1.0,townhouse,2.0,2025-12-28,,,"$970,000"
property-apartment-vic-thornbury-149839176,Thornbury,3071,8/80 Clyde Street,-37.76208256,145.0151179,1.0,1.0,apartment,1.0,2025-12-24,,,"$625,000"
property-unit-vic-thornbury-149590340,Thornbury,3071,1/33 Woolton Avenue,-37.76114569,144.9961719,1.0,1.0,unit,1.0,2025-12-24,,,"$398,000"
property-house-vic-thornbury-149596100,Thornbury,3071,15 Flinders Street,-37.755607,145.002766,3.0,1.0,house,1.0,2025-12-22,357.0,m2,"$1,300,000"
property-apartment-vic-thornbury-149732792,Thornbury,3071,3/102 Keon Street,-37.75169916,144.9872864,1.0,1.0,apartment,1.0,2025-12-20,,,"$457,500"
property-apartment-vic-thornbury-149728900,Thornbury,3071,5/1 Clyde Street,-37.76076975,145.0058852,2.0,1.0,apartment,1.0,2025-12-18,,,"$575,000"
property-house-vic-thornbury-149473972,Thornbury,3071,172 Raleigh Street,-37.76004289,145.0112178,4.0,2.0,house,2.0,2025-12-17,289.0,m2,"$1,535,000"
property-unit-vic-thornbury-149721492,Thornbury,3071,6/40 Woolton Avenue,-37.7608402,144.995701,1.0,1.0,unit,1.0,2025-12-12,,,"$375,000"
property-house-vic-thornbury-149609848,Thornbury,3071,48 Martin Street,-37.761358,145.003394,3.0,2.0,house,2.0,2025-12-11,450.0,m2,"$1,530,000"
property-apartment-vic-thornbury-149642528,Thornbury,3071,9/109 Flinders Street,-37.75653332,145.0113025,2.0,1.0,apartment,1.0,2025-12-11,986.0,m2,"$735,000"
property-apartment-vic-thornbury-149762612,Thornbury,3071,8/86 Mansfield Street,-37.75720745,145.0071628,2.0,1.0,apartment,1.0,2025-12-10,,,"$520,000"
property-apartment-vic-thornbury-149599424,Thornbury,3071,304/679-685 High Street,-37.7602423,145.0001127,1.0,1.0,apartment,1.0,2025-12-10,,,"$413,000"
property-house-vic-thornbury-149501220,Thornbury,3071,7 Ethel Street,-37.7539837,144.9991053,3.0,2.0,house,2.0,2025-12-09,,,"$1,110,000"
property-unit-vic-thornbury-149624472,Thornbury,3071,2/448 St Georges Road,-37.754007,144.9948719,2.0,1.0,unit,1.0,2025-12-06,,,"$888,000"
property-townhouse-vic-thornbury-149337664,Thornbury,3071,17A Ethel Street,-37.753245,144.99923,3.0,1.0,townhouse,2.0,2025-12-05,164.0,m2,"$1,200,000"
property-house-vic-thornbury-149742840,Thornbury,3071,47 Swift Street,-37.762871,145.017214,3.0,1.0,house,2.0,2025-12-03,492.0,m2,"$1,480,000"
property-apartment-vic-thornbury-149591096,Thornbury,3071,2/32 Dundas Street,-37.7527945,145.0046449,2.0,1.0,apartment,1.0,2025-12-03,,,"$731,000"
property-townhouse-vic-thornbury-149266164,Thornbury,3071,2/20 Strettle Street,-37.75383017,144.9825285,4.0,3.0,townhouse,2.0,2025-12-02,,,"$955,000"
property-house-vic-thornbury-149688324,Thornbury,3071,43 Gooch Street,-37.758146,145.003696,2.0,1.0,house,,2025-11-30,,,"$1,440,000"
property-house-vic-thornbury-149538328,Thornbury,3071,227 Mansfield Street,-37.75799,145.017401,3.0,1.0,house,3.0,2025-11-29,458.0,m2,"$1,440,000"
property-house-vic-thornbury-149546176,Thornbury,3071,100 Clarendon Street,-37.760435,145.00746,3.0,1.0,house,,2025-11-29,374.0,m2,"$1,320,000"
property-house-vic-thornbury-149556924,Thornbury,3071,12 Kelvin Grove,-37.762732,145.002585,3.0,1.0,house,1.0,2025-11-28,413.0,m2,"$1,410,000"
property-house-vic-thornbury-149561248,Thornbury,3071,1 Francis Grove,-37.76356021,145.0074445,4.0,2.0,house,1.0,2025-11-27,,,"$2,825,000"
property-house-vic-thornbury-149399292,Thornbury,3071,185 Clarendon Street,-37.760862,145.014044,3.0,1.0,house,2.0,2025-11-26,641.0,m2,"$1,647,500"
property-house-vic-thornbury-149544456,Thornbury,3071,109B Clyde Street,-37.76175954,145.015173,3.0,2.0,house,2.0,2025-11-26,,,"$1,600,000"
property-apartment-vic-thornbury-149560840,Thornbury,3071,8/15 Rennie Street,-37.75344038,144.9924746,1.0,1.0,apartment,1.0,2025-11-26,,,"$417,000"
property-house-vic-thornbury-149610124,Thornbury,3071,155a Clarendon Street,-37.760457,145.010309,2.0,1.0,house,,2025-11-25,,,"$1,350,000"
property-house-vic-thornbury-149697652,Thornbury,3071,306A Rathmines Street,-37.7627509,145.018338,4.0,2.0,house,2.0,2025-11-24,,,"$2,200,000"
property-house-vic-thornbury-149488520,Thornbury,3071,99 Woolton Avenue,-37.760417,144.989911,3.0,1.0,house,1.0,2025-11-22,426.0,m2,"$1,410,000"
property-house-vic-thornbury-149477672,Thornbury,3071,13 Gooch Street,-37.757943,145.001863,2.0,1.0,house,3.0,2025-11-22,353.0,m2,"$1,293,000"
property-townhouse-vic-thornbury-149461684,Thornbury,3071,15 Ibis Place,-37.76086812,145.0265812,3.0,2.0,townhouse,2.0,2025-11-22,130.0,m2,"$854,000"
property-house-vic-thornbury-149472508,Thornbury,3071,7 Miller Street,-37.75235409,145.0006808,4.0,2.0,house,2.0,2025-11-20,,,"$1,475,000"
property-house-vic-thornbury-149462216,Thornbury,3071,286 Victoria Road,-37.76184006,145.0129304,3.0,1.0,house,1.0,2025-11-20,332.0,m2,"$1,280,000"
property-villa-vic-thornbury-149556464,Thornbury,3071,3/47 Smith Street,-37.75744515,144.9962439,2.0,1.0,villa,1.0,2025-11-19,,,"$925,000"
property-house-vic-thornbury-149332980,Thornbury,3071,80 Fyffe Street,-37.753541,144.987839,3.0,2.0,house,1.0,2025-11-18,379.0,m2,"$1,750,000"
property-house-vic-thornbury-149256216,Thornbury,3071,155 Miller Street,-37.751128,144.987439,3.0,1.0,house,4.0,2025-11-17,,,"$1,460,000"
property-house-vic-thornbury-149423528,Thornbury,3071,36 Ballantyne Street,-37.75815,144.997056,4.0,1.0,house,2.0,2025-11-15,,,"$2,050,000"
property-house-vic-thornbury-149380232,Thornbury,3071,5 Walsh Avenue,-37.757875,145.023454,3.0,1.0,house,1.0,2025-11-15,,,"$1,225,000"
property-apartment-vic-thornbury-149399576,Thornbury,3071,3/29 Smith Street,-37.75756168,144.9971689,2.0,1.0,apartment,2.0,2025-11-15,,,"$860,000"
property-unit-vic-thornbury-149470024,Thornbury,3071,2/2 Dundas Street,-37.752559,145.002317,2.0,1.0,unit,1.0,2025-11-14,,,"$570,000"
property-house-vic-thornbury-149249880,Thornbury,3071,15 Hill Street,-37.754804,144.98314,4.0,2.0,house,1.0,2025-11-10,512.0,m2,"$1,837,500"
property-house-vic-thornbury-149339036,Thornbury,3071,59 Comas Grove,-37.751389,144.985309,3.0,1.0,house,1.0,2025-11-10,409.0,m2,"$1,750,000"
property-apartment-vic-thornbury-148792748,Thornbury,3071,8/40 Clarendon Street,-37.759973,145.003046,2.0,1.0,apartment,1.0,2025-11-10,,,"$492,500"
property-unit-vic-thornbury-148946136,Thornbury,3071,9/113 Darebin Road,-37.76419533,145.0096755,1.0,1.0,unit,1.0,2025-11-10,,,"$370,000"
property-apartment-vic-thornbury-149346736,Thornbury,3071,3/41 Ballantyne Street,-37.758439,144.997248,2.0,1.0,apartment,1.0,2025-11-09,,,"$742,000"
property-apartment-vic-thornbury-149391868,Thornbury,3071,10/25 Clapham Street,-37.75527914,144.9978433,1.0,1.0,apartment,1.0,2025-11-09,,,"$610,000"
property-townhouse-vic-thornbury-149344592,Thornbury,3071,2/129 Fyffe Street,-37.75325328,144.982205,3.0,2.0,townhouse,1.0,2025-11-08,,,"$1,345,000"
property-townhouse-vic-thornbury-149280252,Thornbury,3071,2/11 Clarendon Street,-37.75953475,145.0017316,2.0,2.0,townhouse,1.0,2025-11-08,,,"$840,000"
property-apartment-vic-thornbury-149375084,Thornbury,3071,10/41 Ballantyne Street,-37.758439,144.997248,2.0,1.0,apartment,1.0,2025-11-08,,,"$592,222"
property-house-vic-thornbury-149405836,Thornbury,3071,51 Martin Street,-37.761178,145.004455,4.0,2.0,house,2.0,2025-11-07,478.0,m2,"$2,410,000"
property-apartment-vic-thornbury-149203172,Thornbury,3071,605/636 High Street,-37.76021562,145.0005471,1.0,1.0,apartment,1.0,2025-11-07,,,"$505,000"
property-unit-vic-thornbury-148978940,Thornbury,3071,11/70 Collins Street,-37.755343,145.007502,1.0,1.0,unit,1.0,2025-11-03,50.0,m2,"$375,000"
property-apartment-vic-thornbury-149328792,Thornbury,3071,4/46 Smith Street,-37.75722964,144.9965595,2.0,1.0,apartment,1.0,2025-11-01,678.0,m2,"$588,000"
property-house-vic-thornbury-149194416,Thornbury,3071,33 Clapham Street,-37.75453065,144.9979731,3.0,2.0,house,2.0,2025-10-31,242.0,m2,"$1,330,000"
property-townhouse-vic-thornbury-149366996,Thornbury,3071,25 Sparks Avenue,-37.76128976,145.025598,2.0,2.0,townhouse,1.0,2025-10-29,133.0,m2,"$750,800"
property-house-vic-thornbury-149335380,Thornbury,3071,277 Victoria Road,-37.762296,145.012473,3.0,1.0,house,2.0,2025-10-28,480.0,m2,"$1,250,000"
property-apartment-vic-thornbury-149209816,Thornbury,3071,9/11 Kemp Street,-37.76224014,144.9953082,2.0,1.0,apartment,1.0,2025-10-28,,,"$551,000"
property-house-vic-thornbury-149214736,Thornbury,3071,122 Woolton Avenue,-37.759972,144.988175,5.0,3.0,house,3.0,2025-10-26,476.0,m2,"$2,900,000"
property-house-vic-thornbury-143177296,Thornbury,3071,188 Raleigh Street,-37.760151,145.012496,4.0,3.0,house,2.0,2025-10-25,,,"$1,750,000"
property-house-vic-thornbury-149209708,Thornbury,3071,85 Darebin Road,-37.763936,145.007185,3.0,1.0,house,2.0,2025-10-25,470.0,m2,"$1,475,000"
property-house-vic-thornbury-149151288,Thornbury,3071,264 Victoria Road,-37.763317,145.012661,3.0,1.0,house,1.0,2025-10-25,,,"$1,358,000"
property-house-vic-thornbury-149203872,Thornbury,3071,40 Armadale Street,-37.76013493,145.0021651,4.0,1.0,house,2.0,2025-10-25,404.0,m2,"$1,325,000"
property-unit-vic-thornbury-149287820,Thornbury,3071,10/73 Darebin Road,-37.76336632,145.0053296,2.0,1.0,unit,1.0,2025-10-24,,,"$655,000"
property-villa-vic-thornbury-149197664,Thornbury,3071,2/39 Martin Street,-37.76107366,145.0036377,2.0,1.0,villa,1.0,2025-10-23,,,"$800,000"
property-townhouse-vic-thornbury-149262648,Thornbury,3071,35A Clapham Street,-37.754402,144.997709,3.0,1.0,townhouse,1.0,2025-10-21,113.0,m2,"$1,110,000"
property-house-vic-thornbury-149213980,Thornbury,3071,172 Dundas Street,-37.75438,145.018689,3.0,2.0,house,4.0,2025-10-20,660.0,m2,"$1,760,000"
property-house-vic-thornbury-149087920,Thornbury,3071,36 Harold Street,-37.756437,144.997556,3.0,2.0,house,1.0,2025-10-20,,,"$1,565,000"
property-townhouse-vic-thornbury-149020760,Thornbury,3071,53 Armadale Street,-37.75985686,145.0018473,3.0,2.0,townhouse,2.0,2025-10-18,,,"$1,160,000"
property-apartment-vic-thornbury-149127432,Thornbury,3071,16/25-27 Martin Street,-37.76099284,145.002927,2.0,1.0,apartment,1.0,2025-10-18,,,"$555,000"
property-house-vic-thornbury-149209524,Thornbury,3071,181 Gooch Street,-37.759089,145.012604,3.0,1.0,house,1.0,2025-10-17,,,"$1,630,000"
property-townhouse-vic-thornbury-149267932,Thornbury,3071,94 Wilmoth Street,-37.75946699,145.0171274,2.0,2.0,townhouse,2.0,2025-10-17,,,"$902,500"
property-house-vic-thornbury-149085468,Thornbury,3071,72 Rossmoyne Street,-37.757751,145.004876,5.0,3.0,house,1.0,2025-10-10,427.0,m2,"$2,365,000"
property-townhouse-vic-thornbury-149068604,Thornbury,3071,2/291 Rathmines Street,-37.76410175,145.0185226,3.0,1.0,townhouse,2.0,2025-10-08,,,"$865,000"
property-townhouse-vic-thornbury-149009612,Thornbury,3071,2/135 Normanby Avenue,-37.75839514,144.98856,2.0,2.0,townhouse,2.0,2025-10-04,,,"$1,295,000"
property-unit-vic-thornbury-148983524,Thornbury,3071,9/38  Pender Street,-37.7540894,145.0052018,2.0,1.0,unit,1.0,2025-10-04,,,"$682,000"
property-apartment-vic-thornbury-149073504,Thornbury,3071,5/30 Kemp Street,-37.76180113,144.9941468,2.0,1.0,apartment,1.0,2025-10-01,,,"$505,000"
property-townhouse-vic-thornbury-148926144,Thornbury,3071,1/116 Normanby Avenue,-37.75822238,144.989525,2.0,2.0,townhouse,1.0,2025-09-30,116.0,m2,"$786,500"
property-house-vic-thornbury-149002144,Thornbury,3071,113 Keon Street,-37.751829,144.985751,3.0,2.0,house,1.0,2025-09-27,368.0,m2,"$1,675,000"
property-townhouse-vic-thornbury-148827036,Thornbury,3071,19/158 Clarendon Street,-37.76140103,145.0118015,2.0,2.0,townhouse,1.0,2025-09-27,,,"$660,000"
property-house-vic-thornbury-149024832,Thornbury,3071,352A Victoria Road,-37.75693745,145.013752,3.0,2.0,house,2.0,2025-09-25,,,"$1,295,000"
property-apartment-vic-thornbury-148874156,Thornbury,3071,4/115 Shaftesbury Parade,-37.75961374,144.9907621,1.0,1.0,apartment,1.0,2025-09-25,,,"$307,000"
property-townhouse-vic-thornbury-148934580,Thornbury,3071,7 Aviary Grove,-37.76131965,145.0261289,2.0,1.0,townhouse,1.0,2025-09-24,,,"$670,000"
property-house-vic-thornbury-148862524,Thornbury,3071,182A Collins Street,-37.756191,145.018698,4.0,3.0,house,2.0,2025-09-23,420.0,m2,"$2,250,000"
property-apartment-vic-thornbury-147599868,Thornbury,3071,402/690 High Street,-37.7583438,145.0008682,2.0,1.0,apartment,1.0,2025-09-23,,,"$495,000"
property-apartment-vic-thornbury-149035688,Thornbury,3071,6/112 Ballantyne Street,-37.75742,144.990696,1.0,1.0,apartment,1.0,2025-09-23,,,"$405,000"
property-house-vic-thornbury-148828080,Thornbury,3071,12 Speight Street,-37.762258,145.007559,3.0,1.0,house,2.0,2025-09-22,446.0,m2,"$1,385,000"
property-house-vic-thornbury-148754224,Thornbury,3071,45 Clyde Street,-37.761087,145.008714,4.0,1.0,house,,2025-09-21,,,"$1,765,000"
property-house-vic-thornbury-148873784,Thornbury,3071,126 Hutton Street,-37.754465,144.987587,4.0,2.0,house,1.0,2025-09-20,,,"$1,870,000"
property-house-vic-thornbury-148880044,Thornbury,3071,15 Ethel Street,-37.753467,144.999191,4.0,2.0,house,3.0,2025-09-20,,,"$1,515,000"
property-house-vic-thornbury-148880200,Thornbury,3071,295 Gooch Street,-37.760385,145.024784,3.0,2.0,house,2.0,2025-09-20,472.0,m2,"$1,485,000"
property-apartment-vic-thornbury-148746060,Thornbury,3071,81/337 Station Street,-37.763439,145.020961,2.0,1.0,apartment,1.0,2025-09-18,,,"$650,000"
property-house-vic-thornbury-148816232,Thornbury,3071,29 Raleigh Street,-37.758829,145.002531,3.0,2.0,house,1.0,2025-09-13,380.0,m2,"$1,785,000"
property-apartment-vic-thornbury-148881464,Thornbury,3071,310/636 High Street,-37.76021562,145.0005471,1.0,1.0,apartment,1.0,2025-09-11,,,"$510,000"
property-unit-vic-thornbury-148790036,Thornbury,3071,5/110  Ballantyne Street,-37.757441,144.990866,1.0,1.0,unit,1.0,2025-09-10,,,"$347,750"
property-house-vic-thornbury-148893704,Thornbury,3071,3 Bradley Avenue,-37.761352,144.991929,3.0,2.0,house,2.0,2025-09-09,436.0,m2,"$1,530,000"
property-apartment-vic-thornbury-148473832,Thornbury,3071,1/62 Normanby Avenue,-37.758778,144.994748,2.0,1.0,apartment,1.0,2025-09-09,,,"$795,000"
property-townhouse-vic-thornbury-148882128,Thornbury,3071,3/128 Dundas Street,-37.75397988,145.0149673,2.0,1.0,townhouse,1.0,2025-09-09,,,"$790,000"
property-apartment-vic-thornbury-148598696,Thornbury,3071,9/167 Darebin Road,-37.7645525,145.013145,2.0,1.0,apartment,1.0,2025-09-08,,,"$575,000"
property-unit-vic-thornbury-148798920,Thornbury,3071,14/74 Dundas Street,-37.753331,145.009433,1.0,1.0,unit,1.0,2025-09-07,,,"$315,000"
property-apartment-vic-thornbury-148148476,Thornbury,3071,201/636 High Street,-37.76021562,145.0005471,3.0,2.0,apartment,2.0,2025-09-02,,,"$850,000"
property-townhouse-vic-thornbury-148695252,Thornbury,3071,191B Miller Street,-37.75088651,144.9849264,3.0,2.0,townhouse,1.0,2025-08-30,,,"$1,815,000"
property-house-vic-thornbury-148630268,Thornbury,3071,113 Collins Street,-37.755699,145.013569,4.0,1.0,house,2.0,2025-08-30,492.0,m2,"$1,625,000"
property-house-vic-thornbury-148711428,Thornbury,3071,55 Mansfield Street,-37.756683,145.00512,2.0,2.0,house,,2025-08-30,266.0,m2,"$1,410,000"
property-house-vic-thornbury-148566872,Thornbury,3071,37 Harold Street,-37.75664602,144.9971523,4.0,2.0,house,2.0,2025-08-25,,,"$1,665,000"
property-house-vic-thornbury-148635736,Thornbury,3071,2 Kelvin Grove,-37.76311,145.002541,3.0,2.0,house,,2025-08-23,346.0,m2,"$2,010,000"
property-townhouse-vic-thornbury-148617216,Thornbury,3071,2/80 Woolton Avenue,-37.760263,144.990845,3.0,2.0,townhouse,2.0,2025-08-23,,,"$1,365,000"
property-house-vic-thornbury-148641980,Thornbury,3071,308 Victoria Road,-37.759956,145.013217,2.0,1.0,house,1.0,2025-08-23,376.0,m2,"$1,300,000"
property-house-vic-thornbury-148657396,Thornbury,3071,125 Clarendon Street,-37.760221,145.008102,3.0,1.0,house,1.0,2025-08-21,,,"$1,605,000"
property-apartment-vic-thornbury-148645900,Thornbury,3071,10/12 Anderson Road,-37.7547015,144.9813609,2.0,1.0,apartment,1.0,2025-08-21,,,"$586,000"
property-apartment-vic-thornbury-148704988,Thornbury,3071,10/86 Collins Street,-37.75555,145.009509,1.0,1.0,apartment,1.0,2025-08-18,,,"$435,000"
property-villa-vic-thornbury-148599628,Thornbury,3071,1/79 Fyffe Street,-37.75377765,144.9872129,2.0,1.0,villa,2.0,2025-08-16,230.0,m2,"$1,040,000"
property-apartment-vic-thornbury-148531196,Thornbury,3071,7/37 Clapham Street,-37.75428274,144.9980153,1.0,1.0,apartment,1.0,2025-08-16,,,"$475,000"
property-apartment-vic-thornbury-148531272,Thornbury,3071,202/2a Flinders Street,-37.7557301,145.0012769,1.0,1.0,apartment,1.0,2025-08-15,,,"$626,000"
property-unit-vic-thornbury-148665524,Thornbury,3071,2/59 Keon Street,-37.7522636,144.9896954,1.0,1.0,unit,1.0,2025-08-15,,,"$582,000"
property-townhouse-vic-thornbury-148702364,Thornbury,3071,4/14 Pender Street,-37.75385301,145.0028646,3.0,2.0,townhouse,2.0,2025-08-14,,,"$1,240,000"
property-house-vic-thornbury-148480912,Thornbury,3071,273 Victoria Road,-37.763167,145.012325,2.0,1.0,house,2.0,2025-08-13,352.0,m2,"$901,000"
property-unit-vic-thornbury-148584028,Thornbury,3071,3/21-23 Martin Street,-37.76054055,145.0026739,2.0,1.0,unit,1.0,2025-08-13,,,"$590,000"
property-apartment-vic-thornbury-148471780,Thornbury,3071,8/62  Normanby Avenue,-37.758778,144.994748,1.0,1.0,apartment,1.0,2025-08-13,,,"$455,000"
property-townhouse-vic-thornbury-148576524,Thornbury,3071,6 Ibis Place,-37.7610566,145.0262321,2.0,1.0,townhouse,1.0,2025-08-10,,,"$695,000"
property-townhouse-vic-thornbury-148425296,Thornbury,3071,163A Collins Street,-37.755841,145.018253,4.0,3.0,townhouse,2.0,2025-08-08,275.0,m2,"$1,870,000"
property-townhouse-vic-thornbury-148396728,Thornbury,3071,4 Aviary Grove,-37.76130133,145.0259587,2.0,2.0,townhouse,1.0,2025-08-08,65.0,m2,"$612,000"
property-house-vic-thornbury-148376692,Thornbury,3071,314B Rossmoyne Street,-37.759659,145.022885,4.0,3.0,house,2.0,2025-08-07,,,"$1,775,000"
property-apartment-vic-thornbury-148689388,Thornbury,3071,1/14 Mansfield Street,-37.75669179,145.0022994,2.0,1.0,apartment,1.0,2025-08-05,,,"$710,000"
property-townhouse-vic-thornbury-147855536,Thornbury,3071,3/180 Dundas Street,-37.754445,145.019346,3.0,2.0,townhouse,4.0,2025-08-04,,,"$1,240,000"
property-house-vic-thornbury-148194660,Thornbury,3071,206 Clarendon Street,-37.76157085,145.0180441,3.0,2.0,house,2.0,2025-08-04,,,"$1,100,000"
property-house-vic-thornbury-148444188,Thornbury,3071,124 Smith Street,-37.756538,144.990743,2.0,1.0,house,1.0,2025-08-04,360.0,m2,"$1,054,000"
property-apartment-vic-thornbury-147811852,Thornbury,3071,4/13 Harold Street,-37.75692405,144.9993729,1.0,1.0,apartment,1.0,2025-08-04,,,"$372,000"
property-house-vic-thornbury-148275108,Thornbury,3071,10 Hobson Street,-37.75467,144.992224,3.0,1.0,house,2.0,2025-08-02,453.0,m2,"$1,520,000"
property-apartment-vic-thornbury-147970188,Thornbury,3071,3/106 Keon Street,-37.75167606,144.9868745,1.0,1.0,apartment,1.0,2025-08-01,,,"$315,000"
property-apartment-vic-thornbury-148588384,Thornbury,3071,1/99 Ballantyne Street,-37.75785431,144.9923537,1.0,1.0,apartment,,2025-07-30,,,"$418,500"
property-apartment-vic-thornbury-148248544,Thornbury,3071,13/115 Shaftesbury Parade,-37.75961374,144.9907621,1.0,1.0,apartment,1.0,2025-07-30,,,"$330,000"
property-house-vic-thornbury-148481736,Thornbury,3071,13 Alexandra Street,-37.763051,145.006527,3.0,1.0,house,,2025-07-23,,,"$1,711,000"
property-apartment-vic-thornbury-147982192,Thornbury,3071,14/42-44 Clarendon Street,-37.76001565,145.0033671,3.0,1.0,apartment,1.0,2025-07-23,1755.0,m2,"$950,000"
property-apartment-vic-thornbury-148267364,Thornbury,3071,1/360 St Georges Road,-37.758087,144.993879,2.0,1.0,apartment,1.0,2025-07-23,,,"$520,000"
property-apartment-vic-thornbury-148483772,Thornbury,3071,4/99 Ballantyne Street,-37.75785431,144.9923537,1.0,1.0,apartment,1.0,2025-07-21,,,"$415,000"
property-house-vic-thornbury-148385244,Thornbury,3071,9 Alston Street,-37.754974,145.017572,3.0,2.0,house,3.0,2025-07-19,,,"$1,755,000"
property-apartment-vic-thornbury-146744064,Thornbury,3071,302/685 High Street,-37.7602423,145.0001127,2.0,2.0,apartment,1.0,2025-07-18,,,"$600,000"
property-apartment-vic-thornbury-148328504,Thornbury,3071,4/101 Smith Street,-37.75690991,144.9918476,2.0,1.0,apartment,1.0,2025-07-18,,,"$550,000"
property-townhouse-vic-thornbury-148318120,Thornbury,3071,2/98 Normanby Avenue,-37.75839079,144.9909811,2.0,2.0,townhouse,1.0,2025-07-16,,,"$765,000"
property-house-vic-thornbury-148321120,Thornbury,3071,34A  Clyde Street,-37.761576,145.010348,3.0,1.0,house,5.0,2025-07-12,,,"$1,250,000"
property-house-vic-thornbury-148019752,Thornbury,3071,25 Wales Street,-37.763736,145.008666,3.0,2.0,house,1.0,2025-07-11,,,"$1,850,000"
property-apartment-vic-thornbury-148397844,Thornbury,3071,92/337 Station Street,-37.763439,145.020961,3.0,2.0,apartment,2.0,2025-07-11,,,"$830,000"
property-apartment-vic-thornbury-148329700,Thornbury,3071,8/100 Collins Street,-37.75577641,145.0114142,1.0,1.0,apartment,1.0,2025-07-11,,,"$401,300"
property-house-vic-thornbury-148097472,Thornbury,3071,156A Mansfield Street,-37.75774282,145.0122533,3.0,2.0,house,2.0,2025-07-09,,,"$1,461,000"
property-house-vic-thornbury-147362956,Thornbury,3071,204A Raleigh Street,-37.76038922,145.0144769,4.0,3.0,house,2.0,2025-07-07,,,"$2,010,000"
property-townhouse-vic-thornbury-148251120,Thornbury,3071,2/56 Dundas Street,-37.75308684,145.0071569,3.0,1.0,townhouse,1.0,2025-07-04,,,"$910,000"
property-apartment-vic-thornbury-148218816,Thornbury,3071,6/99 Ballantyne Street,-37.75785431,144.9923537,1.0,1.0,apartment,1.0,2025-07-02,,,"$411,500"
property-house-vic-thornbury-148300360,Thornbury,3071,177 Miller Street,-37.751008,144.986194,2.0,1.0,house,1.0,2025-07-01,,,"$1,170,000"
property-townhouse-vic-thornbury-148209976,Thornbury,3071,3/59 Miller Street,-37.75159316,144.9918712,2.0,2.0,townhouse,1.0,2025-06-28,,,"$900,000"
property-house-vic-thornbury-148271088,Thornbury,3071,403/679 High Street,-37.7602423,145.0001127,2.0,2.0,house,2.0,2025-06-27,,,"$841,000"
property-apartment-vic-thornbury-148030960,Thornbury,3071,109/23-25 Clapham Street,-37.75527914,144.9978433,1.0,1.0,apartment,1.0,2025-06-26,,,"$480,000"
property-house-vic-thornbury-148194272,Thornbury,3071,20 Newman Street,-37.75670552,144.9867468,3.0,1.0,house,3.0,2025-06-21,,,"$1,415,000"
property-apartment-vic-thornbury-148162920,Thornbury,3071,10/4 Dundas Street,-37.75255095,145.00251,1.0,1.0,apartment,1.0,2025-06-18,,,"$370,000"
property-apartment-vic-thornbury-148211356,Thornbury,3071,9/107 Flinders Street,-37.75650571,145.0110514,2.0,1.0,apartment,1.0,2025-06-14,,,"$630,000"
property-apartment-vic-thornbury-148085016,Thornbury,3071,5/295 Rossmoyne Street,-37.75913799,145.0207915,1.0,1.0,apartment,1.0,2025-06-14,,,"$411,000"
property-house-vic-thornbury-147895748,Thornbury,3071,11A Smith Street,-37.75774,144.998894,3.0,1.0,house,4.0,2025-06-13,416.0,m2,"$1,420,000"
property-apartment-vic-thornbury-148076660,Thornbury,3071,1/37 Collins Street,-37.75488997,145.0039448,2.0,1.0,apartment,1.0,2025-06-12,,,"$826,000"
property-apartment-vic-thornbury-148091000,Thornbury,3071,8/50 Normanby Avenue,-37.758852,144.995425,1.0,1.0,apartment,1.0,2025-06-07,,,"$315,000"
property-house-vic-thornbury-147960428,Thornbury,3071,9 Walsh Avenue,-37.757651,145.023417,3.0,1.0,house,2.0,2025-06-06,265.0,m2,"$1,063,000"
property-house-vic-thornbury-147738216,Thornbury,3071,169 Clarendon Street,-37.760573,145.011316,3.0,2.0,house,2.0,2025-06-03,700.0,m2,"$1,880,000"
property-house-vic-thornbury-147965968,Thornbury,3071,82B Collins Street,-37.755513,145.009044,3.0,2.0,house,2.0,2025-06-02,304.0,m2,"$1,515,000"
property-house-vic-thornbury-147800304,Thornbury,3071,11 Harold Street,-37.756931,144.999529,3.0,1.0,house,1.0,2025-05-31,406.0,m2,"$1,860,000"
property-townhouse-vic-thornbury-147849724,Thornbury,3071,6/4 Strettle Street,-37.7548845,144.9824562,3.0,2.0,townhouse,1.0,2025-05-31,207.0,m2,"$1,350,000"
property-house-vic-thornbury-147981556,Thornbury,3071,14 Martin Street,-37.76115555,145.0014231,2.0,1.0,house,2.0,2025-05-31,395.0,m2,"$1,276,000"
property-townhouse-vic-thornbury-147963472,Thornbury,3071,1C Alston Street,-37.75480882,145.0164298,3.0,2.0,townhouse,2.0,2025-05-31,,,"$1,050,000"
property-house-vic-thornbury-148084980,Thornbury,3071,148 Ballantyne Street,-37.75714574,144.9883668,3.0,1.0,house,4.0,2025-05-31,515.0,m2,"$1,040,000"
property-house-vic-thornbury-147704764,Thornbury,3071,12 Blythe Street,-37.75394,145.000143,3.0,1.0,house,3.0,2025-05-28,426.0,m2,"$1,270,000"
property-house-vic-thornbury-147889312,Thornbury,3071,195 Gooch Street,-37.7593232,145.0149513,3.0,2.0,house,2.0,2025-05-24,,,"$1,400,000"
property-apartment-vic-thornbury-147890088,Thornbury,3071,1/86 Flinders Street,-37.756312,145.006629,2.0,1.0,apartment,1.0,2025-05-24,,,"$560,000"
property-house-vic-thornbury-147959604,Thornbury,3071,125 Flinders Street,-37.756777,145.01337,3.0,1.0,house,2.0,2025-05-23,470.0,m2,"$1,380,000"
property-house-vic-thornbury-147437772,Thornbury,3071,345 Rossmoyne Street,-37.759594,145.024918,2.0,1.0,house,2.0,2025-05-23,,,"$1,020,000"
property-apartment-vic-thornbury-148028816,Thornbury,3071,7/18 Blythe Street,-37.75386,144.999671,1.0,1.0,apartment,1.0,2025-05-22,,,"$447,500"
property-house-vic-thornbury-147889920,Thornbury,3071,5 Strettle Street,-37.755189,144.983038,3.0,1.0,house,4.0,2025-05-21,600.0,m2,"$1,600,000"
property-unit-vic-thornbury-147835212,Thornbury,3071,9/6 Francis Grove,-37.7633825,145.0077996,1.0,1.0,unit,,2025-05-21,,,"$335,000"
property-house-vic-thornbury-147844624,Thornbury,3071,299 Raleigh Street,-37.76095,145.022487,4.0,2.0,house,3.0,2025-05-17,470.0,m2,"$1,505,000"
property-house-vic-thornbury-147854240,Thornbury,3071,265 Raleigh Street,-37.76048,145.018107,3.0,1.0,house,3.0,2025-05-17,430.0,m2,"$1,400,000"
property-house-vic-thornbury-147832656,Thornbury,3071,76 Mansfield Street,-37.757112,145.006505,3.0,1.0,house,,2025-05-17,,,"$1,320,000"
property-townhouse-vic-thornbury-147849900,Thornbury,3071,2/42 Pender Street,-37.75414034,145.0054634,2.0,3.0,townhouse,1.0,2025-05-17,,,"$900,000"
property-townhouse-vic-thornbury-147840412,Thornbury,3071,1/124 Normanby Avenue,-37.75816688,144.9890425,2.0,1.0,townhouse,1.0,2025-05-17,,,"$820,000"
property-house-vic-thornbury-147967524,Thornbury,3071,300 Gillies Street,-37.765066,145.019108,3.0,1.0,house,1.0,2025-05-14,601.0,m2,"$1,485,000"
property-unit-vic-thornbury-147880876,Thornbury,3071,6/45 Woolton Avenue,-37.76105,144.99532,1.0,1.0,unit,1.0,2025-05-14,,,"$350,000"
property-apartment-vic-thornbury-147599416,Thornbury,3071,9/274 Mansfield Street,-37.75879686,145.0221823,1.0,1.0,apartment,1.0,2025-05-14,,,"$315,000"
property-apartment-vic-thornbury-147818616,Thornbury,3071,12/87A Clyde Street,-37.7615482,145.0130504,1.0,1.0,apartment,1.0,2025-05-13,,,"$380,000"
property-unit-vic-thornbury-147477964,Thornbury,3071,9/56 Pender Street,-37.754464,145.00947,1.0,1.0,unit,1.0,2025-05-12,1048.0,m2,"$375,000"
property-house-vic-thornbury-147769956,Thornbury,3071,138 Gooch Street,-37.759069,145.00979,3.0,1.0,house,2.0,2025-05-10,374.0,m2,"$1,235,000"
property-apartment-vic-thornbury-147778008,Thornbury,3071,5/24 Dundas Street,-37.75267765,145.0036245,2.0,1.0,apartment,1.0,2025-05-02,,,"$785,000"
property-house-vic-thornbury-147431092,Thornbury,3071,19B Newman Street,-37.75700462,144.9868883,3.0,2.0,house,1.0,2025-04-29,,,"$1,100,000"
property-house-vic-thornbury-147485928,Thornbury,3071,177 Gooch Street,-37.759068,145.012378,3.0,1.0,house,1.0,2025-04-24,,,"$1,500,000"
property-unit-vic-thornbury-147152660,Thornbury,3071,2/40 Clarendon Street,-37.759973,145.003046,1.0,1.0,unit,1.0,2025-04-24,,,"$390,000"
property-apartment-vic-thornbury-147620868,Thornbury,3071,15/72 Dundas Street,-37.75332586,145.0091947,1.0,1.0,apartment,,2025-04-24,,,"$280,000"
property-house-vic-thornbury-147686052,Thornbury,3071,291 Gooch Street,-37.760353,145.024467,4.0,2.0,house,3.0,2025-04-18,,,"$1,410,000"
property-apartment-vic-thornbury-147560444,Thornbury,3071,2/79 Normanby Avenue,-37.75881775,144.9921989,2.0,1.0,apartment,1.0,2025-04-17,,,"$649,000"
property-apartment-vic-thornbury-147560812,Thornbury,3071,8/30 Kemp Street,-37.76180113,144.9941468,1.0,1.0,apartment,1.0,2025-04-15,,,"$415,990"
property-house-vic-thornbury-147575396,Thornbury,3071,76 Harold Street,-37.75620417,144.9955223,4.0,2.0,house,1.0,2025-04-14,480.0,m2,"$1,570,000"
property-house-vic-thornbury-147310312,Thornbury,3071,197 Smith Street,-37.756188,144.985554,2.0,1.0,house,,2025-04-14,,,"$975,000"
property-house-vic-thornbury-147559408,Thornbury,3071,119a Smith Street,-37.75683599,144.991013,5.0,4.0,house,2.0,2025-04-12,,,"$1,661,000"
property-house-vic-thornbury-147572144,Thornbury,3071,31c Swift Street,-37.76451174,145.0169322,3.0,2.0,house,2.0,2025-04-12,,,"$1,500,000"
property-apartment-vic-thornbury-147545788,Thornbury,3071,1/44 Swift Street,-37.762698,145.017616,2.0,1.0,apartment,2.0,2025-04-12,,,"$615,000"
property-apartment-vic-thornbury-147559892,Thornbury,3071,5/57 Pender Street,-37.753929,145.007476,1.0,1.0,apartment,1.0,2025-04-12,,,"$470,000"
property-unit-vic-thornbury-147146260,Thornbury,3071,2/55 Martin Street,-37.76118746,145.0046381,1.0,1.0,unit,1.0,2025-04-12,,,"$365,000"
property-house-vic-thornbury-147056264,Thornbury,3071,20 Dundas Street,-37.75265893,145.0034849,2.0,1.0,house,1.0,2025-04-11,,,"$860,000"
property-house-vic-thornbury-147562532,Thornbury,3071,29 Newman Street,-37.756875,144.986239,4.0,2.0,house,1.0,2025-04-10,334.0,m2,"$1,710,000"
property-apartment-vic-thornbury-147605248,Thornbury,3071,303/85 Hutton Street,-37.75538524,144.9935337,2.0,1.0,apartment,1.0,2025-04-10,,,"$600,000"
property-unit-vic-thornbury-147504108,Thornbury,3071,8/8 Murray Street,-37.75425522,144.9955827,1.0,1.0,unit,1.0,2025-04-10,,,"$332,000"
property-house-vic-thornbury-147560852,Thornbury,3071,27A Hobson Street,-37.7522373,144.9923183,3.0,1.0,house,2.0,2025-04-09,,,"$1,270,000"
property-house-vic-thornbury-146980556,Thornbury,3071,214 Dundas Street,-37.754742,145.022028,3.0,1.0,house,4.0,2025-04-09,690.0,m2,"$1,135,000"
property-house-vic-thornbury-147510836,Thornbury,3071,108 Hutton Street,-37.75456684,144.9887256,3.0,1.0,house,1.0,2025-04-05,,,"$1,493,000"
property-townhouse-vic-thornbury-147503568,Thornbury,3071,174B Gooch Street,-37.7593474,145.0122249,3.0,2.0,townhouse,2.0,2025-04-05,,,"$1,290,000"
property-apartment-vic-thornbury-147478864,Thornbury,3071,8/44 Keon Street,-37.75213537,144.9914848,1.0,1.0,apartment,1.0,2025-04-05,,,"$437,000"
property-apartment-vic-thornbury-147481036,Thornbury,3071,12/30 Strettle Street,-37.75259628,144.9831201,1.0,1.0,apartment,1.0,2025-04-03,,,"$369,500"
property-townhouse-vic-thornbury-147575032,Thornbury,3071,2/180 Dundas Street,-37.754445,145.019346,2.0,2.0,townhouse,1.0,2025-04-02,,,"$980,000"
property-house-vic-thornbury-147503268,Thornbury,3071,106 Collins Street,-37.755826,145.011988,4.0,2.0,house,3.0,2025-03-31,,,"$1,705,000"
property-townhouse-vic-thornbury-147431620,Thornbury,3071,3/42 Pender Street,-37.75414034,145.0054634,2.0,2.0,townhouse,1.0,2025-03-29,,,"$900,000"
property-apartment-vic-thornbury-147424640,Thornbury,3071,10/46 Clarendon Street,-37.76002773,145.0035781,2.0,1.0,apartment,1.0,2025-03-25,,,"$572,000"
property-apartment-vic-thornbury-147350804,Thornbury,3071,17/25-27 Martin Street,-37.76099284,145.002927,2.0,1.0,apartment,1.0,2025-03-19,,,"$567,000"
property-apartment-vic-thornbury-147322360,Thornbury,3071,17/5 Kemp Street,-37.76232281,144.9958249,1.0,1.0,apartment,1.0,2025-03-18,,,"$375,000"
property-apartment-vic-thornbury-147090976,Thornbury,3071,1B/42-44 Clarendon Street,-37.76001565,145.0033671,2.0,1.0,apartment,1.0,2025-03-17,,,"$610,000"
property-house-vic-thornbury-147290288,Thornbury,3071,75 Flinders Street,-37.756074,145.006953,4.0,2.0,house,2.0,2025-03-15,923.0,m2,"$2,500,000"
property-house-vic-thornbury-147310548,Thornbury,3071,325 Rossmoyne Street,-37.759421,145.023186,2.0,1.0,house,2.0,2025-03-15,470.0,m2,"$1,170,000"
property-townhouse-vic-thornbury-147096552,Thornbury,3071,1/180 Dundas Street,-37.754445,145.019346,3.0,2.0,townhouse,2.0,2025-03-09,,,"$1,300,000"
property-apartment-vic-thornbury-147307092,Thornbury,3071,8/337 Station Street,-37.763439,145.020961,2.0,1.0,apartment,1.0,2025-03-07,,,"$670,000"
property-apartment-vic-thornbury-147373352,Thornbury,3071,7/17 Kemp Street,-37.76221259,144.9948846,1.0,1.0,apartment,1.0,2025-03-05,,,"$420,100"
property-unit-vic-thornbury-145413212,Thornbury,3071,2/42 Dundas Street,-37.752878,145.005529,1.0,1.0,unit,1.0,2025-03-03,,,"$307,000"
property-house-vic-thornbury-147159416,Thornbury,3071,6 Harold Street,-37.756721,144.999898,3.0,1.0,house,2.0,2025-03-01,625.0,m2,"$1,630,000"
property-house-vic-thornbury-147166824,Thornbury,3071,77 Rennie Street,-37.75293597,144.9875398,2.0,1.0,house,1.0,2025-03-01,357.0,m2,"$1,415,000"
property-house-vic-thornbury-147042968,Thornbury,3071,314 Raleigh Street,-37.761331,145.02368,3.0,1.0,house,2.0,2025-02-28,,,"$1,009,000"
property-townhouse-vic-thornbury-147159232,Thornbury,3071,4/71 Miller Street,-37.75171276,144.9911653,2.0,2.0,townhouse,1.0,2025-02-27,,,"$830,000"
property-townhouse-vic-thornbury-147085204,Thornbury,3071,2/236 Collins Street,-37.7569744,145.023932,2.0,2.0,townhouse,1.0,2025-02-26,,,"$920,000"
property-apartment-vic-thornbury-147112580,Thornbury,3071,12/25 Kemp Street,-37.76214069,144.9942711,1.0,1.0,apartment,1.0,2025-02-26,,,"$375,000"
property-townhouse-vic-thornbury-146390840,Thornbury,3071,3/125 Darebin Road,-37.76409609,145.0108816,2.0,2.0,townhouse,1.0,2025-02-25,,,"$763,000"
property-apartment-vic-thornbury-147152964,Thornbury,3071,2/9 Hammond Street,-37.76328695,145.010258,1.0,1.0,apartment,1.0,2025-02-25,,,"$355,000"
property-apartment-vic-thornbury-147093212,Thornbury,3071,10/87A Clyde Street,-37.7615482,145.0130504,1.0,1.0,apartment,1.0,2025-02-24,,,"$321,000"
property-house-vic-thornbury-147100364,Thornbury,3071,48A Newman Street,-37.756512,144.985,2.0,1.0,house,1.0,2025-02-22,,,"$1,060,000"
property-apartment-vic-thornbury-147193056,Thornbury,3071,10/109 Flinders Street,-37.75653332,145.0113025,2.0,1.0,apartment,2.0,2025-02-21,,,"$744,000"
property-apartment-vic-thornbury-147050260,Thornbury,3071,4/109 Flinders Street,-37.75653332,145.0113025,3.0,1.0,apartment,2.0,2025-02-20,,,"$819,000"
property-apartment-vic-thornbury-146960444,Thornbury,3071,203/690 High Street,-37.7583438,145.0008682,1.0,1.0,apartment,1.0,2025-02-20,,,"$390,000"
property-house-vic-thornbury-147055048,Thornbury,3071,94 Collins Street,-37.755678,145.010732,3.0,1.0,house,2.0,2025-02-15,696.0,m2,"$1,910,000"
property-house-vic-thornbury-147037784,Thornbury,3071,89 Rennie Street,-37.752841,144.986916,3.0,1.0,house,1.0,2025-02-15,,,"$1,510,000"
property-unit-vic-thornbury-146727980,Thornbury,3071,10/14 Ballantyne Street,-37.75837533,144.9990778,1.0,1.0,unit,1.0,2025-02-13,,,"$365,000"
property-unit-vic-thornbury-147043160,Thornbury,3071,1/45 Collins Street,-37.75497368,145.0047088,2.0,1.0,unit,2.0,2025-02-08,,,"$737,000"
property-townhouse-vic-thornbury-146595292,Thornbury,3071,13 Ibis Place,-37.76096376,145.0265751,3.0,1.0,townhouse,1.0,2025-02-08,71.0,m2,"$730,000"
property-apartment-vic-thornbury-146960440,Thornbury,3071,6/16 Kemp Street,-37.76192107,144.9951383,2.0,1.0,apartment,1.0,2025-02-07,,,"$547,400"
property-residential land-vic-thornbury-204017812,Thornbury,3071,233A Gooch Street,-37.75968982,145.0184043,,,residential land,,2025-02-06,,,"$460,000"
property-apartment-vic-thornbury-146830172,Thornbury,3071,1/73 Flinders Street,-37.75605291,145.0067383,2.0,1.0,apartment,1.0,2025-02-05,,,"$550,000"
property-house-vic-thornbury-147055324,Thornbury,3071,6B Walsh Avenue,-37.757998,145.023769,3.0,2.0,house,2.0,2025-02-04,,,"$1,380,000"
property-townhouse-vic-thornbury-146360920,Thornbury,3071,2 Ibis Place,-37.76088042,145.0262631,3.0,2.0,townhouse,2.0,2025-01-31,,,"$785,000"
property-apartment-vic-thornbury-145919696,Thornbury,3071,1/12 Ballantyne Street,-37.75840136,144.9993006,2.0,1.0,apartment,1.0,2025-01-28,,,"$645,000"
property-house-vic-thornbury-146611244,Thornbury,3071,14 Clarendon Street,-37.759815,145.001665,4.0,1.0,house,1.0,2025-01-17,,,"$1,582,000"
property-house-vic-thornbury-146335192,Thornbury,3071,366 Victoria Road,-37.756047,145.013889,3.0,1.0,house,4.0,2025-01-09,618.0,m2,"$1,310,000"
property-unit-vic-thornbury-146821332,Thornbury,3071,2/14 Ballantyne Street,-37.75837533,144.9990778,1.0,1.0,unit,1.0,2024-12-27,,,"$445,000"
property-house-vic-thornbury-146820092,Thornbury,3071,76 Hutton Street,-37.75478521,144.9907895,4.0,3.0,house,2.0,2024-12-22,266.0,m2,"$1,585,000"
property-apartment-vic-thornbury-146685136,Thornbury,3071,9/40 Clarendon Street,-37.759973,145.003046,1.0,1.0,apartment,1.0,2024-12-19,,,"$340,000"
property-apartment-vic-thornbury-146408488,Thornbury,3071,15/37 Woolton Avenue,-37.76114435,144.9959976,2.0,1.0,apartment,1.0,2024-12-18,,,"$574,000"
property-villa-vic-thornbury-146558216,Thornbury,3071,9/73 Darebin Road,-37.76336632,145.0053296,2.0,1.0,villa,1.0,2024-12-16,,,"$615,000"
property-unit-vic-thornbury-146670316,Thornbury,3071,1/66 Dundas Street,-37.753204,145.008312,2.0,1.0,unit,1.0,2024-12-16,,,"$560,000"
property-townhouse-vic-thornbury-146673336,Thornbury,3071,6/24 Dundas Street,-37.75267765,145.0036245,3.0,1.0,townhouse,2.0,2024-12-14,,,"$910,000"
property-apartment-vic-thornbury-146224896,Thornbury,3071,13/5 Kemp Street,-37.76232281,144.9958249,1.0,1.0,apartment,1.0,2024-12-12,,,"$367,000"
property-unit-vic-thornbury-146109552,Thornbury,3071,11/53 St David Street,-37.763426,145.005205,2.0,1.0,unit,1.0,2024-12-11,,,"$648,000"
property-villa-vic-thornbury-146403648,Thornbury,3071,7/200 Dundas Street,-37.7546496,145.0210716,2.0,1.0,villa,1.0,2024-12-07,,,"$665,000"
property-apartment-vic-thornbury-146493636,Thornbury,3071,6/105 Flinders Street,-37.75647731,145.0107931,1.0,1.0,apartment,1.0,2024-12-06,,,"$425,000"
property-house-vic-thornbury-146605692,Thornbury,3071,19 Flinders Street,-37.755628,145.002981,3.0,2.0,house,,2024-12-04,,,"$1,996,000"
property-apartment-vic-thornbury-146684760,Thornbury,3071,4/299 Mansfield Street,-37.758712,145.024327,2.0,1.0,apartment,1.0,2024-12-04,,,"$480,500"
property-house-vic-thornbury-146063436,Thornbury,3071,63 Speight Street,-37.762419,145.011766,5.0,2.0,house,4.0,2024-12-03,550.0,m2,"$3,050,000"
property-unit-vic-thornbury-146557676,Thornbury,3071,4/31 Clapham Street,-37.75485311,144.9979183,2.0,1.0,unit,1.0,2024-12-03,,,"$525,000"
property-house-vic-thornbury-146555296,Thornbury,3071,52 Mansfield Street,-37.75694441,145.0046871,2.0,1.0,house,2.0,2024-11-30,,,"$955,000"
property-house-vic-thornbury-146543076,Thornbury,3071,123 Rennie Street,-37.752591,144.984471,3.0,1.0,house,2.0,2024-11-27,475.0,m2,"$1,301,000"
property-house-vic-thornbury-146354196,Thornbury,3071,23 Gooch Street,-37.758007,145.00244,3.0,1.0,house,3.0,2024-11-23,381.0,m2,"$1,150,000"
property-apartment-vic-thornbury-146542872,Thornbury,3071,10/2 Dundas Street,-37.752559,145.002317,2.0,1.0,apartment,1.0,2024-11-22,,,"$527,000"
property-unit-vic-thornbury-146121040,Thornbury,3071,11/14 Ballantyne Street,-37.75837533,144.9990778,1.0,1.0,unit,1.0,2024-11-22,,,"$365,000"
property-villa-vic-thornbury-146539448,Thornbury,3071,2/2 Smith Street,-37.75759161,144.9999409,2.0,1.0,villa,1.0,2024-11-21,,,"$700,000"
property-apartment-vic-thornbury-146475264,Thornbury,3071,9/30 Strettle Street,-37.75259628,144.9831201,2.0,1.0,apartment,2.0,2024-11-21,,,"$570,000"
property-apartment-vic-thornbury-146559928,Thornbury,3071,22/337 Station Street,-37.763439,145.020961,1.0,1.0,apartment,1.0,2024-11-20,,,"$470,000"
property-apartment-vic-thornbury-146265084,Thornbury,3071,8/34 Pender Street,-37.75404619,145.0047831,1.0,1.0,apartment,1.0,2024-11-19,,,"$325,000"
property-house-vic-thornbury-146404640,Thornbury,3071,25 Bradley Avenue,-37.761161,144.990232,3.0,1.0,house,3.0,2024-11-16,,,"$1,180,000"
property-house-vic-thornbury-146409616,Thornbury,3071,52 Fyffe Street,-37.753777,144.990057,3.0,1.0,house,1.0,2024-11-15,357.0,m2,"$1,290,000"
property-apartment-vic-thornbury-146262760,Thornbury,3071,11/17 Kemp Street,-37.76221259,144.9948846,1.0,1.0,apartment,1.0,2024-11-15,,,"$406,000"
property-house-vic-thornbury-146346020,Thornbury,3071,322 Gillies Street,-37.763655,145.01935,5.0,2.0,house,4.0,2024-11-12,,,"$2,400,000"
property-house-vic-thornbury-146270276,Thornbury,3071,25 Hobson Street,-37.752742,144.992208,2.0,1.0,house,1.0,2024-11-09,,,"$1,020,000"
property-house-vic-thornbury-146202584,Thornbury,3071,39 Newman Street,-37.75679,144.985481,2.0,1.0,house,2.0,2024-11-07,,,"$1,160,000"
property-apartment-vic-thornbury-146353052,Thornbury,3071,85/337 Station Street,-37.763439,145.020961,2.0,1.0,apartment,1.0,2024-11-07,,,"$600,000"
property-apartment-vic-thornbury-146377148,Thornbury,3071,6/9 Kemp Street,-37.76228878,144.9955346,1.0,1.0,apartment,1.0,2024-11-07,,,"$370,000"
property-unit-vic-thornbury-146429844,Thornbury,3071,6/30 Kemp Street,-37.76180113,144.9941468,2.0,1.0,unit,1.0,2024-11-06,828.0,m2,"$540,000"
property-unit-vic-thornbury-146410824,Thornbury,3071,5/337 Station Street,-37.763439,145.020961,2.0,1.0,unit,1.0,2024-11-05,,,"$680,000"
property-apartment-vic-thornbury-146328476,Thornbury,3071,2/40 Woolton Avenue,-37.7608402,144.995701,1.0,1.0,apartment,1.0,2024-11-01,,,"$376,000"
property-apartment-vic-thornbury-146128376,Thornbury,3071,1/42 Dundas Street,-37.752878,145.005529,2.0,1.0,apartment,1.0,2024-10-31,,,"$530,000"
property-apartment-vic-thornbury-145190376,Thornbury,3071,6/133 Smith Street,-37.756739,144.990173,1.0,1.0,apartment,1.0,2024-10-31,,,"$345,000"
property-house-vic-thornbury-146190688,Thornbury,3071,23 Kemp Street,-37.762153,144.994496,4.0,2.0,house,1.0,2024-10-26,724.0,m2,"$1,950,000"
property-house-vic-thornbury-146198824,Thornbury,3071,98 Raleigh Street,-37.759549,145.006723,4.0,3.0,house,2.0,2024-10-26,,,"$1,850,000"
property-house-vic-thornbury-146210340,Thornbury,3071,35 Keon Street,-37.752431,144.991433,3.0,2.0,house,2.0,2024-10-26,,,"$1,750,000"
property-townhouse-vic-thornbury-146202956,Thornbury,3071,25A Lewis Street,-37.757487,144.98624,3.0,2.0,townhouse,2.0,2024-10-26,,,"$1,230,000"
property-townhouse-vic-thornbury-146219780,Thornbury,3071,2/442 St Georges Road,-37.75464471,144.9946973,3.0,2.0,townhouse,1.0,2024-10-25,,,"$1,060,000"
property-townhouse-vic-thornbury-146263120,Thornbury,3071,2/76 Speight Street,-37.76298695,145.0141823,2.0,1.0,townhouse,1.0,2024-10-25,,,"$870,000"
property-apartment-vic-thornbury-146198912,Thornbury,3071,2/21-23 Martin Street,-37.76054055,145.0026739,2.0,1.0,apartment,1.0,2024-10-24,,,"$600,000"
property-house-vic-thornbury-146223456,Thornbury,3071,76 Raleigh Street,-37.75946518,145.0057423,3.0,2.0,house,,2024-10-23,342.0,m2,"$1,461,000"
property-apartment-vic-thornbury-146225120,Thornbury,3071,13/30 Strettle Street,-37.75259628,144.9831201,1.0,1.0,apartment,2.0,2024-10-21,,,"$345,000"
property-house-vic-thornbury-146122900,Thornbury,3071,338 Gillies Street,-37.761948,145.019645,4.0,2.0,house,3.0,2024-10-19,,,"$2,896,000"
property-unit-vic-thornbury-146092576,Thornbury,3071,5/37 Martin Street,-37.761106,145.003515,2.0,1.0,unit,1.0,2024-10-19,,,"$567,000"
property-house-vic-thornbury-146133844,Thornbury,3071,5 Agnes Street,-37.76303086,145.0048049,2.0,1.0,house,2.0,2024-10-15,,,"$1,420,000"
property-apartment-vic-thornbury-146051376,Thornbury,3071,4/10-12 Anderson Road,-37.7547015,144.9813609,2.0,1.0,apartment,1.0,2024-10-15,,,"$530,000"
property-apartment-vic-thornbury-146209264,Thornbury,3071,59/337 Station Street,-37.763439,145.020961,3.0,2.0,apartment,2.0,2024-10-12,,,"$850,000"
property-apartment-vic-thornbury-146131692,Thornbury,3071,4/12 Ballantyne Street,-37.75840136,144.9993006,2.0,2.0,apartment,1.0,2024-10-12,,,"$700,000"
property-apartment-vic-thornbury-146066404,Thornbury,3071,3/50 Woolton Avenue,-37.760714,144.994846,1.0,1.0,apartment,1.0,2024-10-12,,,"$545,500"
property-unit-vic-thornbury-146213224,Thornbury,3071,10A Tharratt Street,-37.7549347,145.0086562,2.0,1.0,unit,2.0,2024-10-10,,,"$1,240,000"
property-unit-vic-thornbury-145968068,Thornbury,3071,8/54 Martin Street,-37.76142,145.003892,1.0,1.0,unit,1.0,2024-10-10,,,"$362,500"
property-townhouse-vic-thornbury-146074024,Thornbury,3071,37/85C Clyde Street,-37.76140103,145.0118015,2.0,2.0,townhouse,1.0,2024-10-09,,,"$815,000"
property-townhouse-vic-thornbury-146012852,Thornbury,3071,1A Alston Street,-37.75480882,145.0164298,3.0,2.0,townhouse,2.0,2024-10-05,,,"$1,090,000"
property-unit-vic-thornbury-145991112,Thornbury,3071,3/111 Mansfield Street,-37.75708131,145.0089301,3.0,1.0,unit,1.0,2024-10-05,,,"$930,000"
property-apartment-vic-thornbury-145521388,Thornbury,3071,3/74 Dundas Street,-37.753331,145.009433,1.0,1.0,apartment,1.0,2024-10-03,,,"$350,000"
property-apartment-vic-thornbury-145819204,Thornbury,3071,3/99 Smith Street,-37.756929,144.992015,1.0,1.0,apartment,1.0,2024-10-03,,,"$320,000"
property-apartment-vic-thornbury-146118900,Thornbury,3071,8/167 Darebin Road,-37.7645525,145.013145,2.0,1.0,apartment,1.0,2024-10-01,,,"$785,500"
property-house-vic-thornbury-145689808,Thornbury,3071,19 Ballantyne Street,-37.75864554,144.9990043,4.0,1.0,house,2.0,2024-09-30,,,"$1,500,000"
property-apartment-vic-thornbury-145763692,Thornbury,3071,5/16 Kemp Street,-37.76192107,144.9951383,2.0,1.0,apartment,1.0,2024-09-26,,,"$530,000"
property-apartment-vic-thornbury-145744428,Thornbury,3071,3/112 Ballantyne Street,-37.75742,144.990696,1.0,1.0,apartment,1.0,2024-09-26,,,"$375,000"
property-house-vic-thornbury-145934088,Thornbury,3071,12 Fyffe Street,-37.754068,144.992841,3.0,1.0,house,,2024-09-23,355.0,m2,"$1,675,000"
property-townhouse-vic-thornbury-145941404,Thornbury,3071,3/384 Station Street,-37.76066161,145.0209707,2.0,1.0,townhouse,1.0,2024-09-23,,,"$745,000"
property-house-vic-thornbury-145879192,Thornbury,3071,151 Clarendon Street,-37.760414,145.009947,3.0,2.0,house,2.0,2024-09-22,,,"$1,570,000"
property-house-vic-thornbury-145879324,Thornbury,3071,41 Darebin Road,-37.763478,145.003519,3.0,1.0,house,2.0,2024-09-21,,,"$1,345,000"
property-house-vic-thornbury-145873672,Thornbury,3071,144a Flinders Street,-37.75695,145.0124,3.0,1.0,house,,2024-09-21,,,"$1,060,000"
property-house-vic-thornbury-145890920,Thornbury,3071,205 Gooch Street,-37.759411,145.015638,4.0,3.0,house,1.0,2024-09-17,470.0,m2,"$1,967,500"
property-apartment-vic-thornbury-145950540,Thornbury,3071,7/110 Ballantyne Street,-37.757441,144.990866,1.0,1.0,apartment,1.0,2024-09-17,,,"$331,000"
property-house-vic-thornbury-145827996,Thornbury,3071,8 Fyffe Street,-37.75409,144.993045,4.0,2.0,house,1.0,2024-09-14,,,"$1,795,000"
property-house-vic-thornbury-145810548,Thornbury,3071,103 Rennie Street,-37.75277608,144.9859987,3.0,1.0,house,1.0,2024-09-14,,,"$1,720,000"
property-townhouse-vic-thornbury-145742780,Thornbury,3071,2/149 Ballantyne Street,-37.75770937,144.9890919,2.0,2.0,townhouse,1.0,2024-09-14,,,"$1,000,000"
property-unit-vic-thornbury-144662020,Thornbury,3071,40/337 Station Street,-37.763439,145.020961,1.0,1.0,unit,1.0,2024-09-12,,,"$420,000"
property-house-vic-thornbury-145629364,Thornbury,3071,95 Keon Street,-37.751947,144.986861,3.0,2.0,house,1.0,2024-09-10,371.0,m2,"$1,795,000"
property-house-vic-thornbury-145751072,Thornbury,3071,170 Rossmoyne Street,-37.758427,145.011283,3.0,1.0,house,2.0,2024-09-07,705.0,m2,"$1,860,000"
property-apartment-vic-thornbury-145754532,Thornbury,3071,4/31 Woolton Avenue,-37.76116789,144.9963967,2.0,1.0,apartment,2.0,2024-09-07,,,"$608,000"
property-apartment-vic-thornbury-145774468,Thornbury,3071,5/73 Flinders Street,-37.75605291,145.0067383,2.0,1.0,apartment,1.0,2024-09-05,,,"$560,000"
property-apartment-vic-thornbury-145532868,Thornbury,3071,5/360 St Georges Road,-37.758087,144.993879,2.0,1.0,apartment,1.0,2024-09-01,,,"$540,000"
property-house-vic-thornbury-145712208,Thornbury,3071,149 Collins Street,-37.755714,145.017099,3.0,1.0,house,3.0,2024-08-31,526.0,m2,"$1,275,000"
property-apartment-vic-thornbury-145694912,Thornbury,3071,6/14 Smith Street,-37.75750835,144.9992224,2.0,1.0,apartment,1.0,2024-08-31,,,"$515,000"
property-unitblock-vic-thornbury-144857076,Thornbury,3071,45 Hutton Street,-37.7557249,144.9966633,8.0,4.0,unitblock,8.0,2024-08-27,901.0,m2,"$2,425,000"
property-house-vic-thornbury-145722204,Thornbury,3071,54 Bradley Avenue,-37.760675,144.988156,3.0,1.0,house,3.0,2024-08-27,,,"$1,610,000"
property-apartment-vic-thornbury-145698960,Thornbury,3071,6/30 Strettle Street,-37.75259628,144.9831201,2.0,1.0,apartment,1.0,2024-08-27,,,"$592,000"
property-unit-vic-thornbury-145353248,Thornbury,3071,6/51 Woolton Avenue,-37.760997,144.994868,2.0,1.0,unit,1.0,2024-08-25,,,"$695,000"
property-house-vic-thornbury-145649344,Thornbury,3071,183 Rossmoyne Street,-37.758309,145.012807,3.0,1.0,house,3.0,2024-08-24,482.0,m2,"$1,370,000"
property-house-vic-thornbury-145649340,Thornbury,3071,41 Flinders Street,-37.755766,145.00418,3.0,1.0,house,1.0,2024-08-24,,,"$975,000"
property-townhouse-vic-thornbury-145633116,Thornbury,3071,160 Clarendon Street,-37.76140103,145.0118015,2.0,1.0,townhouse,1.0,2024-08-24,,,"$725,000"
property-apartment-vic-thornbury-145645240,Thornbury,3071,6/77 Pender Street,-37.75420607,145.0100223,2.0,1.0,apartment,1.0,2024-08-24,,,"$465,000"
property-townhouse-vic-thornbury-145473916,Thornbury,3071,356 Gooch Street,-37.76094879,145.0273389,3.0,2.0,townhouse,2.0,2024-08-23,,,"$875,000"
property-unit-vic-thornbury-145698728,Thornbury,3071,10/6 Francis Grove,-37.7633825,145.0077996,1.0,1.0,unit,1.0,2024-08-23,,,"$307,500"
property-house-vic-thornbury-145592216,Thornbury,3071,141 Mansfield Street,-37.757293,145.010813,4.0,1.0,house,3.0,2024-08-17,656.0,m2,"$1,881,000"
property-apartment-vic-thornbury-142787340,Thornbury,3071,4/44 Swift Street,-37.762698,145.017616,1.0,1.0,apartment,1.0,2024-08-16,,,"$280,500"
property-unit-vic-thornbury-145228292,Thornbury,3071,2/11 Kemp Street,-37.76224014,144.9953082,2.0,1.0,unit,1.0,2024-08-12,,,"$495,000"
property-apartment-vic-thornbury-145550076,Thornbury,3071,8/10 Normanby Avenue,-37.759294,144.999413,2.0,1.0,apartment,1.0,2024-08-09,,,"$629,000"
property-apartment-vic-thornbury-145631764,Thornbury,3071,11/57 Pender Street,-37.753929,145.007476,1.0,1.0,apartment,1.0,2024-08-09,,,"$390,000"
property-apartment-vic-thornbury-145252836,Thornbury,3071,5/48 Woolton Avenue,-37.76075636,144.9950109,1.0,1.0,apartment,1.0,2024-08-02,,,"$390,000"
property-apartment-vic-thornbury-145519472,Thornbury,3071,12/40 Clarendon Street,-37.759973,145.003046,1.0,1.0,apartment,1.0,2024-08-02,,,"$360,000"
property-house-vic-thornbury-145411832,Thornbury,3071,3 Kelvin Grove,-37.76299108,145.002259,3.0,2.0,house,1.0,2024-07-27,,,"$1,605,000"
property-townhouse-vic-thornbury-145404640,Thornbury,3071,56 Leinster Grove,-37.75883208,144.9880558,3.0,2.0,townhouse,1.0,2024-07-27,,,"$1,335,000"
property-apartment-vic-thornbury-145288872,Thornbury,3071,102/23-25 Clapham Street,-37.75527914,144.9978433,1.0,1.0,apartment,1.0,2024-07-25,,,"$488,000"
property-house-vic-thornbury-145399680,Thornbury,3071,15 Walsh Avenue,-37.75746376,145.0231244,3.0,2.0,house,2.0,2024-07-19,,,"$1,200,000"
property-house-vic-thornbury-145426296,Thornbury,3071,48 Wilmoth Street,-37.76444,145.01629,3.0,1.0,house,1.0,2024-07-19,,,"$910,000"
property-apartment-vic-thornbury-145028840,Thornbury,3071,401/681 High Street,-37.7602423,145.0001127,2.0,1.0,apartment,1.0,2024-07-12,,,"$571,000"
property-house-vic-thornbury-145298236,Thornbury,3071,2H Newcastle Street,-37.75694722,145.0104872,3.0,2.0,house,2.0,2024-07-11,,,"$1,475,000"
property-townhouse-vic-thornbury-145297964,Thornbury,3071,1/59 Miller Street,-37.75159316,144.9918712,2.0,2.0,townhouse,1.0,2024-07-10,,,"$980,000"
property-apartment-vic-thornbury-145183408,Thornbury,3071,3/90 Harold Street,-37.75613151,144.994916,1.0,1.0,apartment,1.0,2024-07-10,,,"$305,000"
property-unit-vic-thornbury-144874716,Thornbury,3071,3/85 Hutton Street,-37.75538524,144.9935337,1.0,1.0,unit,1.0,2024-07-04,,,"$440,000"
property-apartment-vic-thornbury-145250836,Thornbury,3071,1/14 Hutton Street,-37.75574431,144.9993492,1.0,1.0,apartment,1.0,2024-07-02,,,"$340,000"
property-house-vic-thornbury-145187488,Thornbury,3071,350 Victoria Road,-37.757107,145.013702,3.0,1.0,house,1.0,2024-06-29,480.0,m2,"$1,055,000"
property-unit-vic-thornbury-145208228,Thornbury,3071,12/45-47 Collins Street,-37.75497368,145.0047088,2.0,1.0,unit,2.0,2024-06-29,,,"$670,000"
property-apartment-vic-thornbury-145121508,Thornbury,3071,74/337 Station Street,-37.763439,145.020961,2.0,1.0,apartment,2.0,2024-06-28,,,"$762,000"
property-villa-vic-thornbury-145240832,Thornbury,3071,2/379 Station Street,-37.75993046,145.0215587,2.0,1.0,villa,2.0,2024-06-28,148.0,m2,"$630,000"
property-unit-vic-thornbury-145252848,Thornbury,3071,8/3 Watt Street,-37.7536057,144.996233,3.0,1.0,unit,2.0,2024-06-24,,,"$1,160,000"
property-unit-vic-thornbury-145159276,Thornbury,3071,7/42-44 Clarendon Street,-37.76001565,145.0033671,2.0,1.0,unit,1.0,2024-06-21,,,"$650,000"
property-townhouse-vic-thornbury-144783876,Thornbury,3071,4/124 Normanby Avenue,-37.75816688,144.9890425,2.0,1.0,townhouse,1.0,2024-06-19,,,"$782,700"
property-house-vic-thornbury-145114004,Thornbury,3071,49 Bradley Avenue,-37.760959,144.988432,3.0,1.0,house,3.0,2024-06-17,,,"$1,650,000"
property-house-vic-thornbury-145072580,Thornbury,3071,46 Ballantyne Street,-37.75806256,144.996252,3.0,2.0,house,3.0,2024-06-15,613.0,m2,"$1,800,000"
property-house-vic-thornbury-145072404,Thornbury,3071,66 Newman Street,-37.75616,144.983398,3.0,1.0,house,3.0,2024-06-15,,,"$1,300,000"
property-apartment-vic-thornbury-145137244,Thornbury,3071,8/38 Woolton Avenue,-37.760851,144.995859,2.0,1.0,apartment,1.0,2024-06-14,,,"$582,000"
property-apartment-vic-thornbury-144187604,Thornbury,3071,4/30 Kemp Street,-37.76180113,144.9941468,1.0,1.0,apartment,1.0,2024-06-14,,,"$315,000"
property-house-vic-thornbury-145008592,Thornbury,3071,72 Rennie Street,-37.752698,144.988089,3.0,1.0,house,2.0,2024-06-08,,,"$1,085,000"
property-apartment-vic-thornbury-144718360,Thornbury,3071,2/42-44 Clarendon Street,-37.76001565,145.0033671,2.0,1.0,apartment,1.0,2024-06-08,,,"$645,000"
property-apartment-vic-thornbury-145023036,Thornbury,3071,9/2 Dundas Street,-37.752559,145.002317,1.0,1.0,apartment,1.0,2024-06-08,,,"$372,500"
property-apartment-vic-thornbury-144528512,Thornbury,3071,6/14 Hutton Street,-37.75574431,144.9993492,1.0,1.0,apartment,1.0,2024-06-06,,,"$324,000"
property-apartment-vic-thornbury-145087048,Thornbury,3071,4/14 Ballantyne Street,-37.75837533,144.9990778,1.0,1.0,apartment,1.0,2024-06-05,,,"$450,000"
property-house-vic-thornbury-144867648,Thornbury,3071,17 Aviary Grove,-37.76143796,145.027216,3.0,2.0,house,2.0,2024-06-04,,,"$950,000"
property-apartment-vic-thornbury-144241176,Thornbury,3071,7/112 Ballantyne Street,-37.75742,144.990696,1.0,1.0,apartment,1.0,2024-06-04,,,"$310,000"
property-house-vic-thornbury-144969608,Thornbury,3071,298 Rathmines Street,-37.763438,145.018221,4.0,3.0,house,2.0,2024-06-01,,,"$1,525,000"
property-unit-vic-thornbury-144956348,Thornbury,3071,2/131 Flinders Street,-37.75718249,145.0143726,3.0,2.0,unit,1.0,2024-06-01,,,"$902,000"
property-apartment-vic-thornbury-144938112,Thornbury,3071,8/68 Raleigh Street,-37.75943107,145.0054195,2.0,1.0,apartment,1.0,2024-06-01,,,"$580,000"
property-apartment-vic-thornbury-144959912,Thornbury,3071,20/25 Martin Street,-37.76099284,145.002927,2.0,1.0,apartment,1.0,2024-06-01,,,"$540,000"
property-unit-vic-thornbury-144996332,Thornbury,3071,7/60 Strettle Street,-37.750925,144.983438,1.0,1.0,unit,1.0,2024-05-30,,,"$340,000"
property-townhouse-vic-thornbury-144950996,Thornbury,3071,339B Rathmines Street,-37.76020282,145.0191809,3.0,2.0,townhouse,2.0,2024-05-29,,,"$1,180,000"
property-house-vic-thornbury-144710396,Thornbury,3071,39 Hutton Street,-37.755764,144.997154,2.0,1.0,house,2.0,2024-05-28,,,"$1,255,000"
property-unit-vic-thornbury-144948604,Thornbury,3071,5/64 Collins Street,-37.75528059,145.0069346,1.0,1.0,unit,1.0,2024-05-28,,,"$520,000"
property-apartment-vic-thornbury-144968312,Thornbury,3071,2/299 Mansfield Street,-37.758712,145.024327,1.0,1.0,apartment,1.0,2024-05-28,,,"$428,000"
property-unit-vic-thornbury-144728200,Thornbury,3071,3/5 Normanby Avenue,-37.75956974,144.9994245,1.0,1.0,unit,1.0,2024-05-28,,,"$350,000"
property-apartment-vic-thornbury-145086300,Thornbury,3071,3/305 Rathmines Street,-37.76285095,145.0186955,2.0,1.0,apartment,1.0,2024-05-26,,,"$600,000"
property-house-vic-thornbury-144902548,Thornbury,3071,39 Clyde Street,-37.761023,145.008114,3.0,2.0,house,,2024-05-25,,,"$2,040,000"
property-house-vic-thornbury-144871900,Thornbury,3071,326 Victoria Road,-37.758851,145.013405,2.0,1.0,house,2.0,2024-05-18,426.0,m2,"$950,000"
property-apartment-vic-thornbury-144842288,Thornbury,3071,3/22 Smith Street,-37.757436,144.998579,2.0,1.0,apartment,1.0,2024-05-18,,,"$675,000"
property-townhouse-vic-thornbury-144576516,Thornbury,3071,3/350 Gooch Street,-37.76094879,145.0273389,3.0,2.0,townhouse,2.0,2024-05-17,,,"$850,000"
property-apartment-vic-thornbury-144907716,Thornbury,3071,8/14 Kemp Street,-37.76196,144.995364,2.0,1.0,apartment,1.0,2024-05-17,,,"$643,000"
property-townhouse-vic-thornbury-144115668,Thornbury,3071,2/384 Station Street,-37.76066161,145.0209707,2.0,1.0,townhouse,1.0,2024-05-14,,,"$739,000"
property-house-vic-thornbury-144652328,Thornbury,3071,1/262 Rossmoyne Street,-37.759139,145.017872,3.0,2.0,house,2.0,2024-05-10,,,"$1,285,000"
property-apartment-vic-thornbury-144782920,Thornbury,3071,4/114 Normanby Avenue,-37.75823801,144.9896583,2.0,1.0,apartment,1.0,2024-05-10,,,"$590,000"
property-apartment-vic-thornbury-144722844,Thornbury,3071,6/6 Kemp Street,-37.762035,144.996031,1.0,1.0,apartment,1.0,2024-05-08,,,"$380,000"
property-apartment-vic-thornbury-144726148,Thornbury,3071,5/20 Kemp Street,-37.761899,144.994923,1.0,1.0,apartment,1.0,2024-05-08,,,"$337,000"
property-unit-vic-thornbury-144726060,Thornbury,3071,8/47 Collins Street,-37.75497368,145.0047088,2.0,1.0,unit,1.0,2024-05-05,,,"$674,000"
property-apartment-vic-thornbury-144728112,Thornbury,3071,3/131 Harold Street,-37.75572,144.988745,2.0,1.0,apartment,1.0,2024-05-04,,,"$540,000"
property-apartment-vic-thornbury-144724976,Thornbury,3071,4/73 Flinders Street,-37.75605291,145.0067383,2.0,1.0,apartment,1.0,2024-05-04,,,"$520,000"
property-house-vic-thornbury-144513092,Thornbury,3071,31 Raleigh Street,-37.75884,145.002645,3.0,1.0,house,3.0,2024-05-03,333.0,m2,"$1,455,000"
property-townhouse-vic-thornbury-144696212,Thornbury,3071,344 Gooch Street,-37.76094879,145.0273389,3.0,2.0,townhouse,2.0,2024-05-02,,,"$882,000"
property-townhouse-vic-thornbury-144716260,Thornbury,3071,6/82 Shaftesbury Parade,-37.75964981,144.9939303,2.0,2.0,townhouse,1.0,2024-05-02,,,"$810,000"
property-apartment-vic-thornbury-143609528,Thornbury,3071,1/187 Mansfield Street,-37.75766785,145.0143114,1.0,1.0,apartment,1.0,2024-04-30,,,"$285,000"
property-house-vic-thornbury-144717588,Thornbury,3071,6 Agnes Street,-37.762786,145.004718,2.0,1.0,house,,2024-04-29,,,"$1,150,000"
property-house-vic-thornbury-144656296,Thornbury,3071,9 Flinders Street,-37.755564,145.00237,4.0,1.0,house,1.0,2024-04-27,441.0,m2,"$1,480,000"
property-house-vic-thornbury-144600548,Thornbury,3071,279 Rathmines Street,-37.764801,145.018354,3.0,1.0,house,4.0,2024-04-22,661.0,m2,"$1,355,000"
property-apartment-vic-thornbury-144745816,Thornbury,3071,3/265 Rossmoyne Street,-37.75883245,145.0176402,2.0,1.0,apartment,1.0,2024-04-22,,,"$600,000"
property-unit-vic-thornbury-144571172,Thornbury,3071,1/111 Mansfield Street,-37.75708131,145.0089301,3.0,1.0,unit,1.0,2024-04-20,,,"$927,500"
property-unit-vic-thornbury-144603052,Thornbury,3071,1/83 Speight Street,-37.762658,145.014166,2.0,1.0,unit,1.0,2024-04-20,,,"$728,000"
property-apartment-vic-thornbury-144737720,Thornbury,3071,5/85 Hutton Street,-37.75538524,144.9935337,2.0,2.0,apartment,1.0,2024-04-18,95.0,m2,"$612,000"
property-house-vic-thornbury-144446156,Thornbury,3071,155 Ballantyne Street,-37.757429,144.988585,3.0,1.0,house,2.0,2024-04-14,664.0,m2,"$1,315,000"
property-house-vic-thornbury-144496784,Thornbury,3071,67 Smith Street,-37.75731587,144.9951444,3.0,1.0,house,,2024-04-13,323.0,m2,"$1,220,000"
property-townhouse-vic-thornbury-144557880,Thornbury,3071,10 Ibis Place,-37.76109244,145.0265522,3.0,1.0,townhouse,1.0,2024-04-11,,,"$740,000"
property-unit-vic-thornbury-144368752,Thornbury,3071,6/55 Martin Street,-37.76118759,145.0046397,1.0,1.0,unit,1.0,2024-04-08,,,"$400,000"
property-house-vic-thornbury-144561688,Thornbury,3071,16 Kelvin Grove,-37.76254035,145.0026596,2.0,1.0,house,1.0,2024-04-06,208.0,m2,"$1,640,000"
property-house-vic-thornbury-144481160,Thornbury,3071,7 Rossmoyne Street,-37.757184,145.002023,4.0,1.0,house,3.0,2024-04-06,650.0,m2,"$1,620,000"
property-house-vic-thornbury-144446820,Thornbury,3071,169 Hutton Street,-37.754679,144.986923,3.0,1.0,house,1.0,2024-04-04,355.0,m2,"$1,143,100"
property-apartment-vic-thornbury-143741544,Thornbury,3071,7/282-284 Mansfield Street,-37.75888887,145.02305,2.0,1.0,apartment,1.0,2024-04-04,,,"$450,000"
property-apartment-vic-thornbury-144496632,Thornbury,3071,8/82 Gooch Street,-37.758734,145.006424,2.0,1.0,apartment,1.0,2024-04-03,,,"$665,000"
property-apartment-vic-thornbury-144498372,Thornbury,3071,103/85 Hutton Street,-37.75538524,144.9935337,2.0,2.0,apartment,1.0,2024-04-03,,,"$585,000"
property-apartment-vic-thornbury-144450420,Thornbury,3071,14/72 Dundas Street,-37.75332586,145.0091947,1.0,1.0,apartment,1.0,2024-04-03,,,"$330,000"
property-townhouse-vic-thornbury-144366356,Thornbury,3071,3/13 Smith Street,-37.75773121,144.9987263,3.0,1.0,townhouse,1.0,2024-03-28,,,"$1,045,000"
property-apartment-vic-thornbury-142842968,Thornbury,3071,2/87A Clyde Street,-37.76157,145.013242,1.0,1.0,apartment,1.0,2024-03-28,,,"$295,000"
property-house-vic-thornbury-144342668,Thornbury,3071,251 Gooch St,-37.759892,145.020143,3.0,1.0,house,1.0,2024-03-26,556.0,m2,"$1,340,000"
property-house-vic-thornbury-144368732,Thornbury,3071,163 Harold Street,-37.75545885,144.9860459,3.0,1.0,house,2.0,2024-03-23,,,"$1,655,500"
property-apartment-vic-thornbury-144370780,Thornbury,3071,7/37 Collins Street,-37.75488997,145.0039448,2.0,1.0,apartment,1.0,2024-03-23,,,"$683,000"
property-townhouse-vic-thornbury-144362440,Thornbury,3071,10/8-10 Martin Street,-37.761114,145.00121,2.0,1.0,townhouse,1.0,2024-03-20,,,"$720,000"
property-house-vic-thornbury-144307820,Thornbury,3071,188 Harold Street,-37.7552257,144.986524,3.0,2.0,house,1.0,2024-03-16,,,"$2,020,000"
property-apartment-vic-thornbury-144308288,Thornbury,3071,6/79 Normanby Avenue,-37.75881775,144.9921989,2.0,1.0,apartment,1.0,2024-03-16,,,"$686,000"
property-house-vic-thornbury-144378204,Thornbury,3071,46 Johnson Street,-37.762418,144.998961,3.0,2.0,house,3.0,2024-03-15,442.0,m2,"$1,613,000"
property-apartment-vic-thornbury-142539788,Thornbury,3071,105/23-25 Clapham Street,-37.75527914,144.9978433,2.0,2.0,apartment,1.0,2024-03-13,,,"$640,000"
property-apartment-vic-thornbury-144246668,Thornbury,3071,7/360 St Georges Road,-37.758087,144.993879,2.0,1.0,apartment,1.0,2024-03-13,,,"$580,000"
property-apartment-vic-thornbury-144262380,Thornbury,3071,7/104 Gooch Street,-37.75886094,145.0076216,1.0,1.0,apartment,1.0,2024-03-10,,,"$410,000"
property-apartment-vic-thornbury-144237660,Thornbury,3071,7/9 Hammond Street,-37.763285,145.010256,2.0,1.0,apartment,1.0,2024-03-08,,,"$569,000"
property-unit-vic-thornbury-144386628,Thornbury,3071,10/56 Pender Street,-37.754464,145.00947,1.0,1.0,unit,1.0,2024-03-06,,,"$382,000"
property-apartment-vic-thornbury-144325112,Thornbury,3071,16/74 Dundas Street,-37.753331,145.009433,1.0,1.0,apartment,1.0,2024-03-06,,,"$335,000"
property-house-vic-thornbury-144135892,Thornbury,3071,230 Rossmoyne Street,-37.75875776,145.0146698,2.0,1.0,house,4.0,2024-03-02,780.0,m2,"$1,800,000"
property-house-vic-thornbury-144180760,Thornbury,3071,158 Mansfield Street,-37.757744,145.012436,3.0,2.0,house,1.0,2024-03-02,,,"$1,800,000"
property-townhouse-vic-thornbury-144135304,Thornbury,3071,3/18 Strettle Street,-37.75398413,144.98289,3.0,2.0,townhouse,2.0,2024-03-02,,,"$1,180,000"
property-townhouse-vic-thornbury-144187088,Thornbury,3071,4/86 Normanby Avenue,-37.75850218,144.9919454,2.0,1.0,townhouse,1.0,2024-03-02,,,"$730,000"
property-apartment-vic-thornbury-144224320,Thornbury,3071,8/30 Strettle Street,-37.7525945,144.9831192,2.0,1.0,apartment,1.0,2024-03-02,,,"$575,000"
property-unit-vic-thornbury-144173940,Thornbury,3071,6/33 Woolton Avenue,-37.761145,144.996169,1.0,1.0,unit,1.0,2024-03-02,,,"$326,500"
property-apartment-vic-thornbury-144184152,Thornbury,3071,13/137-139 Flinders Street,-37.75726305,145.0148898,2.0,1.0,apartment,2.0,2024-02-28,,,"$650,000"
property-house-vic-thornbury-144144348,Thornbury,3071,52 Bradley Avenue,-37.760696,144.988315,3.0,1.0,house,4.0,2024-02-24,,,"$1,600,000"
property-house-vic-thornbury-144131268,Thornbury,3071,1A Woolton Avenue,-37.76150316,144.9994631,3.0,1.0,house,2.0,2024-02-24,,,"$1,375,000"
property-house-vic-thornbury-144115836,Thornbury,3071,5 Jones Street,-37.757845,145.022695,3.0,1.0,house,2.0,2024-02-24,669.0,m2,"$1,350,000"
property-house-vic-thornbury-144114136,Thornbury,3071,4 Martin Street,-37.761072,145.000859,2.0,1.0,house,,2024-02-24,210.0,m2,"$1,250,000"
property-house-vic-thornbury-144143952,Thornbury,3071,12 Smith Street,-37.757573,144.999423,2.0,2.0,house,,2024-02-24,,,"$1,230,000"
property-house-vic-thornbury-144043092,Thornbury,3071,15 Rayment Street,-37.7594,144.996171,3.0,2.0,house,1.0,2024-02-22,,,"$1,020,000"
property-apartment-vic-thornbury-144074904,Thornbury,3071,7/56 Pender Street,-37.754464,145.00947,1.0,1.0,apartment,1.0,2024-02-22,,,"$383,000"
property-house-vic-thornbury-144001472,Thornbury,3071,18B Dundas Street,-37.752838,145.003388,2.0,1.0,house,1.0,2024-02-21,,,"$1,070,000"
property-unit-vic-thornbury-144116184,Thornbury,3071,3/88 Dundas Street,-37.75361941,145.0116311,3.0,2.0,unit,2.0,2024-02-21,,,"$930,000"
property-townhouse-vic-thornbury-144135316,Thornbury,3071,2/31 Mansfield Street,-37.75654774,145.0038918,2.0,2.0,townhouse,1.0,2024-02-21,,,"$825,000"
property-apartment-vic-thornbury-144260788,Thornbury,3071,7/75 Pender Street,-37.75416828,145.0097763,1.0,1.0,apartment,1.0,2024-02-21,,,"$330,000"
property-apartment-vic-thornbury-144062356,Thornbury,3071,4/104 Gooch Street,-37.75886094,145.0076216,2.0,1.0,apartment,1.0,2024-02-17,,,"$615,000"
property-unit-vic-thornbury-144065192,Thornbury,3071,6/99 Smith Street,-37.756929,144.992015,2.0,1.0,unit,1.0,2024-02-17,,,"$447,500"
property-apartment-vic-thornbury-144027340,Thornbury,3071,7/187 Mansfield Street,-37.75766785,145.0143114,1.0,1.0,apartment,1.0,2024-02-15,,,"$310,000"
property-unit-vic-thornbury-141735968,Thornbury,3071,8/4 Dundas Street,-37.75255095,145.00251,1.0,1.0,unit,1.0,2024-02-13,,,"$325,000"
property-house-vic-thornbury-143879692,Thornbury,3071,152 Gooch Street,-37.75917,145.010549,3.0,1.0,house,1.0,2024-02-12,,,"$1,490,000"
property-apartment-vic-thornbury-144011136,Thornbury,3071,101/690 High Street,-37.7583438,145.0008682,2.0,1.0,apartment,1.0,2024-02-12,,,"$605,000"
property-apartment-vic-thornbury-144074916,Thornbury,3071,9/66 Dundas Street,-37.753204,145.008312,1.0,1.0,apartment,1.0,2024-02-07,,,"$329,500"
property-house-vic-thornbury-143897284,Thornbury,3071,42 Keon Street,-37.752172,144.991576,3.0,2.0,house,2.0,2024-02-03,,,"$1,730,000"
property-apartment-vic-thornbury-143999096,Thornbury,3071,8/14 Hutton Street,-37.75574431,144.9993492,1.0,1.0,apartment,1.0,2024-02-01,,,"$330,000"
property-apartment-vic-thornbury-143949920,Thornbury,3071,11/42-44 Clarendon Street,-37.76001565,145.0033671,3.0,1.0,apartment,1.0,2024-01-26,,,"$689,000"
property-apartment-vic-thornbury-144006848,Thornbury,3071,7/101 St David Street,-37.755432,145.005767,1.0,1.0,apartment,1.0,2024-01-26,,,"$380,000"
property-unit-vic-thornbury-143571772,Thornbury,3071,1A/42-44 Clarendon Street,-37.76001565,145.0033671,2.0,1.0,unit,1.0,2024-01-19,,,"$660,000"
property-apartment-vic-thornbury-143207648,Thornbury,3071,5/44 Swift Street,-37.762698,145.017616,2.0,1.0,apartment,1.0,2024-01-19,,,"$450,000"
property-house-vic-thornbury-143208120,Thornbury,3071,304 Gooch Street,-37.760645,145.02472,3.0,1.0,house,2.0,2023-12-21,,,"$1,350,000"
property-apartment-vic-thornbury-143504116,Thornbury,3071,15/87A Clyde Street,-37.76157,145.013242,1.0,1.0,apartment,1.0,2023-12-21,,,"$299,000"
property-unitblock-vic-thornbury-143260140,Thornbury,3071,1-7/10 Murray Street,-37.754247,144.99539,9.0,7.0,unitblock,8.0,2023-12-20,762.0,m2,"$2,100,000"
property-unit-vic-thornbury-143127884,Thornbury,3071,10/33 Woolton Avenue,-37.761145,144.996169,1.0,1.0,unit,1.0,2023-12-17,,,"$332,000"
property-house-vic-thornbury-143698500,Thornbury,3071,40 Wales Street,-37.76305,145.009149,3.0,1.0,house,1.0,2023-12-16,,,"$1,115,000"
property-house-vic-thornbury-143725084,Thornbury,3071,1 Shaftesbury Parade,-37.760636,144.999645,2.0,1.0,house,1.0,2023-12-16,,,"$1,052,000"
property-unit-vic-thornbury-143719428,Thornbury,3071,403/681 High Street,-37.7602423,145.0001127,2.0,2.0,unit,2.0,2023-12-16,,,"$785,000"
property-apartment-vic-thornbury-143730040,Thornbury,3071,8/99 Ballantyne Street,-37.75785431,144.9923537,1.0,1.0,apartment,1.0,2023-12-15,,,"$310,000"
property-house-vic-thornbury-143678812,Thornbury,3071,94 Smith Street,-37.756771,144.992802,3.0,1.0,house,1.0,2023-12-13,425.0,m2,"$1,137,000"
property-apartment-vic-thornbury-141872732,Thornbury,3071,104/23-25  Clapham Street,-37.75527914,144.9978433,2.0,2.0,apartment,1.0,2023-12-13,,,"$670,000"
property-house-vic-thornbury-143642720,Thornbury,3071,117A Flinders Street,-37.756671,145.012431,4.0,2.0,house,4.0,2023-12-12,645.0,m2,"$1,500,000"
property-townhouse-vic-thornbury-143187688,Thornbury,3071,2/8 Ballantyne Street,-37.75842454,144.9994992,3.0,2.0,townhouse,2.0,2023-12-12,,,"$1,050,000"
property-house-vic-thornbury-143640592,Thornbury,3071,71D Pender Street,-37.754132,145.009366,2.0,1.0,house,2.0,2023-12-10,,,"$1,130,000"
property-unit-vic-thornbury-143641148,Thornbury,3071,10/95 Raleigh Street,-37.75924401,145.0066019,1.0,1.0,unit,1.0,2023-12-10,,,"$395,000"
property-house-vic-thornbury-143634852,Thornbury,3071,13 Normanby Avenue,-37.759516,144.998949,3.0,1.0,house,2.0,2023-12-09,349.0,m2,"$1,480,000"
property-unit-vic-thornbury-143249488,Thornbury,3071,5/112 Dundas Street,-37.75409552,145.0133771,3.0,2.0,unit,2.0,2023-12-07,,,"$820,000"
property-house-vic-thornbury-143526128,Thornbury,3071,16 Bradley Avenue,-37.761013,144.991042,2.0,1.0,house,2.0,2023-12-06,439.0,m2,"$1,302,500"
property-apartment-vic-thornbury-143315276,Thornbury,3071,6/14 Kemp Street,-37.76196,144.995364,2.0,1.0,apartment,1.0,2023-12-06,,,"$542,000"
property-apartment-vic-thornbury-143507356,Thornbury,3071,4/16-18 Kemp Street,-37.76192107,144.9951383,2.0,1.0,apartment,1.0,2023-12-04,,,"$530,000"
property-house-vic-thornbury-143565604,Thornbury,3071,34 Normanby Avenue,-37.759012,144.996851,3.0,2.0,house,1.0,2023-12-02,,,"$1,370,000"
property-townhouse-vic-thornbury-143590728,Thornbury,3071,4/59 Miller Street,-37.75159316,144.9918712,3.0,2.0,townhouse,1.0,2023-12-02,,,"$1,160,000"
property-apartment-vic-thornbury-143240356,Thornbury,3071,2/39 Rossmoyne Street,-37.7573362,145.0037624,1.0,1.0,apartment,1.0,2023-12-01,,,"$325,000"
property-house-vic-thornbury-143254312,Thornbury,3071,69 Smith Street,-37.757287,144.995047,3.0,1.0,house,,2023-11-27,331.0,m2,"$1,630,000"
property-apartment-vic-thornbury-143496308,Thornbury,3071,11/5 Kemp Street,-37.76232281,144.9958249,1.0,1.0,apartment,1.0,2023-11-26,,,"$410,000"
property-house-vic-thornbury-143527616,Thornbury,3071,25 Plow Street,-37.75447,145.000072,3.0,1.0,house,1.0,2023-11-25,,,"$1,670,000"
property-house-vic-thornbury-143526540,Thornbury,3071,215 Raleigh Street,-37.760276,145.016171,3.0,1.0,house,2.0,2023-11-25,469.0,m2,"$1,405,000"
property-unit-vic-thornbury-143588132,Thornbury,3071,19/5 Kemp Street,-37.76232281,144.9958249,1.0,1.0,unit,1.0,2023-11-23,,,"$370,000"
property-unit-vic-thornbury-143570312,Thornbury,3071,2/34 Ethel Street,-37.75372848,144.9996068,2.0,1.0,unit,2.0,2023-11-22,,,"$767,000"
property-unit-vic-thornbury-143586268,Thornbury,3071,5/9 Jones Street,-37.75763279,145.0227539,2.0,1.0,unit,1.0,2023-11-22,,,"$765,000"
property-townhouse-vic-thornbury-143072832,Thornbury,3071,3/63 Alston Street,-37.75545569,145.022076,2.0,1.0,townhouse,1.0,2023-11-21,,,"$785,000"
property-apartment-vic-thornbury-143654524,Thornbury,3071,10/11 Kemp Street,-37.76223943,144.9953114,2.0,1.0,apartment,1.0,2023-11-21,,,"$530,000"
property-villa-vic-thornbury-143431388,Thornbury,3071,1/8-10 Martin Street,-37.761114,145.00121,1.0,1.0,villa,2.0,2023-11-19,,,"$602,000"
property-house-vic-thornbury-143101000,Thornbury,3071,320 Gillies Street,-37.76379,145.019324,4.0,2.0,house,3.0,2023-11-18,536.0,m2,"$2,600,000"
property-house-vic-thornbury-143265908,Thornbury,3071,272 Raleigh Street,-37.760823,145.018688,4.0,4.0,house,2.0,2023-11-18,,,"$2,130,000"
property-house-vic-thornbury-143454684,Thornbury,3071,80 Smith Street,-37.75700216,144.9947036,4.0,1.0,house,3.0,2023-11-18,615.0,m2,"$2,020,000"
property-townhouse-vic-thornbury-143458888,Thornbury,3071,1/66 Hammond Street,-37.7641051,145.0152773,3.0,1.0,townhouse,2.0,2023-11-18,,,"$1,110,000"
property-unit-vic-thornbury-143441380,Thornbury,3071,3/73 Darebin Road,-37.76336632,145.0053296,2.0,1.0,unit,1.0,2023-11-18,,,"$625,000"
property-apartment-vic-thornbury-143437744,Thornbury,3071,104/85 Hutton Street,-37.75538524,144.9935337,2.0,1.0,apartment,1.0,2023-11-18,,,"$518,000"
property-house-vic-thornbury-143588808,Thornbury,3071,11 Watt Street,-37.753507,144.995413,3.0,1.0,house,2.0,2023-11-17,,,"$1,110,000"
property-apartment-vic-thornbury-143441060,Thornbury,3071,4/77 Pender Street,-37.75420692,145.0100227,2.0,1.0,apartment,1.0,2023-11-17,,,"$420,000"
property-unit-vic-thornbury-143394756,Thornbury,3071,4/37 Clapham Street,-37.75428274,144.9980153,1.0,1.0,unit,1.0,2023-11-11,,,"$440,000"
property-house-vic-thornbury-143368056,Thornbury,3071,36 Harold Street,-37.756437,144.997556,3.0,2.0,house,3.0,2023-11-10,500.0,m2,"$1,420,000"
property-house-vic-thornbury-143464036,Thornbury,3071,368 Station Street,-37.76189164,145.0207647,3.0,1.0,house,2.0,2023-11-10,383.0,m2,"$955,000"
property-unit-vic-thornbury-142908556,Thornbury,3071,5/20 Alexandra Street,-37.76285981,145.0069074,2.0,1.0,unit,1.0,2023-11-06,,,"$570,000"
property-apartment-vic-thornbury-142843776,Thornbury,3071,1/2 Dundas Street,-37.752559,145.002317,2.0,1.0,apartment,1.0,2023-11-04,,,"$557,000"
property-apartment-vic-thornbury-143285356,Thornbury,3071,7/30 Kemp Street,-37.76180113,144.9941468,2.0,1.0,apartment,1.0,2023-11-03,,,"$527,500"
property-house-vic-thornbury-142796864,Thornbury,3071,292 Mansfield Street,-37.758933,145.023664,3.0,1.0,house,4.0,2023-11-02,470.0,m2,"$1,160,000"
property-house-vic-thornbury-143255972,Thornbury,3071,297 Raleigh Street,-37.76094,145.022396,2.0,1.0,house,1.0,2023-10-29,,,"$980,000"
property-house-vic-thornbury-143280520,Thornbury,3071,48 Flinders Street,-37.756076,145.004433,2.0,1.0,house,,2023-10-26,306.0,m2,"$1,382,000"
property-unit-vic-thornbury-143314736,Thornbury,3071,1/64 Collins Street,-37.75528059,145.0069346,2.0,1.0,unit,1.0,2023-10-26,,,"$680,000"
property-apartment-vic-thornbury-143342792,Thornbury,3071,2/143 Smith Street,-37.756621,144.989288,1.0,1.0,apartment,1.0,2023-10-25,,,"$365,000"
property-unit-vic-thornbury-142727512,Thornbury,3071,10/20 Kemp Street,-37.761899,144.994923,1.0,1.0,unit,1.0,2023-10-21,,,"$331,000"
property-unit-vic-thornbury-143195052,Thornbury,3071,3/67 Flinders Street,-37.75594971,145.0060096,2.0,1.0,unit,1.0,2023-10-20,,,"$830,000"
property-unit-vic-thornbury-143124764,Thornbury,3071,50 Rayment Street,-37.75599424,144.9970336,1.0,1.0,unit,1.0,2023-10-20,,,"$665,000"
property-apartment-vic-thornbury-143251248,Thornbury,3071,4/31 Martin Street,-37.761039,145.003187,1.0,1.0,apartment,1.0,2023-10-20,,,"$340,000"
property-townhouse-vic-thornbury-143197804,Thornbury,3071,17A Ethel Street,-37.753245,144.99923,3.0,1.0,townhouse,2.0,2023-10-18,,,"$1,115,000"
property-house-vic-thornbury-143151912,Thornbury,3071,9A Speight Street,-37.76186255,145.0068197,4.0,2.0,house,2.0,2023-10-14,,,"$2,180,000"
property-townhouse-vic-thornbury-143119532,Thornbury,3071,360 Gooch Street,-37.76094879,145.0273389,3.0,2.0,townhouse,2.0,2023-10-12,,,"$1,105,000"
property-unitblock-vic-thornbury-142920416,Thornbury,3071,1-7/79 Harold Street,-37.75615,144.992853,9.0,7.0,unitblock,7.0,2023-10-11,717.0,m2,"$1,900,000"
property-apartment-vic-thornbury-143201200,Thornbury,3071,6/130 Rossmoyne Street,-37.75814677,145.008464,2.0,1.0,apartment,1.0,2023-10-11,,,"$585,000"
property-house-vic-thornbury-143087368,Thornbury,3071,92 Speight Street,-37.76328,145.016863,2.0,1.0,house,1.0,2023-10-07,,,"$1,150,000"
property-unit-vic-thornbury-143087924,Thornbury,3071,4/2 Strettle Street,-37.75542477,144.9820222,2.0,1.0,unit,1.0,2023-10-07,,,"$822,000"
property-unit-vic-thornbury-143086964,Thornbury,3071,3/379 Station Street,-37.75993046,145.0215587,2.0,1.0,unit,1.0,2023-10-07,,,"$675,000"
property-apartment-vic-thornbury-143037432,Thornbury,3071,2/13 Mansfield Street,-37.75641147,145.0026044,2.0,1.0,apartment,3.0,2023-10-05,,,"$635,000"
property-apartment-vic-thornbury-143080992,Thornbury,3071,3/13 Mansfield Street,-37.75641147,145.0026044,2.0,1.0,apartment,1.0,2023-10-05,,,"$628,500"
property-apartment-vic-thornbury-143027968,Thornbury,3071,15/58 Clarendon Street,-37.7601253,145.0043795,3.0,2.0,apartment,2.0,2023-09-30,114.0,m2,"$850,000"
property-apartment-vic-thornbury-142805884,Thornbury,3071,6/267 Rossmoyne Street,-37.75883248,145.0178885,2.0,1.0,apartment,1.0,2023-09-29,,,"$620,000"
property-apartment-vic-thornbury-143026912,Thornbury,3071,12/14 Ballantyne Street,-37.75837533,144.9990778,1.0,1.0,apartment,1.0,2023-09-28,,,"$369,000"
property-apartment-vic-thornbury-143086928,Thornbury,3071,8/54 Pender Street,-37.75443305,145.0091914,1.0,1.0,apartment,1.0,2023-09-25,,,"$372,000"
property-house-vic-thornbury-142962340,Thornbury,3071,266 Raleigh Street,-37.760771,145.018235,3.0,1.0,house,2.0,2023-09-23,673.0,m2,"$1,511,000"
property-house-vic-thornbury-142855892,Thornbury,3071,65  Alston Street,-37.755494,145.022224,3.0,1.0,house,3.0,2023-09-22,685.0,m2,"$1,280,000"
property-unit-vic-thornbury-142663504,Thornbury,3071,2/365 Victoria Road,-37.75451374,145.0137828,1.0,1.0,unit,,2023-09-19,,,"$245,000"
property-townhouse-vic-thornbury-142881576,Thornbury,3071,5/54 Clarendon Street,-37.76009943,145.0041406,2.0,2.0,townhouse,1.0,2023-09-16,97.0,m2,"$837,500"
property-house-vic-thornbury-143022852,Thornbury,3071,290 Victoria Road,-37.761205,145.013013,3.0,1.0,house,4.0,2023-09-14,760.0,m2,"$1,780,000"
property-apartment-vic-thornbury-141802156,Thornbury,3071,11/18 Pender Street,-37.753854,145.003063,1.0,1.0,apartment,1.0,2023-09-12,,,"$272,000"
property-unit-vic-thornbury-142749284,Thornbury,3071,2/85 Speight Street,-37.76258561,145.0143191,2.0,1.0,unit,1.0,2023-09-10,,,"$769,000"
property-house-vic-thornbury-142798872,Thornbury,3071,36 Smith Street,-37.75726079,144.9971527,3.0,1.0,house,1.0,2023-09-09,,,"$1,375,000"
property-house-vic-thornbury-142872304,Thornbury,3071,14 Raleigh Street,-37.759044,145.001924,3.0,1.0,house,2.0,2023-09-09,,,"$1,325,000"
property-house-vic-thornbury-142855944,Thornbury,3071,100 Wilmoth Street,-37.75847,145.017294,3.0,1.0,house,2.0,2023-09-09,,,"$1,287,000"
property-townhouse-vic-thornbury-142846104,Thornbury,3071,48 Pender Street,-37.7541849,145.0059674,3.0,2.0,townhouse,2.0,2023-09-09,207.0,m2,"$1,190,000"
property-apartment-vic-thornbury-142855948,Thornbury,3071,10/137-139 Flinders Street,-37.75726305,145.0148898,2.0,1.0,apartment,1.0,2023-09-09,,,"$695,000"
property-apartment-vic-thornbury-142458356,Thornbury,3071,8/80 Clyde Street,-37.76208256,145.0151179,1.0,1.0,apartment,1.0,2023-09-09,,,"$611,500"
property-apartment-vic-thornbury-142859808,Thornbury,3071,11/56 Pender Street,-37.754464,145.00947,1.0,1.0,apartment,1.0,2023-09-09,,,"$360,000"
property-unit-vic-thornbury-142849252,Thornbury,3071,2/137 Hutton Street,-37.754957,144.989503,2.0,1.0,unit,1.0,2023-09-08,,,"$610,000"
property-house-vic-thornbury-142671524,Thornbury,3071,109 Smith Street,-37.756874,144.991449,2.0,1.0,house,1.0,2023-09-07,300.0,m2,"$1,272,000"
property-apartment-vic-thornbury-142374376,Thornbury,3071,1/5 Normanby Avenue,-37.75956974,144.9994245,2.0,1.0,apartment,1.0,2023-09-07,,,"$500,000"
property-house-vic-thornbury-142811412,Thornbury,3071,32 Alexandra Street,-37.76218504,145.0070627,3.0,2.0,house,1.0,2023-09-02,,,"$1,875,000"
property-house-vic-thornbury-142793148,Thornbury,3071,344 Victoria Road,-37.757602,145.01362,3.0,1.0,house,1.0,2023-09-02,,,"$1,310,000"
property-house-vic-thornbury-142803712,Thornbury,3071,59 Gooch Street,-37.758211,145.004376,2.0,1.0,house,,2023-09-02,,,"$1,291,000"
property-apartment-vic-thornbury-142777008,Thornbury,3071,305/636 High Street,-37.76021562,145.0005471,1.0,1.0,apartment,1.0,2023-09-02,,,"$454,000"
property-apartment-vic-thornbury-142744660,Thornbury,3071,12/45 Woolton Avenue,-37.76105,144.99532,1.0,1.0,apartment,1.0,2023-09-02,,,"$380,000"
property-townhouse-vic-thornbury-142819348,Thornbury,3071,92 Wilmoth Street,-37.75946699,145.0171274,2.0,2.0,townhouse,1.0,2023-08-31,,,"$745,000"
property-house-vic-thornbury-142734428,Thornbury,3071,323 Gillies Street,-37.76321451,145.0198262,4.0,2.0,house,2.0,2023-08-26,,,"$1,310,000"
property-unit-vic-thornbury-142725188,Thornbury,3071,6/187 Mansfield Street,-37.75766785,145.0143114,1.0,1.0,unit,1.0,2023-08-26,,,"$295,000"
property-unit-vic-thornbury-142552192,Thornbury,3071,4/198-200 Dundas Street,-37.7546496,145.0210716,2.0,1.0,unit,2.0,2023-08-23,125.0,m2,"$600,000"
property-townhouse-vic-thornbury-142254200,Thornbury,3071,83 Alston Court,-37.75577409,145.0237606,3.0,3.0,townhouse,2.0,2023-08-21,181.0,m2,"$940,000"
property-unit-vic-thornbury-142414764,Thornbury,3071,4/1 Collins Street,-37.75467447,145.0019908,1.0,1.0,unit,1.0,2023-08-21,,,"$362,000"
property-townhouse-vic-thornbury-142679300,Thornbury,3071,1/54 Strettle Street,-37.75128054,144.9833388,3.0,2.0,townhouse,2.0,2023-08-17,,,"$1,255,000"
property-house-vic-thornbury-142680576,Thornbury,3071,199 Rossmoyne Street,-37.758544,145.014969,3.0,2.0,house,2.0,2023-08-12,432.0,m2,"$1,625,000"
property-house-vic-thornbury-142625904,Thornbury,3071,228 Collins Street,-37.756692,145.023293,2.0,1.0,house,4.0,2023-08-12,,,"$1,100,000"
property-house-vic-thornbury-142551200,Thornbury,3071,2/14 Harry Street,-37.75654,145.016124,3.0,2.0,house,4.0,2023-08-08,,,"$1,358,000"
property-townhouse-vic-thornbury-142641136,Thornbury,3071,21 Aviary Grove,-37.76124051,145.0270881,3.0,1.0,townhouse,1.0,2023-08-04,,,"$780,000"
property-apartment-vic-thornbury-142556160,Thornbury,3071,2/1A Ballantyne Street,-37.75879181,145.0002362,2.0,1.0,apartment,1.0,2023-08-04,,,"$537,000"
property-townhouse-vic-thornbury-142526776,Thornbury,3071,108 Wales Street,-37.757813,145.010022,3.0,2.0,townhouse,2.0,2023-07-29,,,"$1,141,000"
property-apartment-vic-thornbury-142464788,Thornbury,3071,4/112 Ballantyne Street,-37.75742,144.990696,1.0,1.0,apartment,1.0,2023-07-28,,,"$385,000"
property-apartment-vic-thornbury-142637088,Thornbury,3071,2/10 Normanby Avenue,-37.759294,144.999413,1.0,1.0,apartment,1.0,2023-07-27,,,"$457,000"
property-house-vic-thornbury-142108956,Thornbury,3071,318 Victoria Road,-37.759435,145.01331,5.0,2.0,house,2.0,2023-07-19,502.0,m2,"$1,810,000"
property-house-vic-thornbury-142397612,Thornbury,3071,14 Woolton Avenue,-37.761165,144.998427,4.0,2.0,house,3.0,2023-07-16,603.0,m2,"$1,757,000"
property-townhouse-vic-thornbury-141999384,Thornbury,3071,19/158 Clarendon Street,-37.76140218,145.0117954,2.0,2.0,townhouse,1.0,2023-07-14,,,"$653,000"
property-house-vic-thornbury-141768804,Thornbury,3071,10 Hutton Street,-37.755796,144.999594,3.0,1.0,house,1.0,2023-07-09,,,"$1,305,000"
property-house-vic-thornbury-142216468,Thornbury,3071,13 Comas Grove,-37.756845,144.984492,3.0,2.0,house,2.0,2023-07-08,570.0,m2,"$1,901,000"
property-apartment-vic-thornbury-142362700,Thornbury,3071,2/56 Pender Street,-37.754464,145.00947,1.0,1.0,apartment,1.0,2023-07-08,,,"$458,000"
property-house-vic-thornbury-142420060,Thornbury,3071,55 Rennie Street,-37.75309934,144.9890814,3.0,1.0,house,1.0,2023-07-06,,,"$1,494,000"
property-apartment-vic-thornbury-142215376,Thornbury,3071,2/31 Martin Street,-37.761039,145.003187,1.0,1.0,apartment,1.0,2023-07-03,,,"$315,000"
property-house-vic-thornbury-142304092,Thornbury,3071,56 Bradley Avenue,-37.760664,144.98802,3.0,1.0,house,3.0,2023-07-01,,,"$1,485,000"
property-apartment-vic-thornbury-142302496,Thornbury,3071,8/70 Collins Street,-37.755343,145.007502,1.0,1.0,apartment,1.0,2023-07-01,,,"$391,000"
property-apartment-vic-thornbury-142332160,Thornbury,3071,1/15 Rennie Street,-37.7534405,144.992473,1.0,1.0,apartment,1.0,2023-06-29,,,"$364,000"
property-unit-vic-thornbury-142108856,Thornbury,3071,3/44 Hammond Street,-37.76390846,145.0133791,3.0,1.0,unit,1.0,2023-06-28,,,"$950,000"
property-unit-vic-thornbury-142209584,Thornbury,3071,7/337 Station Street,-37.763439,145.020961,3.0,2.0,unit,2.0,2023-06-27,,,"$765,000"
property-house-vic-thornbury-142280060,Thornbury,3071,48 Mansfield Street,-37.75691581,145.0044151,4.0,2.0,house,2.0,2023-06-22,,,"$2,400,000"
property-house-vic-thornbury-142268180,Thornbury,3071,10 Clyde Street,-37.761162,145.006737,5.0,2.0,house,2.0,2023-06-22,454.0,m2,"$1,485,000"
property-townhouse-vic-thornbury-142315680,Thornbury,3071,2/153 Ballantyne Street,-37.75747012,144.9888446,3.0,3.0,townhouse,1.0,2023-06-20,,,"$990,000"
property-villa-vic-thornbury-142062000,Thornbury,3071,5/196 Clarendon Street,-37.7613439,145.0159358,1.0,1.0,villa,1.0,2023-06-18,,,"$325,000"
property-townhouse-vic-thornbury-142227828,Thornbury,3071,13a Lewis Street,-37.75758212,144.9870602,2.0,2.0,townhouse,1.0,2023-06-17,,,"$1,293,000"
property-apartment-vic-thornbury-142209636,Thornbury,3071,7/7 Smith Street,-37.75781569,144.9994404,1.0,1.0,apartment,1.0,2023-06-17,,,"$348,500"
property-unit-vic-thornbury-142156784,Thornbury,3071,1/70 Clarendon Street,-37.760191,145.004989,2.0,1.0,unit,1.0,2023-06-03,,,"$595,000"
property-townhouse-vic-thornbury-141892404,Thornbury,3071,5/66 Collins Street,-37.75528624,145.0069856,2.0,1.0,townhouse,1.0,2023-05-30,,,"$760,000"
property-apartment-vic-thornbury-141310996,Thornbury,3071,2/139 Hutton Street,-37.75494526,144.9893309,2.0,1.0,apartment,1.0,2023-05-29,,,"$669,000"
property-unit-vic-thornbury-142075344,Thornbury,3071,3/76  Collins Street,-37.75540912,145.0080953,3.0,1.0,unit,1.0,2023-05-28,,,"$1,032,000"
property-house-vic-thornbury-142053712,Thornbury,3071,36B Collins Street,-37.75521895,145.0039511,3.0,2.0,house,2.0,2023-05-27,,,"$1,685,000"
property-apartment-vic-thornbury-142115168,Thornbury,3071,11/105 Flinders Street,-37.75647731,145.0107931,1.0,1.0,apartment,1.0,2023-05-22,,,"$380,000"
property-house-vic-thornbury-142017624,Thornbury,3071,3A Harry Street,-37.75713424,145.0156064,3.0,2.0,house,2.0,2023-05-20,,,"$1,350,500"
property-villa-vic-thornbury-142012468,Thornbury,3071,1/198 Raleigh Street,-37.76042206,145.0138852,1.0,1.0,villa,1.0,2023-05-20,,,"$550,000"
property-apartment-vic-thornbury-139498211,Thornbury,3071,14/87a Clyde Street,-37.76157,145.013242,1.0,1.0,apartment,1.0,2023-05-19,,,"$355,000"
property-house-vic-thornbury-142067072,Thornbury,3071,6 Rossmoyne Street,-37.7574209,145.0015996,3.0,2.0,house,2.0,2023-05-17,,,"$1,240,000"
property-house-vic-thornbury-141657324,Thornbury,3071,345 Station Street,-37.762594,145.02107,3.0,1.0,house,3.0,2023-05-17,519.0,m2,"$1,170,000"
property-townhouse-vic-thornbury-142024448,Thornbury,3071,35/85C Clyde Street,-37.76140218,145.0117954,4.0,3.0,townhouse,2.0,2023-05-17,,,"$850,000"
property-unit-vic-thornbury-141191476,Thornbury,3071,1/39 Martin Street,-37.76107366,145.0036377,2.0,1.0,unit,1.0,2023-05-15,,,"$650,000"
property-house-vic-thornbury-141981212,Thornbury,3071,497 St Georges Road,-37.754627,144.993882,4.0,2.0,house,3.0,2023-05-13,547.0,m2,"$1,250,000"
property-house-vic-thornbury-140303551,Thornbury,3071,164 Dundas Street,-37.754306,145.018044,3.0,2.0,house,2.0,2023-05-12,865.0,m2,"$1,718,000"
property-unit-vic-thornbury-142011672,Thornbury,3071,9/17 Kemp Street,-37.76221259,144.9948846,2.0,1.0,unit,1.0,2023-05-11,,,"$459,000"
property-unit-vic-thornbury-140923684,Thornbury,3071,6/75 Pender Street,-37.75416828,145.0097763,1.0,1.0,unit,1.0,2023-05-11,,,"$300,000"
property-townhouse-vic-thornbury-141927796,Thornbury,3071,9/52 Clyde Street,-37.76174947,145.0119594,2.0,1.0,townhouse,1.0,2023-05-09,,,"$970,000"
property-apartment-vic-thornbury-141928100,Thornbury,3071,1/106 Keon Street,-37.751677,144.986879,2.0,1.0,apartment,1.0,2023-05-09,,,"$535,000"
property-townhouse-vic-thornbury-141936932,Thornbury,3071,18e Swift Street,-37.76475711,145.0173061,3.0,2.0,townhouse,2.0,2023-05-06,,,"$1,083,000"
property-townhouse-vic-thornbury-141921492,Thornbury,3071,6/158 Clarendon Street,-37.76140218,145.0117954,3.0,2.0,townhouse,2.0,2023-05-06,135.0,m2,"$845,000"
property-unit-vic-thornbury-141932572,Thornbury,3071,2/9 Rennie Street,-37.753505,144.993095,2.0,1.0,unit,1.0,2023-05-06,,,"$614,000"
property-house-vic-thornbury-142010328,Thornbury,3071,175 Mansfield Street,-37.757549,145.013145,3.0,1.0,house,,2023-05-04,377.0,m2,"$1,000,000"
property-townhouse-vic-thornbury-141774952,Thornbury,3071,2/202 Collins Street,-37.7564157,145.0206409,2.0,1.0,townhouse,1.0,2023-05-04,110.0,m2,"$732,500"
property-apartment-vic-thornbury-141885724,Thornbury,3071,16/33 Woolton Avenue,-37.761145,144.996169,1.0,1.0,apartment,1.0,2023-05-03,,,"$342,500"
property-apartment-vic-thornbury-140916380,Thornbury,3071,6/60 Strettle Street,-37.750925,144.983438,1.0,1.0,apartment,1.0,2023-05-01,,,"$310,000"
property-apartment-vic-thornbury-141868188,Thornbury,3071,5/14 Hutton Street,-37.75574431,144.9993492,1.0,1.0,apartment,1.0,2023-04-30,,,"$410,000"
property-house-vic-thornbury-141827916,Thornbury,3071,14 Hammond Street,-37.76352,145.010272,4.0,2.0,house,4.0,2023-04-29,674.0,m2,"$2,790,000"
property-house-vic-thornbury-141821404,Thornbury,3071,5 Armadale Street,-37.762631,145.001396,3.0,1.0,house,1.0,2023-04-22,,,"$1,300,000"
property-apartment-vic-thornbury-141299840,Thornbury,3071,5/81 Flinders Street,-37.75613011,145.0076407,2.0,1.0,apartment,1.0,2023-04-21,,,"$520,000"
property-townhouse-vic-thornbury-141773588,Thornbury,3071,25 Aviary Grove,-37.76121704,145.0268699,2.0,1.0,townhouse,1.0,2023-04-20,,,"$705,000"
property-apartment-vic-thornbury-141783956,Thornbury,3071,107/679 High Street,-37.7602423,145.0001127,2.0,2.0,apartment,1.0,2023-04-19,,,"$525,000"
property-house-vic-thornbury-141774380,Thornbury,3071,1 Woolton Avenue,-37.761496,144.999338,3.0,1.0,house,1.0,2023-04-15,,,"$1,210,000"
property-house-vic-thornbury-141355080,Thornbury,3071,260 Raleigh Street,-37.760716,145.01768,3.0,2.0,house,3.0,2023-04-15,,,"$1,185,000"
property-townhouse-vic-thornbury-141305924,Thornbury,3071,1/139 Hutton Street,-37.75494526,144.9893309,2.0,1.0,townhouse,1.0,2023-04-05,,,"$735,000"
property-apartment-vic-thornbury-141760376,Thornbury,3071,7/11 Kemp Street,-37.76223943,144.9953114,2.0,1.0,apartment,1.0,2023-04-04,,,"$520,000"
property-townhouse-vic-thornbury-141663144,Thornbury,3071,6A Newcastle Street,-37.75405745,145.0109926,3.0,2.0,townhouse,2.0,2023-04-01,,,"$960,000"
property-townhouse-vic-thornbury-141580628,Thornbury,3071,9/158 Clarendon Street,-37.76140218,145.0117954,2.0,2.0,townhouse,1.0,2023-04-01,,,"$670,000"
property-house-vic-thornbury-141356836,Thornbury,3071,52 Dundas Street,-37.75300422,145.0065817,4.0,1.0,house,2.0,2023-03-29,,,"$1,430,000"
property-apartment-vic-thornbury-141668604,Thornbury,3071,12/2 Dundas Street,-37.752559,145.002317,1.0,1.0,apartment,1.0,2023-03-29,,,"$330,000"
property-house-vic-thornbury-141588476,Thornbury,3071,34 Speight Street,-37.762609,145.010619,4.0,3.0,house,1.0,2023-03-25,470.0,m2,"$2,201,000"
property-house-vic-thornbury-141611308,Thornbury,3071,88 Fyffe Street,-37.753454,144.986967,4.0,3.0,house,4.0,2023-03-25,711.0,m2,"$2,190,000"
property-house-vic-thornbury-141593472,Thornbury,3071,121 Fyffe Street,-37.753302,144.98284,4.0,1.0,house,2.0,2023-03-25,536.0,m2,"$1,420,000"
property-townhouse-vic-thornbury-141599172,Thornbury,3071,5/139 Normanby Avenue,-37.75835632,144.9882245,2.0,2.0,townhouse,1.0,2023-03-23,,,"$715,000"
property-townhouse-vic-thornbury-141415664,Thornbury,3071,189A Mansfield Street,-37.75766496,145.0144538,3.0,2.0,townhouse,2.0,2023-03-20,,,"$775,000"
property-apartment-vic-thornbury-140688407,Thornbury,3071,2/55 Pender Street,-37.75389889,145.0072614,1.0,1.0,apartment,1.0,2023-03-20,,,"$350,000"
property-house-vic-thornbury-141537876,Thornbury,3071,24a Speight Street,-37.762494,145.0098,4.0,3.0,house,2.0,2023-03-18,605.0,m2,"$1,850,000"
property-house-vic-thornbury-141484012,Thornbury,3071,1/296 Mansfield Street,-37.75898297,145.0239373,3.0,2.0,house,2.0,2023-03-18,342.0,m2,"$1,227,000"
property-house-vic-thornbury-141531052,Thornbury,3071,95 Keon Street,-37.751947,144.986861,3.0,1.0,house,,2023-03-18,370.0,m2,"$940,000"
property-apartment-vic-thornbury-141530796,Thornbury,3071,6/70 Collins Street,-37.755343,145.007502,1.0,1.0,apartment,1.0,2023-03-18,,,"$540,000"
property-apartment-vic-thornbury-141523596,Thornbury,3071,4/56 Ballantyne Street,-37.75798145,144.9955852,1.0,1.0,apartment,1.0,2023-03-18,,,"$426,000"
property-apartment-vic-thornbury-141138004,Thornbury,3071,7/82 Gooch Street,-37.758734,145.006424,2.0,1.0,apartment,1.0,2023-03-17,,,"$450,000"
property-house-vic-thornbury-141479172,Thornbury,3071,28B Martin Street,-37.76126587,145.00241,3.0,2.0,house,2.0,2023-03-11,,,"$1,562,000"
property-apartment-vic-thornbury-139370035,Thornbury,3071,103/679-685 High Street,-37.7602423,145.0001127,2.0,2.0,apartment,1.0,2023-03-10,,,"$510,000"
property-townhouse-vic-thornbury-141440276,Thornbury,3071,33 Sparks Avenue,-37.76098258,145.0256493,2.0,1.0,townhouse,2.0,2023-03-04,,,"$730,000"
property-villa-vic-thornbury-141397424,Thornbury,3071,4/198 Raleigh Street,-37.76042206,145.0138852,1.0,1.0,villa,1.0,2023-03-04,,,"$420,000"
property-apartment-vic-thornbury-141327280,Thornbury,3071,7/33 Woolton Avenue,-37.761145,144.996169,1.0,1.0,apartment,1.0,2023-03-03,,,"$287,000"
property-house-vic-thornbury-141358816,Thornbury,3071,74 Martin Street,-37.761548,145.005069,3.0,1.0,house,1.0,2023-02-25,,,"$1,410,000"
property-townhouse-vic-thornbury-141357180,Thornbury,3071,2/63 Alston Street,-37.75545569,145.022076,2.0,1.0,townhouse,1.0,2023-02-25,,,"$820,000"
property-unit-vic-thornbury-141342608,Thornbury,3071,4/24 Dundas Street,-37.75267765,145.0036245,2.0,1.0,unit,1.0,2023-02-25,,,"$665,000"
property-apartment-vic-thornbury-140716323,Thornbury,3071,2/831A High Street,-37.75538265,145.0009276,2.0,1.0,apartment,1.0,2023-02-24,,,"$500,000"
property-house-vic-thornbury-141327656,Thornbury,3071,17A Fyffe Street,-37.754343,144.992613,2.0,1.0,house,2.0,2023-02-22,265.0,m2,"$1,115,000"
property-house-vic-thornbury-141304868,Thornbury,3071,354 Gooch Street,-37.76094879,145.0273389,3.0,2.0,house,2.0,2023-02-22,,,"$865,000"
property-apartment-vic-thornbury-141353792,Thornbury,3071,10/17 Kemp Street,-37.76221259,144.9948846,2.0,1.0,apartment,1.0,2023-02-22,,,"$467,000"
property-house-vic-thornbury-140906388,Thornbury,3071,211 Gooch Street,-37.759449,145.016156,3.0,2.0,house,2.0,2023-02-17,366.0,m2,"$1,320,000"
property-apartment-vic-thornbury-141363580,Thornbury,3071,1/282 Mansfield Street,-37.75888887,145.02305,1.0,1.0,apartment,1.0,2023-02-16,,,"$385,000"
property-house-vic-thornbury-141043252,Thornbury,3071,19 Gladhall Avenue,-37.756635,145.019912,3.0,1.0,house,2.0,2023-02-15,531.0,m2,"$1,150,000"
property-townhouse-vic-thornbury-141249852,Thornbury,3071,2/48A Clyde Street,-37.76171386,145.0114941,2.0,1.0,townhouse,1.0,2023-02-15,152.0,m2,"$1,087,000"
property-house-vic-thornbury-141246688,Thornbury,3071,39 Lewis Street,-37.757364,144.985295,3.0,1.0,house,2.0,2023-02-11,,,"$1,465,000"
property-house-vic-thornbury-140023187,Thornbury,3071,5 Harry Street,-37.757023,145.015633,3.0,1.0,house,2.0,2023-02-08,446.0,m2,"$1,250,000"
property-unit-vic-thornbury-140683647,Thornbury,3071,1/136 Smith Street,-37.756418,144.989895,2.0,1.0,unit,1.0,2023-02-02,,,"$461,500"
property-house-vic-thornbury-141257404,Thornbury,3071,109 Clarendon Street,-37.760103,145.00697,2.0,1.0,house,1.0,2023-02-01,,,"$1,375,000"
property-apartment-vic-thornbury-140135435,Thornbury,3071,2A Flinders Street,-37.755795,145.001747,3.0,2.0,apartment,1.0,2023-01-23,,,"$1,100,000"
property-apartment-vic-thornbury-140494831,Thornbury,3071,45/337 Station Street,-37.763439,145.020961,2.0,1.0,apartment,1.0,2023-01-22,,,"$565,000"
property-house-vic-thornbury-140536091,Thornbury,3071,126A Fyffe Street,-37.75314104,144.9841122,4.0,2.0,house,1.0,2023-01-19,358.0,m2,"$1,290,000"
property-townhouse-vic-thornbury-140657227,Thornbury,3071,4/206 Dundas Street,-37.7550067,145.0214975,2.0,1.0,townhouse,2.0,2023-01-18,,,"$689,000"
property-townhouse-vic-thornbury-140962744,Thornbury,3071,2/174 Dundas Street,-37.75440086,145.0188481,3.0,2.0,townhouse,2.0,2023-01-16,,,"$1,101,375"
property-unit-vic-thornbury-140841604,Thornbury,3071,2/184 Dundas Street,-37.75450001,145.0196959,1.0,1.0,unit,1.0,2022-12-30,,,"$455,000"
property-townhouse-vic-thornbury-141042844,Thornbury,3071,9 Ibis Place,-37.76114024,145.0265383,3.0,2.0,townhouse,2.0,2022-12-24,145.0,m2,"$820,000"
property-house-vic-thornbury-140996284,Thornbury,3071,37 Hutton Street,-37.755765,144.997222,3.0,1.0,house,1.0,2022-12-23,,,"$1,100,000"
property-unit-vic-thornbury-140377063,Thornbury,3071,3/91 Normanby Avenue,-37.758704,144.991479,2.0,1.0,unit,1.0,2022-12-23,,,"$600,000"
property-house-vic-thornbury-141032320,Thornbury,3071,459 St Georges Road,-37.756197,144.99351,3.0,1.0,house,2.0,2022-12-21,,,"$995,000"
property-unitblock-vic-thornbury-140708455,Thornbury,3071,1-8/74 Collins Street,-37.75537,145.007937,16.0,8.0,unitblock,8.0,2022-12-19,912.0,m2,"$3,010,000"
property-house-vic-thornbury-140854276,Thornbury,3071,93 Speight Street,-37.762774,145.015173,3.0,1.0,house,2.0,2022-12-17,,,"$1,670,000"
property-house-vic-thornbury-140784047,Thornbury,3071,7 Plow Street,-37.755288,144.999937,3.0,1.0,house,2.0,2022-12-17,,,"$1,495,000"
property-residential land-vic-thornbury-203490484,Thornbury,3071,107 Gooch Street,-37.758542,145.007397,,,residential land,,2022-12-17,528.0,m2,"$1,350,000"
property-apartment-vic-thornbury-140549847,Thornbury,3071,5/12 Francis Grove,-37.76284701,145.007925,2.0,1.0,apartment,2.0,2022-12-16,,,"$720,000"
property-house-vic-thornbury-140961420,Thornbury,3071,147 Clarendon Street,-37.760392,145.009709,3.0,1.0,house,3.0,2022-12-15,406.0,m2,"$1,356,000"
property-apartment-vic-thornbury-140469963,Thornbury,3071,Unit 3/37 Clapham St,-37.75428274,144.9980153,1.0,1.0,apartment,1.0,2022-12-11,,,"$425,000"
property-house-vic-thornbury-140906344,Thornbury,3071,29 Harry Street,-37.754813,145.016033,3.0,1.0,house,2.0,2022-12-10,590.0,m2,"$1,555,000"
property-house-vic-thornbury-140801491,Thornbury,3071,286 Victoria Road,-37.76184006,145.0129304,3.0,1.0,house,1.0,2022-12-10,540.0,m2,"$1,305,000"
property-house-vic-thornbury-140916480,Thornbury,3071,303 Clarendon Street,-37.762019,145.024967,3.0,1.0,house,3.0,2022-12-10,451.0,m2,"$1,300,000"
property-townhouse-vic-thornbury-140890148,Thornbury,3071,Address available on request,,,3.0,2.0,townhouse,2.0,2022-12-10,,,"$1,081,000"
property-house-vic-thornbury-140906672,Thornbury,3071,326 Station Street,-37.765049,145.020255,3.0,1.0,house,2.0,2022-12-10,519.0,m2,"$850,000"
property-house-vic-thornbury-140907620,Thornbury,3071,127 Woolton Avenue,-37.76021625,144.9879813,3.0,2.0,house,2.0,2022-12-08,,,"$1,430,000"
property-house-vic-thornbury-140842204,Thornbury,3071,28 Woolton Avenue,-37.760965,144.996719,4.0,1.0,house,2.0,2022-12-07,630.0,m2,"$2,087,000"
property-townhouse-vic-thornbury-140726727,Thornbury,3071,3/80 Alston Court,-37.755923,145.023642,4.0,3.0,townhouse,2.0,2022-12-07,,,"$1,445,500"
property-unit-vic-thornbury-139856787,Thornbury,3071,7/50 Woolton Avenue,-37.760714,144.994846,2.0,1.0,unit,1.0,2022-12-06,,,"$405,000"
property-house-vic-thornbury-140844112,Thornbury,3071,48 Swift Street,-37.762455,145.017656,3.0,2.0,house,4.0,2022-12-05,,,"$1,920,288"
property-house-vic-thornbury-140905260,Thornbury,3071,84 Fyffe Street,-37.753485,144.987413,3.0,2.0,house,1.0,2022-12-05,386.0,m2,"$1,625,000"
property-house-vic-thornbury-140833932,Thornbury,3071,113 Rossmoyne Street,-37.757774,145.007793,4.0,3.0,house,5.0,2022-12-03,755.0,m2,"$2,553,000"
property-house-vic-thornbury-140817091,Thornbury,3071,183 Miller Street,-37.75098179,144.9858783,3.0,2.0,house,,2022-12-03,358.0,m2,"$1,620,000"
property-townhouse-vic-thornbury-140913236,Thornbury,3071,2/26 Lewis Street,-37.75724933,144.9862503,2.0,1.0,townhouse,1.0,2022-12-03,,,"$735,000"
property-townhouse-vic-thornbury-140850588,Thornbury,3071,6 Aviary Grove,-37.76131354,145.0260721,2.0,1.0,townhouse,1.0,2022-12-03,,,"$715,000"
property-house-vic-thornbury-140688083,Thornbury,3071,91A Flinders Street,-37.75626,145.008819,3.0,2.0,house,2.0,2022-12-02,247.0,m2,"$1,063,000"
property-townhouse-vic-thornbury-140917300,Thornbury,3071,6 Rosella Walk,-37.76104019,145.0257793,2.0,1.0,townhouse,1.0,2022-11-30,,,"$710,000"
property-house-vic-thornbury-140790083,Thornbury,3071,255 Raleigh Street,-37.760405,145.017427,4.0,2.0,house,1.0,2022-11-26,425.0,m2,"$1,685,000"
property-house-vic-thornbury-140790859,Thornbury,3071,35 Lewis Street,-37.757396,144.985578,3.0,2.0,house,1.0,2022-11-26,,,"$1,505,000"
property-house-vic-thornbury-140715419,Thornbury,3071,280 Victoria Road,-37.76222665,145.0128747,4.0,2.0,house,1.0,2022-11-19,,,"$1,650,000"
property-house-vic-thornbury-140720899,Thornbury,3071,63 Speight Street,-37.762419,145.011766,3.0,1.0,house,1.0,2022-11-19,550.0,m2,"$1,330,000"
property-apartment-vic-thornbury-140615363,Thornbury,3071,14/33 Woolton Avenue,-37.761145,144.996169,1.0,1.0,apartment,1.0,2022-11-18,,,"$305,000"
property-house-vic-thornbury-140717935,Thornbury,3071,129 Ballantyne Street,-37.757662,144.99061,3.0,1.0,house,2.0,2022-11-17,531.0,m2,"$1,500,000"
property-house-vic-thornbury-140720671,Thornbury,3071,26 Plow Street,-37.75436,145.00045,2.0,1.0,house,1.0,2022-11-17,,,"$1,265,000"
property-townhouse-vic-thornbury-140718083,Thornbury,3071,2/125 Fyffe Street,-37.75327648,144.9824233,3.0,1.0,townhouse,2.0,2022-11-17,,,"$970,000"
property-apartment-vic-thornbury-140655439,Thornbury,3071,302/690 High Street,-37.7583438,145.0008682,2.0,1.0,apartment,1.0,2022-11-17,,,"$605,000"
property-apartment-vic-thornbury-140672251,Thornbury,3071,12/56 Pender Street,-37.754464,145.00947,1.0,1.0,apartment,1.0,2022-11-15,,,"$333,000"
property-house-vic-thornbury-140033683,Thornbury,3071,303 Gooch Street,-37.760449,145.02535,3.0,1.0,house,2.0,2022-11-14,,,"$1,130,000"
property-house-vic-thornbury-140657431,Thornbury,3071,17 Hutton Street,-37.755986,144.999123,3.0,2.0,house,3.0,2022-11-12,580.0,m2,"$1,990,000"
property-apartment-vic-thornbury-139617431,Thornbury,3071,8/50 Normanby Avenue,-37.75885289,144.9954255,1.0,1.0,apartment,1.0,2022-11-10,,,"$295,000"
property-house-vic-thornbury-140590011,Thornbury,3071,23 Normanby Avenue,-37.759432,144.998213,3.0,2.0,house,3.0,2022-11-05,,,"$1,930,000"
property-house-vic-thornbury-140598279,Thornbury,3071,118 Gooch Street,-37.758928,145.008386,3.0,2.0,house,1.0,2022-11-05,,,"$1,710,000"
property-house-vic-thornbury-140566119,Thornbury,3071,13 Rayment Street,-37.759482,144.996157,3.0,2.0,house,2.0,2022-11-05,,,"$1,055,000"
property-house-vic-thornbury-140537587,Thornbury,3071,296 Rathmines Street,-37.763618,145.018193,3.0,1.0,house,1.0,2022-11-04,776.0,m2,"$1,849,000"
property-house-vic-thornbury-140675947,Thornbury,3071,288 Flinders Street,-37.758086,145.019548,3.0,2.0,house,2.0,2022-11-03,,,"$1,152,500"
property-apartment-vic-thornbury-139680003,Thornbury,3071,3/29 Clyde Street,-37.76095916,145.007492,1.0,1.0,apartment,1.0,2022-11-02,,,"$276,000"
property-apartment-vic-thornbury-140433319,Thornbury,3071,7/41 Ballantyne Street,-37.758439,144.997248,1.0,1.0,apartment,1.0,2022-10-31,,,"$353,000"
property-house-vic-thornbury-140663835,Thornbury,3071,274 Raleigh Street,-37.760899,145.019423,3.0,1.0,house,1.0,2022-10-29,,,"$1,120,229"
property-apartment-vic-thornbury-140535835,Thornbury,3071,10/6 Kemp Street,-37.762035,144.996031,1.0,1.0,apartment,1.0,2022-10-29,,,"$400,000"
property-townhouse-vic-thornbury-140431763,Thornbury,3071,255 Darebin Road,-37.76510466,145.0183564,3.0,2.0,townhouse,2.0,2022-10-27,,,"$995,000"
property-unit-vic-thornbury-139578967,Thornbury,3071,10/75 Pender Street,-37.75416828,145.0097763,1.0,1.0,unit,1.0,2022-10-26,,,"$352,000"
property-apartment-vic-thornbury-140157543,Thornbury,3071,13/74 Dundas Street,-37.753331,145.009433,1.0,1.0,apartment,1.0,2022-10-26,,,"$270,000"
property-house-vic-thornbury-140474299,Thornbury,3071,6/350 Gooch Street,-37.76094879,145.0273389,3.0,2.0,house,2.0,2022-10-25,,,"$860,200"
property-house-vic-thornbury-140480143,Thornbury,3071,5 Clapham Street,-37.758204,144.997554,3.0,2.0,house,2.0,2022-10-22,507.0,m2,"$1,730,000"
property-house-vic-thornbury-140485831,Thornbury,3071,117 Clarendon Street,-37.760168,145.007604,3.0,1.0,house,1.0,2022-10-22,427.0,m2,"$1,450,000"
property-house-vic-thornbury-140496863,Thornbury,3071,51 Johnson Street,-37.762152,144.998696,3.0,1.0,house,1.0,2022-10-22,,,"$1,408,500"
property-house-vic-thornbury-140480539,Thornbury,3071,18 Alston Street,-37.75529,145.018177,3.0,1.0,house,2.0,2022-10-22,527.0,m2,"$1,352,500"
property-house-vic-thornbury-140498667,Thornbury,3071,38 Wales Street,-37.763149,145.009135,2.0,1.0,house,1.0,2022-10-22,,,"$1,190,000"
property-house-vic-thornbury-140438843,Thornbury,3071,174A Gooch Street,-37.75933893,145.0121446,2.0,2.0,house,2.0,2022-10-19,,,"$1,255,000"
property-townhouse-vic-thornbury-140356687,Thornbury,3071,4/1 Normanby Avenue,-37.75961001,144.9997273,2.0,2.0,townhouse,1.0,2022-10-19,,,"$695,000"
property-apartment-vic-thornbury-140489983,Thornbury,3071,6/94 Shaftesbury Parade,-37.759433,144.991936,2.0,1.0,apartment,1.0,2022-10-18,,,"$635,000"
property-house-vic-thornbury-140503759,Thornbury,3071,21 Mansfield Street,-37.756489,145.003253,4.0,2.0,house,2.0,2022-10-15,,,"$2,615,000"
property-house-vic-thornbury-140499391,Thornbury,3071,12 Fyffe Street,-37.754068,144.992841,3.0,1.0,house,,2022-10-15,355.0,m2,"$1,550,000"
property-house-vic-thornbury-140420947,Thornbury,3071,95 Ballantyne Street,-37.757875,144.992568,3.0,1.0,house,,2022-10-15,,,"$1,450,000"
property-apartment-vic-thornbury-140215171,Thornbury,3071,4/40 Woolton Avenue,-37.7608402,144.995701,2.0,1.0,apartment,1.0,2022-10-12,,,"$426,000"
property-house-vic-thornbury-140368699,Thornbury,3071,106 Fyffe Street,-37.75327934,144.9854081,3.0,2.0,house,6.0,2022-10-08,480.0,m2,"$1,361,000"
property-townhouse-vic-thornbury-140375615,Thornbury,3071,1/206 Dundas Street,-37.754689,145.02153,3.0,2.0,townhouse,2.0,2022-10-08,,,"$980,000"
property-unit-vic-thornbury-139722707,Thornbury,3071,63/337 Station Street,-37.763439,145.020961,2.0,1.0,unit,1.0,2022-10-05,,,"$650,000"
property-house-vic-thornbury-140317991,Thornbury,3071,11 Jones Street,-37.75742202,145.0227913,2.0,1.0,house,,2022-10-01,294.0,m2,"$900,000"
property-villa-vic-thornbury-140307035,Thornbury,3071,4/98 Collins Street,-37.75574569,145.0111074,2.0,1.0,villa,1.0,2022-10-01,,,"$820,000"
property-unit-vic-thornbury-140295623,Thornbury,3071,2/429-433 St Georges Road,-37.7571955,144.9932646,2.0,1.0,unit,1.0,2022-10-01,143.0,m2,"$595,000"
property-apartment-vic-thornbury-140307459,Thornbury,3071,2/77 Pender Street,-37.75420692,145.0100227,2.0,1.0,apartment,1.0,2022-10-01,,,"$515,000"
property-townhouse-vic-thornbury-139926419,Thornbury,3071,2/58 Johnson Street,-37.761771,144.99907,2.0,1.0,townhouse,1.0,2022-09-29,,,"$925,000"
property-apartment-vic-thornbury-139786527,Thornbury,3071,7/10 Dundas Street,-37.75257,145.002791,2.0,1.0,apartment,1.0,2022-09-29,,,"$460,000"
property-unit-vic-thornbury-140246855,Thornbury,3071,2/360 St Georges Road,-37.758087,144.993879,2.0,1.0,unit,1.0,2022-09-27,,,"$510,000"
property-house-vic-thornbury-140201715,Thornbury,3071,2 Alexandra Street,-37.763857,145.006733,2.0,1.0,house,2.0,2022-09-24,389.0,m2,"$1,100,000"
property-apartment-vic-thornbury-140363207,Thornbury,3071,3/44 Keon Street,-37.7521377,144.9914842,2.0,1.0,apartment,1.0,2022-09-23,,,"$560,000"
property-house-vic-thornbury-140155819,Thornbury,3071,220 Gooch Street,-37.75984,145.017023,4.0,2.0,house,1.0,2022-09-22,,,"$1,687,500"
property-apartment-vic-thornbury-136005430,Thornbury,3071,204/690 High Street,-37.7583438,145.0008682,1.0,1.0,apartment,1.0,2022-09-19,,,"$317,000"
property-townhouse-vic-thornbury-140105627,Thornbury,3071,3/44 Strettle Street,-37.751715,144.983298,2.0,1.0,townhouse,1.0,2022-09-18,,,"$630,000"
property-apartment-vic-thornbury-139486619,Thornbury,3071,208/681 High Street,-37.7602423,145.0001127,2.0,2.0,apartment,1.0,2022-09-18,,,"$550,000"
property-house-vic-thornbury-140189963,Thornbury,3071,95a Pender Street,-37.754429,145.011968,4.0,2.0,house,1.0,2022-09-17,566.0,m2,"$1,925,000"
property-house-vic-thornbury-140267151,Thornbury,3071,135 Normanby Avenue,-37.75839514,144.98856,3.0,1.0,house,1.0,2022-09-17,,,"$1,210,500"
property-unit-vic-thornbury-140208275,Thornbury,3071,2/51 Clarendon Street,-37.75974879,145.0037516,2.0,1.0,unit,1.0,2022-09-17,114.0,m2,"$680,000"
property-apartment-vic-thornbury-140144415,Thornbury,3071,7/137 Flinders Street,-37.75726305,145.0148898,2.0,1.0,apartment,1.0,2022-09-11,,,"$780,000"
property-house-vic-thornbury-140148991,Thornbury,3071,5/4 Strettle Street,-37.7548845,144.9824562,3.0,2.0,house,2.0,2022-09-10,,,"$1,440,000"
property-house-vic-thornbury-140154007,Thornbury,3071,52 Ethel Street,-37.752815,144.999685,3.0,1.0,house,1.0,2022-09-10,,,"$1,308,000"
property-house-vic-thornbury-140026807,Thornbury,3071,321 Raleigh Street,-37.761124,145.02423,4.0,1.0,house,4.0,2022-09-10,,,"$940,000"
property-townhouse-vic-thornbury-140098691,Thornbury,3071,113 Speight Street,-37.76328615,145.020121,3.0,2.0,townhouse,2.0,2022-09-10,,,"$908,000"
property-house-vic-thornbury-139917699,Thornbury,3071,112 Woolton Avenue,-37.760036,144.988753,3.0,1.0,house,2.0,2022-09-05,376.0,m2,"$1,254,000"
property-townhouse-vic-thornbury-140074815,Thornbury,3071,6/8-10 Martin street,-37.76111407,145.0012105,3.0,1.0,townhouse,2.0,2022-09-03,,,"$820,000"
property-house-vic-thornbury-139805243,Thornbury,3071,74 Smith Street,-37.757045,144.995133,3.0,1.0,house,2.0,2022-09-02,,,"$1,230,000"
property-house-vic-thornbury-139736407,Thornbury,3071,1/137 Normanby Avenue,-37.75838005,144.9884302,3.0,1.0,house,2.0,2022-09-01,,,"$1,145,000"
property-house-vic-thornbury-140102671,Thornbury,3071,36 St David Street,-37.763397,145.005644,4.0,2.0,house,1.0,2022-08-26,,,"$1,565,000"
property-townhouse-vic-thornbury-139310963,Thornbury,3071,6/80 Clyde Street,-37.76208256,145.0151179,3.0,2.0,townhouse,2.0,2022-08-25,,,"$1,341,000"
property-apartment-vic-thornbury-139171023,Thornbury,3071,1/267 Rossmoyne Street,-37.75883248,145.0178885,2.0,1.0,apartment,1.0,2022-08-25,,,"$650,000"
property-house-vic-thornbury-140047427,Thornbury,3071,147 Rossmoyne Street,-37.758052,145.010407,4.0,2.0,house,2.0,2022-08-23,630.0,m2,"$2,280,000"
property-apartment-vic-thornbury-139819203,Thornbury,3071,4/109 Flinders Street,-37.75653332,145.0113025,3.0,1.0,apartment,2.0,2022-08-23,,,"$678,000"
property-apartment-vic-thornbury-140076243,Thornbury,3071,1/219 Raleigh Street,-37.76030999,145.0165451,1.0,1.0,apartment,1.0,2022-08-22,,,"$340,000"
property-house-vic-thornbury-139963487,Thornbury,3071,174 Smith Street,-37.756032,144.986477,3.0,1.0,house,1.0,2022-08-20,,,"$1,517,500"
property-apartment-vic-thornbury-139470523,Thornbury,3071,3/45 Woolton Avenue,-37.76105,144.99532,1.0,1.0,apartment,1.0,2022-08-19,,,"$308,000"
property-villa-vic-thornbury-139514527,Thornbury,3071,2/317 Rossmoyne Street,-37.7593346,145.022638,2.0,1.0,villa,2.0,2022-08-15,,,"$830,000"
property-apartment-vic-thornbury-139016947,Thornbury,3071,16/30 Strettle Street,-37.7525945,144.9831192,2.0,1.0,apartment,2.0,2022-08-15,,,"$500,000"
property-apartment-vic-thornbury-139818523,Thornbury,3071,3/55 Pender Street,-37.75389889,145.0072614,1.0,1.0,apartment,1.0,2022-08-11,,,"$365,000"
property-apartment-vic-thornbury-138964423,Thornbury,3071,5/10-12 Anderson Road,-37.7547015,144.9813609,2.0,1.0,apartment,1.0,2022-08-09,,,"$440,000"
property-house-vic-thornbury-139852927,Thornbury,3071,191 Rossmoyne Street,-37.758469,145.014278,3.0,2.0,house,2.0,2022-08-06,,,"$1,465,000"
property-townhouse-vic-thornbury-139854967,Thornbury,3071,48 Pender Street,-37.7541849,145.0059674,3.0,2.0,townhouse,2.0,2022-08-06,,,"$1,180,000"
property-apartment-vic-thornbury-139873399,Thornbury,3071,4/62 Dundas Street,-37.75316746,145.0078383,1.0,1.0,apartment,1.0,2022-08-05,,,"$290,000"
property-apartment-vic-thornbury-138240906,Thornbury,3071,8/62 Dundas Street,-37.75316746,145.0078383,1.0,1.0,apartment,1.0,2022-08-03,,,"$290,000"
property-townhouse-vic-thornbury-139800571,Thornbury,3071,1/174 Dundas Street,-37.75440086,145.0188481,3.0,3.0,townhouse,2.0,2022-07-30,,,"$1,450,000"
property-house-vic-thornbury-139863295,Thornbury,3071,110A Clarendon Street,-37.76052,145.008002,3.0,1.0,house,1.0,2022-07-28,,,"$1,260,000"
property-apartment-vic-thornbury-138547763,Thornbury,3071,12/1 Collins Street,-37.75467447,145.0019908,1.0,1.0,apartment,1.0,2022-07-26,,,"$309,000"
property-house-vic-thornbury-139740047,Thornbury,3071,77 Fyffe Street,-37.753792,144.987357,3.0,1.0,house,2.0,2022-07-23,502.0,m2,"$1,455,000"
property-unit-vic-thornbury-139540455,Thornbury,3071,3/137-139 Flinders Street,-37.75726305,145.0148898,2.0,1.0,unit,1.0,2022-07-18,,,"$618,000"
property-unit-vic-thornbury-139375855,Thornbury,3071,4/9 Kemp Street,-37.76228878,144.9955346,1.0,1.0,unit,1.0,2022-07-14,,,"$310,000"
property-apartment-vic-thornbury-139724243,Thornbury,3071,5/109 Flinders Street,-37.75653332,145.0113025,2.0,1.0,apartment,2.0,2022-07-13,,,"$710,000"
property-house-vic-thornbury-139622983,Thornbury,3071,106 Dundas Street,-37.753733,145.012952,3.0,1.0,house,2.0,2022-07-09,596.0,m2,"$1,500,000"
property-townhouse-vic-thornbury-139642735,Thornbury,3071,4/130 Normanby Avenue,-37.758121,144.988453,3.0,1.0,townhouse,1.0,2022-07-09,,,"$960,000"
property-house-vic-thornbury-139732411,Thornbury,3071,9 Alston Street,-37.754974,145.017572,3.0,1.0,house,3.0,2022-07-08,677.0,m2,"$1,530,000"
property-apartment-vic-thornbury-139597575,Thornbury,3071,9/90 Harold Street,-37.75613131,144.9948974,1.0,1.0,apartment,1.0,2022-07-08,,,"$299,000"
property-unit-vic-thornbury-139490179,Thornbury,3071,5/14 Ballantyne Street,-37.75837533,144.9990778,1.0,1.0,unit,1.0,2022-07-06,,,"$380,000"
property-house-vic-thornbury-139377111,Thornbury,3071,10 Monash Avenue,-37.762856,145.003502,3.0,1.0,house,2.0,2022-07-04,,,"$1,900,000"
property-house-vic-thornbury-139620699,Thornbury,3071,95 St David Street,-37.755855,145.005699,3.0,1.0,house,,2022-07-02,,,"$1,630,000"
property-apartment-vic-thornbury-139501579,Thornbury,3071,1/45 Woolton Avenue,-37.76105,144.99532,1.0,1.0,apartment,1.0,2022-07-01,,,"$322,500"
property-unit-vic-thornbury-139514171,Thornbury,3071,7/12 Francis Grove,-37.76284701,145.007925,2.0,2.0,unit,2.0,2022-06-27,,,"$926,000"
property-townhouse-vic-thornbury-139461139,Thornbury,3071,69D Pender Street,-37.754099,145.009147,3.0,2.0,townhouse,2.0,2022-06-25,,,"$1,220,000"
property-house-vic-thornbury-139520895,Thornbury,3071,81 Rennie Street,-37.752893,144.987334,2.0,1.0,house,,2022-06-25,,,"$1,200,000"
property-apartment-vic-thornbury-139648571,Thornbury,3071,9/24 Dundas Street,-37.75267765,145.0036245,2.0,1.0,apartment,1.0,2022-06-23,,,"$665,000"
property-apartment-vic-thornbury-139277211,Thornbury,3071,5/265 Rossmoyne Street,-37.75883245,145.0176402,1.0,1.0,apartment,1.0,2022-06-23,,,"$368,000"
property-house-vic-thornbury-139422379,Thornbury,3071,188 Harold Street,-37.7552257,144.986524,3.0,1.0,house,1.0,2022-06-18,367.0,m2,"$1,017,000"
property-unit-vic-thornbury-139446951,Thornbury,3071,115A Miller Street,-37.75139308,144.9888881,2.0,1.0,unit,2.0,2022-06-18,,,"$735,000"
property-apartment-vic-thornbury-138894619,Thornbury,3071,5/105 Flinders Street,-37.75647731,145.0107931,1.0,1.0,apartment,2.0,2022-06-09,,,"$455,000"
property-house-vic-thornbury-139319127,Thornbury,3071,80 Harold Street,-37.756183,144.995304,3.0,2.0,house,,2022-06-04,,,"$1,490,000"
property-apartment-vic-thornbury-138432855,Thornbury,3071,11/31 Woolton Avenue,-37.761167,144.996396,2.0,1.0,apartment,1.0,2022-06-04,,,"$470,000"
property-house-vic-thornbury-139339443,Thornbury,3071,4 Clyde Street,-37.761118,145.006284,4.0,2.0,house,,2022-06-02,325.0,m2,"$1,610,000"
property-house-vic-thornbury-138764135,Thornbury,3071,331 Victoria Road,-37.758736,145.013045,3.0,1.0,house,3.0,2022-06-02,492.0,m2,"$1,215,000"
property-apartment-vic-thornbury-139485363,Thornbury,3071,37/337 Station Street,-37.763439,145.020961,1.0,1.0,apartment,1.0,2022-06-02,,,"$430,000"
property-house-vic-thornbury-139171987,Thornbury,3071,38 Leinster Grove,-37.761026,144.987591,2.0,1.0,house,1.0,2022-05-30,411.0,m2,"$1,390,000"
property-house-vic-thornbury-139271531,Thornbury,3071,24 Speight Street,-37.762482,145.009653,4.0,2.0,house,1.0,2022-05-28,605.0,m2,"$2,450,000"
property-apartment-vic-thornbury-139258063,Thornbury,3071,9/37 Woolton Avenue,-37.76114435,144.9959976,2.0,1.0,apartment,1.0,2022-05-28,,,"$725,000"
property-townhouse-vic-thornbury-139256171,Thornbury,3071,12/337 Station Street,-37.763439,145.020961,3.0,2.0,townhouse,1.0,2022-05-24,,,"$850,000"
property-house-vic-thornbury-139199371,Thornbury,3071,3 Kemp Street,-37.762333,144.99608,4.0,2.0,house,4.0,2022-05-21,,,"$2,300,000"
property-house-vic-thornbury-138933431,Thornbury,3071,64 Flinders Street,-37.756163,145.005293,2.0,1.0,house,1.0,2022-05-20,275.0,m2,"$1,140,000"
property-apartment-vic-thornbury-139071783,Thornbury,3071,12/62 Dundas Street,-37.75316746,145.0078383,2.0,1.0,apartment,1.0,2022-05-20,,,"$460,000"
property-house-vic-thornbury-139129783,Thornbury,3071,170 Normanby Avenue,-37.757793,144.985646,3.0,2.0,house,1.0,2022-05-17,340.0,m2,"$1,290,000"
property-apartment-vic-thornbury-138423975,Thornbury,3071,2/639 High Street,-37.76155053,144.9998895,2.0,1.0,apartment,,2022-05-13,,,"$515,000"
property-apartment-vic-thornbury-139128147,Thornbury,3071,3/274 Mansfield Street,-37.75879686,145.0221823,1.0,1.0,apartment,1.0,2022-05-12,,,"$350,000"
property-house-vic-thornbury-139088399,Thornbury,3071,103 Hutton Street,-37.75520535,144.9918152,3.0,1.0,house,1.0,2022-05-07,232.0,m2,"$975,000"
property-apartment-vic-thornbury-138552559,Thornbury,3071,201/690 High Street,-37.7583438,145.0008682,2.0,1.0,apartment,1.0,2022-05-02,,,"$550,000"
property-house-vic-thornbury-138985903,Thornbury,3071,13 Boyd Street,-37.75650599,145.0154208,3.0,1.0,house,2.0,2022-05-01,252.0,m2,"$952,000"
property-house-vic-thornbury-139011423,Thornbury,3071,103 Fyffe Street,-37.753573,144.985454,3.0,1.0,house,2.0,2022-04-30,532.0,m2,"$1,530,000"
property-townhouse-vic-thornbury-139130855,Thornbury,3071,39A Harold Street,-37.756861,144.996927,2.0,2.0,townhouse,2.0,2022-04-30,196.0,m2,"$1,180,000"
property-townhouse-vic-thornbury-139025711,Thornbury,3071,256 Clarendon Street,-37.76183719,145.0205585,2.0,2.0,townhouse,2.0,2022-04-30,,,"$918,000"
property-townhouse-vic-thornbury-139027035,Thornbury,3071,2/130 Normanby Avenue,-37.758121,144.988453,2.0,1.0,townhouse,1.0,2022-04-30,,,"$797,500"
property-house-vic-thornbury-139044247,Thornbury,3071,306 Rathmines Street,-37.762728,145.018353,3.0,1.0,house,2.0,2022-04-28,,,"$1,820,000"
property-house-vic-thornbury-139025863,Thornbury,3071,24b Swift Street,-37.7644521,145.0173575,2.0,1.0,house,2.0,2022-04-28,,,"$810,000"
property-apartment-vic-thornbury-135943806,Thornbury,3071,4/137-139 Flinders Street,-37.75726305,145.0148898,2.0,1.0,apartment,1.0,2022-04-28,,,"$610,000"
property-apartment-vic-thornbury-139025359,Thornbury,3071,26/337 Station Street,-37.763439,145.020961,1.0,1.0,apartment,1.0,2022-04-28,,,"$414,000"
property-townhouse-vic-thornbury-138918499,Thornbury,3071,32/85C Clyde Street,-37.76140218,145.0117954,3.0,2.0,townhouse,2.0,2022-04-26,,,"$855,000"
property-house-vic-thornbury-139018359,Thornbury,3071,110 Woolton Avenue,-37.760047,144.988854,3.0,1.0,house,1.0,2022-04-23,,,"$1,660,000"
property-house-vic-thornbury-138970507,Thornbury,3071,20 Collins Street,-37.755096,145.002961,4.0,1.0,house,1.0,2022-04-23,362.0,m2,"$1,475,000"
property-apartment-vic-thornbury-138471503,Thornbury,3071,1/31 Woolton Avenue,-37.761167,144.996396,2.0,1.0,apartment,1.0,2022-04-18,,,"$600,000"
property-townhouse-vic-thornbury-138438483,Thornbury,3071,4/98 Normanby Avenue,-37.75839079,144.9909811,2.0,2.0,townhouse,1.0,2022-04-14,,,"$700,000"
property-apartment-vic-thornbury-138824119,Thornbury,3071,10/39 Rossmoyne Street,-37.7573362,145.0037624,1.0,1.0,apartment,1.0,2022-04-14,,,"$360,000"
property-apartment-vic-thornbury-137925342,Thornbury,3071,5/40 Swift Street,-37.762994,145.017563,2.0,1.0,apartment,1.0,2022-04-13,,,"$500,000"
property-apartment-vic-thornbury-138767115,Thornbury,3071,1/629 High Street,-37.76180881,144.9998453,1.0,1.0,apartment,1.0,2022-04-13,,,"$465,500"
property-townhouse-vic-thornbury-138824203,Thornbury,3071,22 Aviary Grove,-37.76123463,145.0270335,2.0,1.0,townhouse,1.0,2022-04-12,,,"$730,000"
property-apartment-vic-thornbury-138958567,Thornbury,3071,13/2 Dundas Street,-37.752559,145.002317,2.0,1.0,apartment,1.0,2022-04-12,,,"$535,000"
property-apartment-vic-thornbury-139010755,Thornbury,3071,6/66 Dundas Street,-37.753204,145.008312,2.0,1.0,apartment,1.0,2022-04-11,,,"$660,000"
property-apartment-vic-thornbury-138831135,Thornbury,3071,1/95 Raleigh Street,-37.75924401,145.0066019,1.0,1.0,apartment,1.0,2022-04-10,,,"$473,000"
property-house-vic-thornbury-138849979,Thornbury,3071,167 Clarendon Street,-37.760561,145.011135,4.0,2.0,house,1.0,2022-04-09,,,"$2,337,000"
property-house-vic-thornbury-138838767,Thornbury,3071,146 Rossmoyne Street,-37.758234,145.009438,4.0,2.0,house,1.0,2022-04-09,,,"$2,250,000"
property-house-vic-thornbury-138819823,Thornbury,3071,327 Raleigh Street,-37.761167,145.024683,3.0,1.0,house,2.0,2022-04-09,,,"$1,275,000"
property-unit-vic-thornbury-138842779,Thornbury,3071,5/38 Pender Street,-37.7540894,145.0052018,2.0,1.0,unit,1.0,2022-04-09,,,"$727,000"
property-unit-vic-thornbury-138761695,Thornbury,3071,2/104 Normanby Avenue,-37.7583447,144.9905819,2.0,1.0,unit,1.0,2022-04-09,,,"$695,000"
property-house-vic-thornbury-138854919,Thornbury,3071,1/157 Ballantyne Street,-37.75741508,144.9883709,2.0,2.0,house,,2022-04-08,,,"$990,000"
property-townhouse-vic-thornbury-138903743,Thornbury,3071,1B/280 Mansfield Street,-37.7588592,145.0227701,2.0,1.0,townhouse,1.0,2022-04-08,,,"$800,000"
property-unit-vic-thornbury-138416123,Thornbury,3071,14/75 Pender Street,-37.75416828,145.0097763,1.0,1.0,unit,1.0,2022-04-08,,,"$348,000"
property-apartment-vic-thornbury-138874291,Thornbury,3071,60/337 Station Street,-37.763439,145.020961,3.0,2.0,apartment,2.0,2022-04-07,,,"$775,000"
property-unit-vic-thornbury-138424071,Thornbury,3071,4/46 Clarendon Street,-37.76002773,145.0035781,2.0,1.0,unit,1.0,2022-04-05,,,"$450,000"
property-apartment-vic-thornbury-136583162,Thornbury,3071,10/74 Dundas Street,-37.753331,145.009433,1.0,1.0,apartment,1.0,2022-04-04,,,"$295,000"
property-house-vic-thornbury-138842511,Thornbury,3071,92 Mansfield Street,-37.757229,145.007569,3.0,1.0,house,1.0,2022-04-02,,,"$1,700,000"
property-house-vic-thornbury-138757767,Thornbury,3071,153 Shaftesbury Parade,-37.759274,144.987933,4.0,1.0,house,1.0,2022-04-02,,,"$1,615,000"
property-house-vic-thornbury-138745855,Thornbury,3071,6 Archbold Street,-37.75328,145.004258,3.0,1.0,house,2.0,2022-04-02,374.0,m2,"$1,551,000"
property-townhouse-vic-thornbury-138694443,Thornbury,3071,5/53A Pender Street,-37.75386546,145.0069984,2.0,2.0,townhouse,1.0,2022-04-02,,,"$918,000"
property-unit-vic-thornbury-138816087,Thornbury,3071,4/13 Strettle Street,-37.75426824,144.9832334,2.0,1.0,unit,1.0,2022-04-02,,,"$752,000"
property-apartment-vic-thornbury-138671903,Thornbury,3071,3/47 Martin Street,-37.761146,145.004206,1.0,1.0,apartment,1.0,2022-04-02,,,"$365,000"
property-townhouse-vic-thornbury-138730135,Thornbury,3071,17/52 Clyde Street,-37.76174947,145.0119594,3.0,2.0,townhouse,2.0,2022-03-31,,,"$1,300,000"
property-house-vic-thornbury-138689795,Thornbury,3071,523 St Georges Road,-37.753183,144.994341,3.0,1.0,house,2.0,2022-03-31,490.0,m2,"$1,255,000"
property-house-vic-thornbury-138619975,Thornbury,3071,171A Harold Street,-37.755337,144.985373,4.0,2.0,house,2.0,2022-03-29,435.0,m2,"$1,975,000"
property-townhouse-vic-thornbury-138421967,Thornbury,3071,27 Sparks Avenue,-37.76121713,145.0256109,2.0,2.0,townhouse,1.0,2022-03-29,108.0,m2,"$725,000"
property-house-vic-thornbury-138537923,Thornbury,3071,678 High Street,-37.758925,145.000735,5.0,1.0,house,2.0,2022-03-28,555.0,m2,"$2,955,000"
property-house-vic-thornbury-138670575,Thornbury,3071,34 Hutton Street,-37.755301,144.995362,5.0,2.0,house,1.0,2022-03-28,657.0,m2,"$1,810,000"
property-house-vic-thornbury-138691511,Thornbury,3071,66 Gooch Street,-37.758576,145.005126,4.0,1.0,house,2.0,2022-03-26,535.0,m2,"$1,800,000"
property-house-vic-thornbury-138685739,Thornbury,3071,99 Raleigh Street,-37.759281,145.006867,3.0,1.0,house,1.0,2022-03-26,312.0,m2,"$1,275,000"
property-townhouse-vic-thornbury-138686507,Thornbury,3071,72 Gooch Street,-37.75864303,145.0055653,3.0,2.0,townhouse,2.0,2022-03-26,,,"$1,156,000"
property-unit-vic-thornbury-138690403,Thornbury,3071,1/79 Fyffe Street,-37.75377765,144.9872129,2.0,1.0,unit,2.0,2022-03-26,,,"$825,000"
property-apartment-vic-thornbury-138682803,Thornbury,3071,2/39 Comas Grove,-37.753726,144.984917,2.0,1.0,apartment,1.0,2022-03-26,,,"$658,000"
property-unit-vic-thornbury-138688127,Thornbury,3071,4/64 Collins Street,-37.75528059,145.0069346,1.0,1.0,unit,1.0,2022-03-26,,,"$475,000"
property-townhouse-vic-thornbury-138666899,Thornbury,3071,3/304 Rossmoyne Street,-37.75958374,145.0220531,3.0,2.0,townhouse,2.0,2022-03-22,,,"$1,031,000"
property-townhouse-vic-thornbury-138685107,Thornbury,3071,368a Victoria Road,-37.755067,145.014093,3.0,2.0,townhouse,2.0,2022-03-22,,,"$1,030,000"
property-unit-vic-thornbury-137673902,Thornbury,3071,11/115 Shaftesbury Parade,-37.75961375,144.9907496,1.0,1.0,unit,1.0,2022-03-21,,,"$305,000"
property-townhouse-vic-thornbury-138626455,Thornbury,3071,178 Gooch Street,-37.75937084,145.012447,3.0,2.0,townhouse,2.0,2022-03-19,,,"$1,372,500"
property-house-vic-thornbury-138635567,Thornbury,3071,285 Clarendon Street,-37.761879,145.02362,4.0,2.0,house,2.0,2022-03-19,,,"$1,150,000"
property-townhouse-vic-thornbury-138619007,Thornbury,3071,5/86 Normanby Avenue,-37.75850218,144.9919454,2.0,1.0,townhouse,1.0,2022-03-19,,,"$731,000"
property-apartment-vic-thornbury-138606211,Thornbury,3071,10/109 Flinders Street,-37.75653332,145.0113025,2.0,1.0,apartment,2.0,2022-03-19,,,"$687,000"
property-apartment-vic-thornbury-138547623,Thornbury,3071,8/41 Ballantyne Street,-37.758439,144.997248,2.0,1.0,apartment,1.0,2022-03-18,,,"$580,050"
property-apartment-vic-thornbury-138678395,Thornbury,3071,2/86 Collins Street,-37.75555005,145.0095099,2.0,1.0,apartment,1.0,2022-03-18,,,"$535,000"
property-townhouse-vic-thornbury-138617323,Thornbury,3071,3/80 Pender Street,-37.754811,145.012753,2.0,2.0,townhouse,1.0,2022-03-17,,,"$811,000"
property-apartment-vic-thornbury-137824554,Thornbury,3071,2/9 Kemp Street,-37.76228878,144.9955346,1.0,1.0,apartment,1.0,2022-03-17,,,"$335,000"
property-apartment-vic-thornbury-136648342,Thornbury,3071,403/690 High Street,-37.7583438,145.0008682,2.0,1.0,apartment,1.0,2022-03-15,,,"$615,000"
property-apartment-vic-thornbury-136798918,Thornbury,3071,101/690 High Street,-37.7583438,145.0008682,2.0,1.0,apartment,1.0,2022-03-15,,,"$600,000"
property-house-vic-thornbury-138692315,Thornbury,3071,40 St David Street,-37.763208,145.005672,3.0,1.0,house,1.0,2022-03-13,,,"$1,810,000"
property-townhouse-vic-thornbury-138705207,Thornbury,3071,1/10 Walsh Avenue,-37.75771665,145.0237869,3.0,2.0,townhouse,2.0,2022-03-12,,,"$1,330,000"
property-townhouse-vic-thornbury-138547899,Thornbury,3071,2/53A Pender Street,-37.75386546,145.0069984,2.0,2.0,townhouse,1.0,2022-03-12,,,"$923,000"
property-unit-vic-thornbury-138569403,Thornbury,3071,6/13 Harold Street,-37.75692405,144.9993729,2.0,1.0,unit,1.0,2022-03-12,,,"$614,000"
property-apartment-vic-thornbury-138477875,Thornbury,3071,8/25 Martin Street,-37.76099284,145.002927,2.0,1.0,apartment,1.0,2022-03-12,,,"$450,000"
property-villa-vic-thornbury-138578327,Thornbury,3071,4/75 Speight Street,-37.762556,145.013217,1.0,1.0,villa,1.0,2022-03-12,,,"$383,000"
property-unit-vic-thornbury-137878698,Thornbury,3071,8/115 Shaftesbury Parade,-37.75961375,144.9907496,1.0,1.0,unit,1.0,2022-03-11,,,"$280,000"
property-apartment-vic-thornbury-138698779,Thornbury,3071,3/90 Harold Street,-37.75613131,144.9948974,1.0,1.0,apartment,1.0,2022-03-10,,,"$299,000"
property-apartment-vic-thornbury-138624819,Thornbury,3071,4/14 Kemp Street,-37.76196,144.995364,2.0,1.0,apartment,1.0,2022-03-09,,,"$620,000"
property-house-vic-thornbury-138482643,Thornbury,3071,300 St Georges Road,-37.760816,144.993272,7.0,5.0,house,2.0,2022-03-05,,,"$1,801,840"
property-house-vic-thornbury-138454131,Thornbury,3071,52 Keon Street,-37.752097,144.990863,3.0,2.0,house,2.0,2022-03-05,386.0,m2,"$1,355,000"
property-house-vic-thornbury-138482367,Thornbury,3071,16 Rossmoyne Street,-37.757462,145.002171,2.0,1.0,house,,2022-03-05,,,"$1,301,000"
property-townhouse-vic-thornbury-138404495,Thornbury,3071,109A Clyde Street,-37.76175188,145.0151,3.0,2.0,townhouse,1.0,2022-02-28,,,"$1,470,000"
property-townhouse-vic-thornbury-138403123,Thornbury,3071,54/85C Clyde Street,-37.76140218,145.0117954,3.0,2.0,townhouse,1.0,2022-02-28,,,"$913,000"
property-apartment-vic-thornbury-138547851,Thornbury,3071,16/6 Francis Grove,-37.76339685,145.0077558,1.0,1.0,apartment,1.0,2022-02-28,,,"$365,000"
property-house-vic-thornbury-138420247,Thornbury,3071,47 Rennie Street,-37.75316413,144.9896911,4.0,2.0,house,2.0,2022-02-26,,,"$1,810,000"
property-house-vic-thornbury-138169310,Thornbury,3071,78 Alston Court,-37.75594,145.023412,3.0,1.0,house,1.0,2022-02-26,,,"$1,200,000"
property-apartment-vic-thornbury-138426963,Thornbury,3071,14/37 Woolton Avenue,-37.76114435,144.9959976,2.0,1.0,apartment,1.0,2022-02-26,,,"$635,000"
property-apartment-vic-thornbury-138299178,Thornbury,3071,408/636 High Street,-37.76021562,145.0005471,2.0,1.0,apartment,1.0,2022-02-25,,,"$602,500"
property-house-vic-thornbury-138425383,Thornbury,3071,76 Rossmoyne Street,-37.757774,145.005136,4.0,2.0,house,,2022-02-24,,,"$2,342,000"
property-house-vic-thornbury-138373055,Thornbury,3071,105 Rennie Street,-37.752742,144.985897,3.0,2.0,house,1.0,2022-02-20,,,"$1,682,000"
property-apartment-vic-thornbury-138356459,Thornbury,3071,3/360 St Georges Road,-37.758087,144.993879,2.0,1.0,apartment,1.0,2022-02-19,,,"$562,000"
property-house-vic-thornbury-138362927,Thornbury,3071,261 Rossmoyne Street,-37.758811,145.017447,3.0,1.0,house,3.0,2022-02-18,480.0,m2,"$1,365,000"
property-apartment-vic-thornbury-138304930,Thornbury,3071,6/41 Ballantyne Street,-37.758439,144.997248,2.0,1.0,apartment,1.0,2022-02-18,,,"$638,000"
property-house-vic-thornbury-138144866,Thornbury,3071,32 Newman Street,-37.75662435,144.9861115,2.0,1.0,house,,2022-02-17,165.0,m2,"$1,037,000"
property-house-vic-thornbury-138383983,Thornbury,3071,108 Collins Street,-37.755837,145.012124,5.0,2.0,house,4.0,2022-02-16,640.0,m2,"$2,110,000"
property-apartment-vic-thornbury-138372815,Thornbury,3071,3/37 Woolton Avenue,-37.76114435,144.9959976,2.0,1.0,apartment,1.0,2022-02-16,,,"$762,000"
property-apartment-vic-thornbury-137841162,Thornbury,3071,12/31 Woolton Avenue,-37.761167,144.996396,2.0,1.0,apartment,1.0,2022-02-16,,,"$505,000"
property-house-vic-thornbury-138303290,Thornbury,3071,34 Hammond Street,-37.763705,145.011641,3.0,1.0,house,3.0,2022-02-12,,,"$1,602,000"
property-unit-vic-thornbury-138296894,Thornbury,3071,2/39 Clapham Street,-37.7541522,144.9980375,2.0,1.0,unit,2.0,2022-02-12,,,"$958,000"
property-townhouse-vic-thornbury-138308374,Thornbury,3071,7/158 Clarendon Street,-37.76140218,145.0117954,2.0,2.0,townhouse,2.0,2022-02-12,195.0,m2,"$820,000"
property-apartment-vic-thornbury-138291630,Thornbury,3071,73/337 Station Street,-37.763439,145.020961,3.0,2.0,apartment,2.0,2022-02-12,,,"$775,000"
property-house-vic-thornbury-138373063,Thornbury,3071,86 Rennie Street,-37.752558,144.986753,3.0,1.0,house,1.0,2022-02-10,,,"$1,740,000"
property-apartment-vic-thornbury-138445875,Thornbury,3071,25/6 Francis Grove,-37.76339685,145.0077558,1.0,1.0,apartment,1.0,2022-02-10,,,"$350,000"
property-villa-vic-thornbury-137985490,Thornbury,3071,3/308 Rossmoyne Street,-37.759624,145.022454,2.0,1.0,villa,1.0,2022-02-05,,,"$775,000"
property-apartment-vic-thornbury-136186290,Thornbury,3071,8/4 Dundas Street,-37.75255095,145.00251,1.0,1.0,apartment,1.0,2022-02-03,,,"$385,000"
property-townhouse-vic-thornbury-138243862,Thornbury,3071,17/158 Clarendon Street,-37.76140218,145.0117954,2.0,2.0,townhouse,1.0,2022-02-01,,,"$760,000"
property-unit-vic-thornbury-137874278,Thornbury,3071,8/56 Ballantyne Street,-37.75798145,144.9955852,1.0,1.0,unit,1.0,2022-01-29,,,"$365,000"
property-apartment-vic-thornbury-138012162,Thornbury,3071,8/18 Pender Street,-37.753854,145.003063,1.0,1.0,apartment,1.0,2022-01-29,,,"$326,000"
property-townhouse-vic-thornbury-137214946,Thornbury,3071,2/206 Dundas Street,-37.754689,145.02153,3.0,2.0,townhouse,2.0,2022-01-27,,,"$875,000"
property-unit-vic-thornbury-137590846,Thornbury,3071,4/37 Martin Street,-37.761106,145.003515,2.0,1.0,unit,1.0,2022-01-25,,,"$685,000"
property-house-vic-thornbury-137875806,Thornbury,3071,90 Dundas Street,-37.75363758,145.0118785,4.0,2.0,house,1.0,2022-01-17,,,"$1,425,000"
property-house-vic-thornbury-137938686,Thornbury,3071,10 Tharratt Street,-37.75483705,145.0086735,3.0,1.0,house,2.0,2022-01-12,,,"$1,185,000"
property-unit-vic-thornbury-137849842,Thornbury,3071,3/15 Rennie Street,-37.7534405,144.992473,1.0,1.0,unit,1.0,2022-01-04,,,"$340,000"
property-apartment-vic-thornbury-137776214,Thornbury,3071,202/679-685 High Street,-37.7602423,145.0001127,2.0,2.0,apartment,1.0,2022-01-03,,,"$605,000"
property-unit-vic-thornbury-137873850,Thornbury,3071,5/39 Martin Street,-37.76107366,145.0036377,2.0,1.0,unit,1.0,2021-12-27,,,"$690,000"
property-villa-vic-thornbury-137529718,Thornbury,3071,2/45-47 Collins Street,-37.75497368,145.0047088,2.0,1.0,villa,1.0,2021-12-23,,,"$660,000"
property-townhouse-vic-thornbury-138022142,Thornbury,3071,12/158 Clarendon Street,-37.76140218,145.0117954,2.0,2.0,townhouse,1.0,2021-12-22,,,"$750,000"
property-apartment-vic-thornbury-137826310,Thornbury,3071,1/119 Keon Street,-37.751774,144.985151,2.0,1.0,apartment,1.0,2021-12-22,,,"$579,000"
property-house-vic-thornbury-138035454,Thornbury,3071,34A Newman Street,-37.75661619,144.9860404,2.0,1.0,house,,2021-12-21,,,"$1,050,000"
property-apartment-vic-thornbury-137983590,Thornbury,3071,1/9 Hammond Street,-37.763285,145.010256,2.0,1.0,apartment,1.0,2021-12-19,,,"$761,500"
property-house-vic-thornbury-137938054,Thornbury,3071,26 Ethel Street,-37.754262,144.999442,3.0,1.0,house,1.0,2021-12-18,,,"$1,480,000"
property-house-vic-thornbury-137970926,Thornbury,3071,10 Clyde Street,-37.761162,145.006737,6.0,2.0,house,1.0,2021-12-18,454.0,m2,"$1,420,000"
property-house-vic-thornbury-137957434,Thornbury,3071,44/85c Clyde Street,-37.76140218,145.0117954,2.0,2.0,house,1.0,2021-12-18,,,"$898,000"
property-house-vic-thornbury-138015254,Thornbury,3071,93 Clarendon Street,-37.760016,145.006121,3.0,2.0,house,2.0,2021-12-16,379.0,m2,"$2,311,000"
property-townhouse-vic-thornbury-137950522,Thornbury,3071,40/85C Clyde Street,-37.76140218,145.0117954,2.0,2.0,townhouse,1.0,2021-12-15,,,"$902,000"
property-apartment-vic-thornbury-137827282,Thornbury,3071,10/15 Rennie Street,-37.7534405,144.992473,1.0,1.0,apartment,1.0,2021-12-14,,,"$320,000"
property-house-vic-thornbury-137963598,Thornbury,3071,176 Rossmoyne Street,-37.75847,145.01169,4.0,2.0,house,1.0,2021-12-11,,,"$2,300,000"
property-house-vic-thornbury-137866554,Thornbury,3071,11 Pender Street,-37.753523,145.002651,4.0,1.0,house,1.0,2021-12-11,769.0,m2,"$2,110,000"
property-house-vic-thornbury-137887470,Thornbury,3071,10 Plow Street,-37.755123,145.000316,3.0,1.0,house,,2021-12-11,,,"$1,945,000"
property-house-vic-thornbury-137886346,Thornbury,3071,105 Hutton Street,-37.75513,144.991712,3.0,1.0,house,,2021-12-11,,,"$1,483,000"
property-apartment-vic-thornbury-137880590,Thornbury,3071,6/70 Collins Street,-37.755343,145.007502,1.0,1.0,apartment,1.0,2021-12-11,,,"$553,000"
property-apartment-vic-thornbury-137898154,Thornbury,3071,6/109 Flinders Street,-37.75653332,145.0113025,2.0,1.0,apartment,2.0,2021-12-10,,,"$700,000"
property-apartment-vic-thornbury-137877434,Thornbury,3071,8/143 Smith Street,-37.756621,144.989288,1.0,1.0,apartment,1.0,2021-12-08,,,"$372,500"
property-house-vic-thornbury-137840646,Thornbury,3071,160 Collins Street,-37.75598,145.016876,3.0,1.0,house,3.0,2021-12-04,,,"$1,710,000"
property-house-vic-thornbury-137888534,Thornbury,3071,30 Martin Street,-37.761261,145.002477,3.0,2.0,house,,2021-12-04,,,"$1,573,000"
property-unit-vic-thornbury-137754586,Thornbury,3071,2/325 Mansfield Street,-37.75893593,145.026428,3.0,1.0,unit,2.0,2021-12-04,,,"$710,000"
property-townhouse-vic-thornbury-137953042,Thornbury,3071,2/90 Dundas Street,-37.75363758,145.0118785,3.0,2.0,townhouse,2.0,2021-12-03,,,"$1,050,000"
property-unit-vic-thornbury-137895506,Thornbury,3071,2/18 Fyffe Street,-37.7538897,144.9923541,2.0,1.0,unit,2.0,2021-12-03,,,"$840,000"
property-unit-vic-thornbury-137894450,Thornbury,3071,1/224 Rossmoyne Street,-37.75875308,145.0141892,2.0,1.0,unit,1.0,2021-12-01,,,"$877,000"
property-house-vic-thornbury-137700690,Thornbury,3071,24 Collins Street,-37.755128,145.00321,4.0,2.0,house,3.0,2021-11-29,,,"$2,175,000"
property-house-vic-thornbury-137705302,Thornbury,3071,131 Ballantyne Street,-37.757651,144.990497,2.0,1.0,house,2.0,2021-11-29,329.0,m2,"$1,210,000"
property-apartment-vic-thornbury-137721214,Thornbury,3071,7/86 Collins Street,-37.75555005,145.0095099,2.0,1.0,apartment,2.0,2021-11-29,,,"$668,000"
property-apartment-vic-thornbury-137503914,Thornbury,3071,4/30 Strettle Street,-37.7525945,144.9831192,1.0,1.0,apartment,1.0,2021-11-29,,,"$375,000"
property-house-vic-thornbury-137761078,Thornbury,3071,41 Speight Street,-37.76224986,145.0103257,3.0,3.0,house,,2021-11-27,,,"$1,630,000"
property-house-vic-thornbury-137736722,Thornbury,3071,94A Harold Street,-37.75585625,144.9933454,3.0,2.0,house,,2021-11-27,,,"$1,380,000"
property-townhouse-vic-thornbury-137721966,Thornbury,3071,1/147 Ballantyne Street,-37.75752842,144.9893462,3.0,2.0,townhouse,2.0,2021-11-27,,,"$1,200,000"
property-apartment-vic-thornbury-136923766,Thornbury,3071,4/639 High Street,-37.76155053,144.9998895,1.0,1.0,apartment,,2021-11-24,,,"$395,000"
property-house-vic-thornbury-137819214,Thornbury,3071,25 Kelvin Grove,-37.762188,145.002396,2.0,1.0,house,,2021-11-23,239.0,m2,"$1,527,500"
property-house-vic-thornbury-137657806,Thornbury,3071,174 Raleigh Street,-37.760043,145.011444,3.0,1.0,house,2.0,2021-11-20,474.0,m2,"$1,585,000"
property-house-vic-thornbury-137566994,Thornbury,3071,72 Raleigh Street,-37.75943,145.00558,3.0,1.0,house,,2021-11-20,,,"$1,160,000"
property-townhouse-vic-thornbury-137627306,Thornbury,3071,2/3 Watt Street,-37.7536057,144.996233,4.0,2.0,townhouse,1.0,2021-11-20,,,"$1,150,000"
property-apartment-vic-thornbury-137651810,Thornbury,3071,3/84 St David Street,-37.75340119,145.0068235,2.0,1.0,apartment,1.0,2021-11-20,,,"$697,500"
property-house-vic-thornbury-137791394,Thornbury,3071,151 Shaftesbury Parade,-37.759286,144.988069,4.0,2.0,house,2.0,2021-11-18,,,"$2,465,000"
property-apartment-vic-thornbury-137530302,Thornbury,3071,1/75 Pender Street,-37.75416828,145.0097763,1.0,1.0,apartment,1.0,2021-11-17,,,"$380,000"
property-apartment-vic-thornbury-137381398,Thornbury,3071,7/115 Shaftesbury Parade,-37.75961375,144.9907496,1.0,1.0,apartment,1.0,2021-11-17,,,"$335,000"
property-house-vic-thornbury-137755410,Thornbury,3071,21 Fyffe Street,-37.75431391,144.9922806,2.0,1.0,house,2.0,2021-11-15,,,"$1,230,000"
property-house-vic-thornbury-137588618,Thornbury,3071,10 Newman Street,-37.756778,144.987399,3.0,1.0,house,2.0,2021-11-13,596.0,m2,"$1,727,500"
property-house-vic-thornbury-137639918,Thornbury,3071,107 Harold Street,-37.75593943,144.9906549,3.0,1.0,house,,2021-11-12,356.0,m2,"$1,390,000"
property-unit-vic-thornbury-137626158,Thornbury,3071,78/337  Station street,-37.763439,145.020961,2.0,1.0,unit,1.0,2021-11-11,,,"$675,000"
property-townhouse-vic-thornbury-137450246,Thornbury,3071,31/85C Clyde Street,-37.76140218,145.0117954,3.0,2.0,townhouse,2.0,2021-11-09,,,"$855,000"
property-house-vic-thornbury-137603822,Thornbury,3071,160 Raleigh Street,-37.75992674,145.0103916,3.0,1.0,house,2.0,2021-11-08,,,"$1,475,000"
property-unit-vic-thornbury-137497546,Thornbury,3071,8/45 Woolton Avenue,-37.76105,144.99532,1.0,1.0,unit,1.0,2021-11-08,,,"$378,000"
property-house-vic-thornbury-137500858,Thornbury,3071,24 Rossmoyne Street,-37.757506,145.002635,3.0,1.0,house,,2021-11-06,,,"$1,520,000"
property-townhouse-vic-thornbury-137450258,Thornbury,3071,4/354 Station Street,-37.76311431,145.0205579,2.0,2.0,townhouse,1.0,2021-11-04,,,"$750,000"
property-house-vic-thornbury-137477810,Thornbury,3071,14 Rayment Street,-37.7594892,144.9964528,3.0,2.0,house,1.0,2021-11-03,,,"$1,130,000"
property-unit-vic-thornbury-137443234,Thornbury,3071,1/129 Fyffe Street,-37.75325328,144.982205,3.0,1.0,unit,2.0,2021-11-01,245.0,m2,"$990,000"
property-villa-vic-thornbury-137521038,Thornbury,3071,2/73 Pender Street,-37.75415125,145.009616,2.0,1.0,villa,1.0,2021-10-31,,,"$850,000"
property-apartment-vic-thornbury-137340990,Thornbury,3071,7/61 Harold Street,-37.75643378,144.9951957,1.0,1.0,apartment,1.0,2021-10-30,,,"$426,000"
property-house-vic-thornbury-137471110,Thornbury,3071,75 Collins Street,-37.755306,145.010004,3.0,2.0,house,2.0,2021-10-27,,,"$1,810,000"
property-house-vic-thornbury-137515286,Thornbury,3071,91 Woolton Avenue,-37.76049,144.990522,3.0,1.0,house,2.0,2021-10-27,435.0,m2,"$1,430,000"
property-apartment-vic-thornbury-137534986,Thornbury,3071,1/195 Mansfield Street,-37.75773414,145.0151074,1.0,1.0,apartment,2.0,2021-10-24,,,"$541,000"
property-villa-vic-thornbury-137380698,Thornbury,3071,37 Ethel Street,-37.752615,144.999338,2.0,1.0,villa,1.0,2021-10-22,,,"$860,000"
property-apartment-vic-thornbury-137117490,Thornbury,3071,7/42 Dundas Street,-37.752878,145.005529,1.0,1.0,apartment,1.0,2021-10-20,,,"$320,250"
property-apartment-vic-thornbury-137367758,Thornbury,3071,2/22 Smith Street,-37.757436,144.998579,1.0,1.0,apartment,1.0,2021-10-19,,,"$500,000"
property-house-vic-thornbury-137386882,Thornbury,3071,84 Pender Street,-37.754864,145.013217,3.0,1.0,house,3.0,2021-10-16,,,"$1,735,000"
property-house-vic-thornbury-137311142,Thornbury,3071,72 Speight Street,-37.762933,145.013932,2.0,1.0,house,2.0,2021-10-16,606.0,m2,"$1,600,000"
property-house-vic-thornbury-136780634,Thornbury,3071,60 Stott Street,-37.761815,144.997967,2.0,1.0,house,,2021-10-15,405.0,m2,"$1,385,000"
property-apartment-vic-thornbury-137380446,Thornbury,3071,3/8 Kemp Street,-37.762013,144.995816,2.0,1.0,apartment,1.0,2021-10-15,,,"$560,000"
property-unit-vic-thornbury-136671982,Thornbury,3071,7/14-16 Hutton Street,-37.75574431,144.9993492,1.0,1.0,unit,1.0,2021-10-15,,,"$320,000"
property-unit-vic-thornbury-137285090,Thornbury,3071,4/16 Dundas Street,-37.75264066,145.0032984,2.0,1.0,unit,1.0,2021-10-13,,,"$862,000"
property-unit-vic-thornbury-137285358,Thornbury,3071,1/16 Dundas Street,-37.75264066,145.0032984,2.0,1.0,unit,2.0,2021-10-13,,,"$845,000"
property-unit-vic-thornbury-137285354,Thornbury,3071,2/16 Dundas Street,-37.75264066,145.0032984,2.0,1.0,unit,1.0,2021-10-13,,,"$837,000"
property-apartment-vic-thornbury-137298494,Thornbury,3071,11/75 Pender Street,-37.75416828,145.0097763,1.0,1.0,apartment,1.0,2021-10-11,,,"$360,000"
property-unit-vic-thornbury-136940750,Thornbury,3071,6/55 Martin Street,-37.76118759,145.0046397,1.0,1.0,unit,1.0,2021-10-10,,,"$385,000"
property-house-vic-thornbury-137186826,Thornbury,3071,201 Raleigh Street,-37.760149,145.015016,3.0,2.0,house,4.0,2021-10-09,,,"$1,911,000"
property-house-vic-thornbury-137263810,Thornbury,3071,234 Collins Street,-37.7567688,145.0238471,3.0,1.0,house,1.0,2021-10-07,,,"$930,000"
property-apartment-vic-thornbury-137122338,Thornbury,3071,3/31 Woolton Avenue,-37.761167,144.996396,2.0,1.0,apartment,1.0,2021-10-06,,,"$655,000"
property-apartment-vic-thornbury-137234638,Thornbury,3071,202/133 Miller Street,-37.75124853,144.9884747,2.0,1.0,apartment,1.0,2021-10-04,,,"$680,000"
property-villa-vic-thornbury-137287034,Thornbury,3071,7/23 Comas Grove,-37.7553145,144.9846152,2.0,2.0,villa,1.0,2021-09-30,,,"$940,000"
property-house-vic-thornbury-137318774,Thornbury,3071,92 Clarendon Street,-37.760371,145.006849,4.0,1.0,house,2.0,2021-09-28,481.0,m2,"$1,765,000"
property-townhouse-vic-thornbury-135655566,Thornbury,3071,5/1A Ballantyne Street,-37.75879181,145.0002362,2.0,1.0,townhouse,1.0,2021-09-28,,,"$670,000"
property-townhouse-vic-thornbury-136942726,Thornbury,3071,2/334 Gillies Street,-37.76227568,145.019569,3.0,2.0,townhouse,2.0,2021-09-21,,,"$1,210,000"
property-house-vic-thornbury-137247850,Thornbury,3071,6 Walsh Avenue,-37.757998,145.023769,2.0,1.0,house,2.0,2021-09-20,557.0,m2,"$1,275,000"
property-apartment-vic-thornbury-136325278,Thornbury,3071,7/66 Dundas Street,-37.753204,145.008312,1.0,1.0,apartment,1.0,2021-09-20,,,"$349,000"
property-townhouse-vic-thornbury-136271914,Thornbury,3071,13/337 Station Street,-37.763439,145.020961,3.0,2.0,townhouse,2.0,2021-09-13,,,"$795,000"
property-apartment-vic-thornbury-136949390,Thornbury,3071,6/5 Normanby Avenue,-37.75956974,144.9994245,2.0,1.0,apartment,1.0,2021-09-08,,,"$515,000"
property-house-vic-thornbury-136895090,Thornbury,3071,115 Clarendon Street,-37.760156,145.007445,6.0,3.0,house,3.0,2021-09-04,534.0,m2,"$1,681,000"
property-flat-vic-thornbury-136940018,Thornbury,3071,4/305 Rathmines Street,-37.76285148,145.0186908,2.0,1.0,flat,1.0,2021-08-31,,,"$610,000"
property-apartment-vic-thornbury-136800038,Thornbury,3071,3/34 Pender Street,-37.75404619,145.0047831,1.0,1.0,apartment,1.0,2021-08-31,,,"$427,500"
property-house-vic-thornbury-136787314,Thornbury,3071,352 Victoria Road,-37.75701833,145.0137385,3.0,1.0,house,2.0,2021-08-12,,,"$1,125,000"
property-townhouse-vic-thornbury-136159446,Thornbury,3071,3/71 Miller Street,-37.75171276,144.9911653,2.0,2.0,townhouse,1.0,2021-08-10,,,"$785,000"
property-apartment-vic-thornbury-136941110,Thornbury,3071,9/109 Flinders Street,-37.75653332,145.0113025,2.0,1.0,apartment,1.0,2021-08-09,,,"$690,000"
property-house-vic-thornbury-136691206,Thornbury,3071,46 Kemp Street,-37.761688,144.993112,5.0,3.0,house,1.0,2021-08-07,,,"$1,550,000"
property-house-vic-thornbury-136841002,Thornbury,3071,19 Collins Street,-37.754808,145.002946,2.0,1.0,house,1.0,2021-08-05,278.0,m2,"$1,830,000"
property-townhouse-vic-thornbury-136780498,Thornbury,3071,343 Gillies Street,-37.76190144,145.0200489,2.0,1.0,townhouse,1.0,2021-08-03,,,"$1,031,000"
property-townhouse-vic-thornbury-136670354,Thornbury,3071,1/24 Dundas Street,-37.75267765,145.0036245,3.0,1.0,townhouse,1.0,2021-07-31,,,"$909,000"
property-house-vic-thornbury-136618050,Thornbury,3071,87 Clyde Street,-37.76157,145.013242,3.0,1.0,house,3.0,2021-07-29,,,"$1,295,000"
property-townhouse-vic-thornbury-136725394,Thornbury,3071,19 Aviary Grove,-37.76125227,145.0271975,3.0,1.0,townhouse,1.0,2021-07-28,,,"$773,000"
property-apartment-vic-thornbury-136679222,Thornbury,3071,7/9 Kemp Street,-37.76228878,144.9955346,2.0,1.0,apartment,1.0,2021-07-25,,,"$710,000"
property-house-vic-thornbury-136660918,Thornbury,3071,7 Hammond Street,-37.763273,145.010052,3.0,1.0,house,3.0,2021-07-24,551.0,m2,"$1,553,000"
property-townhouse-vic-thornbury-136693906,Thornbury,3071,53/85C Clyde Street,-37.76140218,145.0117954,2.0,2.0,townhouse,1.0,2021-07-24,,,"$902,000"
property-townhouse-vic-thornbury-136571234,Thornbury,3071,30/85c Clyde Street,-37.76140218,145.0117954,3.0,2.0,townhouse,2.0,2021-07-17,,,"$870,000"
property-house-vic-thornbury-136568718,Thornbury,3071,115 Hutton Street,-37.755053,144.990897,3.0,1.0,house,1.0,2021-07-15,,,"$1,300,000"
property-house-vic-thornbury-136567114,Thornbury,3071,68 Wilmoth Street,-37.762913,145.016509,4.0,1.0,house,2.0,2021-07-10,,,"$1,517,000"
property-townhouse-vic-thornbury-136615914,Thornbury,3071,12 Aviary Grove,-37.76138021,145.026639,2.0,1.0,townhouse,1.0,2021-07-10,,,"$720,000"
property-apartment-vic-thornbury-136581414,Thornbury,3071,4/85 St David Street,-37.76097922,145.0054822,2.0,1.0,apartment,1.0,2021-07-10,,,"$665,000"
property-apartment-vic-thornbury-135921674,Thornbury,3071,610/636 High Street,-37.76021562,145.0005471,1.0,1.0,apartment,1.0,2021-07-06,,,"$406,000"
property-house-vic-thornbury-136381942,Thornbury,3071,177 Smith Street,-37.756295,144.986538,3.0,1.0,house,2.0,2021-07-03,,,"$1,360,000"
property-townhouse-vic-thornbury-136442162,Thornbury,3071,18/337 Station Street,-37.763439,145.020961,3.0,2.0,townhouse,2.0,2021-07-03,,,"$1,005,000"
property-apartment-vic-thornbury-136372026,Thornbury,3071,6/29 Smith Street,-37.75756168,144.9971689,2.0,1.0,apartment,1.0,2021-07-03,,,"$580,000"
property-apartment-vic-thornbury-136655478,Thornbury,3071,7/39 Rossmoyne Street,-37.7573362,145.0037624,1.0,1.0,apartment,1.0,2021-07-03,,,"$360,000"
property-house-vic-thornbury-136439230,Thornbury,3071,37 Newman Street,-37.756811,144.985616,3.0,2.0,house,2.0,2021-06-29,,,"$1,300,000"
property-townhouse-vic-thornbury-136271710,Thornbury,3071,28 Aviary Grove,-37.76119937,145.0267057,3.0,1.0,townhouse,1.0,2021-06-29,,,"$700,000"
property-apartment-vic-thornbury-136312742,Thornbury,3071,6/114 Normanby Avenue,-37.75823801,144.9896583,2.0,1.0,apartment,1.0,2021-06-29,,,"$531,500"
property-apartment-vic-thornbury-136273342,Thornbury,3071,605/636 High Street,-37.76021562,145.0005471,1.0,1.0,apartment,1.0,2021-06-29,,,"$482,500"
property-apartment-vic-thornbury-136367894,Thornbury,3071,7/13-15 Hutton Street,-37.75600799,144.9993048,1.0,1.0,apartment,1.0,2021-06-29,,,"$366,000"
property-house-vic-thornbury-136254854,Thornbury,3071,6 Woolton Avenue,-37.761231,144.999107,3.0,2.0,house,5.0,2021-06-26,,,"$2,295,000"
property-house-vic-thornbury-136401630,Thornbury,3071,116 Rossmoyne Street,-37.7580655,145.0076949,4.0,2.0,house,1.0,2021-06-26,374.0,m2,"$2,215,000"
property-house-vic-thornbury-136444294,Thornbury,3071,159 Collins Street,-37.755809,145.017925,3.0,1.0,house,2.0,2021-06-26,529.0,m2,"$1,535,000"
property-house-vic-thornbury-136256070,Thornbury,3071,180 Dundas Street,-37.754445,145.019346,3.0,1.0,house,2.0,2021-06-26,,,"$1,400,000"
property-villa-vic-thornbury-136407986,Thornbury,3071,6/38-40 Pender Street,-37.7540894,145.0052018,2.0,1.0,villa,2.0,2021-06-26,,,"$746,000"
property-house-vic-thornbury-136389062,Thornbury,3071,171 Darebin Road,-37.764602,145.013524,2.0,1.0,house,1.0,2021-06-24,,,"$1,350,000"
property-apartment-vic-thornbury-136368426,Thornbury,3071,4/26 Dundas Street,-37.75270856,145.0038969,2.0,1.0,apartment,1.0,2021-06-24,,,"$667,000"
property-townhouse-vic-thornbury-136338278,Thornbury,3071,3/20 Woolton Avenue,-37.7610994,144.9981011,2.0,2.0,townhouse,1.0,2021-06-23,,,"$1,060,000"
property-townhouse-vic-thornbury-135760046,Thornbury,3071,24 Aviary Grove,-37.76122291,145.0269244,3.0,1.0,townhouse,1.0,2021-06-23,,,"$735,000"
property-apartment-vic-thornbury-136371294,Thornbury,3071,12/137-139 Flinders Street,-37.75726305,145.0148898,2.0,1.0,apartment,1.0,2021-06-23,,,"$629,000"
property-villa-vic-thornbury-136187058,Thornbury,3071,6/184 Normanby Avenue,-37.75758956,144.98402,2.0,1.0,villa,2.0,2021-06-16,,,"$637,500"
property-apartment-vic-thornbury-136272278,Thornbury,3071,1/77 Pender Street,-37.75420692,145.0100227,1.0,1.0,apartment,1.0,2021-06-11,,,"$335,000"
property-apartment-vic-thornbury-136260930,Thornbury,3071,7/25 Kemp Street,-37.76214069,144.9942711,2.0,1.0,apartment,1.0,2021-06-06,,,"$663,000"
property-house-vic-thornbury-136254782,Thornbury,3071,55 Ballantyne Street,-37.758328,144.996381,3.0,1.0,house,2.0,2021-06-05,,,"$1,609,500"
property-unit-vic-thornbury-136271030,Thornbury,3071,2/76 Collins Street,-37.75540912,145.0080953,2.0,1.0,unit,2.0,2021-06-05,,,"$960,000"
property-townhouse-vic-thornbury-134643734,Thornbury,3071,1/371 Station Street,-37.760634,145.021394,2.0,2.0,townhouse,1.0,2021-05-31,,,"$810,000"
property-house-vic-thornbury-136204586,Thornbury,3071,52 Rossmoyne Street,-37.757656,145.004073,4.0,2.0,house,1.0,2021-05-29,,,"$2,450,000"
property-house-vic-thornbury-136257582,Thornbury,3071,9 Taylor Street,-37.752159,144.987638,4.0,2.0,house,3.0,2021-05-29,485.0,m2,"$1,742,000"
property-apartment-vic-thornbury-136207202,Thornbury,3071,4/32 Dundas Street,-37.7527945,145.0046449,2.0,1.0,apartment,1.0,2021-05-29,,,"$701,000"
property-townhouse-vic-thornbury-136150066,Thornbury,3071,1/11 Clarendon Street,-37.75953475,145.0017316,2.0,2.0,townhouse,2.0,2021-05-27,,,"$948,000"
property-townhouse-vic-thornbury-136222282,Thornbury,3071,3/59 Miller Street,-37.75159316,144.9918712,2.0,2.0,townhouse,1.0,2021-05-27,,,"$886,000"
property-house-vic-thornbury-136007730,Thornbury,3071,40 Alston Street,-37.755502,145.020021,4.0,1.0,house,3.0,2021-05-26,519.0,m2,"$1,200,000"
property-apartment-vic-thornbury-136168862,Thornbury,3071,13/115 Shaftesbury Parade,-37.75961375,144.9907496,1.0,1.0,apartment,1.0,2021-05-24,,,"$302,000"
property-apartment-vic-thornbury-136143286,Thornbury,3071,15/8 Kemp Street,-37.762013,144.995816,2.0,1.0,apartment,1.0,2021-05-22,,,"$545,000"
property-house-vic-thornbury-136264910,Thornbury,3071,18A Gladhall Avenue,-37.75683422,145.0202182,3.0,2.0,house,2.0,2021-05-21,,,"$1,800,000"
property-townhouse-vic-thornbury-136200678,Thornbury,3071,129A Collins Street,-37.75548103,145.0152079,4.0,2.0,townhouse,2.0,2021-05-20,,,"$1,787,000"
property-apartment-vic-thornbury-136112994,Thornbury,3071,3/37 Collins Street,-37.75488997,145.0039448,2.0,1.0,apartment,1.0,2021-05-20,,,"$726,000"
property-house-vic-thornbury-136069882,Thornbury,3071,42 Speight Street,-37.762654,145.011306,3.0,2.0,house,4.0,2021-05-15,605.0,m2,"$2,465,000"
property-unit-vic-thornbury-136070406,Thornbury,3071,1/45-47 Collins Street,-37.75497368,145.0047088,2.0,1.0,unit,2.0,2021-05-15,,,"$663,000"
property-apartment-vic-thornbury-135903706,Thornbury,3071,1/101 Smith Street,-37.75690841,144.9918458,2.0,1.0,apartment,1.0,2021-05-14,,,"$490,000"
property-house-vic-thornbury-136072890,Thornbury,3071,517 St Georges Road,-37.7535884,144.9942129,3.0,1.0,house,1.0,2021-05-12,,,"$1,200,000"
property-townhouse-vic-thornbury-135376098,Thornbury,3071,31 Ethel Street,-37.75283,144.999302,3.0,1.0,townhouse,2.0,2021-05-11,163.0,m2,"$870,000"
property-house-vic-thornbury-135981318,Thornbury,3071,64-66 Wales Street,-37.76158591,145.0093822,4.0,2.0,house,1.0,2021-05-08,,,"$1,710,000"
property-house-vic-thornbury-136011494,Thornbury,3071,139 Raleigh Street,-37.759506,145.008972,3.0,1.0,house,,2021-05-08,,,"$1,660,000"
property-house-vic-thornbury-135971894,Thornbury,3071,61 Ballantyne Street,-37.758286,144.996042,4.0,1.0,house,2.0,2021-05-08,512.0,m2,"$1,620,000"
property-apartment-vic-thornbury-135989322,Thornbury,3071,8/22 Smith Street,-37.757436,144.998579,2.0,1.0,apartment,1.0,2021-05-08,,,"$595,000"
property-townhouse-vic-thornbury-136061494,Thornbury,3071,11 Ibis Place,-37.76104954,145.0265601,3.0,2.0,townhouse,1.0,2021-05-07,,,"$760,000"
property-townhouse-vic-thornbury-134669602,Thornbury,3071,1/7 Martin Street,-37.760845,145.001308,2.0,2.0,townhouse,1.0,2021-05-06,,,"$950,000"
property-apartment-vic-thornbury-135991722,Thornbury,3071,10/70 Collins Street,-37.755343,145.007502,1.0,1.0,apartment,1.0,2021-05-06,,,"$395,000"
property-house-vic-thornbury-136010778,Thornbury,3071,190A Raleigh Street,-37.76019735,145.0126911,3.0,2.0,house,2.0,2021-05-04,,,"$1,471,000"
property-apartment-vic-thornbury-135942574,Thornbury,3071,202/690 High Street,-37.7583438,145.0008682,2.0,1.0,apartment,1.0,2021-05-03,,,"$662,500"
property-house-vic-thornbury-135933698,Thornbury,3071,8 Keon Street,-37.752409,144.99384,3.0,1.0,house,2.0,2021-05-02,367.0,m2,"$1,440,000"
property-house-vic-thornbury-135937334,Thornbury,3071,47 Comas Grove,-37.753133,144.985024,2.0,1.0,house,2.0,2021-05-01,,,"$1,670,000"
property-residential land-vic-thornbury-202819358,Thornbury,3071,106 Normanby Avenue,-37.758342,144.990331,,,residential land,,2021-05-01,660.0,m2,"$1,580,000"
property-house-vic-thornbury-135974386,Thornbury,3071,39 Hutton Street,-37.755764,144.997154,2.0,1.0,house,2.0,2021-05-01,248.0,m2,"$1,310,000"
property-house-vic-thornbury-136029882,Thornbury,3071,146 Dundas Street,-37.754156,145.016663,2.0,1.0,house,1.0,2021-04-28,,,"$1,399,000"
property-unit-vic-thornbury-136007014,Thornbury,3071,4/125 Fyffe Street,-37.75327648,144.9824233,3.0,1.0,unit,2.0,2021-04-26,,,"$1,100,000"
property-apartment-vic-thornbury-135858902,Thornbury,3071,3/178b Gooch Street,-37.75937084,145.012447,2.0,1.0,apartment,1.0,2021-04-24,,,"$760,000"
property-townhouse-vic-thornbury-135840998,Thornbury,3071,1 Rosella Walk,-37.76106867,145.0260438,2.0,1.0,townhouse,1.0,2021-04-23,,,"$635,000"
property-apartment-vic-thornbury-135731814,Thornbury,3071,4/5 Kemp Street,-37.76232281,144.9958249,1.0,1.0,apartment,,2021-04-23,,,"$310,000"
property-apartment-vic-thornbury-135728858,Thornbury,3071,4/133 Miller Street,-37.75124853,144.9884747,2.0,1.0,apartment,1.0,2021-04-21,,,"$670,000"
property-unit-vic-thornbury-135952306,Thornbury,3071,4/135 Raleigh Street,-37.759474,145.008689,1.0,1.0,unit,1.0,2021-04-19,,,"$586,000"
property-house-vic-thornbury-135831602,Thornbury,3071,342 Gillies Street,-37.76172294,145.0196404,3.0,1.0,house,1.0,2021-04-17,,,"$1,345,000"
property-house-vic-thornbury-135782914,Thornbury,3071,13 Riley Street,-37.757209,145.020793,3.0,1.0,house,2.0,2021-04-17,418.0,m2,"$1,320,000"
property-villa-vic-thornbury-135835054,Thornbury,3071,3/128 Normanby Avenue,-37.75812685,144.9886961,2.0,1.0,villa,1.0,2021-04-17,,,"$775,000"
property-apartment-vic-thornbury-135833306,Thornbury,3071,6/12 Ballantyne Street,-37.75840136,144.9993006,2.0,1.0,apartment,1.0,2021-04-14,,,"$650,000"
property-house-vic-thornbury-135881254,Thornbury,3071,17 Smith Street,-37.757688,144.998498,4.0,1.0,house,2.0,2021-04-12,512.0,m2,"$1,460,000"
property-apartment-vic-thornbury-135751806,Thornbury,3071,8/5 Normanby Avenue,-37.75956974,144.9994245,1.0,1.0,apartment,1.0,2021-04-10,,,"$418,000"
property-apartment-vic-thornbury-135740382,Thornbury,3071,12/77 Pender Street,-37.75420692,145.0100227,2.0,1.0,apartment,1.0,2021-04-09,,,"$482,000"
property-apartment-vic-thornbury-135688902,Thornbury,3071,5/22 Smith Street,-37.757436,144.998579,1.0,1.0,apartment,1.0,2021-03-31,,,"$380,000"
property-house-vic-thornbury-135649434,Thornbury,3071,42 Alston Street,-37.755522,145.020191,3.0,1.0,house,8.0,2021-03-27,,,"$1,125,000"
property-apartment-vic-thornbury-135653574,Thornbury,3071,1/17 Kemp Street,-37.76221259,144.9948846,1.0,1.0,apartment,1.0,2021-03-27,,,"$475,000"
property-apartment-vic-thornbury-135666030,Thornbury,3071,1/67 Pender Street,-37.75406341,145.008833,1.0,1.0,apartment,1.0,2021-03-24,,,"$480,000"
property-house-vic-thornbury-135584826,Thornbury,3071,50 Johnson Street,-37.762212,144.999001,4.0,2.0,house,1.0,2021-03-21,420.0,m2,"$1,295,000"
property-apartment-vic-thornbury-135634066,Thornbury,3071,4/45 Clarendon Street,-37.759717,145.003359,2.0,1.0,apartment,1.0,2021-03-20,,,"$640,000"
property-apartment-vic-thornbury-135609898,Thornbury,3071,7/95 Raleigh Street,-37.75924401,145.0066019,1.0,1.0,apartment,1.0,2021-03-15,,,"$385,000"
property-house-vic-thornbury-135659998,Thornbury,3071,70 Mansfield Street,-37.757079,145.006165,3.0,1.0,house,1.0,2021-03-08,470.0,m2,"$1,715,000"
property-house-vic-thornbury-135414230,Thornbury,3071,90 Rossmoyne Street,-37.75792458,145.0063611,3.0,1.0,house,,2021-03-06,,,"$1,420,000"
property-house-vic-thornbury-135414842,Thornbury,3071,90A Rossmoyne Street,-37.7579119,145.0062412,3.0,1.0,house,2.0,2021-03-06,,,"$1,351,000"
property-apartment-vic-thornbury-135465534,Thornbury,3071,20/6 Francis Grove,-37.76339685,145.0077558,1.0,1.0,apartment,1.0,2021-03-06,,,"$329,000"
property-house-vic-thornbury-135515806,Thornbury,3071,13 Hill Street,-37.754833,144.983298,4.0,2.0,house,3.0,2021-03-05,,,"$1,725,000"
property-apartment-vic-thornbury-135401322,Thornbury,3071,199 Mansfield Street,-37.75773414,145.0151074,1.0,1.0,apartment,1.0,2021-03-05,,,"$415,000"
property-apartment-vic-thornbury-135453574,Thornbury,3071,8/187 Mansfield Street,-37.75766785,145.0143114,1.0,1.0,apartment,1.0,2021-03-05,,,"$319,000"
property-unit-vic-thornbury-134485038,Thornbury,3071,1/184 Normanby Avenue,-37.75758956,144.98402,2.0,1.0,unit,1.0,2021-03-02,,,"$625,000"
property-villa-vic-thornbury-135401710,Thornbury,3071,13/184 Normanby Avenue,-37.75758956,144.98402,2.0,1.0,villa,1.0,2021-02-27,,,"$766,000"
property-apartment-vic-thornbury-135398934,Thornbury,3071,8/109 Flinders Street,-37.75653332,145.0113025,2.0,1.0,apartment,1.0,2021-02-27,,,"$661,000"
property-apartment-vic-thornbury-135241474,Thornbury,3071,61/337 Station Street,-37.763439,145.020961,3.0,2.0,apartment,2.0,2021-02-23,,,"$781,100"
property-house-vic-thornbury-135329878,Thornbury,3071,108 Collins Street,-37.755837,145.012124,5.0,2.0,house,2.0,2021-02-20,640.0,m2,"$1,725,000"
property-house-vic-thornbury-135332334,Thornbury,3071,45 Rossmoyne Street,-37.757397,145.00417,2.0,1.0,house,,2021-02-20,,,"$1,092,500"
property-apartment-vic-thornbury-135312546,Thornbury,3071,5/107 Flinders Street,-37.75650571,145.0110514,3.0,1.0,apartment,1.0,2021-02-20,,,"$777,000"
property-apartment-vic-thornbury-135294402,Thornbury,3071,609/636 High Street,-37.76021562,145.0005471,2.0,2.0,apartment,1.0,2021-02-18,,,"$630,000"
property-house-vic-thornbury-135393530,Thornbury,3071,247 Clarendon Street,-37.761464,145.019817,4.0,2.0,house,2.0,2021-02-17,,,"$1,222,000"
property-apartment-vic-thornbury-135155806,Thornbury,3071,301/688 High Street,-37.7583438,145.0008682,2.0,1.0,apartment,1.0,2021-02-15,,,"$560,000"
property-apartment-vic-thornbury-135268998,Thornbury,3071,5/310 Mansfield Street,-37.759143,145.0254469,2.0,1.0,apartment,1.0,2021-02-14,,,"$675,000"
property-house-vic-thornbury-135278078,Thornbury,3071,61 Mansfield Street,-37.756715,145.005392,2.0,1.0,house,,2021-02-13,278.0,m2,"$1,300,000"
property-townhouse-vic-thornbury-135276990,Thornbury,3071,5/120 Dundas Street,-37.75391231,145.0144572,3.0,2.0,townhouse,1.0,2021-02-13,,,"$852,000"
property-unit-vic-thornbury-135315250,Thornbury,3071,3/57 Harold Street,-37.756468,144.995626,2.0,1.0,unit,1.0,2021-02-11,,,"$573,000"
property-apartment-vic-thornbury-135219518,Thornbury,3071,106/636 High Street,-37.76021562,145.0005471,3.0,2.0,apartment,2.0,2021-02-08,,,"$860,000"
property-apartment-vic-thornbury-135082810,Thornbury,3071,5B/42 Clarendon Street,-37.76001565,145.0033671,2.0,1.0,apartment,1.0,2021-02-08,,,"$485,000"
property-house-vic-thornbury-134616594,Thornbury,3071,107 Pender Street,-37.75457842,145.0134539,3.0,2.0,house,2.0,2021-02-05,,,"$1,140,000"
property-apartment-vic-thornbury-134917430,Thornbury,3071,301/679-685 High Street,-37.7602423,145.0001127,1.0,1.0,apartment,1.0,2021-02-02,,,"$420,000"
property-house-vic-thornbury-133898074,Thornbury,3071,14 Walsh Avenue,-37.757448,145.023783,5.0,3.0,house,3.0,2021-01-31,,,"$1,699,999"
property-townhouse-vic-thornbury-135073206,Thornbury,3071,23 Aviary Grove,-37.76122877,145.026979,3.0,1.0,townhouse,1.0,2021-01-28,,,"$735,000"
property-apartment-vic-thornbury-134562154,Thornbury,3071,5/639 High Street,-37.76155053,144.9998895,2.0,1.0,apartment,,2021-01-21,,,"$525,000"
property-house-vic-thornbury-135111986,Thornbury,3071,117 Hutton Street,-37.755042,144.990783,2.0,1.0,house,1.0,2021-01-16,,,"$1,300,000"
property-house-vic-thornbury-134692178,Thornbury,3071,75 Ballantyne Street,-37.75819,144.995182,4.0,1.0,house,1.0,2021-01-06,264.0,m2,"$1,380,000"
property-unit-vic-thornbury-135011530,Thornbury,3071,6/1 Clyde Street,-37.76076975,145.0058852,1.0,1.0,unit,1.0,2021-01-06,,,"$402,000"
property-apartment-vic-thornbury-134921450,Thornbury,3071,6/32 Dundas Street,-37.7527945,145.0046449,2.0,1.0,apartment,1.0,2020-12-30,,,"$630,000"
property-apartment-vic-thornbury-134976534,Thornbury,3071,8/73 Collins Street,-37.755284,145.009812,1.0,1.0,apartment,1.0,2020-12-23,,,"$340,000"
property-house-vic-thornbury-134976702,Thornbury,3071,164 Dundas Street,-37.754306,145.018044,3.0,2.0,house,2.0,2020-12-19,863.0,m2,"$1,625,000"
property-house-vic-thornbury-134971790,Thornbury,3071,77 Smith Street,-37.757257,144.994628,3.0,1.0,house,1.0,2020-12-19,,,"$1,307,000"
property-house-vic-thornbury-134999142,Thornbury,3071,94 Mansfield Street,-37.75724,145.007693,3.0,2.0,house,1.0,2020-12-19,374.0,m2,"$1,190,000"
property-house-vic-thornbury-134969878,Thornbury,3071,174B Gooch Street,-37.7593474,145.0122249,3.0,2.0,house,2.0,2020-12-19,,,"$1,132,500"
property-house-vic-thornbury-135009634,Thornbury,3071,41A Normanby Avenue,-37.75923783,144.9964448,2.0,1.0,house,1.0,2020-12-17,,,"$1,120,000"
property-apartment-vic-thornbury-135030942,Thornbury,3071,3/22 Smith Street,-37.757436,144.998579,2.0,1.0,apartment,1.0,2020-12-17,102.0,m2,"$620,000"
property-apartment-vic-thornbury-134910666,Thornbury,3071,24/6 Francis Grove,-37.763396,145.007755,1.0,1.0,apartment,1.0,2020-12-15,,,"$375,000"
property-house-vic-thornbury-135014438,Thornbury,3071,126 Harold Street,-37.755724,144.991094,3.0,1.0,house,,2020-12-14,,,"$1,150,000"
property-unitblock-vic-thornbury-134911518,Thornbury,3071,1-7/56-58 Strettle Street,-37.751077,144.983377,10.0,7.0,unitblock,10.0,2020-12-12,,,"$2,345,000"
property-unit-vic-thornbury-134952082,Thornbury,3071,2/91 Normanby Avenue,-37.758704,144.991479,2.0,1.0,unit,1.0,2020-12-12,,,"$630,000"
property-apartment-vic-thornbury-134906386,Thornbury,3071,6/2 Dundas Street,-37.752559,145.002317,2.0,1.0,apartment,1.0,2020-12-12,,,"$437,500"
property-apartment-vic-thornbury-134976426,Thornbury,3071,6/101 St David Street,-37.755432,145.005767,1.0,1.0,apartment,1.0,2020-12-12,,,"$314,500"
property-house-vic-thornbury-134788770,Thornbury,3071,265 Victoria Road,-37.76376,145.01223,5.0,3.0,house,4.0,2020-12-11,,,"$1,350,000"
property-apartment-vic-thornbury-134902322,Thornbury,3071,5/42 Dundas Street,-37.752878,145.005529,1.0,1.0,apartment,1.0,2020-12-11,,,"$365,000"
property-house-vic-thornbury-133847534,Thornbury,3071,39 Miller Street,-37.751703,144.99311,3.0,2.0,house,2.0,2020-12-10,,,"$1,031,500"
property-house-vic-thornbury-134002810,Thornbury,3071,32A Fenwick Street,-37.76230255,145.0047436,3.0,3.0,house,2.0,2020-12-08,,,"$1,230,000"
property-apartment-vic-thornbury-134569650,Thornbury,3071,502/636 High Street,-37.76021562,145.0005471,2.0,1.0,apartment,1.0,2020-12-07,,,"$484,000"
property-house-vic-thornbury-134867526,Thornbury,3071,87B St David Street,-37.760835,145.005497,4.0,3.0,house,2.0,2020-12-05,,,"$1,670,000"
property-townhouse-vic-thornbury-134854854,Thornbury,3071,12 Ethel Street,-37.75502021,144.999344,3.0,2.0,townhouse,2.0,2020-12-05,,,"$1,150,000"
property-townhouse-vic-thornbury-134865530,Thornbury,3071,67 Comas Grove,-37.75089461,144.9853635,2.0,1.0,townhouse,1.0,2020-12-05,,,"$745,000"
property-apartment-vic-thornbury-134921714,Thornbury,3071,9/33 Woolton Avenue,-37.761145,144.996169,1.0,1.0,apartment,1.0,2020-12-04,,,"$420,000"
property-house-vic-thornbury-134948410,Thornbury,3071,140 Shaftesbury Parade,-37.759094,144.988994,3.0,1.0,house,1.0,2020-12-03,412.0,m2,"$1,300,000"
property-house-vic-thornbury-134979034,Thornbury,3071,75 St David Street,-37.761953,145.005512,3.0,1.0,house,2.0,2020-12-03,,,"$1,243,000"
property-house-vic-thornbury-134904198,Thornbury,3071,32 Normanby Avenue,-37.759023,144.996964,3.0,1.0,house,2.0,2020-12-02,405.0,m2,"$1,471,000"
property-house-vic-thornbury-134922858,Thornbury,3071,107 Ballantyne Street,-37.757799,144.991798,3.0,1.0,house,2.0,2020-11-27,,,"$1,505,000"
property-house-vic-thornbury-134853114,Thornbury,3071,7 Taylor Street,-37.752285,144.987612,4.0,3.0,house,1.0,2020-11-27,,,"$1,490,000"
property-apartment-vic-thornbury-134854558,Thornbury,3071,8/24 Dundas Street,-37.75267765,145.0036245,2.0,1.0,apartment,1.0,2020-11-27,,,"$642,000"
property-house-vic-thornbury-134934558,Thornbury,3071,25 Armadale Street,-37.761759,145.001556,4.0,2.0,house,2.0,2020-11-21,,,"$1,800,000"
property-townhouse-vic-thornbury-134731706,Thornbury,3071,4B Newcastle Street,-37.755111,145.010808,3.0,2.0,townhouse,2.0,2020-11-21,,,"$1,042,500"
property-apartment-vic-thornbury-134744202,Thornbury,3071,1/308-310 Rossmoyne Street,-37.759624,145.022454,2.0,1.0,apartment,1.0,2020-11-21,,,"$710,000"
property-unit-vic-thornbury-134681506,Thornbury,3071,9/9 Hammond Street,-37.763285,145.010256,1.0,1.0,unit,1.0,2020-11-16,,,"$361,000"
property-townhouse-vic-thornbury-134622022,Thornbury,3071,51B Pender Street,-37.753864,145.006678,3.0,2.0,townhouse,2.0,2020-11-14,,,"$972,000"
property-house-vic-thornbury-134817034,Thornbury,3071,521 St Georges Road,-37.753282,144.994316,2.0,1.0,house,1.0,2020-11-13,,,"$853,000"
property-apartment-vic-thornbury-134735194,Thornbury,3071,310/636 High Street,-37.76021562,145.0005471,1.0,1.0,apartment,1.0,2020-11-13,,,"$520,000"
property-apartment-vic-thornbury-133325990,Thornbury,3071,2/187 Mansfield Street,-37.75766785,145.0143114,1.0,1.0,apartment,1.0,2020-11-12,,,"$300,000"
property-house-vic-thornbury-134717654,Thornbury,3071,35 Clarendon Street,-37.75966543,145.0029647,3.0,2.0,house,2.0,2020-11-09,,,"$1,403,000"
property-house-vic-thornbury-134602210,Thornbury,3071,79 Pender Street,-37.754237,145.010248,3.0,1.0,house,1.0,2020-11-06,330.0,m2,"$1,310,000"
property-house-vic-thornbury-134630190,Thornbury,3071,126 Smith Street,-37.756527,144.990641,3.0,2.0,house,1.0,2020-11-05,358.0,m2,"$1,527,500"
property-house-vic-thornbury-134602274,Thornbury,3071,4 Alston Street,-37.755163,145.017034,3.0,1.0,house,2.0,2020-11-04,526.0,m2,"$1,105,000"
property-house-vic-thornbury-134598818,Thornbury,3071,48A Wilmoth Street,-37.764384,145.016299,3.0,1.0,house,1.0,2020-10-31,,,"$1,120,000"
property-house-vic-thornbury-134576370,Thornbury,3071,281 Mansfield Street,-37.75853574,145.0226771,3.0,2.0,house,2.0,2020-10-31,,,"$1,100,000"
property-townhouse-vic-thornbury-134313030,Thornbury,3071,5/44-48 Strettle Street,-37.751715,144.983298,2.0,1.0,townhouse,1.0,2020-10-31,,,"$620,000"
property-house-vic-thornbury-134576678,Thornbury,3071,58 Wales Street,-37.761765,145.009354,2.0,1.0,house,1.0,2020-10-30,240.0,m2,"$980,000"
property-house-vic-thornbury-134123230,Thornbury,3071,50 Mansfield Street,-37.756907,145.004501,3.0,2.0,house,1.0,2020-10-28,,,"$1,380,000"
property-apartment-vic-thornbury-134544814,Thornbury,3071,1/37 Collins Street,-37.75488997,145.0039448,2.0,1.0,apartment,1.0,2020-10-28,,,"$703,000"
property-unit-vic-thornbury-134688874,Thornbury,3071,21/337 Station Street,-37.763439,145.020961,1.0,1.0,unit,1.0,2020-10-28,,,"$443,000"
property-townhouse-vic-thornbury-134595502,Thornbury,3071,11 Aviary Grove,-37.76139219,145.0265432,2.0,1.0,townhouse,1.0,2020-10-22,,,"$685,000"
property-apartment-vic-thornbury-134614694,Thornbury,3071,9/7 Smith Street,-37.75781569,144.9994404,2.0,1.0,apartment,1.0,2020-10-21,,,"$455,000"
property-apartment-vic-thornbury-134030510,Thornbury,3071,2/137-139 Flinders Street,-37.75726305,145.0148898,2.0,1.0,apartment,1.0,2020-10-13,,,"$600,000"
property-apartment-vic-thornbury-134501394,Thornbury,3071,5/110 Ballantyne Street,-37.757441,144.990866,1.0,1.0,apartment,1.0,2020-10-13,,,"$332,500"
property-house-vic-thornbury-134486766,Thornbury,3071,37 Fenwick Street,-37.761987,145.004354,4.0,2.0,house,1.0,2020-10-03,388.0,m2,"$1,950,000"
property-house-vic-thornbury-134001490,Thornbury,3071,205 Smith Street,-37.756115,144.985011,3.0,1.0,house,2.0,2020-09-09,501.0,m2,"$1,200,000"
property-house-vic-thornbury-134083990,Thornbury,3071,57 Martin Street,-37.76122,145.004851,4.0,1.0,house,4.0,2020-09-01,,,"$2,070,500"
property-unit-vic-thornbury-134083646,Thornbury,3071,5/9 Jones Street,-37.75763279,145.0227539,2.0,1.0,unit,1.0,2020-08-13,,,"$675,000"
property-townhouse-vic-thornbury-134059054,Thornbury,3071,4/71 Miller Street,-37.75171276,144.9911653,2.0,2.0,townhouse,1.0,2020-08-12,,,"$725,000"
property-townhouse-vic-thornbury-133959474,Thornbury,3071,14/44-48 Strettle Street,-37.751715,144.983298,2.0,1.0,townhouse,1.0,2020-08-12,,,"$665,000"
property-townhouse-vic-thornbury-133999446,Thornbury,3071,348 Gooch Street,-37.76094879,145.0273389,3.0,2.0,townhouse,2.0,2020-08-11,,,"$852,000"
property-apartment-vic-thornbury-134086014,Thornbury,3071,2/32 Gooch Street,-37.758395,145.003206,2.0,1.0,apartment,1.0,2020-08-09,,,"$680,000"
property-townhouse-vic-thornbury-133781982,Thornbury,3071,10/158 Clarendon Street,-37.76140218,145.0117954,2.0,2.0,townhouse,1.0,2020-08-06,,,"$650,000"
property-house-vic-thornbury-134056574,Thornbury,3071,9 Archbold Street,-37.754054,145.003704,3.0,1.0,house,2.0,2020-08-03,,,"$1,231,000"
property-house-vic-thornbury-133995366,Thornbury,3071,8 Raleigh Street,-37.75903473,145.0016387,3.0,1.0,house,,2020-08-01,,,"$1,275,000"
property-unit-vic-thornbury-133863214,Thornbury,3071,1/34 Swift Street,-37.76377009,145.0174726,2.0,1.0,unit,3.0,2020-07-28,,,"$765,000"
property-apartment-vic-thornbury-133947534,Thornbury,3071,3/639 High Street,-37.76155053,144.9998895,1.0,1.0,apartment,,2020-07-27,,,"$395,000"
property-house-vic-thornbury-133896938,Thornbury,3071,30 Gooch Street,-37.758359,145.003009,4.0,3.0,house,1.0,2020-07-25,,,"$1,760,000"
property-apartment-vic-thornbury-134017914,Thornbury,3071,8/15 Rennie Street,-37.7534405,144.992473,1.0,1.0,apartment,1.0,2020-07-25,,,"$311,000"
property-townhouse-vic-thornbury-133851402,Thornbury,3071,105A St David Street,-37.75444613,145.0059151,2.0,2.0,townhouse,2.0,2020-07-22,,,"$930,000"
property-house-vic-thornbury-133945826,Thornbury,3071,251 Mansfield Street,-37.758202,145.01953,3.0,1.0,house,2.0,2020-07-22,285.0,m2,"$925,000"
property-townhouse-vic-thornbury-133952278,Thornbury,3071,27 Aviary Grove,-37.7612053,145.0267609,2.0,1.0,townhouse,1.0,2020-07-20,,,"$665,000"
property-house-vic-thornbury-133944362,Thornbury,3071,131 Mansfield Street,-37.75720847,145.0100557,2.0,1.0,house,1.0,2020-07-14,250.0,m2,"$1,186,000"
property-apartment-vic-thornbury-133875342,Thornbury,3071,7/9 Hammond Street,-37.763285,145.010256,2.0,1.0,apartment,1.0,2020-07-13,,,"$545,000"
property-house-vic-thornbury-133793346,Thornbury,3071,2 Gladhall Avenue,-37.757836,145.020027,4.0,1.0,house,3.0,2020-07-10,529.0,m2,"$1,450,000"
property-house-vic-thornbury-134013078,Thornbury,3071,14 Agnes Street,-37.762744,145.004345,2.0,1.0,house,,2020-07-09,,,"$1,270,000"
property-house-vic-thornbury-133842490,Thornbury,3071,145 Shaftesbury Parade,-37.759338,144.98851,3.0,1.0,house,1.0,2020-07-08,,,"$1,385,000"
property-house-vic-thornbury-133313582,Thornbury,3071,177A Raleigh Street,-37.75979594,145.0118174,4.0,3.0,house,2.0,2020-07-07,355.0,m2,"$1,746,000"
property-house-vic-thornbury-133752346,Thornbury,3071,155 Raleigh Street,-37.759624,145.010104,2.0,1.0,house,2.0,2020-07-04,,,"$1,196,000"
property-house-vic-thornbury-133730238,Thornbury,3071,102A Collins Street,-37.755794,145.011716,3.0,1.0,house,3.0,2020-07-04,530.0,m2,"$1,125,500"
property-townhouse-vic-thornbury-133696674,Thornbury,3071,4/112 Dundas Street,-37.75409552,145.0133771,3.0,2.0,townhouse,2.0,2020-07-03,,,"$825,000"
property-house-vic-thornbury-133025390,Thornbury,3071,9B Speight Street,-37.76187066,145.0068916,4.0,2.0,house,2.0,2020-06-30,,,"$1,845,000"
property-apartment-vic-thornbury-133822014,Thornbury,3071,5/37 Collins Street,-37.75488997,145.0039448,2.0,1.0,apartment,1.0,2020-06-27,,,"$625,000"
property-townhouse-vic-thornbury-133662122,Thornbury,3071,7 Aviary Grove,-37.76131965,145.0261289,2.0,1.0,townhouse,1.0,2020-06-17,,,"$627,000"
property-unit-vic-thornbury-133595982,Thornbury,3071,8/20 Kemp Street,-37.761899,144.994923,1.0,1.0,unit,1.0,2020-06-13,,,"$375,000"
property-townhouse-vic-thornbury-133470882,Thornbury,3071,19/337 Station Street,-37.763439,145.020961,3.0,2.0,townhouse,2.0,2020-06-12,,,"$1,010,000"
property-apartment-vic-thornbury-133564614,Thornbury,3071,302/688-690 High Street,-37.7583438,145.0008682,2.0,1.0,apartment,1.0,2020-06-10,,,"$585,000"
property-unit-vic-thornbury-133025258,Thornbury,3071,1/66 Dundas Street,-37.753204,145.008312,2.0,1.0,unit,1.0,2020-06-03,,,"$450,000"
property-apartment-vic-thornbury-133544286,Thornbury,3071,13/58 Clarendon Street,-37.7601253,145.0043795,1.0,1.0,apartment,1.0,2020-06-01,,,"$515,000"
property-apartment-vic-thornbury-133591214,Thornbury,3071,3/305 Rossmoyne Street,-37.7591489,145.0210891,3.0,1.0,apartment,,2020-05-30,,,"$615,000"
property-house-vic-thornbury-133510038,Thornbury,3071,15 Gladhall Avenue,-37.756896,145.019859,3.0,1.0,house,2.0,2020-05-22,525.0,m2,"$1,115,000"
property-house-vic-thornbury-133476718,Thornbury,3071,4 Ethel Street,-37.75540953,144.9992782,4.0,2.0,house,2.0,2020-05-16,,,"$1,615,000"
property-house-vic-thornbury-133359610,Thornbury,3071,25 Alexandra Street,-37.762332,145.006649,3.0,1.0,house,2.0,2020-05-14,,,"$1,280,000"
property-apartment-vic-thornbury-132919798,Thornbury,3071,9/115 Shaftesbury Parade,-37.75961375,144.9907496,2.0,1.0,apartment,1.0,2020-05-14,,,"$400,000"
property-house-vic-thornbury-133328978,Thornbury,3071,15 Newman Street,-37.75698233,144.9872013,2.0,1.0,house,2.0,2020-05-11,,,"$799,000"
property-house-vic-thornbury-133074566,Thornbury,3071,14 Pender Street,-37.753833,145.00287,4.0,1.0,house,3.0,2020-05-01,,,"$1,600,000"
property-house-vic-thornbury-133428254,Thornbury,3071,105 Woolton Avenue,-37.760364,144.989459,2.0,1.0,house,1.0,2020-04-29,428.0,m2,"$1,095,610"
property-townhouse-vic-thornbury-133079646,Thornbury,3071,5/54 Clarendon Street,-37.76009943,145.0041406,2.0,2.0,townhouse,1.0,2020-04-27,,,"$799,000"
property-unit-vic-thornbury-133456402,Thornbury,3071,2/73 Pender Street,-37.75415125,145.009616,2.0,1.0,unit,1.0,2020-04-27,,,"$713,000"
property-unit-vic-thornbury-133298390,Thornbury,3071,2/26 Dundas Street,-37.75270856,145.0038969,2.0,1.0,unit,1.0,2020-04-24,,,"$401,000"
property-house-vic-thornbury-133306998,Thornbury,3071,348 St Georges Road,-37.758644,144.993773,3.0,2.0,house,1.0,2020-04-19,,,"$750,000"
property-house-vic-thornbury-133371530,Thornbury,3071,48 Hutton Street,-37.754997,144.992884,4.0,2.0,house,1.0,2020-04-16,398.0,m2,"$1,640,000"
property-apartment-vic-thornbury-133306350,Thornbury,3071,12/8 Kemp Street,-37.762013,144.995816,2.0,1.0,apartment,1.0,2020-04-16,,,"$500,000"
property-unit-vic-thornbury-133196790,Thornbury,3071,7/24 Dundas Street,-37.75267765,145.0036245,3.0,1.0,unit,2.0,2020-04-08,,,"$770,000"
property-house-vic-thornbury-133079878,Thornbury,3071,179 Raleigh Street,-37.759817,145.011938,3.0,1.0,house,2.0,2020-03-28,,,"$1,150,000"
property-apartment-vic-thornbury-133139746,Thornbury,3071,8/82 Gooch Street,-37.758734,145.006424,2.0,1.0,apartment,1.0,2020-03-28,,,"$545,000"
property-apartment-vic-thornbury-133142030,Thornbury,3071,201/681 High Street,-37.7602423,145.0001127,2.0,2.0,apartment,1.0,2020-03-27,,,"$580,000"
property-house-vic-thornbury-133142250,Thornbury,3071,244 Flinders Street,-37.757624,145.015382,3.0,2.0,house,1.0,2020-03-26,,,"$1,230,000"
property-apartment-vic-thornbury-133236278,Thornbury,3071,6/14 Ballantyne Street,-37.75837533,144.9990778,1.0,1.0,apartment,1.0,2020-03-26,,,"$440,000"
property-house-vic-thornbury-133138902,Thornbury,3071,9 Kelvin Grove,-37.76272972,145.0023026,2.0,1.0,house,,2020-03-21,253.0,m2,"$1,030,000"
property-apartment-vic-thornbury-133010662,Thornbury,3071,3/1a Ballantyne Street,-37.75879181,145.0002362,2.0,1.0,apartment,1.0,2020-03-21,,,"$545,000"
property-house-vic-thornbury-133135110,Thornbury,3071,40 St David Street,-37.763208,145.005672,3.0,1.0,house,1.0,2020-03-20,,,"$1,335,000"
property-house-vic-thornbury-133007906,Thornbury,3071,43 Swift Street,-37.763671,145.017079,4.0,1.0,house,2.0,2020-03-16,736.0,m2,"$1,600,000"
property-apartment-vic-thornbury-133048298,Thornbury,3071,6/18 Pender Street,-37.753854,145.003063,1.0,1.0,apartment,1.0,2020-03-16,,,"$290,000"
property-house-vic-thornbury-133010646,Thornbury,3071,137 Gooch Street,-37.758724,145.009118,3.0,1.0,house,3.0,2020-03-14,340.0,m2,"$1,151,000"
property-townhouse-vic-thornbury-133003450,Thornbury,3071,351A St Georges Road,-37.75987119,144.9927295,3.0,2.0,townhouse,2.0,2020-03-14,,,"$1,010,000"
property-apartment-vic-thornbury-132895470,Thornbury,3071,3/265 Rossmoyne Street,-37.75883245,145.0176402,2.0,1.0,apartment,1.0,2020-03-11,,,"$526,000"
property-house-vic-thornbury-132810414,Thornbury,3071,138a Collins Street,-37.75577261,145.0148655,4.0,3.0,house,2.0,2020-03-03,347.0,m2,"$1,555,000"
property-apartment-vic-thornbury-132891150,Thornbury,3071,9/42 Dundas Street,-37.752878,145.005529,1.0,1.0,apartment,1.0,2020-03-02,,,"$350,000"
property-villa-vic-thornbury-132925874,Thornbury,3071,18 Tharratt Street,-37.75592607,145.0084835,3.0,1.0,villa,1.0,2020-03-01,,,"$1,047,000"
property-house-vic-thornbury-132918106,Thornbury,3071,199 Rossmoyne Street,-37.758544,145.014969,3.0,2.0,house,2.0,2020-02-29,432.0,m2,"$1,480,000"
property-house-vic-thornbury-132916142,Thornbury,3071,14 Bradley Avenue,-37.761033,144.9912,3.0,1.0,house,3.0,2020-02-29,,,"$1,390,000"
property-house-vic-thornbury-132920862,Thornbury,3071,47 Ballantyne Street,-37.758392,144.99697,3.0,2.0,house,,2020-02-29,,,"$1,360,000"
property-house-vic-thornbury-132505874,Thornbury,3071,43 Clyde Street,-37.761077,145.008601,4.0,2.0,house,1.0,2020-02-29,,,"$1,050,000"
property-townhouse-vic-thornbury-131852750,Thornbury,3071,2/53A Pender Street,-37.75386546,145.0069984,2.0,2.0,townhouse,1.0,2020-02-28,,,"$820,000"
property-house-vic-thornbury-132852314,Thornbury,3071,2/99 St David Street,-37.75555722,145.0054139,3.0,3.0,house,1.0,2020-02-24,,,"$1,240,000"
property-apartment-vic-thornbury-132834314,Thornbury,3071,5/110 Normanby Avenue,-37.7583,144.990003,2.0,1.0,apartment,1.0,2020-02-23,,,"$585,000"
property-house-vic-thornbury-132856778,Thornbury,3071,84 Ballantyne Street,-37.757653,144.992745,3.0,2.0,house,3.0,2020-02-22,617.0,m2,"$1,600,000"
property-house-vic-thornbury-132865626,Thornbury,3071,132 Flinders Street,-37.756738,145.010522,2.0,1.0,house,1.0,2020-02-22,,,"$1,054,000"
property-townhouse-vic-thornbury-132861090,Thornbury,3071,160 Clarendon Street,-37.76140218,145.0117954,2.0,1.0,townhouse,1.0,2020-02-22,,,"$707,000"
property-townhouse-vic-thornbury-132833282,Thornbury,3071,1/56 Pender Street,-37.754464,145.00947,1.0,1.0,townhouse,1.0,2020-02-22,,,"$506,000"
property-apartment-vic-thornbury-132859446,Thornbury,3071,401/636 High Street,-37.76021562,145.0005471,2.0,1.0,apartment,1.0,2020-02-18,,,"$615,000"
property-house-vic-thornbury-132810354,Thornbury,3071,138 Collins Street,-37.755757,145.014827,4.0,3.0,house,2.0,2020-02-15,348.0,m2,"$1,530,000"
property-house-vic-thornbury-132808766,Thornbury,3071,98 Ballantyne Street,-37.757537,144.991726,5.0,2.0,house,2.0,2020-02-15,,,"$1,500,000"
property-house-vic-thornbury-132810334,Thornbury,3071,145 Rossmoyne Street,-37.75802,145.010124,3.0,1.0,house,2.0,2020-02-15,,,"$1,300,000"
property-house-vic-thornbury-132860882,Thornbury,3071,206 Clarendon Street,-37.76157085,145.0180441,3.0,2.0,house,2.0,2020-02-14,,,"$980,000"
property-house-vic-thornbury-132761554,Thornbury,3071,343A St Georges Road,-37.76025106,144.992655,3.0,2.0,house,1.0,2020-02-12,,,"$1,050,000"
property-apartment-vic-thornbury-132763078,Thornbury,3071,6/85 Hutton Street,-37.75541467,144.9936602,2.0,1.0,apartment,1.0,2020-02-06,,,"$610,000"
property-townhouse-vic-thornbury-132821246,Thornbury,3071,94 Wilmoth Street,-37.75946699,145.0171274,2.0,2.0,townhouse,2.0,2020-01-30,,,"$872,000"
property-house-vic-thornbury-132437218,Thornbury,3071,3 Speight Street,-37.761824,145.006435,5.0,3.0,house,3.0,2020-01-24,617.0,m2,"$1,975,000"
property-apartment-vic-thornbury-132471670,Thornbury,3071,3/87A Clyde Street,-37.76157,145.013242,1.0,1.0,apartment,1.0,2020-01-23,,,"$350,000"
property-house-vic-thornbury-132127626,Thornbury,3071,100 Normanby Avenue,-37.758396,144.990863,3.0,3.0,house,2.0,2020-01-06,663.0,m2,"$1,460,000"
property-townhouse-vic-thornbury-132217478,Thornbury,3071,1/112 Dundas Street,-37.753786,145.013427,3.0,2.0,townhouse,2.0,2019-12-24,,,"$902,000"
property-unit-vic-thornbury-132561498,Thornbury,3071,4/80 Collins Street,-37.75548841,145.0088133,2.0,2.0,unit,1.0,2019-12-21,,,"$760,000"
property-house-vic-thornbury-131852778,Thornbury,3071,75A Fyffe Street,-37.7538284,144.9877026,4.0,3.0,house,1.0,2019-12-15,,,"$1,470,000"
property-house-vic-thornbury-132535958,Thornbury,3071,158 Mansfield Street,-37.757744,145.012436,2.0,1.0,house,,2019-12-15,,,"$940,000"
property-house-vic-thornbury-132512134,Thornbury,3071,182 Smith Street,-37.755948,144.985765,3.0,1.0,house,2.0,2019-12-14,359.0,m2,"$1,438,000"
property-house-vic-thornbury-132503246,Thornbury,3071,279 Rossmoyne Street,-37.758919,145.0185,3.0,1.0,house,2.0,2019-12-14,,,"$1,117,000"
property-townhouse-vic-thornbury-132615766,Thornbury,3071,339a Rathmines Street,-37.7602868,145.0191668,3.0,2.0,townhouse,2.0,2019-12-14,,,"$950,000"
property-apartment-vic-thornbury-132442730,Thornbury,3071,4/40 Swift Street,-37.762994,145.017563,2.0,1.0,apartment,1.0,2019-12-11,,,"$610,000"
property-house-vic-thornbury-132237678,Thornbury,3071,177 Raleigh Street,-37.759796,145.011757,4.0,3.0,house,2.0,2019-12-10,,,"$1,920,000"
property-house-vic-thornbury-132348190,Thornbury,3071,102 Rennie Street,-37.752471,144.985836,3.0,1.0,house,2.0,2019-12-07,,,"$1,250,000"
property-house-vic-thornbury-132439522,Thornbury,3071,81 Keon Street,-37.7521148,144.9882868,2.0,1.0,house,1.0,2019-12-07,,,"$947,000"
property-apartment-vic-thornbury-132439210,Thornbury,3071,6/87A Clyde Street,-37.76157,145.013242,1.0,1.0,apartment,1.0,2019-12-07,,,"$338,500"
property-house-vic-thornbury-132052470,Thornbury,3071,6 Rosella Walk,-37.76104019,145.0257793,2.0,1.0,house,1.0,2019-12-05,,,"$602,000"
property-apartment-vic-thornbury-132495782,Thornbury,3071,6/14 Kemp Street,-37.76196,144.995364,2.0,1.0,apartment,1.0,2019-12-02,,,"$485,000"
property-house-vic-thornbury-132389726,Thornbury,3071,51 Newman Street,-37.75668,144.984326,3.0,1.0,house,2.0,2019-11-30,,,"$1,310,000"
property-house-vic-thornbury-132387098,Thornbury,3071,205A Smith Street,-37.756043,144.984468,2.0,1.0,house,3.0,2019-11-30,,,"$1,220,000"
property-townhouse-vic-thornbury-132329318,Thornbury,3071,2E Hill Street,-37.7546492,144.9842245,2.0,3.0,townhouse,1.0,2019-11-30,,,"$985,000"
property-apartment-vic-thornbury-132301046,Thornbury,3071,3/85 St David Street,-37.76097922,145.0054822,2.0,1.0,apartment,1.0,2019-11-24,,,"$567,500"
property-house-vic-thornbury-132389858,Thornbury,3071,234A Rossmoyne Street,-37.75885755,145.0151823,4.0,3.0,house,3.0,2019-11-23,350.0,m2,"$1,660,000"
property-apartment-vic-thornbury-132213750,Thornbury,3071,5/2 Dundas Street,-37.752559,145.002317,2.0,1.0,apartment,1.0,2019-11-19,,,"$436,000"
property-house-vic-thornbury-129815870,Thornbury,3071,30 Fenwick Street,-37.762362,145.004561,4.0,2.0,house,2.0,2019-11-16,,,"$1,380,000"
property-house-vic-thornbury-132270086,Thornbury,3071,260 Mansfield Street,-37.758642,145.020834,4.0,1.0,house,2.0,2019-11-16,,,"$1,370,000"
property-townhouse-vic-thornbury-132261866,Thornbury,3071,3/139 Normanby Avenue,-37.75835632,144.9882245,2.0,2.0,townhouse,1.0,2019-11-16,,,"$683,000"
property-townhouse-vic-thornbury-131771558,Thornbury,3071,3/2A Murray Street,-37.75450708,144.9977672,3.0,2.0,townhouse,2.0,2019-11-15,,,"$1,150,000"
property-apartment-vic-thornbury-132273534,Thornbury,3071,3/40 Woolton Avenue,-37.7608402,144.995701,1.0,1.0,apartment,1.0,2019-11-15,,,"$317,600"
property-house-vic-thornbury-132274862,Thornbury,3071,112 Clarendon Street,-37.7605,145.008083,3.0,2.0,house,1.0,2019-11-12,,,"$1,660,000"
property-townhouse-vic-thornbury-132218790,Thornbury,3071,4/9 Jones Street,-37.75763279,145.0227539,2.0,1.0,townhouse,1.0,2019-11-09,,,"$730,000"
property-unit-vic-thornbury-131538918,Thornbury,3071,7/86 Flinders Street,-37.756312,145.006629,1.0,1.0,unit,1.0,2019-11-01,,,"$368,000"
property-house-vic-thornbury-132107238,Thornbury,3071,22 Rennie Street,-37.753128,144.99214,4.0,2.0,house,2.0,2019-10-30,429.0,m2,"$1,500,000"
property-house-vic-thornbury-132109498,Thornbury,3071,9 Gladhall Avenue,-37.757273,145.019793,3.0,1.0,house,4.0,2019-10-26,528.0,m2,"$1,178,000"
property-house-vic-thornbury-132109474,Thornbury,3071,6 Kelvin Grove,-37.762984,145.002545,2.0,1.0,house,1.0,2019-10-26,186.0,m2,"$1,151,000"
property-townhouse-vic-thornbury-132101830,Thornbury,3071,18e Swift Street,-37.76475711,145.0173061,3.0,2.0,townhouse,2.0,2019-10-26,,,"$920,000"
property-apartment-vic-thornbury-132104918,Thornbury,3071,5/267 Rossmoyne Street,-37.75883248,145.0178885,2.0,1.0,apartment,1.0,2019-10-26,,,"$625,000"
property-house-vic-thornbury-132110118,Thornbury,3071,187 Clarendon Street,-37.760875,145.014248,5.0,3.0,house,4.0,2019-10-25,632.0,m2,"$1,820,000"
property-house-vic-thornbury-131658678,Thornbury,3071,119A Smith Street,-37.75683599,144.991013,4.0,3.0,house,2.0,2019-10-19,,,"$1,365,000"
property-house-vic-thornbury-132051686,Thornbury,3071,24a Lewis Street,-37.7572645,144.9863831,3.0,1.0,house,2.0,2019-10-19,,,"$1,080,000"
property-house-vic-thornbury-131889830,Thornbury,3071,109 Clyde Street,-37.761773,145.015166,3.0,2.0,house,1.0,2019-10-17,,,"$1,625,000"
property-house-vic-thornbury-132141298,Thornbury,3071,284 Rossmoyne Street,-37.759338,145.019862,3.0,1.0,house,2.0,2019-10-14,,,"$1,060,000"
property-house-vic-thornbury-132000078,Thornbury,3071,77 Alston Court,-37.755524,145.023483,3.0,2.0,house,3.0,2019-10-12,,,"$1,020,000"
property-apartment-vic-thornbury-132004462,Thornbury,3071,4/31 Woolton Avenue,-37.761167,144.996396,2.0,1.0,apartment,2.0,2019-10-12,,,"$557,000"
property-house-vic-thornbury-132051906,Thornbury,3071,184 Raleigh Street,-37.760119,145.012191,4.0,2.0,house,2.0,2019-10-11,464.0,m2,"$1,588,000"
property-house-vic-thornbury-132042814,Thornbury,3071,225 Mansfield Street,-37.757978,145.017231,3.0,1.0,house,,2019-10-11,,,"$1,150,000"
property-townhouse-vic-thornbury-131217566,Thornbury,3071,4/56 Shaftesbury Parade,-37.759888,144.995885,3.0,2.0,townhouse,1.0,2019-10-10,,,"$1,195,000"
property-flat-vic-thornbury-131664110,Thornbury,3071,3/274 Mansfield Street,-37.75879686,145.0221823,1.0,1.0,flat,1.0,2019-10-09,,,"$329,000"
property-house-vic-thornbury-131946462,Thornbury,3071,130 Smith Street,-37.75646029,144.9902539,3.0,1.0,house,1.0,2019-10-05,,,"$1,500,000"
property-house-vic-thornbury-131900650,Thornbury,3071,228 Mansfield Street,-37.758367,145.018148,3.0,1.0,house,,2019-10-05,408.0,m2,"$1,375,000"
property-apartment-vic-thornbury-131943626,Thornbury,3071,4/107 Flinders Street,-37.75650571,145.0110514,2.0,1.0,apartment,1.0,2019-10-05,,,"$510,000"
property-apartment-vic-thornbury-131147050,Thornbury,3071,6/81 Flinders Street,-37.755979,145.007609,2.0,1.0,apartment,1.0,2019-10-05,,,"$475,000"
property-townhouse-vic-thornbury-131988334,Thornbury,3071,10 Aviary Grove,-37.76138324,145.026452,2.0,2.0,townhouse,1.0,2019-10-04,,,"$707,000"
property-apartment-vic-thornbury-131405238,Thornbury,3071,6/113 Darebin Road,-37.764055,145.009684,1.0,1.0,apartment,1.0,2019-10-01,,,"$305,000"
property-apartment-vic-thornbury-131752038,Thornbury,3071,4/114 Normanby Avenue,-37.75823801,144.9896583,2.0,1.0,apartment,1.0,2019-09-25,,,"$500,000"
property-house-vic-thornbury-131862542,Thornbury,3071,95 Mansfield Street,-37.75694029,145.007603,4.0,3.0,house,2.0,2019-09-21,,,"$1,550,000"
property-house-vic-thornbury-131846078,Thornbury,3071,69 Woolton Avenue,-37.760681,144.99222,2.0,1.0,house,2.0,2019-09-21,,,"$1,217,000"
property-apartment-vic-thornbury-131851538,Thornbury,3071,4/79 Normanby Avenue,-37.75881775,144.9921989,2.0,1.0,apartment,1.0,2019-09-21,,,"$543,000"
property-apartment-vic-thornbury-131957078,Thornbury,3071,7/59 Keon Street,-37.75226185,144.9896894,2.0,1.0,apartment,1.0,2019-09-19,,,"$610,000"
property-house-vic-thornbury-131699102,Thornbury,3071,59 Alston Street,-37.75544,145.021737,3.0,1.0,house,2.0,2019-09-17,642.0,m2,"$1,020,000"
property-townhouse-vic-thornbury-129935398,Thornbury,3071,2/64A Dundas Street,-37.753352,145.008095,3.0,2.0,townhouse,2.0,2019-09-14,,,"$892,500"
property-apartment-vic-thornbury-131752962,Thornbury,3071,4/25 - 27 Kemp Street,-37.76214069,144.9942711,1.0,1.0,apartment,1.0,2019-09-14,,,"$400,000"
property-apartment-vic-thornbury-131406346,Thornbury,3071,10/18 Blythe Street,-37.753843,144.999676,2.0,1.0,apartment,1.0,2019-09-13,,,"$491,000"
property-apartment-vic-thornbury-131268118,Thornbury,3071,1/59 Keon Street,-37.75226185,144.9896894,1.0,1.0,apartment,1.0,2019-09-12,,,"$427,000"
property-house-vic-thornbury-131761202,Thornbury,3071,205 Miller Street,-37.75078235,144.9838924,3.0,2.0,house,2.0,2019-09-11,,,"$1,060,000"
property-house-vic-thornbury-131751270,Thornbury,3071,12 Jones Street,-37.757452,145.022398,4.0,1.0,house,3.0,2019-09-09,622.0,m2,"$1,060,000"
property-house-vic-thornbury-131754658,Thornbury,3071,26 Speight Street,-37.762514,145.009947,4.0,1.0,house,2.0,2019-09-07,605.0,m2,"$1,580,000"
property-house-vic-thornbury-130670242,Thornbury,3071,24 Swift Street,-37.764419,145.017515,3.0,2.0,house,2.0,2019-09-05,,,"$950,000"
property-apartment-vic-thornbury-131699314,Thornbury,3071,7/15 Rennie Street,-37.7534405,144.992473,1.0,1.0,apartment,1.0,2019-09-02,,,"$340,000"
property-house-vic-thornbury-131694550,Thornbury,3071,53 Raleigh Street,-37.758947,145.003663,4.0,1.0,house,2.0,2019-08-31,,,"$1,440,000"
property-house-vic-thornbury-131705466,Thornbury,3071,17 Alexandra Street,-37.762853,145.006555,2.0,1.0,house,,2019-08-31,,,"$1,100,000"
property-house-vic-thornbury-131667602,Thornbury,3071,160 Dundas Street,-37.754273,145.017716,3.0,1.0,house,3.0,2019-08-27,,,"$1,100,000"
property-unit-vic-thornbury-131634794,Thornbury,3071,1/6 Kemp Street,-37.762035,144.996031,2.0,1.0,unit,,2019-08-25,,,"$730,000"
property-house-vic-thornbury-131667434,Thornbury,3071,25 Smith Street,-37.757571,144.997457,5.0,2.0,house,1.0,2019-08-24,,,"$1,610,000"
property-house-vic-thornbury-131661234,Thornbury,3071,108 Fyffe Street,-37.753281,144.985292,2.0,1.0,house,2.0,2019-08-24,357.0,m2,"$1,130,000"
property-house-vic-thornbury-131141726,Thornbury,3071,132 Raleigh Street,-37.759834,145.008415,4.0,2.0,house,1.0,2019-08-22,,,"$1,560,000"
property-house-vic-thornbury-131628746,Thornbury,3071,131 Gooch Street,-37.75868,145.008665,4.0,1.0,house,2.0,2019-08-17,,,"$1,165,000"
property-house-vic-thornbury-131613390,Thornbury,3071,23 Miller Street,-37.751801,144.994106,3.0,1.0,house,1.0,2019-08-17,499.0,m2,"$975,000"
property-apartment-vic-thornbury-131268114,Thornbury,3071,6/59 Keon Street,-37.75237,144.989672,2.0,1.0,apartment,1.0,2019-08-15,,,"$595,000"
property-unit-vic-thornbury-131049182,Thornbury,3071,9/45 Collins Street,-37.754793,145.004712,2.0,1.0,unit,1.0,2019-08-15,,,"$515,000"
property-townhouse-vic-thornbury-131579402,Thornbury,3071,2/153 Ballantyne Street,-37.75747012,144.9888446,3.0,3.0,townhouse,1.0,2019-08-10,,,"$865,000"
property-house-vic-thornbury-131526534,Thornbury,3071,91 Ballantyne Street,-37.758045,144.992725,3.0,1.0,house,1.0,2019-08-03,,,"$1,235,000"
property-apartment-vic-thornbury-131533634,Thornbury,3071,15/25-27 Martin Street,-37.760786,145.002961,2.0,1.0,apartment,1.0,2019-08-03,,,"$486,000"
property-house-vic-thornbury-131534582,Thornbury,3071,148 Harold Street,-37.75546,144.989796,3.0,1.0,house,1.0,2019-07-30,,,"$1,155,000"
property-house-vic-thornbury-131489946,Thornbury,3071,24 Raleigh Street,-37.759207,145.002469,3.0,1.0,house,1.0,2019-07-27,,,"$1,460,000"
property-unit-vic-thornbury-131468466,Thornbury,3071,1/429 St Georges Road,-37.757191,144.993164,2.0,1.0,unit,1.0,2019-07-27,133.0,m2,"$515,500"
property-apartment-vic-thornbury-129136698,Thornbury,3071,4/42 Clarendon Street,-37.760211,145.003265,2.0,1.0,apartment,1.0,2019-07-22,,,"$485,000"
property-unit-vic-thornbury-131447746,Thornbury,3071,1/60 Hutton Street,-37.754653,144.991851,2.0,1.0,unit,2.0,2019-07-20,,,"$805,000"
property-villa-vic-thornbury-131405574,Thornbury,3071,5/196 Clarendon Street,-37.761433,145.01592,1.0,1.0,villa,1.0,2019-07-13,,,"$323,000"
property-house-vic-thornbury-131356230,Thornbury,3071,113 Hutton Street,-37.75523,144.991022,3.0,1.0,house,1.0,2019-07-06,457.0,m2,"$1,000,000"
property-house-vic-thornbury-131381102,Thornbury,3071,295 Gooch Street,-37.760274,145.024699,3.0,1.0,house,2.0,2019-07-06,518.0,m2,"$935,000"
property-house-vic-thornbury-130301398,Thornbury,3071,120 Woolton Avenue,-37.759857,144.988326,3.0,1.0,house,,2019-07-02,,,"$930,000"
property-house-vic-thornbury-131274066,Thornbury,3071,121 Ballantyne Street,-37.757864,144.991157,3.0,2.0,house,1.0,2019-06-29,,,"$1,500,000"
property-house-vic-thornbury-131324762,Thornbury,3071,80 Normanby Avenue,-37.758419,144.992299,2.0,1.0,house,1.0,2019-06-29,,,"$880,000"
property-apartment-vic-thornbury-131124250,Thornbury,3071,10/10 Dundas Street,-37.752769,145.002735,2.0,1.0,apartment,1.0,2019-06-27,,,"$425,000"
property-townhouse-vic-thornbury-130816214,Thornbury,3071,2/71 Miller Street,-37.751661,144.991196,2.0,2.0,townhouse,1.0,2019-06-26,,,"$662,000"
property-unit-vic-thornbury-130970074,Thornbury,3071,8/14 Kemp Street,-37.761773,144.995406,2.0,1.0,unit,1.0,2019-06-26,,,"$480,000"
property-apartment-vic-thornbury-131283702,Thornbury,3071,5/109 Flinders Street,-37.756387,145.011279,2.0,1.0,apartment,2.0,2019-06-24,,,"$656,000"
property-house-vic-thornbury-131260662,Thornbury,3071,29 Kelvin Grove,-37.762038,145.002334,3.0,1.0,house,2.0,2019-06-22,,,"$1,265,000"
property-apartment-vic-thornbury-131177374,Thornbury,3071,10/26 Normanby Avenue,-37.758946,144.997384,1.0,1.0,apartment,1.0,2019-06-18,,,"$270,000"
property-house-vic-thornbury-131214918,Thornbury,3071,31 Gooch Street,-37.75797,145.002951,4.0,1.0,house,1.0,2019-06-17,,,"$1,551,000"
property-house-vic-thornbury-131249066,Thornbury,3071,204 Raleigh Street,-37.760481,145.014519,3.0,1.0,house,4.0,2019-06-15,,,"$1,350,000"
property-house-vic-thornbury-127678346,Thornbury,3071,294B Mansfield Street,-37.759058,145.023829,3.0,2.0,house,3.0,2019-06-13,,,"$1,185,000"
property-apartment-vic-thornbury-131002790,Thornbury,3071,15/5 Kemp Street,-37.762494,144.995818,1.0,1.0,apartment,1.0,2019-06-12,,,"$355,000"
property-house-vic-thornbury-131230554,Thornbury,3071,82 Normanby Avenue,-37.758409,144.992213,3.0,2.0,house,2.0,2019-06-04,,,"$1,085,000"
property-house-vic-thornbury-131273370,Thornbury,3071,143 Ballantyne Street,-37.757683,144.989601,4.0,2.0,house,2.0,2019-06-01,,,"$1,844,000"
property-house-vic-thornbury-131140026,Thornbury,3071,178 Dundas Street,-37.754577,145.019171,4.0,2.0,house,3.0,2019-06-01,,,"$1,501,000"
property-house-vic-thornbury-131145538,Thornbury,3071,23 Newman Street,-37.756993,144.986642,2.0,1.0,house,1.0,2019-06-01,,,"$1,218,000"
property-house-vic-thornbury-131069534,Thornbury,3071,236 Mansfield Street,-37.758509,145.018665,4.0,2.0,house,2.0,2019-05-31,,,"$1,950,000"
property-house-vic-thornbury-131141718,Thornbury,3071,23 Keon Street,-37.752552,144.992253,2.0,1.0,house,,2019-05-30,,,"$910,000"
property-house-vic-thornbury-131043146,Thornbury,3071,30 Normanby Avenue,-37.758911,144.997071,3.0,1.0,house,1.0,2019-05-29,412.0,m2,"$875,000"
property-townhouse-vic-thornbury-130114310,Thornbury,3071,3/350 Gooch Street,-37.761193,145.027475,3.0,2.0,townhouse,2.0,2019-05-28,,,"$790,000"
property-townhouse-vic-thornbury-130285114,Thornbury,3071,318 Gooch Street,-37.760796,145.025932,2.0,1.0,townhouse,1.0,2019-05-28,,,"$565,000"
property-house-vic-thornbury-131087258,Thornbury,3071,138 Clarendon Street,-37.760807,145.010014,3.0,1.0,house,2.0,2019-05-25,400.0,m2,"$1,105,000"
property-apartment-vic-thornbury-130912702,Thornbury,3071,5/99 Ballantyne Street,-37.758001,144.99234,1.0,1.0,apartment,,2019-05-14,,,"$355,000"
property-apartment-vic-thornbury-131071994,Thornbury,3071,12/74 Dundas Street,-37.753501,145.009397,1.0,1.0,apartment,1.0,2019-05-11,,,"$305,000"
property-house-vic-thornbury-130612758,Thornbury,3071,86 Raleigh Street,-37.759593,145.006124,2.0,1.0,house,,2019-05-04,187.0,m2,"$840,000"
property-house-vic-thornbury-130665118,Thornbury,3071,203 Darebin Road,-37.764609,145.014906,3.0,2.0,house,4.0,2019-05-03,,,"$980,000"
property-unitblock-vic-thornbury-130897282,Thornbury,3071,1-6/289 Mansfield Street,-37.758549,145.023246,8.0,6.0,unitblock,6.0,2019-05-02,,,"$2,200,000"
property-apartment-vic-thornbury-130878242,Thornbury,3071,26/337 Station Street,-37.763934,145.021416,1.0,1.0,apartment,1.0,2019-05-02,,,"$380,000"
property-apartment-vic-thornbury-130878246,Thornbury,3071,7/45 Clarendon Street,-37.759622,145.003379,1.0,1.0,apartment,1.0,2019-05-02,,,"$280,000"
property-house-vic-thornbury-130842322,Thornbury,3071,108 Smith Street,-37.756622,144.991955,4.0,1.0,house,2.0,2019-04-30,,,"$1,140,000"
property-apartment-vic-thornbury-131011054,Thornbury,3071,66/337 Station Street,-37.763934,145.021416,2.0,1.0,apartment,1.0,2019-04-29,,,"$610,000"
property-house-vic-thornbury-130727202,Thornbury,3071,130 Normanby Avenue,-37.757978,144.988487,3.0,1.0,house,2.0,2019-04-27,668.0,m2,"$1,000,000"
property-house-vic-thornbury-130746810,Thornbury,3071,3 Bradley Avenue,-37.761462,144.991928,3.0,2.0,house,2.0,2019-04-18,,,"$940,500"
property-house-vic-thornbury-130638574,Thornbury,3071,1 Gladhall Avenue,-37.757772,145.019576,3.0,1.0,house,2.0,2019-04-16,541.0,m2,"$940,000"
property-apartment-vic-thornbury-130766314,Thornbury,3071,12/9 Hammond Street,-37.763115,145.01028,1.0,1.0,apartment,1.0,2019-04-16,,,"$312,000"
property-house-vic-thornbury-130791314,Thornbury,3071,142 Smith Street,-37.756252,144.989347,3.0,2.0,house,1.0,2019-04-13,,,"$1,382,500"
property-house-vic-thornbury-130788350,Thornbury,3071,20 Jones Street,-37.756912,145.022305,3.0,1.0,house,2.0,2019-04-13,,,"$1,020,000"
property-house-vic-thornbury-130496582,Thornbury,3071,39 Raleigh Street,-37.758795,145.003072,3.0,2.0,house,,2019-04-11,,,"$1,460,000"
property-apartment-vic-thornbury-130734122,Thornbury,3071,2/48 Woolton Avenue,-37.760632,144.995042,1.0,1.0,apartment,1.0,2019-04-08,,,"$435,000"
property-house-vic-thornbury-130722390,Thornbury,3071,1 Newman Street,-37.757155,144.988054,2.0,1.0,house,1.0,2019-04-06,215.0,m2,"$675,000"
property-villa-vic-thornbury-130734018,Thornbury,3071,8/38-40 Pender Street,-37.754519,145.005225,2.0,1.0,villa,1.0,2019-04-06,,,"$615,000"
property-apartment-vic-thornbury-130729226,Thornbury,3071,4/131 Harold Street,-37.755839,144.988738,2.0,1.0,apartment,1.0,2019-04-06,,,"$530,000"
property-apartment-vic-thornbury-130751634,Thornbury,3071,4/12 Ballantyne Street,-37.758291,144.99932,2.0,2.0,apartment,1.0,2019-04-05,,,"$717,500"
property-house-vic-thornbury-130434834,Thornbury,3071,40 Ethel Street,-37.753505,144.999732,3.0,1.0,house,2.0,2019-04-04,,,"$1,060,000"
property-house-vic-thornbury-130552394,Thornbury,3071,39 Lewis Street,-37.757433,144.985307,4.0,1.0,house,3.0,2019-04-03,,,"$1,215,000"
property-house-vic-thornbury-130668854,Thornbury,3071,49 Pender Street,-37.753674,145.005865,6.0,2.0,house,4.0,2019-04-01,848.0,m2,"$1,630,000"
property-house-vic-thornbury-130641062,Thornbury,3071,2/66 Collins Street,-37.755441,145.007053,3.0,2.0,house,2.0,2019-03-31,,,"$850,000"
property-flat-vic-thornbury-130553150,Thornbury,3071,2/105 Flinders Street,-37.756337,145.01085,2.0,1.0,flat,1.0,2019-03-31,,,"$540,000"
property-apartment-vic-thornbury-130615234,Thornbury,3071,14/8 Kemp Street,-37.761825,144.995854,1.0,1.0,apartment,1.0,2019-03-28,,,"$393,000"
property-house-vic-thornbury-130606930,Thornbury,3071,104 Hutton Street,-37.754527,144.989216,3.0,1.0,house,1.0,2019-03-23,330.0,m2,"$1,270,000"
property-apartment-vic-thornbury-130668738,Thornbury,3071,4/81 Flinders Street,-37.755979,145.007609,2.0,1.0,apartment,1.0,2019-03-22,,,"$535,000"
property-house-vic-thornbury-130552406,Thornbury,3071,16 Harry Street,-37.756437,145.016304,3.0,2.0,house,4.0,2019-03-16,,,"$2,000,000"
property-townhouse-vic-thornbury-130491826,Thornbury,3071,3/56 Dundas Street,-37.753244,145.007043,3.0,1.0,townhouse,1.0,2019-03-09,,,"$740,000"
property-townhouse-vic-thornbury-130359210,Thornbury,3071,2/70 Harold Street,-37.756118,144.995881,3.0,2.0,townhouse,1.0,2019-03-08,,,"$940,000"
property-apartment-vic-thornbury-130504030,Thornbury,3071,6/30-34 Strettle Street,-37.752572,144.983006,2.0,1.0,apartment,1.0,2019-03-08,,,"$540,000"
property-house-vic-thornbury-130392522,Thornbury,3071,61 Clarendon Street,-37.759735,145.004443,2.0,1.0,house,1.0,2019-03-07,,,"$1,045,000"
property-house-vic-thornbury-130411042,Thornbury,3071,190A Mansfield Street,-37.758108,145.014904,2.0,2.0,house,2.0,2019-03-04,,,"$1,090,000"
property-house-vic-thornbury-130410842,Thornbury,3071,244 Flinders Street,-37.757609,145.015387,3.0,3.0,house,1.0,2019-03-04,,,"$965,000"
property-house-vic-thornbury-130320826,Thornbury,3071,96 Shaftesbury Parade,-37.759291,144.991797,4.0,3.0,house,1.0,2019-03-02,,,"$2,000,000"
property-house-vic-thornbury-130434490,Thornbury,3071,81 Darebin Road,-37.763656,145.005846,4.0,2.0,house,1.0,2019-03-02,,,"$1,715,000"
property-house-vic-thornbury-130434706,Thornbury,3071,1A Hutton Street,-37.75625,145.000334,3.0,2.0,house,1.0,2019-03-02,,,"$1,085,000"
property-apartment-vic-thornbury-130433646,Thornbury,3071,1/299 Mansfield Street,-37.758666,145.024304,2.0,1.0,apartment,1.0,2019-03-02,,,"$535,000"
property-house-vic-thornbury-130319570,Thornbury,3071,71 Normanby Avenue,-37.759025,144.994127,3.0,1.0,house,,2019-03-01,,,"$1,080,000"
property-house-vic-thornbury-129974842,Thornbury,3071,58 Hutton Street,-37.754871,144.992211,3.0,1.0,house,1.0,2019-02-27,372.0,m2,"$820,000"
property-house-vic-thornbury-130345730,Thornbury,3071,104 Collins Street,-37.755971,145.011843,3.0,1.0,house,1.0,2019-02-25,627.0,m2,"$1,100,000"
property-apartment-vic-thornbury-130453154,Thornbury,3071,11/2 Dundas Street,-37.752718,145.002276,2.0,1.0,apartment,1.0,2019-02-25,,,"$425,000"
property-apartment-vic-thornbury-130343326,Thornbury,3071,11/25 Kemp Street,-37.762311,144.99424,1.0,1.0,apartment,1.0,2019-02-23,,,"$400,000"
property-townhouse-vic-thornbury-130370758,Thornbury,3071,42/85c Clyde Street,-37.761167,145.011806,2.0,2.0,townhouse,1.0,2019-02-22,,,"$805,000"
property-apartment-vic-thornbury-130446694,Thornbury,3071,9/137-139 Flinders Street,-37.757119,145.015025,2.0,1.0,apartment,2.0,2019-02-21,,,"$635,000"
property-house-vic-thornbury-130442870,Thornbury,3071,103 St David Street,-37.754716,145.005793,3.0,1.0,house,3.0,2019-02-19,457.0,m2,"$1,110,000"
property-house-vic-thornbury-130351094,Thornbury,3071,9 Murray Street,-37.754706,144.995431,3.0,1.0,house,3.0,2019-02-18,,,"$1,300,000"
property-townhouse-vic-thornbury-130266030,Thornbury,3071,2/26 Lewis Street,-37.757194,144.986222,2.0,1.0,townhouse,1.0,2019-02-15,,,"$670,000"
property-townhouse-vic-thornbury-129877082,Thornbury,3071,316 Gooch Street,-37.760791,145.025879,2.0,1.0,townhouse,1.0,2019-02-04,,,"$560,000"
property-apartment-vic-thornbury-129855230,Thornbury,3071,6/187 Mansfield Street,-37.757581,145.014347,1.0,1.0,apartment,1.0,2019-01-24,,,"$300,000"
property-apartment-vic-thornbury-129891870,Thornbury,3071,7/37 Woolton Avenue,-37.761312,144.995928,2.0,2.0,apartment,1.0,2019-01-19,,,"$677,000"
property-apartment-vic-thornbury-130011686,Thornbury,3071,1/40 Woolton Avenue,-37.760711,144.995725,2.0,1.0,apartment,2.0,2019-01-14,,,"$505,000"
property-house-vic-thornbury-129884086,Thornbury,3071,2 Harold Street,-37.756634,145.00029,3.0,1.0,house,1.0,2019-01-08,,,"$1,298,000"
property-house-vic-thornbury-129949358,Thornbury,3071,142 Harold Street,-37.755504,144.990221,3.0,1.0,house,3.0,2018-12-19,481.0,m2,"$1,290,000"
property-house-vic-thornbury-129821990,Thornbury,3071,138 Shaftesbury Parade,-37.758982,144.989144,4.0,2.0,house,1.0,2018-12-18,,,"$1,600,000"
property-house-vic-thornbury-129819650,Thornbury,3071,8 Rossmoyne Street,-37.757513,145.001745,3.0,2.0,house,2.0,2018-12-17,222.0,m2,"$990,000"
property-apartment-vic-thornbury-129755542,Thornbury,3071,24/337 Station Street,-37.763934,145.021416,1.0,1.0,apartment,1.0,2018-12-15,,,"$411,000"
property-house-vic-thornbury-129821906,Thornbury,3071,15 Mansfield Street,-37.756347,145.002805,3.0,1.0,house,2.0,2018-12-14,460.0,m2,"$1,305,000"
property-apartment-vic-thornbury-129948018,Thornbury,3071,11/37 Clapham Street,-37.754225,144.997855,2.0,1.0,apartment,1.0,2018-12-14,,,"$560,000"
property-apartment-vic-thornbury-129978182,Thornbury,3071,12/14 Hutton Street,-37.75568,144.999328,2.0,1.0,apartment,1.0,2018-12-14,,,"$375,000"
property-townhouse-vic-thornbury-129682986,Thornbury,3071,342 Gooch Street,-37.761171,145.02742,3.0,2.0,townhouse,2.0,2018-12-10,,,"$799,000"
property-apartment-vic-thornbury-129929554,Thornbury,3071,110/636 High Street,-37.760231,145.000645,2.0,1.0,apartment,1.0,2018-12-10,,,"$508,000"
property-house-vic-thornbury-129877770,Thornbury,3071,18 Strettle Street,-37.753931,144.982629,4.0,2.0,house,2.0,2018-12-08,280.0,m2,"$845,000"
property-townhouse-vic-thornbury-129897350,Thornbury,3071,11/44 Strettle Street,-37.751691,144.983153,2.0,1.0,townhouse,1.0,2018-12-08,,,"$603,000"
property-house-vic-thornbury-129745026,Thornbury,3071,59 Darebin Road,-37.763436,145.004341,3.0,1.0,house,3.0,2018-12-04,,,"$1,160,000"
property-house-vic-thornbury-129817510,Thornbury,3071,97 Clarendon Street,-37.759941,145.006402,3.0,2.0,house,1.0,2018-12-01,312.0,m2,"$1,360,000"
property-house-vic-thornbury-129814606,Thornbury,3071,110A Clarendon Street,-37.760593,145.007989,3.0,1.0,house,1.0,2018-12-01,,,"$908,000"
property-house-vic-thornbury-129820450,Thornbury,3071,6 Agnes Street,-37.762702,145.004743,2.0,1.0,house,,2018-12-01,,,"$851,000"
property-apartment-vic-thornbury-129815374,Thornbury,3071,3/88 Normanby Avenue,-37.758355,144.991741,2.0,1.0,apartment,2.0,2018-12-01,,,"$530,000"
property-townhouse-vic-thornbury-129815050,Thornbury,3071,2/125 Fyffe Street,-37.75379,144.982412,3.0,1.0,townhouse,2.0,2018-11-28,,,"$900,000"
property-house-vic-thornbury-129744782,Thornbury,3071,302 Gillies Street,-37.764881,145.018993,3.0,1.0,house,3.0,2018-11-24,,,"$1,530,000"
property-house-vic-thornbury-129747614,Thornbury,3071,51 Comas Grove,-37.752861,144.984984,2.0,1.0,house,3.0,2018-11-24,,,"$1,125,000"
property-villa-vic-thornbury-129735154,Thornbury,3071,2/184 Normanby Avenue,-37.757395,144.98412,2.0,1.0,villa,1.0,2018-11-24,,,"$580,000"
property-unit-vic-thornbury-129687630,Thornbury,3071,3/18 Fyffe Street,-37.753907,144.99243,2.0,1.0,unit,1.0,2018-11-21,,,"$670,000"
property-apartment-vic-thornbury-129637134,Thornbury,3071,3/143 Smith Street,-37.756743,144.989284,1.0,1.0,apartment,1.0,2018-11-18,,,"$403,000"
property-house-vic-thornbury-129632958,Thornbury,3071,57 St David Street,-37.763169,145.005198,4.0,2.0,house,1.0,2018-11-17,408.0,m2,"$1,785,000"
property-townhouse-vic-thornbury-128720030,Thornbury,3071,26 Sparks Avenue,-37.761113,145.025225,2.0,2.0,townhouse,1.0,2018-11-17,,,"$675,500"
property-apartment-vic-thornbury-129655094,Thornbury,3071,10/137-139 Flinders  Street,-37.757119,145.015025,2.0,1.0,apartment,1.0,2018-11-17,,,"$624,000"
property-apartment-vic-thornbury-129114342,Thornbury,3071,19/42-44 Clarendon Street,-37.760211,145.003265,2.0,1.0,apartment,2.0,2018-11-13,,,"$545,000"
property-house-vic-thornbury-129613622,Thornbury,3071,128 Hutton Street,-37.754301,144.987311,3.0,1.0,house,2.0,2018-11-10,,,"$1,488,000"
property-house-vic-thornbury-129420806,Thornbury,3071,279 Mansfield Street,-37.758479,145.022621,2.0,1.0,house,1.0,2018-11-07,,,"$770,000"
property-townhouse-vic-thornbury-129047118,Thornbury,3071,2/236 Collins Street,-37.756881,145.023987,2.0,2.0,townhouse,1.0,2018-11-05,,,"$726,000"
property-house-vic-thornbury-129696402,Thornbury,3071,147 Shaftesbury Parade,-37.759455,144.988366,5.0,2.0,house,1.0,2018-11-02,500.0,m2,"$1,828,000"
property-apartment-vic-thornbury-129249994,Thornbury,3071,12/9 Kemp Street,-37.76246,144.995503,1.0,1.0,apartment,2.0,2018-10-31,,,"$300,000"
property-house-vic-thornbury-129483238,Thornbury,3071,209 Rossmoyne Street,-37.758515,145.01571,3.0,1.0,house,2.0,2018-10-27,,,"$1,340,000"
property-house-vic-thornbury-128823034,Thornbury,3071,19 Miller St,-37.752327,144.999782,4.0,1.0,house,,2018-10-27,,,"$920,000"
property-townhouse-vic-thornbury-129359674,Thornbury,3071,2/54 Strettle Street,-37.751224,144.983231,3.0,2.0,townhouse,2.0,2018-10-22,131.0,m2,"$850,000"
property-apartment-vic-thornbury-129394778,Thornbury,3071,3/6 Kemp Street,-37.761762,144.996097,2.0,1.0,apartment,,2018-10-21,,,"$566,000"
property-house-vic-thornbury-129409006,Thornbury,3071,7 Hutton Street,-37.756198,144.999793,4.0,1.0,house,1.0,2018-10-20,,,"$1,565,000"
property-apartment-vic-thornbury-129420634,Thornbury,3071,3/130 Rossmoyne Street,-37.758232,145.00845,2.0,1.0,apartment,1.0,2018-10-20,,,"$525,000"
property-unit-vic-thornbury-129339922,Thornbury,3071,1/101 St David Street,-37.755412,145.005633,1.0,1.0,unit,1.0,2018-10-17,,,"$340,000"
property-townhouse-vic-thornbury-129123066,Thornbury,3071,324 Gooch Street,-37.760809,145.026093,2.0,1.0,townhouse,1.0,2018-10-16,,,"$580,000"
property-house-vic-thornbury-129388446,Thornbury,3071,1/224 Gooch Street,-37.759973,145.017325,2.0,1.0,house,2.0,2018-10-10,,,"$800,000"
property-apartment-vic-thornbury-128818394,Thornbury,3071,51/337 Station Street,-37.763934,145.021416,2.0,1.0,apartment,1.0,2018-10-10,,,"$635,000"
property-townhouse-vic-thornbury-129315502,Thornbury,3071,3/149 Ballantyne Street,-37.757623,144.989087,2.0,2.0,townhouse,1.0,2018-10-08,,,"$800,000"
property-house-vic-thornbury-129306290,Thornbury,3071,113 Clyde Street,-37.761722,145.015642,2.0,1.0,house,4.0,2018-10-06,,,"$1,521,000"
property-townhouse-vic-thornbury-129306978,Thornbury,3071,366C Victoria Road,-37.755815,145.013979,2.0,1.0,townhouse,1.0,2018-10-06,,,"$736,000"
property-apartment-vic-thornbury-129060102,Thornbury,3071,1/89 Ballantyne Street,-37.758226,144.994419,1.0,1.0,apartment,1.0,2018-10-04,,,"$369,000"
property-house-vic-thornbury-129141042,Thornbury,3071,100 Ballantyne Street,-37.7574,144.991622,3.0,1.0,house,,2018-10-02,,,"$1,065,000"
property-apartment-vic-thornbury-129193430,Thornbury,3071,1/267 Rossmoyne Street,-37.758747,145.017904,2.0,1.0,apartment,1.0,2018-09-28,,,"$585,000"
property-apartment-vic-thornbury-129142618,Thornbury,3071,111/636 High Street,-37.760231,145.000645,3.0,2.0,apartment,2.0,2018-09-25,,,"$810,000"
property-apartment-vic-thornbury-129275202,Thornbury,3071,5/9 Kemp Street,-37.76246,144.995503,1.0,1.0,apartment,1.0,2018-09-24,,,"$359,000"
property-unit-vic-thornbury-129264446,Thornbury,3071,2/37 Woolton Avenue,-37.761312,144.995928,2.0,1.0,unit,1.0,2018-09-22,,,"$670,000"
property-apartment-vic-thornbury-129159778,Thornbury,3071,1/301 Mansfield Street,-37.758695,145.02454,2.0,1.0,apartment,1.0,2018-09-18,,,"$531,000"
property-house-vic-thornbury-129136678,Thornbury,3071,25 Wales Street,-37.763718,145.008562,3.0,2.0,house,1.0,2018-09-15,,,"$1,510,000"
property-house-vic-thornbury-129138066,Thornbury,3071,44 Harold Street,-37.756266,144.997177,2.0,1.0,house,1.0,2018-09-15,,,"$1,260,000"
property-house-vic-thornbury-129134302,Thornbury,3071,54 Leinster Grove,-37.758934,144.988121,3.0,2.0,house,1.0,2018-09-15,,,"$1,080,000"
property-house-vic-thornbury-129141126,Thornbury,3071,277A Rossmoyne Street,-37.758801,145.018413,3.0,1.0,house,1.0,2018-09-15,,,"$892,500"
property-villa-vic-thornbury-129137914,Thornbury,3071,4/13 Strettle Street,-37.754336,144.983418,2.0,1.0,villa,1.0,2018-09-15,,,"$615,000"
property-apartment-vic-thornbury-128603298,Thornbury,3071,4/14 Mansfield Street,-37.756775,145.002274,2.0,1.0,apartment,1.0,2018-09-11,,,"$600,000"
property-townhouse-vic-thornbury-128927958,Thornbury,3071,4/149 Ballantyne Street,-37.757623,144.989087,2.0,2.0,townhouse,1.0,2018-09-10,,,"$830,000"
property-townhouse-vic-thornbury-129062630,Thornbury,3071,4/73 Ballantyne Street,-37.758331,144.995318,2.0,1.0,townhouse,1.0,2018-09-10,,,"$820,000"
property-house-vic-thornbury-129082030,Thornbury,3071,51 Miller Street,-37.751754,144.992342,3.0,2.0,house,1.0,2018-09-08,,,"$1,121,000"
property-house-vic-thornbury-129081738,Thornbury,3071,159 Gooch Street,-37.758801,145.010831,3.0,2.0,house,1.0,2018-09-07,,,"$1,300,000"
property-house-vic-thornbury-129079754,Thornbury,3071,250 Victoria Road,-37.763914,145.012705,3.0,1.0,house,1.0,2018-09-06,,,"$1,080,000"
property-house-vic-thornbury-129023290,Thornbury,3071,36 Gooch Street,-37.758498,145.003375,4.0,2.0,house,2.0,2018-09-01,,,"$1,410,000"
property-apartment-vic-thornbury-128923802,Thornbury,3071,8/167 Darebin Road,-37.764439,145.013167,2.0,2.0,apartment,1.0,2018-08-28,,,"$706,000"
property-apartment-vic-thornbury-128967270,Thornbury,3071,3/135 Raleigh Street,-37.759382,145.00872,2.0,1.0,apartment,1.0,2018-08-27,,,"$530,000"
property-apartment-vic-thornbury-129047058,Thornbury,3071,6/66 Dundas Street,-37.753371,145.008265,2.0,1.0,apartment,1.0,2018-08-21,,,"$500,000"
property-residential land-vic-thornbury-202098018,Thornbury,3071,31 Pender Street,-37.753612,145.004283,,,residential land,,2018-08-20,455.0,m2,"$1,150,000"
property-unit-vic-thornbury-128896530,Thornbury,3071,2/57 Pender Street,-37.75377,145.007502,1.0,1.0,unit,1.0,2018-08-20,,,"$408,000"
property-unit-vic-thornbury-128897958,Thornbury,3071,2/76 Speight Street,-37.763123,145.014215,2.0,2.0,unit,1.0,2018-08-18,,,"$790,000"
property-apartment-vic-thornbury-128840418,Thornbury,3071,7/4 Dundas Street,-37.752744,145.002508,1.0,1.0,apartment,1.0,2018-08-15,,,"$338,000"
property-apartment-vic-thornbury-128856258,Thornbury,3071,5/13 Harold Street,-37.757036,144.999353,1.0,1.0,apartment,1.0,2018-08-07,,,"$333,850"
property-apartment-vic-thornbury-128737054,Thornbury,3071,10/9 Kemp Street,-37.76246,144.995503,1.0,1.0,apartment,1.0,2018-08-07,,,"$309,000"
property-unit-vic-thornbury-128802910,Thornbury,3071,1/88 Dundas Street,-37.753744,145.011533,3.0,2.0,unit,2.0,2018-08-04,,,"$796,000"
property-apartment-vic-thornbury-128721906,Thornbury,3071,5/7 Smith Street,-37.757929,144.999419,1.0,1.0,apartment,1.0,2018-08-03,,,"$350,000"
property-townhouse-vic-thornbury-128755274,Thornbury,3071,2/31 Mansfield Street,-37.756453,145.003816,2.0,2.0,townhouse,1.0,2018-07-28,,,"$760,000"
property-townhouse-vic-thornbury-128755470,Thornbury,3071,54/85C Clyde Street,-37.761167,145.011806,3.0,2.0,townhouse,1.0,2018-07-27,,,"$861,000"
property-unit-vic-thornbury-128488390,Thornbury,3071,4/383 Station Street,-37.759634,145.021719,2.0,1.0,unit,1.0,2018-07-27,,,"$610,000"
property-apartment-vic-thornbury-128084578,Thornbury,3071,3/282 Mansfield Street,-37.758974,145.023036,2.0,1.0,apartment,1.0,2018-07-24,,,"$550,000"
property-townhouse-vic-thornbury-128135642,Thornbury,3071,58E Leinster Grove,-37.75875,144.988154,2.0,2.0,townhouse,1.0,2018-07-23,,,"$700,000"
property-house-vic-thornbury-128700662,Thornbury,3071,42 Gooch Street,-37.758537,145.003735,3.0,1.0,house,,2018-07-21,,,"$972,000"
property-apartment-vic-thornbury-128648106,Thornbury,3071,2/15 Rennie Street,-37.753556,144.992462,1.0,1.0,apartment,1.0,2018-07-21,,,"$325,000"
property-townhouse-vic-thornbury-128678626,Thornbury,3071,1/149 Ballantyne Street,-37.757623,144.989087,2.0,2.0,townhouse,1.0,2018-07-18,,,"$935,000"
property-house-vic-thornbury-128646414,Thornbury,3071,77 Smith Street,-37.757363,144.994605,3.0,1.0,house,1.0,2018-07-14,,,"$1,200,000"
property-house-vic-thornbury-128594474,Thornbury,3071,176 Clarendon Street,-37.761217,145.013867,3.0,1.0,house,2.0,2018-07-14,,,"$1,155,000"
property-apartment-vic-thornbury-128618362,Thornbury,3071,5/48 Woolton Avenue,-37.760632,144.995042,1.0,1.0,apartment,1.0,2018-07-14,,,"$410,000"
property-apartment-vic-thornbury-128594254,Thornbury,3071,109/679-685 High Street,-37.760191,144.999998,2.0,2.0,apartment,1.0,2018-07-11,,,"$608,100"
property-house-vic-thornbury-128570482,Thornbury,3071,54 Raleigh Street,-37.759412,145.0044,3.0,1.0,house,2.0,2018-07-07,,,"$1,450,000"
property-apartment-vic-thornbury-128670234,Thornbury,3071,2/38 Woolton Avenue,-37.760733,144.995913,2.0,1.0,apartment,1.0,2018-07-07,,,"$482,000"
property-house-vic-thornbury-128484154,Thornbury,3071,18 Alexandra Street,-37.763102,145.007023,3.0,2.0,house,2.0,2018-06-24,,,"$1,420,000"
property-house-vic-thornbury-128548030,Thornbury,3071,277 Rossmoyne Street,-37.758789,145.018301,3.0,1.0,house,1.0,2018-06-24,320.0,m2,"$1,055,200"
property-house-vic-thornbury-128480314,Thornbury,3071,43 Clyde Street,-37.760978,145.008612,4.0,1.0,house,,2018-06-23,385.0,m2,"$915,000"
property-townhouse-vic-thornbury-128431854,Thornbury,3071,4/124 Normanby Avenue,-37.758038,144.989003,2.0,1.0,townhouse,1.0,2018-06-23,,,"$715,000"
property-house-vic-thornbury-128431674,Thornbury,3071,39 Newman Street,-37.756859,144.985478,2.0,1.0,house,1.0,2018-06-20,,,"$1,055,000"
property-townhouse-vic-thornbury-128267130,Thornbury,3071,52 Leinster Grove,-37.759026,144.988104,3.0,2.0,townhouse,2.0,2018-06-19,,,"$1,200,000"
property-house-vic-thornbury-128410094,Thornbury,3071,7 Shaftesbury Parade,-37.760728,144.999361,2.0,1.0,house,1.0,2018-06-18,314.0,m2,"$1,010,000"
property-house-vic-thornbury-128441830,Thornbury,3071,55 Clyde Street,-37.761079,145.009568,2.0,1.0,house,,2018-06-16,,,"$970,000"
property-house-vic-thornbury-127728590,Thornbury,3071,267 Clarendon Street,-37.761599,145.022061,3.0,1.0,house,2.0,2018-06-15,,,"$915,000"
property-house-vic-thornbury-128487274,Thornbury,3071,17 Monash Avenue,-37.762453,145.003181,3.0,2.0,house,2.0,2018-06-12,,,"$1,425,000"
property-house-vic-thornbury-128025050,Thornbury,3071,249 Raleigh Street,-37.760266,145.017085,3.0,1.0,house,2.0,2018-06-07,376.0,m2,"$1,120,000"
property-townhouse-vic-thornbury-127932294,Thornbury,3071,3/236 Collins Street,-37.756881,145.023987,2.0,2.0,townhouse,2.0,2018-06-05,,,"$809,500"
property-apartment-vic-thornbury-128305034,Thornbury,3071,2/40 Swift Street,-37.763014,145.017724,1.0,1.0,apartment,1.0,2018-06-04,,,"$354,500"
property-house-vic-thornbury-128316210,Thornbury,3071,130 Ballantyne Street,-37.757157,144.989531,3.0,1.0,house,2.0,2018-06-02,,,"$1,440,000"
property-house-vic-thornbury-128316870,Thornbury,3071,33 Rossmoyne Street,-37.75721,145.003385,3.0,1.0,house,1.0,2018-06-02,,,"$1,180,000"
property-townhouse-vic-thornbury-128316250,Thornbury,3071,3/153 Ballantyne Street,-37.757583,144.988745,3.0,2.0,townhouse,1.0,2018-06-02,,,"$885,000"
property-apartment-vic-thornbury-128312802,Thornbury,3071,3/30 Strettle Street,-37.752572,144.983006,1.0,1.0,apartment,1.0,2018-06-02,,,"$393,000"
property-apartment-vic-thornbury-128253722,Thornbury,3071,10/39 Rossmoyne Street,-37.757251,145.003777,1.0,1.0,apartment,1.0,2018-05-30,,,"$340,000"
property-house-vic-thornbury-128265530,Thornbury,3071,99 Rossmoyne Street,-37.7576,145.007042,2.0,1.0,house,,2018-05-26,,,"$957,000"
property-apartment-vic-thornbury-128316262,Thornbury,3071,2/58 Clarendon Street,-37.760329,145.004336,2.0,1.0,apartment,1.0,2018-05-25,,,"$730,000"
property-unit-vic-thornbury-128142638,Thornbury,3071,6/84 St David Street,-37.753387,145.006654,2.0,1.0,unit,1.0,2018-05-23,,,"$735,200"
property-apartment-vic-thornbury-127824762,Thornbury,3071,3/274 Mansfield Street,-37.758881,145.022168,1.0,1.0,apartment,1.0,2018-05-22,,,"$269,000"
property-house-vic-thornbury-128172998,Thornbury,3071,154 Harold Street,-37.755411,144.989329,4.0,1.0,house,5.0,2018-05-19,,,"$1,365,000"
property-house-vic-thornbury-128165230,Thornbury,3071,6 Martin Street,-37.761179,145.000919,2.0,1.0,house,,2018-05-19,228.0,m2,"$1,150,000"
property-townhouse-vic-thornbury-127544026,Thornbury,3071,260A Gooch Street,-37.759406,145.014248,2.0,1.0,townhouse,1.0,2018-05-19,,,"$700,000"
property-house-vic-thornbury-127734214,Thornbury,3071,46 Speight Street,-37.762853,145.01167,3.0,1.0,house,,2018-05-18,580.0,m2,"$1,300,000"
property-apartment-vic-thornbury-128186658,Thornbury,3071,102/690 High Street,-37.75835,145.000956,2.0,1.0,apartment,1.0,2018-05-15,,,"$595,000"
property-house-vic-thornbury-128222386,Thornbury,3071,132 Mansfield Street,-37.757623,145.010295,4.0,1.0,house,2.0,2018-05-14,,,"$1,435,000"
property-house-vic-thornbury-128142446,Thornbury,3071,97 Clyde Street,-37.761563,145.014131,3.0,1.0,house,2.0,2018-05-12,696.0,m2,"$1,502,000"
property-house-vic-thornbury-127910022,Thornbury,3071,46 Collins Street,-37.75538,145.004664,3.0,1.0,house,1.0,2018-05-11,396.0,m2,"$1,075,000"
property-house-vic-thornbury-128024434,Thornbury,3071,12 Strettle Street,-37.7543,144.982538,4.0,4.0,house,6.0,2018-05-09,,,"$1,800,000"
property-townhouse-vic-thornbury-127917130,Thornbury,3071,3/226 Rossmoyne Street,-37.758854,145.014327,3.0,2.0,townhouse,1.0,2018-05-09,,,"$915,000"
property-house-vic-thornbury-128102550,Thornbury,3071,298 Raleigh Street,-37.761286,145.022114,2.0,1.0,house,,2018-05-07,,,"$875,000"
property-house-vic-thornbury-127995074,Thornbury,3071,8 Smith Street,-37.757453,144.999761,6.0,2.0,house,6.0,2018-05-06,825.0,m2,"$2,100,000"
property-apartment-vic-thornbury-128097194,Thornbury,3071,2/184 Rossmoyne Street,-37.758627,145.012186,1.0,1.0,apartment,1.0,2018-05-05,,,"$357,500"
property-apartment-vic-thornbury-128060446,Thornbury,3071,3/34 Pender Street,-37.754244,145.004751,1.0,1.0,apartment,1.0,2018-05-03,,,"$391,000"
property-house-vic-thornbury-128025566,Thornbury,3071,330 Rathmines Street,-37.760539,145.01863,3.0,2.0,house,2.0,2018-04-28,,,"$1,512,000"
property-unitblock-vic-thornbury-127905262,Thornbury,3071,1-7/59 Keon Street,-37.75237,144.989672,10.0,7.0,unitblock,7.0,2018-04-23,735.0,m2,"$2,195,000"
property-house-vic-thornbury-127915614,Thornbury,3071,9 Taylor Street,-37.752144,144.987517,4.0,2.0,house,1.0,2018-04-21,,,"$1,400,250"
property-apartment-vic-thornbury-127969462,Thornbury,3071,1/167 Darebin Road,-37.764439,145.013167,2.0,1.0,apartment,1.0,2018-04-21,,,"$494,000"
property-apartment-vic-thornbury-127665066,Thornbury,3071,32/337 Station Street,-37.763934,145.021416,1.0,1.0,apartment,1.0,2018-04-20,,,"$410,000"
property-townhouse-vic-thornbury-127917082,Thornbury,3071,28 Sparks Avenue,-37.761022,145.025246,2.0,2.0,townhouse,1.0,2018-04-14,,,"$735,000"
property-apartment-vic-thornbury-127729430,Thornbury,3071,3/14 Smith Street,-37.757402,144.999288,2.0,1.0,apartment,1.0,2018-04-13,,,"$520,000"
property-house-vic-thornbury-127868766,Thornbury,3071,25 Hammond Street,-37.763286,145.011894,3.0,2.0,house,2.0,2018-04-07,,,"$1,750,000"
property-apartment-vic-thornbury-127854910,Thornbury,3071,6/95 Raleigh Street,-37.759157,145.006592,1.0,1.0,apartment,1.0,2018-04-07,,,"$370,000"
property-unit-vic-thornbury-127780190,Thornbury,3071,8/54 Martin Street,-37.761509,145.003875,1.0,1.0,unit,1.0,2018-04-07,,,"$335,000"
property-apartment-vic-thornbury-127838134,Thornbury,3071,9/8 Kemp Street,-37.761825,144.995854,1.0,1.0,apartment,1.0,2018-04-06,,,"$345,398"
property-house-vic-thornbury-127729230,Thornbury,3071,27 Harry Street,-37.754872,145.015838,3.0,1.0,house,2.0,2018-03-29,,,"$1,135,000"
property-house-vic-thornbury-127730790,Thornbury,3071,99 Collins Street,-37.755422,145.012501,4.0,2.0,house,2.0,2018-03-24,680.0,m2,"$1,830,000"
property-house-vic-thornbury-127684038,Thornbury,3071,88 Clarendon Street,-37.760439,145.006535,3.0,2.0,house,2.0,2018-03-24,,,"$1,425,000"
property-house-vic-thornbury-127668854,Thornbury,3071,14 Harry Street,-37.756572,145.016281,4.0,2.0,house,2.0,2018-03-24,,,"$1,160,000"
property-unit-vic-thornbury-127749114,Thornbury,3071,9/77 Pender Street,-37.754052,145.010048,2.0,1.0,unit,1.0,2018-03-24,,,"$485,000"
property-apartment-vic-thornbury-127736446,Thornbury,3071,3/44 Swift Street,-37.762657,145.017809,2.0,1.0,apartment,1.0,2018-03-24,,,"$475,000"
property-apartment-vic-thornbury-127730574,Thornbury,3071,5/114 Normanby Avenue,-37.758117,144.989688,2.0,1.0,apartment,1.0,2018-03-24,,,"$470,000"
property-house-vic-thornbury-127644506,Thornbury,3071,33 Miller Street,-37.751864,144.993422,4.0,2.0,house,1.0,2018-03-23,,,"$1,170,000"
property-villa-vic-thornbury-127529958,Thornbury,3071,2/310 Mansfield Street,-37.759229,145.025428,2.0,1.0,villa,1.0,2018-03-22,,,"$550,000"
property-apartment-vic-thornbury-127780006,Thornbury,3071,4/167 Darebin Road,-37.764439,145.013167,2.0,1.0,apartment,1.0,2018-03-22,,,"$497,500"
property-house-vic-thornbury-127637462,Thornbury,3071,172A Normanby Avenue,-37.757689,144.985387,2.0,1.0,house,2.0,2018-03-19,,,"$816,000"
property-house-vic-thornbury-127601262,Thornbury,3071,2 Bradley Avenue,-37.761062,144.992164,3.0,1.0,house,2.0,2018-03-17,,,"$1,530,000"
property-house-vic-thornbury-127670350,Thornbury,3071,8 Monash Avenue,-37.762972,145.003624,3.0,1.0,house,1.0,2018-03-17,,,"$1,190,000"
property-villa-vic-thornbury-127659082,Thornbury,3071,9/184 Normanby Avenue,-37.757395,144.98412,2.0,1.0,villa,1.0,2018-03-17,,,"$597,000"
property-apartment-vic-thornbury-127623694,Thornbury,3071,12/87a Clyde Street,-37.76145,145.013048,1.0,1.0,apartment,1.0,2018-03-17,,,"$341,000"
property-house-vic-thornbury-127528174,Thornbury,3071,92 Flinders Street,-37.756462,145.006983,2.0,1.0,house,,2018-03-13,300.0,m2,"$1,100,000"
property-townhouse-vic-thornbury-127664562,Thornbury,3071,54A Leinster Grove,-37.758888,144.988129,3.0,2.0,townhouse,2.0,2018-03-10,,,"$1,200,000"
property-house-vic-thornbury-127462662,Thornbury,3071,68 Wales Street,-37.761543,145.009518,3.0,1.0,house,1.0,2018-03-09,,,"$1,120,000"
property-townhouse-vic-thornbury-127528054,Thornbury,3071,1 Ibis Place,-37.760812,145.026292,3.0,2.0,townhouse,2.0,2018-03-08,,,"$735,000"
property-house-vic-thornbury-127404234,Thornbury,3071,98 Hutton Street,-37.754542,144.98963,3.0,1.0,house,1.0,2018-03-06,,,"$1,250,000"
property-house-vic-thornbury-127537558,Thornbury,3071,211 Mansfield Street,-37.757767,145.016061,3.0,2.0,house,2.0,2018-03-03,,,"$1,430,000"
property-house-vic-thornbury-127525986,Thornbury,3071,335 Rossmoyne Street,-37.75939,145.023968,3.0,1.0,house,2.0,2018-03-03,,,"$1,192,000"
property-house-vic-thornbury-127529962,Thornbury,3071,213 Raleigh Street,-37.760157,145.016056,3.0,1.0,house,1.0,2018-03-03,,,"$1,140,000"
property-house-vic-thornbury-127529982,Thornbury,3071,63 Miller Street,-37.751682,144.991672,3.0,1.0,house,1.0,2018-03-03,,,"$990,000"
property-house-vic-thornbury-127533986,Thornbury,3071,3/53 Collins Street,-37.754859,145.005336,2.0,1.0,house,1.0,2018-03-03,,,"$970,000"
property-townhouse-vic-thornbury-127522666,Thornbury,3071,76B St David Street,-37.758844,145.005486,2.0,1.0,townhouse,1.0,2018-03-03,,,"$885,000"
property-apartment-vic-thornbury-127533774,Thornbury,3071,2/100 Collins Street,-37.75592,145.011385,1.0,1.0,apartment,1.0,2018-03-03,,,"$370,000"
property-apartment-vic-thornbury-127535742,Thornbury,3071,12/74 Dundas Street,-37.753501,145.009397,1.0,1.0,apartment,1.0,2018-03-02,,,"$305,000"
property-villa-vic-thornbury-127613426,Thornbury,3071,3/76 Collins Street,-37.755558,145.008115,3.0,1.0,villa,2.0,2018-02-28,,,"$845,000"
property-residential land-vic-thornbury-201892638,Thornbury,3071,626-628 High Street,-37.760622,145.000706,,,residential land,,2018-02-26,2409.0,m2,"$9,000,000"
property-house-vic-thornbury-127462630,Thornbury,3071,111 Keon Street,-37.751965,144.985821,3.0,2.0,house,2.0,2018-02-24,,,"$1,605,500"
property-house-vic-thornbury-127457430,Thornbury,3071,41 Gooch Street,-37.758044,145.003649,2.0,1.0,house,,2018-02-24,,,"$1,105,000"
property-house-vic-thornbury-127447458,Thornbury,3071,146 Mansfield Street,-37.757734,145.011356,3.0,1.0,house,1.0,2018-02-24,,,"$1,000,000"
property-apartment-vic-thornbury-127457850,Thornbury,3071,83/337 Station Street,-37.763934,145.021416,2.0,1.0,apartment,2.0,2018-02-24,,,"$575,000"
property-apartment-vic-thornbury-127459010,Thornbury,3071,9/37 Woolton Avenue,-37.761312,144.995928,2.0,1.0,apartment,1.0,2018-02-21,,,"$682,000"
property-house-vic-thornbury-127352970,Thornbury,3071,3 Kelvin Grove,-37.762982,145.002176,3.0,2.0,house,1.0,2018-02-20,,,"$1,320,000"
property-house-vic-thornbury-127352974,Thornbury,3071,4 Raleigh Street,-37.759099,145.001451,3.0,2.0,house,,2018-02-19,,,"$1,475,000"
property-apartment-vic-thornbury-127463566,Thornbury,3071,9/42-44 Clarendon Street,-37.760211,145.003265,3.0,1.0,apartment,1.0,2018-02-16,,,"$756,000"
property-apartment-vic-thornbury-127400018,Thornbury,3071,7/135 Raleigh Street,-37.759382,145.00872,2.0,1.0,apartment,1.0,2018-02-14,,,"$540,000"
property-house-vic-thornbury-127465274,Thornbury,3071,44 Wales Street,-37.762852,145.009318,3.0,1.0,house,1.0,2018-02-13,,,"$1,390,000"
property-apartment-vic-thornbury-127338486,Thornbury,3071,10/167 Darebin road,-37.764439,145.013167,2.0,1.0,apartment,1.0,2018-02-13,,,"$505,000"
property-townhouse-vic-thornbury-126536214,Thornbury,3071,3/11 Clarendon Street,-37.759448,145.001741,2.0,2.0,townhouse,1.0,2018-02-12,,,"$835,000"
property-house-vic-thornbury-127346270,Thornbury,3071,82 Mansfield Street,-37.757266,145.006908,4.0,1.0,house,4.0,2018-02-10,,,"$1,850,000"
property-townhouse-vic-thornbury-127304314,Thornbury,3071,6 Aviary Grove,-37.7613,145.026076,2.0,1.0,townhouse,1.0,2018-02-10,,,"$585,000"
property-unit-vic-thornbury-126771834,Thornbury,3071,3/44 Hammond Street,-37.764043,145.013437,3.0,1.0,unit,2.0,2018-02-08,,,"$929,000"
property-house-vic-thornbury-127401674,Thornbury,3071,142 Normanby Avenue,-37.757951,144.98764,2.0,1.0,house,1.0,2018-02-07,,,"$903,000"
property-townhouse-vic-thornbury-127226762,Thornbury,3071,260B Gooch Street,-37.759406,145.014248,2.0,1.0,townhouse,1.0,2018-02-03,,,"$832,000"
property-apartment-vic-thornbury-126605962,Thornbury,3071,103/679-685 High Street,-37.760191,144.999998,2.0,2.0,apartment,1.0,2018-02-03,,,"$500,000"
property-house-vic-thornbury-127338202,Thornbury,3071,85 Mansfield Street,-37.756784,145.006956,2.0,1.0,house,,2018-01-31,,,"$1,225,000"
property-house-vic-thornbury-126972934,Thornbury,3071,50 Leinster Grove,-37.760216,144.987884,4.0,3.0,house,2.0,2018-01-23,309.0,m2,"$1,400,000"
property-flat-vic-thornbury-126982450,Thornbury,3071,5/123 Shaftesbury Parade,-37.759659,144.990129,1.0,1.0,flat,1.0,2018-01-03,,,"$302,000"
property-house-vic-thornbury-127045498,Thornbury,3071,181 Hutton Street,-37.754881,144.986075,3.0,1.0,house,1.0,2017-12-29,482.0,m2,"$1,087,000"
property-house-vic-thornbury-126238674,Thornbury,3071,119A Harold Street,-37.755921,144.989506,4.0,2.0,house,2.0,2017-12-21,,,"$1,605,000"
property-townhouse-vic-thornbury-126467058,Thornbury,3071,94 Wilmoth Street,-37.763287,145.01628,2.0,2.0,townhouse,2.0,2017-12-21,,,"$795,000"
property-townhouse-vic-thornbury-127029906,Thornbury,3071,352A Victoria Road,-37.756946,145.013854,3.0,2.0,townhouse,2.0,2017-12-16,285.0,m2,"$950,500"
property-house-vic-thornbury-127034978,Thornbury,3071,34 Rossmoyne Street,-37.757672,145.003164,3.0,1.0,house,,2017-12-16,,,"$920,000"
property-townhouse-vic-thornbury-127033186,Thornbury,3071,18 Aviary Grove,-37.76125,145.027328,3.0,2.0,townhouse,2.0,2017-12-14,,,"$905,000"
property-house-vic-thornbury-126732022,Thornbury,3071,46 Pender Street,-37.754291,145.00578,6.0,3.0,house,2.0,2017-12-13,616.0,m2,"$1,515,000"
property-house-vic-thornbury-126968042,Thornbury,3071,87 St David Street,-37.760828,145.005291,3.0,1.0,house,1.0,2017-12-09,,,"$1,250,000"
property-house-vic-thornbury-126973370,Thornbury,3071,141 Harold Street,-37.755705,144.987486,2.0,1.0,house,1.0,2017-12-09,338.0,m2,"$1,250,000"
property-house-vic-thornbury-126934734,Thornbury,3071,58 Johnson Street,-37.761763,144.999235,2.0,1.0,house,1.0,2017-12-09,410.0,m2,"$1,234,500"
property-house-vic-thornbury-126969502,Thornbury,3071,31 Normanby Avenue,-37.759439,144.997058,3.0,2.0,house,2.0,2017-12-09,,,"$1,211,000"
property-unit-vic-thornbury-126982406,Thornbury,3071,4/59 Pender Street,-37.753767,145.007651,2.0,1.0,unit,1.0,2017-12-09,,,"$705,000"
property-apartment-vic-thornbury-126971098,Thornbury,3071,4/61 Harold Street,-37.756547,144.995162,2.0,1.0,apartment,1.0,2017-12-09,,,"$572,000"
property-apartment-vic-thornbury-126964302,Thornbury,3071,7/20 Kemp Street,-37.76172,144.994949,1.0,1.0,apartment,1.0,2017-12-04,,,"$374,060"
property-townhouse-vic-thornbury-126906430,Thornbury,3071,1/76 Speight Street,-37.763123,145.014215,2.0,1.0,townhouse,1.0,2017-12-02,,,"$890,000"
property-unit-vic-thornbury-126844394,Thornbury,3071,3/379 Station Street,-37.759944,145.021637,2.0,1.0,unit,1.0,2017-12-02,,,"$590,000"
property-villa-vic-thornbury-126985086,Thornbury,3071,3/184 Normanby Avenue,-37.757395,144.98412,2.0,1.0,villa,1.0,2017-11-30,,,"$665,000"
property-apartment-vic-thornbury-126791354,Thornbury,3071,12/44 Clarendon Street,-37.760211,145.003265,3.0,1.0,apartment,2.0,2017-11-28,,,"$620,000"
property-house-vic-thornbury-126843846,Thornbury,3071,25 Rennie Street,-37.753454,144.991484,3.0,1.0,house,1.0,2017-11-25,,,"$1,265,000"
property-villa-vic-thornbury-126845346,Thornbury,3071,1/15 Ballantyne Street,-37.758792,144.99926,2.0,1.0,villa,1.0,2017-11-25,,,"$835,000"
property-townhouse-vic-thornbury-121516714,Thornbury,3071,1/25 Wilmoth Street,-37.764325,145.015778,2.0,2.0,townhouse,1.0,2017-11-22,,,"$830,000"
property-apartment-vic-thornbury-126820058,Thornbury,3071,6/139-141 Normanby Avenue,-37.758475,144.988266,1.0,1.0,apartment,,2017-11-21,,,"$210,000"
property-house-vic-thornbury-126753866,Thornbury,3071,58 Pender Street,-37.754627,145.009628,4.0,1.0,house,1.0,2017-11-20,614.0,m2,"$1,840,000"
property-house-vic-thornbury-126707118,Thornbury,3071,119 Collins Street,-37.755268,145.014412,4.0,2.0,house,2.0,2017-11-20,,,"$1,395,000"
property-apartment-vic-thornbury-126756326,Thornbury,3071,402/685 High Street,-37.760184,145.000119,2.0,2.0,apartment,1.0,2017-11-18,,,"$655,000"
property-residential land-vic-thornbury-201937806,Thornbury,3071,16-18 Clarendon Street,-37.759941,145.001779,,,residential land,,2017-11-17,675.0,m2,"$2,175,000"
property-apartment-vic-thornbury-126793862,Thornbury,3071,10/66 Dundas Street,-37.753371,145.008265,1.0,1.0,apartment,1.0,2017-11-16,,,"$373,333"
property-townhouse-vic-thornbury-126609102,Thornbury,3071,333 Raleigh Street,-37.76122,145.025187,3.0,2.0,townhouse,2.0,2017-11-15,,,"$854,000"
property-house-vic-thornbury-126711970,Thornbury,3071,63B Clyde Street,-37.761125,145.009999,3.0,1.0,house,1.0,2017-11-14,,,"$1,171,000"
property-townhouse-vic-thornbury-125132126,Thornbury,3071,332-342 Gooch Street,-37.761041,145.027543,3.0,2.0,townhouse,2.0,2017-11-14,,,"$803,500"
property-apartment-vic-thornbury-126661038,Thornbury,3071,7/50 Normanby Avenue,-37.758722,144.995457,1.0,1.0,apartment,1.0,2017-11-13,,,"$285,000"
property-house-vic-thornbury-126707438,Thornbury,3071,47 Comas Grove,-37.753119,144.984837,2.0,1.0,house,2.0,2017-11-11,585.0,m2,"$1,260,000"
property-house-vic-thornbury-126640326,Thornbury,3071,25 Hobson Street,-37.752731,144.992223,2.0,1.0,house,1.0,2017-11-11,,,"$830,000"
property-unit-vic-thornbury-126706026,Thornbury,3071,7/33 Pender Street,-37.753525,145.004532,1.0,1.0,unit,1.0,2017-11-11,,,"$290,000"
property-apartment-vic-thornbury-126748622,Thornbury,3071,3/37 Collins Street,-37.754785,145.003964,2.0,1.0,apartment,1.0,2017-11-09,,,"$594,000"
property-apartment-vic-thornbury-126790054,Thornbury,3071,1/143 Smith Street,-37.756743,144.989284,1.0,1.0,apartment,1.0,2017-11-09,,,"$315,000"
property-house-vic-thornbury-126406962,Thornbury,3071,19 Kelvin Grove,-37.762388,145.002259,2.0,1.0,house,1.0,2017-11-08,,,"$992,500"
property-townhouse-vic-thornbury-126403346,Thornbury,3071,14 Ibis Place,-37.760916,145.026574,3.0,2.0,townhouse,2.0,2017-11-08,,,"$750,000"
property-house-vic-thornbury-126596934,Thornbury,3071,253 Gooch Street,-37.75981,145.020349,4.0,2.0,house,5.0,2017-11-04,555.0,m2,"$1,400,000"
property-apartment-vic-thornbury-126639802,Thornbury,3071,6/85 St David Street,-37.760962,145.005268,2.0,1.0,apartment,1.0,2017-11-04,,,"$541,000"
property-apartment-vic-thornbury-126691962,Thornbury,3071,8/4 Dundas Street,-37.752744,145.002508,1.0,1.0,apartment,1.0,2017-11-03,,,"$331,000"
property-house-vic-thornbury-126405814,Thornbury,3071,74 Clarendon Street,-37.760322,145.005363,3.0,1.0,house,6.0,2017-11-01,,,"$1,720,000"
property-apartment-vic-thornbury-126466694,Thornbury,3071,68/337 Station Street,-37.763934,145.021416,3.0,2.0,apartment,2.0,2017-10-30,,,"$681,000"
property-house-vic-thornbury-126573578,Thornbury,3071,15 Alston Street,-37.754874,145.018103,2.0,1.0,house,3.0,2017-10-28,,,"$1,170,000"
property-house-vic-thornbury-126574862,Thornbury,3071,275A Gooch Street,-37.760109,145.023178,3.0,1.0,house,2.0,2017-10-28,,,"$860,000"
property-apartment-vic-thornbury-126574846,Thornbury,3071,4/99 Ballantyne Street,-37.758001,144.99234,1.0,1.0,apartment,1.0,2017-10-28,,,"$372,000"
property-house-vic-thornbury-126469346,Thornbury,3071,33 Clarendon Street,-37.759569,145.002871,3.0,1.0,house,1.0,2017-10-27,,,"$1,430,000"
property-apartment-vic-thornbury-126638258,Thornbury,3071,5/360 St Georges Road,-37.758092,144.994081,2.0,1.0,apartment,1.0,2017-10-26,,,"$505,000"
property-house-vic-thornbury-126578370,Thornbury,3071,182 Normanby Avenue,-37.757615,144.984712,2.0,1.0,house,1.0,2017-10-25,,,"$972,000"
property-townhouse-vic-thornbury-126136898,Thornbury,3071,51/85c Clyde Street,-37.761167,145.011806,3.0,2.0,townhouse,1.0,2017-10-23,,,"$895,000"
property-house-vic-thornbury-126519906,Thornbury,3071,11 Gladhall Avenue,-37.757131,145.019688,4.0,2.0,house,2.0,2017-10-21,,,"$1,516,000"
property-house-vic-thornbury-126519154,Thornbury,3071,144B Flinders Street,-37.75707,145.012523,3.0,1.0,house,2.0,2017-10-21,,,"$1,215,000"
property-house-vic-thornbury-126529034,Thornbury,3071,207 Collins Street,-37.756139,145.02194,2.0,1.0,house,2.0,2017-10-21,,,"$1,025,000"
property-house-vic-thornbury-126083842,Thornbury,3071,399 St Georges Road,-37.758127,144.992981,2.0,1.0,house,1.0,2017-10-21,,,"$805,000"
property-townhouse-vic-thornbury-126464034,Thornbury,3071,92 Wilmoth Street,-37.763287,145.01628,2.0,2.0,townhouse,1.0,2017-10-21,,,"$790,000"
property-house-vic-thornbury-126638098,Thornbury,3071,113A Harold Street,-37.755988,144.990127,5.0,3.0,house,1.0,2017-10-18,,,"$1,700,000"
property-house-vic-thornbury-126439498,Thornbury,3071,70 Hutton Street,-37.754708,144.991224,3.0,1.0,house,2.0,2017-10-14,776.0,m2,"$1,500,000"
property-house-vic-thornbury-126404506,Thornbury,3071,1 Speight Street,-37.761806,145.006276,2.0,2.0,house,1.0,2017-10-14,256.0,m2,"$1,105,000"
property-townhouse-vic-thornbury-126409854,Thornbury,3071,192B Raleigh Street,-37.760296,145.012792,2.0,2.0,townhouse,1.0,2017-10-14,,,"$885,000"
property-villa-vic-thornbury-126435142,Thornbury,3071,2/39 Martin Street,-37.760872,145.003727,2.0,1.0,villa,1.0,2017-10-14,,,"$669,000"
property-apartment-vic-thornbury-126434882,Thornbury,3071,6/86 Flinders Street,-37.75642,145.006614,1.0,1.0,apartment,1.0,2017-10-14,,,"$377,000"
property-apartment-vic-thornbury-126433074,Thornbury,3071,10/87A Clyde Street,-37.76145,145.013048,1.0,1.0,apartment,1.0,2017-10-14,,,"$336,000"
property-house-vic-thornbury-126404062,Thornbury,3071,290 St Georges Road,-37.761078,144.993394,3.0,1.0,house,1.0,2017-10-12,,,"$900,000"
property-townhouse-vic-thornbury-126519190,Thornbury,3071,1/33 Swift Street,-37.764381,145.016836,2.0,2.0,townhouse,2.0,2017-10-11,,,"$1,095,000"
property-apartment-vic-thornbury-126516490,Thornbury,3071,4/13 Mansfield Street,-37.756332,145.002618,2.0,1.0,apartment,1.0,2017-10-09,,,"$545,000"
property-house-vic-thornbury-124983882,Thornbury,3071,125 Hutton Street,-37.755139,144.990158,2.0,1.0,house,,2017-10-07,,,"$1,266,000"
property-unit-vic-thornbury-126422654,Thornbury,3071,4/282 Mansfield Street,-37.758974,145.023036,1.0,1.0,unit,1.0,2017-10-07,,,"$433,000"
property-apartment-vic-thornbury-126071618,Thornbury,3071,14/6 Francis Grove,-37.76344,145.008123,1.0,1.0,apartment,1.0,2017-10-06,,,"$295,000"
property-townhouse-vic-thornbury-126076914,Thornbury,3071,2/40 Shaftesbury Parade,-37.759916,144.997386,3.0,2.0,townhouse,1.0,2017-10-01,,,"$930,000"
property-house-vic-thornbury-126224630,Thornbury,3071,446 St Georges Road,-37.754186,144.994879,4.0,1.0,house,2.0,2017-09-28,,,"$895,000"
property-house-vic-thornbury-126266382,Thornbury,3071,106 Ballantyne Street,-37.757356,144.99124,3.0,1.0,house,1.0,2017-09-23,601.0,m2,"$1,435,000"
property-apartment-vic-thornbury-126270498,Thornbury,3071,1/37 Clapham Street,-37.754225,144.997855,2.0,1.0,apartment,1.0,2017-09-23,,,"$650,000"
property-apartment-vic-thornbury-126292990,Thornbury,3071,4/2 Dundas Street,-37.752718,145.002276,2.0,1.0,apartment,1.0,2017-09-23,,,"$540,000"
property-apartment-vic-thornbury-126263606,Thornbury,3071,6/2 Hutton Street,-37.755778,145.00041,2.0,1.0,apartment,1.0,2017-09-23,,,"$522,000"
property-townhouse-vic-thornbury-125611670,Thornbury,3071,219B Gooch Street,-37.759466,145.017125,3.0,2.0,townhouse,2.0,2017-09-20,,,"$903,000"
property-apartment-vic-thornbury-126217686,Thornbury,3071,8/57 Pender Street,-37.75377,145.007502,1.0,1.0,apartment,1.0,2017-09-20,,,"$340,000"
property-house-vic-thornbury-126241326,Thornbury,3071,15 Smith Street,-37.757834,144.998613,4.0,1.0,house,1.0,2017-09-16,,,"$1,310,000"
property-house-vic-thornbury-126229150,Thornbury,3071,108 Normanby Avenue,-37.758176,144.990201,3.0,1.0,house,2.0,2017-09-14,,,"$1,300,000"
property-apartment-vic-thornbury-126190990,Thornbury,3071,94/337 Station Street,-37.763934,145.021416,3.0,2.0,apartment,2.0,2017-09-14,,,"$680,000"
property-house-vic-thornbury-126202350,Thornbury,3071,207 Gooch Street,-37.759332,145.015851,2.0,1.0,house,2.0,2017-09-09,704.0,m2,"$1,547,000"
property-house-vic-thornbury-125611666,Thornbury,3071,316 Rossmoyne Street,-37.759774,145.023033,4.0,2.0,house,3.0,2017-09-06,,,"$1,375,000"
property-apartment-vic-thornbury-126183970,Thornbury,3071,12/18 Pender Street,-37.754054,145.00302,1.0,1.0,apartment,1.0,2017-09-05,,,"$285,000"
property-house-vic-thornbury-126128414,Thornbury,3071,12 Harold Street,-37.756551,144.999591,3.0,1.0,house,2.0,2017-09-02,,,"$1,530,000"
property-townhouse-vic-thornbury-126241166,Thornbury,3071,16/337 Station Street,-37.763934,145.021416,3.0,2.0,townhouse,2.0,2017-08-31,,,"$900,000"
property-house-vic-thornbury-126067350,Thornbury,3071,7 Ballantyne Street,-37.758837,144.999642,3.0,1.0,house,1.0,2017-08-26,312.0,m2,"$1,450,000"
property-house-vic-thornbury-126075030,Thornbury,3071,201 Gooch Street,-37.75928,145.015361,3.0,1.0,house,2.0,2017-08-26,,,"$1,271,000"
property-townhouse-vic-thornbury-126028002,Thornbury,3071,323 Gillies Street,-37.76326,145.019831,4.0,2.0,townhouse,2.0,2017-08-26,,,"$1,257,000"
property-townhouse-vic-thornbury-126083826,Thornbury,3071,111 Pender Street,-37.754284,145.01355,2.0,2.0,townhouse,1.0,2017-08-26,,,"$858,000"
property-apartment-vic-thornbury-126044110,Thornbury,3071,2/1 Collins Street,-37.754494,145.002022,1.0,1.0,apartment,1.0,2017-08-26,,,"$428,000"
property-apartment-vic-thornbury-126014874,Thornbury,3071,7/42 Pender Street,-37.754321,145.005431,2.0,2.0,apartment,1.0,2017-08-21,,,"$625,000"
property-house-vic-thornbury-126024506,Thornbury,3071,27 Gooch Street,-37.75794,145.002672,2.0,1.0,house,1.0,2017-08-19,,,"$1,200,000"
property-apartment-vic-thornbury-126005434,Thornbury,3071,4/198 Raleigh Street,-37.760416,145.013906,1.0,1.0,apartment,1.0,2017-08-19,,,"$351,000"
property-house-vic-thornbury-125604494,Thornbury,3071,19 Alston Street,-37.754912,145.018434,3.0,1.0,house,2.0,2017-08-18,,,"$1,350,000"
property-townhouse-vic-thornbury-125968234,Thornbury,3071,6/24 Dundas Street,-37.752866,145.003639,3.0,1.0,townhouse,2.0,2017-08-13,,,"$806,000"
property-townhouse-vic-thornbury-125981914,Thornbury,3071,189A Miller Street,-37.750885,144.985259,2.0,1.0,townhouse,1.0,2017-08-12,,,"$675,000"
property-house-vic-thornbury-126022790,Thornbury,3071,126 Rossmoyne Street,-37.758202,145.008166,4.0,2.0,house,,2017-08-11,,,"$1,202,000"
property-house-vic-thornbury-125917746,Thornbury,3071,236 Rossmoyne Street,-37.758972,145.015451,3.0,1.0,house,2.0,2017-08-09,,,"$1,350,000"
property-house-vic-thornbury-125896202,Thornbury,3071,57 Mansfield Street,-37.756603,145.005226,2.0,1.0,house,,2017-08-07,,,"$1,255,000"
property-house-vic-thornbury-125922618,Thornbury,3071,156 Raleigh Street,-37.760021,145.010166,3.0,1.0,house,,2017-08-05,,,"$1,275,000"
property-house-vic-thornbury-125864434,Thornbury,3071,13 Rayment Street,-37.759485,144.996145,3.0,2.0,house,2.0,2017-07-29,,,"$891,000"
property-townhouse-vic-thornbury-125865562,Thornbury,3071,105C St David Street,-37.754288,145.005955,3.0,2.0,townhouse,2.0,2017-07-26,,,"$1,050,000"
property-house-vic-thornbury-125732626,Thornbury,3071,54 Swift Street,-37.762027,145.017891,3.0,1.0,house,1.0,2017-07-15,508.0,m2,"$1,236,000"
property-villa-vic-thornbury-125738546,Thornbury,3071,7/47 Collins Street,-37.754793,145.004762,2.0,1.0,villa,1.0,2017-07-15,,,"$580,000"
property-apartment-vic-thornbury-125763986,Thornbury,3071,12/45 Woolton Avenue,-37.761237,144.995283,1.0,1.0,apartment,1.0,2017-07-15,,,"$328,000"
property-apartment-vic-thornbury-125656118,Thornbury,3071,1/119 Keon Street,-37.751836,144.985155,2.0,1.0,apartment,1.0,2017-07-08,,,"$468,000"
property-apartment-vic-thornbury-125685402,Thornbury,3071,1/54 Pender Street,-37.75458,145.009202,1.0,1.0,apartment,1.0,2017-07-08,,,"$415,000"
property-villa-vic-thornbury-125654258,Thornbury,3071,1/383 Station Street,-37.759634,145.021719,2.0,1.0,villa,1.0,2017-07-01,,,"$590,000"
property-house-vic-thornbury-125600018,Thornbury,3071,29 Speight Street,-37.76205,145.00971,2.0,1.0,house,2.0,2017-06-29,,,"$1,005,000"
property-townhouse-vic-thornbury-125756282,Thornbury,3071,43/85c Clyde Street,-37.761167,145.011806,3.0,2.0,townhouse,1.0,2017-06-29,,,"$724,000"
property-house-vic-thornbury-125249746,Thornbury,3071,21 Aviary Grove,-37.761222,145.027093,2.0,1.0,house,1.0,2017-06-27,,,"$596,000"
property-house-vic-thornbury-125561038,Thornbury,3071,3 Tharratt Street,-37.753801,145.008419,3.0,1.0,house,2.0,2017-06-26,,,"$1,420,000"
property-house-vic-thornbury-125576878,Thornbury,3071,93 St David Street,-37.755926,145.005545,3.0,1.0,house,1.0,2017-06-26,,,"$1,135,000"
property-house-vic-thornbury-125599482,Thornbury,3071,243 Darebin Road,-37.764882,145.017266,2.0,1.0,house,2.0,2017-06-24,508.0,m2,"$1,460,000"
property-house-vic-thornbury-125609662,Thornbury,3071,106 Normanby Avenue,-37.758196,144.990372,4.0,1.0,house,3.0,2017-06-24,,,"$1,320,000"
property-house-vic-thornbury-125561938,Thornbury,3071,206 Clarendon Street,-37.761588,145.018042,3.0,2.0,house,2.0,2017-06-24,,,"$920,000"
property-townhouse-vic-thornbury-125606474,Thornbury,3071,33/85c Clyde Street,-37.761167,145.011806,3.0,2.0,townhouse,2.0,2017-06-24,,,"$726,000"
property-unit-vic-thornbury-125557750,Thornbury,3071,3/308-310 Rossmoyne Street,-37.759705,145.022384,2.0,1.0,unit,1.0,2017-06-22,,,"$745,000"
property-house-vic-thornbury-125662542,Thornbury,3071,329 Gillies Street,-37.762834,145.020027,4.0,3.0,house,2.0,2017-06-21,,,"$2,070,000"
property-townhouse-vic-thornbury-125526650,Thornbury,3071,1/24 Dundas Street,-37.752866,145.003639,2.0,1.0,townhouse,1.0,2017-06-19,,,"$756,000"
property-house-vic-thornbury-125553922,Thornbury,3071,55 Rennie Street,-37.7532,144.989058,2.0,1.0,house,1.0,2017-06-17,,,"$1,205,500"
property-house-vic-thornbury-125544366,Thornbury,3071,170 Normanby Avenue,-37.757725,144.985671,3.0,2.0,house,1.0,2017-06-17,,,"$1,100,000"
property-house-vic-thornbury-125544354,Thornbury,3071,371 Station Street,-37.760659,145.021544,3.0,1.0,house,2.0,2017-06-17,,,"$1,031,000"
property-townhouse-vic-thornbury-125550750,Thornbury,3071,1/98 Normanby Avenue,-37.758275,144.991058,2.0,2.0,townhouse,1.0,2017-06-17,,,"$700,000"
property-townhouse-vic-thornbury-125263326,Thornbury,3071,6/54 Clarendon Street,-37.760312,145.004169,2.0,2.0,townhouse,1.0,2017-06-13,,,"$775,000"
property-apartment-vic-thornbury-125289794,Thornbury,3071,2/60 Strettle Street,-37.750902,144.983284,1.0,1.0,apartment,1.0,2017-06-10,,,"$270,000"
property-house-vic-thornbury-125410250,Thornbury,3071,3 Gooch Street,-37.757801,145.001387,2.0,1.0,house,,2017-06-07,,,"$1,102,500"
property-house-vic-thornbury-125409570,Thornbury,3071,150  Gooch Street,-37.759248,145.01049,3.0,1.0,house,1.0,2017-06-05,,,"$1,240,000"
property-house-vic-thornbury-125438382,Thornbury,3071,53 Keon Street,-37.752387,144.990209,4.0,1.0,house,2.0,2017-06-03,495.0,m2,"$1,626,000"
property-apartment-vic-thornbury-125411806,Thornbury,3071,6/10 Dundas Street,-37.752769,145.002735,2.0,1.0,apartment,1.0,2017-06-03,,,"$493,000"
property-house-vic-thornbury-125385882,Thornbury,3071,118 Rossmoyne Street,-37.758163,145.007798,4.0,2.0,house,,2017-05-27,,,"$1,400,000"
property-townhouse-vic-thornbury-125264078,Thornbury,3071,1/54 Clarendon Street,-37.760312,145.004169,3.0,2.0,townhouse,1.0,2017-05-27,,,"$990,000"
property-unit-vic-thornbury-125370186,Thornbury,3071,2/124 Flinders Street,-37.756743,145.009485,2.0,1.0,unit,1.0,2017-05-27,,,"$745,000"
property-unit-vic-thornbury-125297854,Thornbury,3071,3/31 Clapham Street,-37.754835,144.99775,2.0,1.0,unit,1.0,2017-05-22,,,"$600,000"
property-apartment-vic-thornbury-125351666,Thornbury,3071,4/37 Collins Street,-37.754785,145.003964,1.0,1.0,apartment,,2017-05-22,,,"$402,000"
property-house-vic-thornbury-125318742,Thornbury,3071,171 Mansfield Street,-37.757413,145.012802,3.0,1.0,house,1.0,2017-05-20,381.0,m2,"$1,130,000"
property-house-vic-thornbury-125266246,Thornbury,3071,221 Mansfield Street,-37.75786,145.016917,4.0,2.0,house,2.0,2017-05-13,464.0,m2,"$1,635,000"
property-apartment-vic-thornbury-125273070,Thornbury,3071,1/73 Flinders Street,-37.755885,145.006756,2.0,1.0,apartment,1.0,2017-05-13,,,"$462,000"
property-townhouse-vic-thornbury-125265430,Thornbury,3071,3/1 Smith Street,-37.757993,144.999962,3.0,2.0,townhouse,1.0,2017-05-08,,,"$998,000"
property-house-vic-thornbury-125162490,Thornbury,3071,177 Raleigh Street,-37.759705,145.011774,3.0,1.0,house,3.0,2017-05-06,,,"$1,750,000"
property-house-vic-thornbury-125165902,Thornbury,3071,154 Normanby Avenue,-37.757855,144.986824,3.0,1.0,house,2.0,2017-05-04,,,"$765,250"
property-townhouse-vic-thornbury-125142786,Thornbury,3071,4/21-23 Collins Street,-37.75462,145.003155,2.0,1.0,townhouse,1.0,2017-05-01,,,"$870,000"
property-unit-vic-thornbury-123462442,Thornbury,3071,6/89 Ballantyne Street,-37.758226,144.994419,1.0,1.0,unit,1.0,2017-05-01,,,"$280,000"
property-townhouse-vic-thornbury-125169490,Thornbury,3071,58 Leinster Grove,-37.75875,144.988154,2.0,2.0,townhouse,2.0,2017-04-29,,,"$960,000"
property-apartment-vic-thornbury-124867774,Thornbury,3071,199C Mansfield Street,-37.757732,145.015244,1.0,1.0,apartment,1.0,2017-04-26,,,"$300,000"
property-house-vic-thornbury-125085422,Thornbury,3071,140 Dundas Street,-37.754183,145.015979,2.0,1.0,house,1.0,2017-04-24,,,"$915,000"
property-house-vic-thornbury-125053878,Thornbury,3071,147 Shaftesbury Parade,-37.759455,144.988366,5.0,2.0,house,1.0,2017-04-22,,,"$1,614,000"
property-apartment-vic-thornbury-125045570,Thornbury,3071,14/77 Pender Street,-37.754052,145.010048,2.0,1.0,apartment,1.0,2017-04-22,,,"$411,000"
property-apartment-vic-thornbury-125103626,Thornbury,3071,4/114 Normanby Avenue,-37.758117,144.989688,2.0,1.0,apartment,1.0,2017-04-21,,,"$421,000"
property-unit-vic-thornbury-125162502,Thornbury,3071,1/44 Hammond Street,-37.764043,145.013437,3.0,1.0,unit,2.0,2017-04-20,,,"$880,000"
property-house-vic-thornbury-124989726,Thornbury,3071,145 Shaftesbury Parade,-37.75947,144.988495,3.0,1.0,house,2.0,2017-04-10,,,"$1,190,000"
property-house-vic-thornbury-124627814,Thornbury,3071,68 Wilmoth Street,-37.762931,145.016684,3.0,1.0,house,1.0,2017-04-10,,,"$1,100,000"
property-unit-vic-thornbury-124981038,Thornbury,3071,4/2 Strettle Street,-37.755229,144.982059,2.0,1.0,unit,1.0,2017-04-10,,,"$716,000"
property-house-vic-thornbury-124979934,Thornbury,3071,129 Collins Street,-37.755363,145.015266,3.0,2.0,house,4.0,2017-04-08,584.0,m2,"$1,345,000"
property-house-vic-thornbury-124953682,Thornbury,3071,104 Mansfield Street,-37.757832,145.014631,3.0,1.0,house,1.0,2017-04-08,,,"$1,080,000"
property-unit-vic-thornbury-124951818,Thornbury,3071,2/73 Flinders Street,-37.755885,145.006756,2.0,1.0,unit,1.0,2017-04-08,,,"$435,000"
property-house-vic-thornbury-124895410,Thornbury,3071,22 Mansfield Street,-37.756836,145.002851,2.0,1.0,house,,2017-04-01,,,"$1,260,000"
property-villa-vic-thornbury-124927326,Thornbury,3071,7/39 Martin Street,-37.760872,145.003727,2.0,1.0,villa,1.0,2017-04-01,,,"$550,000"
property-unit-vic-thornbury-124847054,Thornbury,3071,6/99 Ballantyne Street,-37.758001,144.99234,1.0,1.0,unit,1.0,2017-04-01,,,"$370,500"
property-apartment-vic-thornbury-125055934,Thornbury,3071,13/15 Kemp Street,-37.762396,144.994986,1.0,1.0,apartment,1.0,2017-03-31,,,"$282,500"
property-townhouse-vic-thornbury-125027074,Thornbury,3071,"4/66 Collins Street,",-37.755441,145.007053,2.0,1.0,townhouse,1.0,2017-03-28,,,"$670,000"
property-house-vic-thornbury-124909458,Thornbury,3071,76 Woolton Avenue,-37.760193,144.991224,4.0,1.0,house,2.0,2017-03-27,,,"$1,651,118"
property-house-vic-thornbury-124853590,Thornbury,3071,77 Gooch Street,-37.758243,145.005541,4.0,3.0,house,2.0,2017-03-27,,,"$1,550,000"
property-house-vic-thornbury-124833430,Thornbury,3071,7 Fenwick Street,-37.761746,145.003029,2.0,2.0,house,1.0,2017-03-26,,,"$1,425,000"
property-house-vic-thornbury-124866578,Thornbury,3071,31 Shaftesbury Parade,-37.760592,144.998161,3.0,1.0,house,1.0,2017-03-25,,,"$1,282,000"
property-house-vic-thornbury-124867198,Thornbury,3071,66 Rennie Street,-37.752607,144.988433,3.0,1.0,house,1.0,2017-03-25,,,"$918,000"
property-house-vic-thornbury-124866954,Thornbury,3071,360 Station Street,-37.762534,145.020527,3.0,1.0,house,3.0,2017-03-25,,,"$865,000"
property-house-vic-thornbury-124816670,Thornbury,3071,214 Gooch Street,-37.759853,145.016187,3.0,2.0,house,2.0,2017-03-20,,,"$1,550,000"
property-house-vic-thornbury-124769734,Thornbury,3071,33 Wales Street,-37.763291,145.008617,3.0,1.0,house,1.0,2017-03-18,409.0,m2,"$1,245,000"
property-house-vic-thornbury-124812526,Thornbury,3071,6 Fyffe Street,-37.753997,144.993276,2.0,1.0,house,1.0,2017-03-18,,,"$1,030,000"
property-house-vic-thornbury-124809466,Thornbury,3071,39 Keon Street,-37.752533,144.991218,3.0,1.0,house,1.0,2017-03-18,,,"$1,020,000"
property-townhouse-vic-thornbury-124812334,Thornbury,3071,12/44 Strettle Street,-37.751691,144.983153,2.0,1.0,townhouse,1.0,2017-03-18,,,"$623,000"
property-apartment-vic-thornbury-124593558,Thornbury,3071,6/109 Flinders Street,-37.756387,145.011279,2.0,1.0,apartment,2.0,2017-03-01,,,"$670,000"
property-house-vic-thornbury-124615994,Thornbury,3071,39 Smith Street,-37.757614,144.996786,3.0,2.0,house,2.0,2017-02-25,,,"$1,913,000"
property-house-vic-thornbury-124624618,Thornbury,3071,45A Harold Street,-37.756729,144.996465,3.0,1.0,house,1.0,2017-02-25,,,"$1,280,000"
property-house-vic-thornbury-124585422,Thornbury,3071,29 Collins Street,-37.754759,145.003472,2.0,1.0,house,,2017-02-25,263.0,m2,"$1,211,000"
property-apartment-vic-thornbury-124625010,Thornbury,3071,3/110 Normanby Avenue,-37.758157,144.990029,2.0,2.0,apartment,1.0,2017-02-25,,,"$490,000"
property-apartment-vic-thornbury-124607558,Thornbury,3071,7/9 Hammond Street,-37.763115,145.01028,2.0,1.0,apartment,1.0,2017-02-25,,,"$466,000"
property-house-vic-thornbury-124564906,Thornbury,3071,390 Station Street,-37.759967,145.021075,3.0,1.0,house,2.0,2017-02-24,,,"$795,000"
property-apartment-vic-thornbury-124728126,Thornbury,3071,1/45 Woolton Avenue,-37.761237,144.995283,1.0,1.0,apartment,1.0,2017-02-24,,,"$345,000"
property-apartment-vic-thornbury-124746950,Thornbury,3071,9/55 Pender Street,-37.753745,145.007276,1.0,1.0,apartment,2.0,2017-02-24,,,"$311,100"
property-house-vic-thornbury-124615922,Thornbury,3071,172 Rossmoyne Street,-37.758549,145.011451,3.0,2.0,house,2.0,2017-02-23,,,"$1,280,000"
property-townhouse-vic-thornbury-123633190,Thornbury,3071,1/165 Darebin Road,-37.764427,145.013073,2.0,1.0,townhouse,1.0,2017-02-22,,,"$709,000"
property-house-vic-thornbury-124512534,Thornbury,3071,42 Mansfield Street,-37.756969,145.004109,4.0,2.0,house,,2017-02-18,,,"$1,478,000"
property-house-vic-thornbury-124512402,Thornbury,3071,126 Hutton Street,-37.754334,144.987618,4.0,2.0,house,1.0,2017-02-18,,,"$1,472,000"
property-house-vic-thornbury-124566170,Thornbury,3071,250 Raleigh Street,-37.760625,145.016538,3.0,2.0,house,2.0,2017-02-18,,,"$1,160,000"
property-house-vic-thornbury-124570434,Thornbury,3071,107 Hutton Street,-37.755289,144.991599,2.0,1.0,house,1.0,2017-02-18,,,"$1,010,000"
property-house-vic-thornbury-124556878,Thornbury,3071,2/58 Dundas Street,-37.753269,145.007359,2.0,1.0,house,1.0,2017-02-13,,,"$670,000"
property-residential land-vic-thornbury-201706834,Thornbury,3071,236 Collins Street,-37.756881,145.023987,,,residential land,,2017-02-03,,,"$1,070,000"
property-townhouse-vic-thornbury-124512538,Thornbury,3071,2/125 Fyffe Street,-37.75379,144.982412,3.0,1.0,townhouse,2.0,2017-01-30,,,"$980,000"
property-apartment-vic-thornbury-124043126,Thornbury,3071,4/21 Martin Street,-37.760747,145.00264,2.0,1.0,apartment,1.0,2017-01-30,,,"$480,000"
property-apartment-vic-thornbury-124051558,Thornbury,3071,10/11 Kemp Street,-37.762434,144.995286,2.0,1.0,apartment,1.0,2017-01-25,,,"$450,000"
property-apartment-vic-thornbury-124069010,Thornbury,3071,40/337 Station Street,-37.763934,145.021416,1.0,1.0,apartment,1.0,2017-01-22,,,"$389,000"
property-house-vic-thornbury-123809930,Thornbury,3071,19 Hobson Street,-37.753626,144.992086,2.0,1.0,house,1.0,2016-12-27,,,"$733,500"
property-apartment-vic-thornbury-123977118,Thornbury,3071,201/679-685 High Street,-37.760191,145.000023,2.0,2.0,apartment,1.0,2016-12-22,,,"$558,000"
property-apartment-vic-thornbury-123594754,Thornbury,3071,184 Dundas Street,-37.754592,145.01968,2.0,2.0,apartment,1.0,2016-12-22,,,"$500,000"
property-apartment-vic-thornbury-124189762,Thornbury,3071,6/37 Collins Street,-37.754785,145.003964,2.0,1.0,apartment,1.0,2016-12-20,,,"$556,000"
property-apartment-vic-thornbury-123665366,Thornbury,3071,5/70 Collins Street,-37.755488,145.007477,1.0,1.0,apartment,1.0,2016-12-17,,,"$401,000"
property-townhouse-vic-thornbury-123758934,Thornbury,3071,4/86 Normanby Avenue,-37.758374,144.991913,2.0,1.0,townhouse,1.0,2016-12-15,,,"$630,000"
property-apartment-vic-thornbury-124196862,Thornbury,3071,9/42 Dundas Street,-37.753077,145.005477,1.0,1.0,apartment,1.0,2016-12-15,,,"$275,000"
property-unitblock-vic-thornbury-124140310,Thornbury,3071,1-8/104 Gooch  Street,-37.758946,145.007607,8.0,8.0,unitblock,8.0,2016-12-10,,,"$2,220,000"
property-house-vic-thornbury-124132990,Thornbury,3071,402 St Georges Road,-37.756654,144.994285,4.0,1.0,house,1.0,2016-12-10,,,"$1,288,000"
property-house-vic-thornbury-124061282,Thornbury,3071,13B Hammond Street,-37.763175,145.010849,3.0,2.0,house,2.0,2016-12-03,,,"$1,450,000"
property-apartment-vic-thornbury-124069566,Thornbury,3071,4/37 Woolton Avenue,-37.761312,144.995928,2.0,1.0,apartment,1.0,2016-12-03,,,"$520,000"
property-apartment-vic-thornbury-124052298,Thornbury,3071,2/6 Kemp Street,-37.761762,144.996097,1.0,1.0,apartment,,2016-12-03,,,"$517,500"
property-apartment-vic-thornbury-122811726,Thornbury,3071,2/54 Pender Street,-37.75458,145.009202,1.0,1.0,apartment,1.0,2016-11-30,,,"$365,000"
property-house-vic-thornbury-123944414,Thornbury,3071,129 Clarendon Street,-37.760153,145.008416,3.0,2.0,house,3.0,2016-11-26,,,"$1,370,000"
property-apartment-vic-thornbury-123842102,Thornbury,3071,6/75 Pender Street,-37.754025,145.009802,1.0,1.0,apartment,1.0,2016-11-25,,,"$290,000"
property-apartment-vic-thornbury-123976066,Thornbury,3071,8/77 Pender Street,-37.754052,145.010048,1.0,1.0,apartment,1.0,2016-11-24,,,"$303,500"
property-house-vic-thornbury-123916354,Thornbury,3071,314A  Gillies Street,-37.764133,145.019143,2.0,1.0,house,2.0,2016-11-21,,,"$874,000"
property-apartment-vic-thornbury-123924130,Thornbury,3071,3/57 Pender Street,-37.75377,145.007502,1.0,1.0,apartment,1.0,2016-11-21,,,"$383,000"
property-house-vic-thornbury-123937942,Thornbury,3071,152 Gooch Street,-37.759268,145.010651,3.0,1.0,house,1.0,2016-11-19,,,"$1,427,000"
property-house-vic-thornbury-123927794,Thornbury,3071,36 Rossmoyne Street,-37.757679,145.003229,2.0,2.0,house,,2016-11-19,,,"$1,164,000"
property-apartment-vic-thornbury-123937030,Thornbury,3071,8/14 Hutton Street,-37.75568,144.999328,1.0,1.0,apartment,1.0,2016-11-19,,,"$295,000"
property-townhouse-vic-thornbury-123758870,Thornbury,3071,1/86 Normanby Avenue,-37.758374,144.991913,3.0,2.0,townhouse,2.0,2016-11-17,,,"$730,000"
property-townhouse-vic-thornbury-123799686,Thornbury,3071,72 Gooch Street,-37.758656,145.005562,3.0,2.0,townhouse,2.0,2016-11-14,,,"$888,000"
property-house-vic-thornbury-123853422,Thornbury,3071,51 Alston Street,-37.755252,145.021078,3.0,2.0,house,2.0,2016-11-14,,,"$887,000"
property-house-vic-thornbury-123858190,Thornbury,3071,120 Normanby Avenue,-37.758068,144.989261,3.0,1.0,house,3.0,2016-11-12,440.0,m2,"$1,265,000"
property-unit-vic-thornbury-123874742,Thornbury,3071,5/383 Station Street,-37.759634,145.021719,2.0,1.0,unit,1.0,2016-11-11,,,"$655,000"
property-apartment-vic-thornbury-123864786,Thornbury,3071,2/38 Woolton Avenue,-37.760733,144.995913,2.0,1.0,apartment,1.0,2016-11-11,,,"$422,000"
property-apartment-vic-thornbury-123801750,Thornbury,3071,3/5 Kemp Street,-37.762494,144.995818,1.0,1.0,apartment,1.0,2016-11-07,,,"$325,050"
property-townhouse-vic-thornbury-123789778,Thornbury,3071,4B Newcastle Street,-37.755119,145.010825,3.0,2.0,townhouse,1.0,2016-11-05,,,"$910,000"
property-apartment-vic-thornbury-123810698,Thornbury,3071,2/110 Normanby Avenue,-37.758157,144.990029,2.0,1.0,apartment,1.0,2016-11-05,,,"$491,000"
property-house-vic-thornbury-123697178,Thornbury,3071,24 Swift Street,-37.764419,145.017515,3.0,2.0,house,2.0,2016-11-04,,,"$920,000"
property-house-vic-thornbury-123934382,Thornbury,3071,13A Hammond Street,-37.763175,145.010849,3.0,2.0,house,2.0,2016-10-31,,,"$1,470,000"
property-townhouse-vic-thornbury-123728310,Thornbury,3071,7/3 Watt Street,-37.753728,144.996117,3.0,1.0,townhouse,1.0,2016-10-31,,,"$865,000"
property-townhouse-vic-thornbury-123758886,Thornbury,3071,5/86 Normanby Avenue,-37.758374,144.991913,2.0,1.0,townhouse,1.0,2016-10-31,,,"$625,000"
property-apartment-vic-thornbury-123758922,Thornbury,3071,4/105 Flinders Street,-37.756337,145.01085,1.0,1.0,apartment,1.0,2016-10-29,,,"$324,000"
property-townhouse-vic-thornbury-123676258,Thornbury,3071,111B Darebin Road,-37.76403,145.009444,3.0,1.0,townhouse,1.0,2016-10-24,,,"$845,000"
property-apartment-vic-thornbury-123291838,Thornbury,3071,3/20 Kemp Street,-37.76172,144.994949,1.0,1.0,apartment,1.0,2016-10-24,,,"$300,000"
property-house-vic-thornbury-123703274,Thornbury,3071,11 Archbold Street,-37.75393,145.003638,3.0,1.0,house,1.0,2016-10-22,,,"$1,310,000"
property-apartment-vic-thornbury-123699250,Thornbury,3071,1/20 Alexandra Street,-37.762879,145.007087,2.0,1.0,apartment,1.0,2016-10-22,,,"$627,500"
property-apartment-vic-thornbury-123643250,Thornbury,3071,2/79 Normanby Avenue,-37.758927,144.992156,2.0,1.0,apartment,1.0,2016-10-22,,,"$515,000"
property-apartment-vic-thornbury-123665370,Thornbury,3071,7/17 Kemp Street,-37.762396,144.994936,1.0,1.0,apartment,1.0,2016-10-22,,,"$371,000"
property-apartment-vic-thornbury-123691346,Thornbury,3071,2/130 Rossmoyne Street,-37.758232,145.00845,1.0,1.0,apartment,1.0,2016-10-22,,,"$341,500"
property-apartment-vic-thornbury-123617070,Thornbury,3071,6/31 Clapham Street,-37.754835,144.99775,2.0,1.0,apartment,1.0,2016-10-17,,,"$510,000"
property-house-vic-thornbury-123643106,Thornbury,3071,126 Keon Street,-37.751424,144.9857,3.0,2.0,house,2.0,2016-10-15,,,"$1,265,000"
property-house-vic-thornbury-123636730,Thornbury,3071,28 Bradley Avenue,-37.76083,144.990165,3.0,1.0,house,1.0,2016-10-15,,,"$1,200,000"
property-house-vic-thornbury-123638106,Thornbury,3071,111 Smith Street,-37.756983,144.991359,2.0,1.0,house,2.0,2016-10-15,,,"$1,085,000"
property-unit-vic-thornbury-123560802,Thornbury,3071,9/32 Clarendon Street,-37.760156,145.002755,2.0,1.0,unit,1.0,2016-10-10,,,"$532,000"
property-house-vic-thornbury-123554638,Thornbury,3071,125 Keon Street,-37.75183,144.98449,3.0,2.0,house,2.0,2016-10-09,736.0,m2,"$1,390,000"
property-house-vic-thornbury-123580518,Thornbury,3071,45 Fenwick Street,-37.761943,145.004781,3.0,1.0,house,2.0,2016-10-08,,,"$1,258,000"
property-house-vic-thornbury-123580154,Thornbury,3071,52 Gooch Street,-37.758585,145.004178,3.0,1.0,house,1.0,2016-10-08,,,"$1,135,000"
property-apartment-vic-thornbury-123642826,Thornbury,3071,3/13-15 Hutton Street,-37.756138,144.999285,1.0,1.0,apartment,2.0,2016-10-06,,,"$395,000"
property-apartment-vic-thornbury-123479706,Thornbury,3071,4/295 Rossmoyne Street,-37.759055,145.020812,1.0,1.0,apartment,1.0,2016-09-29,,,"$359,000"
property-apartment-vic-thornbury-123179886,Thornbury,3071,6/14 Hutton Street,-37.75568,144.999328,1.0,1.0,apartment,1.0,2016-09-28,,,"$300,000"
property-house-vic-thornbury-123296334,Thornbury,3071,2/305 Rossmoyne Street,-37.758957,145.021261,3.0,1.0,house,,2016-09-25,,,"$539,000"
property-townhouse-vic-thornbury-123468530,Thornbury,3071,56a Leinster Grove,-37.758796,144.988146,3.0,2.0,townhouse,2.0,2016-09-24,,,"$1,070,000"
property-unit-vic-thornbury-123487842,Thornbury,3071,4/85 St David Street,-37.760962,145.005268,2.0,1.0,unit,1.0,2016-09-24,,,"$486,000"
property-apartment-vic-thornbury-107247118,Thornbury,3071,9/86 Collins Street,-37.755711,145.009494,1.0,1.0,apartment,1.0,2016-09-23,,,"$310,000"
property-apartment-vic-thornbury-123400426,Thornbury,3071,9/30 Kemp Street,-37.761631,144.994179,1.0,1.0,apartment,1.0,2016-09-22,,,"$297,500"
property-unit-vic-thornbury-123399282,Thornbury,3071,4/304 Rossmoyne Street,-37.759668,145.022039,2.0,1.0,unit,1.0,2016-09-19,,,"$646,000"
property-house-vic-thornbury-123420534,Thornbury,3071,55 Comas Grove,-37.75203,144.985123,3.0,2.0,house,2.0,2016-09-17,,,"$1,200,000"
property-house-vic-thornbury-123414042,Thornbury,3071,50 Leinster Grove,-37.760216,144.987884,3.0,1.0,house,2.0,2016-09-17,555.0,m2,"$1,110,000"
property-house-vic-thornbury-123413874,Thornbury,3071,48 Leinster Grove,-37.760358,144.987856,3.0,1.0,house,2.0,2016-09-17,411.0,m2,"$920,000"
property-apartment-vic-thornbury-123414962,Thornbury,3071,1/295 Rossmoyne Street,-37.759055,145.020812,2.0,1.0,apartment,2.0,2016-09-17,,,"$560,000"
property-house-vic-thornbury-123660298,Thornbury,3071,109 Rossmoyne Street,-37.757661,145.007638,4.0,2.0,house,1.0,2016-09-16,,,"$1,570,000"
property-apartment-vic-thornbury-123308822,Thornbury,3071,6/112 Ballantyne Street,-37.757297,144.990728,1.0,1.0,apartment,1.0,2016-09-14,,,"$320,000"
property-house-vic-thornbury-123346962,Thornbury,3071,111A Darebin Road,-37.76403,145.009444,3.0,2.0,house,2.0,2016-09-10,,,"$1,010,000"
property-apartment-vic-thornbury-123343042,Thornbury,3071,6/18 Blythe Street,-37.753843,144.999676,1.0,1.0,apartment,1.0,2016-09-08,,,"$296,100"
property-house-vic-thornbury-123420802,Thornbury,3071,11 Clarendon Street,-37.759448,145.001741,3.0,2.0,house,1.0,2016-09-06,,,"$1,400,000"
property-apartment-vic-thornbury-123360182,Thornbury,3071,5/1 Clyde Street,-37.760699,145.005915,2.0,1.0,apartment,1.0,2016-09-02,,,"$505,000"
property-apartment-vic-thornbury-123223054,Thornbury,3071,2/16-18 Kemp Street,-37.761745,144.995166,2.0,1.0,apartment,1.0,2016-08-29,,,"$450,000"
property-house-vic-thornbury-123257962,Thornbury,3071,46 Rennie Street,-37.752822,144.990322,3.0,2.0,house,2.0,2016-08-27,,,"$1,430,000"
property-house-vic-thornbury-123202406,Thornbury,3071,51 Martin Street,-37.760961,145.004512,3.0,2.0,house,2.0,2016-08-20,,,"$1,620,000"
property-house-vic-thornbury-123208466,Thornbury,3071,138 Raleigh Street,-37.759877,145.008827,2.0,1.0,house,2.0,2016-08-20,,,"$1,143,000"
property-house-vic-thornbury-123204642,Thornbury,3071,279 Mansfield Street,-37.758479,145.022621,2.0,1.0,house,1.0,2016-08-20,,,"$900,000"
property-townhouse-vic-thornbury-123153002,Thornbury,3071,15/44 Strettle Street,-37.751691,144.983153,2.0,1.0,townhouse,1.0,2016-08-13,,,"$596,000"
property-townhouse-vic-thornbury-122362886,Thornbury,3071,3/20 Woolton Avenue,-37.760988,144.998113,2.0,2.0,townhouse,1.0,2016-08-11,,,"$750,000"
property-apartment-vic-thornbury-122907930,Thornbury,3071,3/114 Smith Street,-37.75648,144.99135,2.0,1.0,apartment,1.0,2016-08-10,,,"$419,000"
property-apartment-vic-thornbury-123192458,Thornbury,3071,7/67 Pender Street,-37.75392,145.008858,2.0,1.0,apartment,1.0,2016-08-09,,,"$438,000"
property-house-vic-thornbury-123088026,Thornbury,3071,5 Newman Street,-37.756941,144.98784,2.0,2.0,house,,2016-08-08,,,"$942,000"
property-apartment-vic-thornbury-123054386,Thornbury,3071,4/74 Dundas Street,-37.753501,145.009397,1.0,1.0,apartment,1.0,2016-08-06,,,"$299,000"
property-house-vic-thornbury-123257070,Thornbury,3071,126 Smith Street,-37.756404,144.990683,3.0,2.0,house,1.0,2016-08-04,,,"$1,380,000"
property-house-vic-thornbury-123061606,Thornbury,3071,31 Newman Street,-37.75693,144.986093,3.0,2.0,house,1.0,2016-08-04,,,"$1,320,000"
property-apartment-vic-thornbury-123043074,Thornbury,3071,17/25 Martin Street,-37.760786,145.002961,2.0,1.0,apartment,1.0,2016-07-30,,,"$452,500"
property-apartment-vic-thornbury-122857214,Thornbury,3071,25/337 Station Street,-37.763934,145.021416,1.0,1.0,apartment,2.0,2016-07-26,,,"$395,000"
property-house-vic-thornbury-123010018,Thornbury,3071,11 Martin Street,-37.760787,145.001622,3.0,1.0,house,,2016-07-23,305.0,m2,"$1,272,000"
property-house-vic-thornbury-123009990,Thornbury,3071,6 Martin Street,-37.761179,145.000919,2.0,1.0,house,,2016-07-23,228.0,m2,"$972,000"
property-house-vic-thornbury-123006858,Thornbury,3071,337 Rossmoyne Street,-37.759407,145.02413,4.0,2.0,house,4.0,2016-07-23,,,"$928,500"
property-townhouse-vic-thornbury-122981238,Thornbury,3071,11/158 Clarendon Street,-37.761141,145.011809,2.0,2.0,townhouse,1.0,2016-07-23,,,"$612,500"
property-house-vic-thornbury-122952550,Thornbury,3071,219 Collins Street,-37.756265,145.023178,3.0,1.0,house,1.0,2016-07-16,,,"$840,000"
property-house-vic-thornbury-122581382,Thornbury,3071,206 Dundas Street,-37.754842,145.02149,5.0,2.0,house,6.0,2016-07-15,,,"$1,030,000"
property-apartment-vic-thornbury-122987490,Thornbury,3071,8/32 Gooch Street,-37.758479,145.003186,1.0,1.0,apartment,1.0,2016-07-14,,,"$295,000"
property-unit-vic-thornbury-122904870,Thornbury,3071,3/128 Normanby Avenue,-37.75785,144.988679,2.0,1.0,unit,1.0,2016-07-09,,,"$600,000"
property-apartment-vic-thornbury-122864286,Thornbury,3071,37/337 Station Street,-37.763934,145.021416,1.0,1.0,apartment,1.0,2016-07-09,,,"$370,000"
property-apartment-vic-thornbury-122898002,Thornbury,3071,7/99 Smith Street,-37.757057,144.991998,1.0,1.0,apartment,1.0,2016-07-09,,,"$320,000"
property-townhouse-vic-thornbury-122907990,Thornbury,3071,4/9 Jones Street,-37.757584,145.022933,2.0,1.0,townhouse,1.0,2016-07-08,,,"$626,000"
property-unit-vic-thornbury-122797066,Thornbury,3071,3/32-34 Clarendon Street,-37.760156,145.002755,2.0,1.0,unit,1.0,2016-06-27,,,"$530,000"
property-apartment-vic-thornbury-121711082,Thornbury,3071,6/187 Mansfield Street,-37.757581,145.014347,1.0,1.0,apartment,1.0,2016-06-27,,,"$260,000"
property-house-vic-thornbury-122347866,Thornbury,3071,63 Newman Street,-37.756552,144.9833,4.0,2.0,house,4.0,2016-06-25,,,"$1,160,000"
property-house-vic-thornbury-122827002,Thornbury,3071,535 St Georges Road,-37.752253,144.994486,2.0,1.0,house,1.0,2016-06-25,229.0,m2,"$745,000"
property-apartment-vic-thornbury-122818054,Thornbury,3071,5/82 Gooch Street,-37.758819,145.006405,2.0,1.0,apartment,1.0,2016-06-25,,,"$432,500"
property-house-vic-thornbury-122448234,Thornbury,3071,34A Newman Street,-37.756558,144.985981,2.0,1.0,house,,2016-06-21,,,"$750,000"
property-house-vic-thornbury-122697566,Thornbury,3071,327 Gillies Street,-37.762983,145.020001,3.0,2.0,house,3.0,2016-06-15,,,"$1,270,000"
property-apartment-vic-thornbury-122755446,Thornbury,3071,6/267 Rossmoyne Street,-37.758747,145.017904,2.0,1.0,apartment,1.0,2016-06-15,,,"$571,750"
property-house-vic-thornbury-122701266,Thornbury,3071,92 Speight Street,-37.763377,145.016866,2.0,1.0,house,3.0,2016-06-11,,,"$970,000"
property-townhouse-vic-thornbury-122374298,Thornbury,3071,2/66 Collins Street,-37.755441,145.007053,3.0,2.0,townhouse,1.0,2016-06-03,,,"$807,500"
property-apartment-vic-thornbury-122527730,Thornbury,3071,8/30 Strettle Street,-37.752572,144.983006,2.0,1.0,apartment,1.0,2016-06-03,,,"$500,000"
property-house-vic-thornbury-122584674,Thornbury,3071,119 Rennie Street,-37.75275,144.984754,3.0,1.0,house,3.0,2016-05-28,705.0,m2,"$1,210,000"
property-townhouse-vic-thornbury-122562778,Thornbury,3071,76A St David Street,-37.758772,145.005497,2.0,1.0,townhouse,1.0,2016-05-28,,,"$840,000"
property-unit-vic-reservoir-150929348,Reservoir,3073,1/25 Cheddar Road,-37.71138665,145.0108136,2.0,1.0,unit,1.0,2026-05-07,250.0,m2,"$633,000"
property-house-vic-reservoir-150803804,Reservoir,3073,29 Claremont Crescent,-37.695243,144.979402,4.0,2.0,house,4.0,2026-05-02,615.0,m2,"$1,000,000"
property-house-vic-reservoir-150805848,Reservoir,3073,28 Strathmerton Street,-37.716167,145.019674,3.0,1.0,house,2.0,2026-05-02,611.0,m2,"$820,000"
property-townhouse-vic-reservoir-150769292,Reservoir,3073,3/35 Whitelaw Street,-37.71405477,145.0153858,3.0,3.0,townhouse,2.0,2026-05-02,160.0,m2,"$715,000"
property-unit-vic-reservoir-150801444,Reservoir,3073,5/18 George Street,-37.71783575,145.0003534,2.0,1.0,unit,1.0,2026-05-02,,,"$700,000"
property-unit-vic-reservoir-150820508,Reservoir,3073,6/75 Barton Street,-37.71149473,145.0013691,1.0,1.0,unit,1.0,2026-05-02,,,"$540,000"
property-house-vic-reservoir-150971924,Reservoir,3073,13 Mccasker Avenue,-37.703853,145.003986,4.0,2.0,house,4.0,2026-05-01,928.0,m2,"$2,292,000"
property-unit-vic-reservoir-150774552,Reservoir,3073,2/3 View Street,-37.71960838,144.9921267,2.0,1.0,unit,1.0,2026-04-29,169.0,m2,"$705,000"
property-unit-vic-reservoir-150835456,Reservoir,3073,3/37-39 George Street,-37.716517,145.000185,2.0,1.0,unit,1.0,2026-04-28,,,"$553,000"
property-house-vic-reservoir-150812904,Reservoir,3073,48 Powell Street,-37.726159,144.999246,3.0,2.0,house,2.0,2026-04-27,,,"$1,573,000"
property-house-vic-reservoir-150833152,Reservoir,3073,5 Pratt Street,-37.710988,145.010215,3.0,1.0,house,8.0,2026-04-27,635.0,m2,"$1,070,000"
property-townhouse-vic-reservoir-150547404,Reservoir,3073,1B/1 Liston Avenue,-37.697852,145.020037,4.0,3.0,townhouse,2.0,2026-04-27,,,"$1,065,000"
property-house-vic-reservoir-150879368,Reservoir,3073,160 Broadway,-37.717457,145.015476,3.0,1.0,house,2.0,2026-04-27,636.0,m2,"$950,000"
property-house-vic-reservoir-150801260,Reservoir,3073,22 Merrilands Road,-37.695442,145.007013,3.0,1.0,house,2.0,2026-04-25,888.0,m2,"$900,500"
property-townhouse-vic-reservoir-150751148,Reservoir,3073,2/3 Mack Street,-37.70348073,145.0129038,3.0,2.0,townhouse,2.0,2026-04-25,,,"$765,000"
property-house-vic-reservoir-150712416,Reservoir,3073,2/8 Loddon Avenue,-37.72319274,145.0268308,3.0,1.0,house,2.0,2026-04-25,299.0,m2,"$730,000"
property-unit-vic-reservoir-150502544,Reservoir,3073,4/146 St Vigeons Road,-37.70558821,145.0176673,2.0,1.0,unit,1.0,2026-04-25,,,"$590,000"
property-townhouse-vic-reservoir-150817032,Reservoir,3073,4/957 High Street,-37.70957498,145.008259,2.0,2.0,townhouse,1.0,2026-04-23,,,"$560,000"
property-apartment-vic-reservoir-150769780,Reservoir,3073,304/76 Tyler Street,-37.73275397,145.0307221,2.0,2.0,apartment,1.0,2026-04-23,,,"$496,382"
property-unit-vic-reservoir-150613148,Reservoir,3073,6/165 Edwardes Street,-37.71562686,144.9979781,1.0,1.0,unit,1.0,2026-04-23,,,"$385,000"
property-apartment-vic-reservoir-150709088,Reservoir,3073,2/833 High Street,-37.72716233,145.0057124,2.0,1.0,apartment,1.0,2026-04-22,,,"$500,000"
property-unit-vic-reservoir-150547448,Reservoir,3073,3/1A Wilkinson Street,-37.72754663,145.0191632,1.0,1.0,unit,1.0,2026-04-21,,,"$375,000"
property-apartment-vic-reservoir-150405436,Reservoir,3073,8/289 Broadway,-37.71708115,145.0088459,1.0,1.0,apartment,,2026-04-20,441.0,m2,"$300,000"
property-house-vic-reservoir-150689828,Reservoir,3073,12 Crispe Street,-37.728197,144.994528,3.0,1.0,house,2.0,2026-04-18,627.0,m2,"$1,180,000"
property-house-vic-reservoir-150682008,Reservoir,3073,19 Pershing Street,-37.725492,144.993965,3.0,1.0,house,4.0,2026-04-18,789.0,m2,"$1,150,000"
property-townhouse-vic-reservoir-150659016,Reservoir,3073,3/107 Barton Street,-37.71115635,144.998162,2.0,2.0,townhouse,2.0,2026-04-18,,,"$785,000"
property-house-vic-reservoir-150682004,Reservoir,3073,34 Andrews Avenue,-37.72984871,145.0332991,2.0,1.0,house,1.0,2026-04-18,220.0,m2,"$607,000"
property-apartment-vic-reservoir-150742448,Reservoir,3073,3/31 Kenilworth Street,-37.71408547,145.0044183,1.0,1.0,apartment,1.0,2026-04-18,,,"$390,000"
property-house-vic-reservoir-150276536,Reservoir,3073,11 Rathcown Road,-37.710946,145.033482,5.0,2.0,house,2.0,2026-04-17,650.0,m2,"$1,068,000"
property-townhouse-vic-reservoir-150084512,Reservoir,3073,3/154 Broadway,-37.71752974,145.0159805,3.0,2.0,townhouse,2.0,2026-04-17,,,"$715,000"
property-house-vic-reservoir-150467472,Reservoir,3073,82 Broadhurst Avenue,-37.707676,144.99718,3.0,1.0,house,3.0,2026-04-16,,,"$1,122,500"
property-house-vic-reservoir-150900888,Reservoir,3073,39 Miranda Road,-37.707521,145.022683,3.0,1.0,house,2.0,2026-04-15,892.0,m2,"$1,120,000"
property-house-vic-reservoir-150619712,Reservoir,3073,26 Lloyd Avenue,-37.698187,145.018009,3.0,1.0,house,3.0,2026-04-15,544.0,m2,"$790,000"
property-unit-vic-reservoir-150629704,Reservoir,3073,3/10 Acheron Avenue,-37.72373986,145.0170335,1.0,1.0,unit,1.0,2026-04-15,,,"$427,000"
property-house-vic-reservoir-150576088,Reservoir,3073,92 Arundel Avenue,-37.695945,145.013283,2.0,2.0,house,4.0,2026-04-14,652.0,m2,"$900,000"
property-townhouse-vic-reservoir-150624764,Reservoir,3073,2A Wilkinson Street,-37.72746721,145.0195913,2.0,1.0,townhouse,1.0,2026-04-14,,,"$570,000"
property-apartment-vic-reservoir-150181808,Reservoir,3073,10/853 High Street,-37.72623403,145.0058793,1.0,1.0,apartment,1.0,2026-04-14,,,"$368,000"
property-townhouse-vic-reservoir-150504728,Reservoir,3073,2/75 Barton Street,-37.71149473,145.0013691,2.0,1.0,townhouse,1.0,2026-04-13,121.0,m2,"$615,000"
property-house-vic-reservoir-150613056,Reservoir,3073,745 Gilbert Road,-37.720265,144.992858,3.0,1.0,house,5.0,2026-04-11,664.0,m2,"$975,000"
property-house-vic-reservoir-150589060,Reservoir,3073,2 Loddon Avenue,-37.723584,145.02718,3.0,1.0,house,2.0,2026-04-11,758.0,m2,"$915,500"
property-house-vic-reservoir-150581004,Reservoir,3073,52 Allenby Avenue,-37.701511,145.005513,3.0,2.0,house,3.0,2026-04-11,667.0,m2,"$910,000"
property-townhouse-vic-reservoir-150614708,Reservoir,3073,3/68 Northernhay Street,-37.72423595,145.0082527,2.0,1.0,townhouse,1.0,2026-04-11,,,"$767,000"
property-unit-vic-reservoir-150693416,Reservoir,3073,2/41A Broadhurst Avenue,-37.70845225,145.0024483,2.0,1.0,unit,1.0,2026-04-11,,,"$668,000"
property-unit-vic-reservoir-150614288,Reservoir,3073,3/81 Rathcown Road,-37.70978329,145.0242379,2.0,1.0,unit,1.0,2026-04-11,198.0,m2,"$610,000"
property-unit-vic-reservoir-150559124,Reservoir,3073,3/963 High Street,-37.70915031,145.0086498,2.0,1.0,unit,1.0,2026-04-11,,,"$490,000"
property-unit-vic-reservoir-150612936,Reservoir,3073,3/20 O'connor Street,-37.71055278,145.0056534,2.0,1.0,unit,1.0,2026-04-11,,,"$470,000"
property-townhouse-vic-reservoir-150675032,Reservoir,3073,1/37 O'Connor Street,-37.710406,145.0013255,2.0,1.0,townhouse,1.0,2026-04-09,,,"$800,000"
property-unit-vic-reservoir-150365404,Reservoir,3073,8 Reservoir Street,-37.7218137,145.0032991,2.0,1.0,unit,1.0,2026-04-09,,,"$625,000"
property-unit-vic-reservoir-150620876,Reservoir,3073,3/80c Rathcown Road,-37.70947308,145.024104,2.0,1.0,unit,2.0,2026-04-08,,,"$620,000"
property-house-vic-reservoir-150102708,Reservoir,3073,1 Jenkin Street,-37.72194253,144.9879894,2.0,1.0,house,1.0,2026-04-07,327.0,m2,"$670,000"
property-unit-vic-reservoir-150175432,Reservoir,3073,1/15 Evans Crescent,-37.71490721,145.0206423,3.0,1.0,unit,1.0,2026-04-07,,,"$590,000"
property-house-vic-reservoir-150478708,Reservoir,3073,20 Daventry Street,-37.714141,145.001588,2.0,1.0,house,1.0,2026-04-02,613.0,m2,"$952,000"
property-villa-vic-reservoir-150569676,Reservoir,3073,1/17 Olive Street,-37.7181415,145.0038199,2.0,1.0,villa,1.0,2026-04-02,,,"$722,000"
property-unit-vic-reservoir-150303444,Reservoir,3073,4/34 Barton Street,-37.71140824,145.0033091,2.0,1.0,unit,1.0,2026-04-02,118.0,m2,"$530,000"
property-house-vic-reservoir-150553152,Reservoir,3073,73 Burbank Drive,-37.69895,145.027505,3.0,1.0,house,4.0,2026-04-01,585.0,m2,"$1,027,000"
property-unit-vic-reservoir-150315372,Reservoir,3073,604 Gilbert Road,-37.7258357,144.9923567,3.0,1.0,unit,1.0,2026-04-01,,,"$770,000"
property-townhouse-vic-reservoir-150422988,Reservoir,3073,2/54 Chaleyer Street,-37.72741161,145.0220364,2.0,1.0,townhouse,1.0,2026-04-01,,,"$665,000"
property-house-vic-reservoir-150451628,Reservoir,3073,53 Newton Street,-37.731295,145.022652,5.0,2.0,house,3.0,2026-03-28,508.0,m2,"$1,050,000"
property-house-vic-reservoir-150485576,Reservoir,3073,1/37 Shand Road,-37.72082752,145.0196812,3.0,1.0,house,3.0,2026-03-28,,,"$809,500"
property-townhouse-vic-reservoir-150473200,Reservoir,3073,1C Mack Street,-37.70373985,145.0127304,3.0,1.0,townhouse,2.0,2026-03-28,,,"$795,000"
property-house-vic-reservoir-149999900,Reservoir,3073,10 Lucas Street,-37.726013,144.99015,4.0,1.0,house,1.0,2026-03-27,,,"$985,000"
property-townhouse-vic-reservoir-150421048,Reservoir,3073,10A Dumbarton Street,-37.70135381,145.0242823,3.0,2.0,townhouse,2.0,2026-03-27,220.0,m2,"$873,000"
property-residential land-vic-reservoir-204456456,Reservoir,3073,13 Cuthbert Road,-37.717266,145.019111,,,residential land,,2026-03-27,663.0,m2,"$832,500"
property-townhouse-vic-reservoir-150602852,Reservoir,3073,3/9 Tambo Avenue,-37.72256818,145.0181045,2.0,2.0,townhouse,1.0,2026-03-27,,,"$760,000"
property-townhouse-vic-reservoir-150148228,Reservoir,3073,2/13 Erskine Avenue,-37.72349354,145.0249988,2.0,2.0,townhouse,1.0,2026-03-27,89.0,m2,"$630,000"
property-house-vic-reservoir-150486552,Reservoir,3073,27 Moira Avenue,-37.69464,144.980008,4.0,2.0,house,2.0,2026-03-26,544.0,m2,"$960,000"
property-house-vic-reservoir-150486416,Reservoir,3073,68 Dumbarton Street,-37.70214999,145.030841,3.0,1.0,house,1.0,2026-03-26,478.0,m2,"$752,000"
property-unit-vic-reservoir-150404956,Reservoir,3073,6/32-34 Kelsby Street,-37.7129309,144.9987522,2.0,1.0,unit,1.0,2026-03-26,,,"$600,000"
property-house-vic-reservoir-150500476,Reservoir,3073,25a Moore Crescent,-37.719686,145.000691,5.0,3.0,house,2.0,2026-03-25,324.0,m2,"$1,509,000"
property-house-vic-reservoir-150244996,Reservoir,3073,5 Joffre Street,-37.730213,145.012492,3.0,1.0,house,2.0,2026-03-25,538.0,m2,"$1,300,000"
property-townhouse-vic-reservoir-150473140,Reservoir,3073,1/73 Crookston Road,-37.70993514,145.0170091,3.0,2.0,townhouse,2.0,2026-03-25,215.0,m2,"$870,000"
property-house-vic-reservoir-149375492,Reservoir,3073,87 McFadzean Avenue,-37.703249,144.997049,3.0,1.0,house,2.0,2026-03-24,866.0,m2,"$1,065,000"
property-townhouse-vic-reservoir-149738012,Reservoir,3073,2/199 Purinuan Road,-37.70761896,145.0121,3.0,2.0,townhouse,2.0,2026-03-24,,,"$740,000"
property-unit-vic-reservoir-150595056,Reservoir,3073,14/47-49 Rathcown Road,-37.71181615,145.0295865,2.0,1.0,unit,1.0,2026-03-24,,,"$541,000"
property-house-vic-reservoir-150472952,Reservoir,3073,16 Dawson Street,-37.700315,144.987748,3.0,2.0,house,4.0,2026-03-23,658.0,m2,"$1,325,000"
property-house-vic-reservoir-150380872,Reservoir,3073,15 Clinnick Street,-37.72004,144.998741,3.0,1.0,house,4.0,2026-03-21,505.0,m2,"$1,130,000"
property-house-vic-reservoir-150399296,Reservoir,3073,13 Amery Street,-37.698665,144.988235,3.0,2.0,house,4.0,2026-03-21,558.0,m2,"$1,115,000"
property-townhouse-vic-reservoir-150188196,Reservoir,3073,4/4 Kelsby Street,-37.71513725,144.9983845,3.0,2.0,townhouse,2.0,2026-03-21,,,"$910,000"
property-townhouse-vic-reservoir-150189320,Reservoir,3073,1/158 Broadway,-37.71748889,145.0156433,4.0,2.0,townhouse,2.0,2026-03-21,,,"$830,000"
property-house-vic-reservoir-150471028,Reservoir,3073,51A Drysdale Street,-37.72943381,145.0206439,3.0,2.0,house,2.0,2026-03-21,,,"$775,000"
property-house-vic-reservoir-149186228,Reservoir,3073,13 Anstey Avenue,-37.692513,144.976811,3.0,1.0,house,3.0,2026-03-21,530.0,m2,"$732,000"
property-townhouse-vic-reservoir-150399660,Reservoir,3073,2/39 Purinuan Road,-37.70956137,145.0308175,2.0,1.0,townhouse,1.0,2026-03-21,,,"$580,000"
property-unit-vic-reservoir-150399572,Reservoir,3073,3/34 Barton Street,-37.71140824,145.0033091,1.0,1.0,unit,1.0,2026-03-21,,,"$415,000"
property-townhouse-vic-reservoir-150478692,Reservoir,3073,4/84-86 Pine Street,-37.71666659,144.998603,3.0,1.0,townhouse,2.0,2026-03-20,,,"$800,000"
property-unit-vic-reservoir-150164488,Reservoir,3073,2/23 Southernhay Street,-37.72572049,145.011921,2.0,1.0,unit,1.0,2026-03-20,,,"$676,000"
property-townhouse-vic-reservoir-150553452,Reservoir,3073,3/39 Fordham Road,-37.71413604,145.019633,2.0,1.0,townhouse,1.0,2026-03-20,,,"$660,000"
property-unit-vic-reservoir-150189648,Reservoir,3073,1/945 High Street,-37.7107019,145.0083799,2.0,1.0,unit,1.0,2026-03-20,,,"$410,000"
property-unit-vic-reservoir-150402940,Reservoir,3073,1/18 Winter Crescent,-37.71920448,145.02818,2.0,1.0,unit,1.0,2026-03-19,312.0,m2,"$735,000"
property-house-vic-reservoir-150327504,Reservoir,3073,10 Tivey Street,-37.706073,145.002009,4.0,2.0,house,2.0,2026-03-18,769.0,m2,"$1,670,000"
property-house-vic-reservoir-150472884,Reservoir,3073,10 Verdun Grove,-37.727984,145.001625,2.0,1.0,house,2.0,2026-03-18,,,"$1,162,000"
property-townhouse-vic-reservoir-150380864,Reservoir,3073,2/15 Daventry Street,-37.714205,145.001144,2.0,2.0,townhouse,1.0,2026-03-18,,,"$805,000"
property-unit-vic-reservoir-150337008,Reservoir,3073,5/13 Fyfe Street,-37.705773,145.011892,2.0,1.0,unit,1.0,2026-03-18,,,"$611,888"
property-house-vic-reservoir-150418112,Reservoir,3073,33 Charlton Crescent,-37.71847,145.023685,3.0,2.0,house,2.0,2026-03-17,590.0,m2,"$948,000"
property-house-vic-reservoir-150401364,Reservoir,3073,47 Lane Crescent,-37.713431,145.018794,3.0,1.0,house,5.0,2026-03-17,636.0,m2,"$840,000"
property-unit-vic-reservoir-150489000,Reservoir,3073,2/10 Acheron Avenue,-37.72373986,145.0170335,2.0,1.0,unit,1.0,2026-03-17,109.0,m2,"$601,000"
property-townhouse-vic-reservoir-149991008,Reservoir,3073,1/11 Elsey Road,-37.70552565,145.0137967,3.0,2.0,townhouse,2.0,2026-03-16,187.0,m2,"$745,000"
property-unit-vic-reservoir-150518832,Reservoir,3073,5/58 Miranda Road,-37.70700767,145.0208621,2.0,1.0,unit,1.0,2026-03-15,,,"$570,000"
property-house-vic-reservoir-150345500,Reservoir,3073,27 Marchant Avenue,-37.714821,145.012529,3.0,2.0,house,4.0,2026-03-14,650.0,m2,"$1,220,000"
property-house-vic-reservoir-150265668,Reservoir,3073,27 Broadhurst Avenue,-37.708709,145.005478,3.0,1.0,house,5.0,2026-03-14,836.0,m2,"$1,002,000"
property-house-vic-reservoir-150330628,Reservoir,3073,45 Frankston Street,-37.724709,144.997696,2.0,1.0,house,2.0,2026-03-14,309.0,m2,"$975,000"
property-house-vic-reservoir-150336580,Reservoir,3073,47 Kelsby Street,-37.712249,144.998463,2.0,1.0,house,1.0,2026-03-14,498.0,m2,"$883,000"
property-house-vic-reservoir-150348004,Reservoir,3073,17 Colthur Street,-37.70957,144.990368,3.0,1.0,house,2.0,2026-03-14,418.0,m2,"$818,000"
property-house-vic-reservoir-150339168,Reservoir,3073,35 Erskine Avenue,-37.72211,145.02419,2.0,1.0,house,1.0,2026-03-14,656.0,m2,"$813,000"
property-house-vic-reservoir-150257260,Reservoir,3073,32 Cheddar Road,-37.711741,145.011579,2.0,1.0,house,2.0,2026-03-14,585.0,m2,"$775,000"
property-townhouse-vic-reservoir-150304388,Reservoir,3073,10/10 Crevelli Street,-37.73196557,145.0298152,3.0,2.0,townhouse,2.0,2026-03-14,,,"$725,000"
property-unit-vic-reservoir-150228492,Reservoir,3073,1/11 Erskine Avenue,-37.72351912,145.0251691,2.0,1.0,unit,2.0,2026-03-14,279.0,m2,"$696,000"
property-unit-vic-reservoir-150332400,Reservoir,3073,3/43 Byfield Street,-37.71322544,145.0040292,2.0,1.0,unit,1.0,2026-03-14,,,"$651,000"
property-house-vic-reservoir-150244488,Reservoir,3073,203 Spring Street,-37.721493,145.002571,3.0,1.0,house,2.0,2026-03-14,579.0,m2,"$650,000"
property-unit-vic-reservoir-150333724,Reservoir,3073,4/165 Broadhurst Avenue,-37.70726065,144.9888327,2.0,1.0,unit,2.0,2026-03-14,,,"$627,000"
property-unit-vic-reservoir-150340060,Reservoir,3073,2/52 Miranda Road,-37.70709661,145.0215694,2.0,1.0,unit,1.0,2026-03-14,,,"$590,000"
property-house-vic-reservoir-146109304,Reservoir,3073,26 Spratling Street,-37.716421,144.995242,3.0,1.0,house,2.0,2026-03-13,892.0,m2,"$1,390,000"
property-house-vic-reservoir-150409200,Reservoir,3073,74 Strathmerton Street,-37.71259471,145.0163473,3.0,2.0,house,2.0,2026-03-13,284.0,m2,"$880,000"
property-townhouse-vic-reservoir-150406104,Reservoir,3073,2/173A Spring Street,-37.72345528,145.001182,2.0,1.0,townhouse,1.0,2026-03-13,,,"$783,000"
property-townhouse-vic-reservoir-150037304,Reservoir,3073,3 Elinda Place,-37.696795,145.022543,3.0,2.0,townhouse,2.0,2026-03-13,,,"$690,000"
property-unit-vic-reservoir-149673340,Reservoir,3073,2/22 Dumbarton Street,-37.701487,145.025588,2.0,1.0,unit,6.0,2026-03-13,388.0,m2,"$670,000"
property-house-vic-reservoir-150406964,Reservoir,3073,1/90 Purinuan Road,-37.70827385,145.0228137,3.0,1.0,house,2.0,2026-03-12,,,"$860,000"
property-unit-vic-reservoir-150252580,Reservoir,3073,4/1067 High Street,-37.69823113,145.0106278,2.0,1.0,unit,1.0,2026-03-10,83.0,m2,"$450,000"
property-house-vic-reservoir-150244980,Reservoir,3073,25 Locksley Avenue,-37.722974,144.994249,3.0,1.0,house,3.0,2026-03-07,555.0,m2,"$1,162,000"
property-house-vic-reservoir-150242556,Reservoir,3073,27 Newton Street,-37.731726,145.02634,3.0,1.0,house,2.0,2026-03-07,612.0,m2,"$862,000"
property-house-vic-reservoir-150254732,Reservoir,3073,14 Clements Grove,-37.714059,145.023462,3.0,1.0,house,2.0,2026-03-07,697.0,m2,"$846,000"
property-unit-vic-reservoir-150248844,Reservoir,3073,2/21 Dumbarton Street,-37.70181936,145.0257717,3.0,1.0,unit,1.0,2026-03-07,371.0,m2,"$800,000"
property-townhouse-vic-reservoir-150100096,Reservoir,3073,3/17-19 Barwon Avenue,-37.723491,145.023779,2.0,1.0,townhouse,1.0,2026-03-06,,,"$678,000"
property-townhouse-vic-reservoir-150333684,Reservoir,3073,3/62 Cheddar Road,-37.707844,145.014576,3.0,2.0,townhouse,1.0,2026-03-05,,,"$800,000"
property-townhouse-vic-reservoir-149914000,Reservoir,3073,7/32 Lane Crescent,-37.71489594,145.0171027,2.0,1.0,townhouse,1.0,2026-03-05,,,"$600,000"
property-townhouse-vic-reservoir-150254204,Reservoir,3073,5/3 Barry Street,-37.70992602,145.0069971,2.0,1.0,townhouse,1.0,2026-03-05,,,"$585,000"
property-townhouse-vic-reservoir-150056260,Reservoir,3073,2/50 Chaleyer Street,-37.72747846,145.0226028,2.0,1.0,townhouse,1.0,2026-03-04,,,"$690,000"
property-house-vic-reservoir-150214448,Reservoir,3073,5A Bonview Street,-37.71876837,144.9902447,4.0,3.0,house,2.0,2026-03-03,,,"$1,420,000"
property-house-vic-reservoir-150285584,Reservoir,3073,773 Plenty Road,-37.726843,145.020524,2.0,1.0,house,4.0,2026-03-03,706.0,m2,"$987,500"
property-house-vic-reservoir-149999896,Reservoir,3073,1/6 Aberdeen Street,-37.7034477,145.0186282,3.0,1.0,house,2.0,2026-03-03,392.0,m2,"$715,000"
property-unit-vic-reservoir-149248204,Reservoir,3073,5/13 Elsey Road,-37.70537006,145.013551,1.0,1.0,unit,1.0,2026-03-02,,,"$430,000"
property-house-vic-reservoir-150205692,Reservoir,3073,9 Mack Street,-37.70202,145.013869,4.0,1.0,house,2.0,2026-02-28,774.0,m2,"$1,465,000"
property-house-vic-reservoir-150179128,Reservoir,3073,56 Tambo Avenue,-37.719545,145.019028,3.0,1.0,house,7.0,2026-02-28,637.0,m2,"$1,325,000"
property-house-vic-reservoir-150156872,Reservoir,3073,42 Drysdale Street,-37.729087,145.02051,4.0,2.0,house,2.0,2026-02-28,748.0,m2,"$1,317,000"
property-house-vic-reservoir-150133956,Reservoir,3073,8 Bray Street,-37.699446,144.988555,4.0,2.0,house,4.0,2026-02-28,766.0,m2,"$1,220,000"
property-house-vic-reservoir-150208376,Reservoir,3073,35 Elliot Street,-37.706126,144.997709,3.0,1.0,house,4.0,2026-02-28,502.0,m2,"$930,000"
property-house-vic-reservoir-150190592,Reservoir,3073,20 Suffolk Street,-37.7072077,145.0115205,4.0,2.0,house,2.0,2026-02-28,282.0,m2,"$908,000"
property-house-vic-reservoir-150194024,Reservoir,3073,42 Moira Avenue,-37.69638,144.981084,3.0,1.0,house,2.0,2026-02-28,534.0,m2,"$887,000"
property-house-vic-reservoir-150179760,Reservoir,3073,157 Spring Street,-37.724735,145.001338,2.0,1.0,house,2.0,2026-02-28,,,"$875,000"
property-house-vic-reservoir-150179560,Reservoir,3073,159 Henty Street,-37.717949,144.989166,3.0,1.0,house,3.0,2026-02-28,558.0,m2,"$833,000"
property-unit-vic-reservoir-150277848,Reservoir,3073,3/63 Kinsale Street,-37.71942935,144.9954495,1.0,1.0,unit,1.0,2026-02-27,106.0,m2,"$478,750"
property-house-vic-reservoir-150122764,Reservoir,3073,10 Wattlebird Crescent,-37.69362511,144.984943,6.0,4.0,house,4.0,2026-02-26,557.0,m2,"$1,500,000"
property-house-vic-reservoir-150174580,Reservoir,3073,40 Mason Street,-37.728008,145.007309,3.0,1.0,house,3.0,2026-02-26,763.0,m2,"$1,350,000"
property-house-vic-reservoir-150104572,Reservoir,3073,102 Massey Avenue,-37.69691525,144.990967,3.0,2.0,house,2.0,2026-02-26,571.0,m2,"$987,500"
property-house-vic-reservoir-150244972,Reservoir,3073,11 Tunaley Parade,-37.697099,145.024559,3.0,1.0,house,3.0,2026-02-26,586.0,m2,"$940,000"
property-house-vic-reservoir-150174588,Reservoir,3073,16 Nisbett Street,-37.727894,145.03376,3.0,1.0,house,4.0,2026-02-26,581.0,m2,"$780,000"
property-townhouse-vic-reservoir-150179360,Reservoir,3073,2/44 Storey Road,-37.723299,145.011826,3.0,2.0,townhouse,2.0,2026-02-25,182.0,m2,"$860,000"
property-unit-vic-reservoir-150113616,Reservoir,3073,2/24 Best Street,-37.71321629,144.9973453,2.0,1.0,unit,2.0,2026-02-25,,,"$695,000"
property-house-vic-reservoir-150086528,Reservoir,3073,7 Barwon Avenue,-37.724101,145.024148,4.0,3.0,house,3.0,2026-02-23,708.0,m2,"$1,530,000"
property-house-vic-reservoir-149653136,Reservoir,3073,23 Lloyd Avenue,-37.698159,145.015276,3.0,1.0,house,4.0,2026-02-23,564.0,m2,"$950,000"
property-house-vic-reservoir-150103124,Reservoir,3073,60 Winter Crescent,-37.716982,145.02579,3.0,1.0,house,2.0,2026-02-23,586.0,m2,"$880,000"
property-townhouse-vic-reservoir-150192436,Reservoir,3073,3/4 Mccrae Street,-37.70661048,145.0107996,3.0,3.0,townhouse,2.0,2026-02-23,,,"$790,000"
property-townhouse-vic-reservoir-150004988,Reservoir,3073,3/853 High Street,-37.72623403,145.0058793,2.0,2.0,townhouse,1.0,2026-02-23,,,"$713,000"
property-apartment-vic-reservoir-150185452,Reservoir,3073,6/767 High Street,-37.72919825,145.0053345,2.0,1.0,apartment,1.0,2026-02-23,,,"$545,000"
property-unit-vic-reservoir-150178972,Reservoir,3073,1/30 Ashley Street,-37.71713453,145.0024269,2.0,1.0,unit,1.0,2026-02-23,91.0,m2,"$502,355"
property-house-vic-reservoir-150102720,Reservoir,3073,39 Gellibrand Crescent,-37.705442,145.004125,3.0,1.0,house,2.0,2026-02-21,916.0,m2,"$1,220,000"
property-house-vic-reservoir-150128404,Reservoir,3073,3 Best Street,-37.714518,144.996734,4.0,1.0,house,2.0,2026-02-21,624.0,m2,"$1,177,000"
property-house-vic-reservoir-150114016,Reservoir,3073,15 Grimwade Street,-37.703167,145.004957,3.0,2.0,house,2.0,2026-02-21,891.0,m2,"$1,170,000"
property-house-vic-reservoir-150136284,Reservoir,3073,12 Verdun Grove,-37.727964,145.0015,2.0,1.0,house,3.0,2026-02-21,,,"$1,060,000"
property-house-vic-reservoir-150136412,Reservoir,3073,9 Faye Street,-37.726528,145.027011,3.0,2.0,house,2.0,2026-02-21,,,"$920,000"
property-house-vic-reservoir-150119204,Reservoir,3073,2 Lawley Street,-37.706924,144.992152,2.0,1.0,house,3.0,2026-02-21,,,"$755,000"
property-unit-vic-reservoir-150113248,Reservoir,3073,2/121 Broadhurst Avenue,-37.7076669,144.9934257,2.0,1.0,unit,1.0,2026-02-21,,,"$710,000"
property-house-vic-reservoir-150099180,Reservoir,3073,60 Seston Street,-37.728275,145.034708,3.0,1.0,house,2.0,2026-02-21,329.0,m2,"$640,000"
property-unit-vic-reservoir-150113484,Reservoir,3073,4/75 Barton Street,-37.71149473,145.0013691,1.0,1.0,unit,1.0,2026-02-21,,,"$450,000"
property-house-vic-reservoir-149632504,Reservoir,3073,31A Locksley Avenue,-37.722912,144.993785,4.0,3.0,house,2.0,2026-02-20,280.0,m2,"$1,400,000"
property-unit-vic-reservoir-150100920,Reservoir,3073,1A Wattlebrae Street,-37.719234,144.989119,1.0,1.0,unit,1.0,2026-02-19,,,"$486,000"
property-townhouse-vic-reservoir-150134024,Reservoir,3073,1/13 McCrae Street,-37.70523348,145.0102049,2.0,1.0,townhouse,1.0,2026-02-18,190.0,m2,"$770,000"
property-unit-vic-reservoir-150058012,Reservoir,3073,4/66 Dundee Street,-37.70266923,145.0249278,2.0,1.0,unit,1.0,2026-02-18,,,"$445,000"
property-unit-vic-reservoir-149669004,Reservoir,3073,2/10 Dorrington Avenue,-37.7267195,145.0258468,2.0,1.0,unit,2.0,2026-02-17,240.0,m2,"$645,000"
property-townhouse-vic-reservoir-150188940,Reservoir,3073,1/83-85 Howard Street,-37.71910791,145.0088772,2.0,1.0,townhouse,1.0,2026-02-16,,,"$738,000"
property-house-vic-reservoir-149920528,Reservoir,3073,43 Seston Street,-37.72923413,145.034169,4.0,2.0,house,2.0,2026-02-14,,,"$870,000"
property-townhouse-vic-reservoir-150113256,Reservoir,3073,1/148 Boldrewood Parade,-37.71213058,145.0229625,3.0,2.0,townhouse,2.0,2026-02-14,248.0,m2,"$840,000"
property-townhouse-vic-reservoir-149920776,Reservoir,3073,3/146 North Road,-37.72208732,145.0125527,2.0,2.0,townhouse,2.0,2026-02-14,,,"$810,000"
property-unit-vic-reservoir-150048888,Reservoir,3073,3/13 Nisbett Street,-37.72833412,145.0351972,2.0,1.0,unit,1.0,2026-02-14,,,"$595,000"
property-unit-vic-reservoir-150025236,Reservoir,3073,1/17 Dundee Street,-37.70346674,145.0199192,1.0,1.0,unit,1.0,2026-02-13,,,"$445,000"
property-unit-vic-reservoir-149713588,Reservoir,3073,3/5 Smith Street,-37.70298618,145.0116185,3.0,1.0,unit,1.0,2026-02-12,,,"$630,000"
property-house-vic-reservoir-149416788,Reservoir,3073,44A Crispe Street,-37.72576385,144.9949482,4.0,3.0,house,2.0,2026-02-10,,,"$1,468,000"
property-house-vic-reservoir-150190836,Reservoir,3073,64 Strathmerton Street,-37.71332484,145.0170159,3.0,2.0,house,2.0,2026-02-10,,,"$900,000"
property-townhouse-vic-reservoir-149994216,Reservoir,3073,2/1 Maritana Avenue,-37.72945479,144.9972639,3.0,2.0,townhouse,2.0,2026-02-07,173.0,m2,"$1,078,000"
property-townhouse-vic-reservoir-149935252,Reservoir,3073,3/7 Odowd Street,-37.71887753,145.0157084,2.0,2.0,townhouse,2.0,2026-02-07,144.0,m2,"$850,000"
property-house-vic-reservoir-149942724,Reservoir,3073,125 Darebin Boulevard,-37.702484,145.032935,3.0,1.0,house,3.0,2026-02-07,976.0,m2,"$845,000"
property-house-vic-reservoir-150003744,Reservoir,3073,59 Mahoneys Road,-37.69391,144.999569,3.0,1.0,house,2.0,2026-02-07,828.0,m2,"$838,000"
property-townhouse-vic-reservoir-149766860,Reservoir,3073,2/62 Cheddar Road,-37.707844,145.014576,3.0,2.0,townhouse,2.0,2026-02-07,,,"$800,000"
property-unit-vic-reservoir-149966120,Reservoir,3073,1/32 O'Connor Street,-37.7104169,145.004534,2.0,1.0,unit,1.0,2026-02-07,134.0,m2,"$650,000"
property-townhouse-vic-reservoir-149934436,Reservoir,3073,4/146-148 Hickford Street,-37.70181983,145.0130169,2.0,1.0,townhouse,1.0,2026-02-07,,,"$590,000"
property-house-vic-reservoir-150102684,Reservoir,3073,7 Gloucester Street,-37.722141,144.996154,2.0,1.0,house,1.0,2026-02-06,632.0,m2,"$1,000,000"
property-unit-vic-reservoir-149996572,Reservoir,3073,3/4 Faye Street,-37.72758065,145.0271822,2.0,1.0,unit,1.0,2026-02-05,,,"$725,000"
property-townhouse-vic-reservoir-150063828,Reservoir,3073,2/2 Cool Street,-37.7261039,144.986977,2.0,1.0,townhouse,1.0,2026-02-04,,,"$826,000"
property-townhouse-vic-reservoir-150055008,Reservoir,3073,2/26 York Street,-37.7273067,144.989064,2.0,2.0,townhouse,1.0,2026-02-04,,,"$790,000"
property-house-vic-reservoir-148666596,Reservoir,3073,130 Hughes Parade,-37.697135,144.993086,4.0,3.0,house,4.0,2026-02-03,533.0,m2,"$1,180,000"
property-unit-vic-reservoir-150009496,Reservoir,3073,2/61 Barton Street,-37.71189381,145.0023605,3.0,2.0,unit,1.0,2026-02-03,303.0,m2,"$875,000"
property-house-vic-reservoir-149668996,Reservoir,3073,16 Frankston Street,-37.724637,144.999854,2.0,1.0,house,2.0,2026-02-03,311.0,m2,"$810,000"
property-townhouse-vic-reservoir-149968860,Reservoir,3073,4/24 Leamington Street,-37.71272222,145.0057409,2.0,1.0,townhouse,1.0,2026-02-01,,,"$730,000"
property-house-vic-reservoir-149910644,Reservoir,3073,54 Acheron Avenue,-37.719551,145.017791,4.0,2.0,house,4.0,2026-01-31,682.0,m2,"$1,060,000"
property-house-vic-reservoir-149942916,Reservoir,3073,18 Gisborne Crescent,-37.719834,145.02391,3.0,1.0,house,3.0,2026-01-31,601.0,m2,"$908,000"
property-house-vic-reservoir-149951852,Reservoir,3073,2C Thrower Street,-37.7116301,144.9888912,3.0,2.0,house,2.0,2026-01-31,,,"$836,000"
property-unit-vic-reservoir-149942908,Reservoir,3073,3/3 Gladstone Street,-37.71180103,145.0095023,2.0,1.0,unit,2.0,2026-01-31,871.0,m2,"$633,500"
property-unit-vic-reservoir-149951832,Reservoir,3073,2/42 Harbury Street,-37.71248546,145.0003102,2.0,1.0,unit,1.0,2026-01-31,67.0,m2,"$455,000"
property-unit-vic-reservoir-149935648,Reservoir,3073,1/78 Strathmerton Street,-37.7124047,145.0161666,2.0,1.0,unit,1.0,2026-01-29,239.0,m2,"$580,000"
property-townhouse-vic-reservoir-149921580,Reservoir,3073,1/2 White Street,-37.70971401,145.0114194,3.0,1.0,townhouse,2.0,2026-01-28,,,"$707,000"
property-townhouse-vic-reservoir-149684136,Reservoir,3073,3/6 Horton Street,-37.72306463,144.9875157,3.0,2.0,townhouse,2.0,2026-01-26,,,"$885,000"
property-townhouse-vic-reservoir-149659404,Reservoir,3073,2 Pickett Street,-37.70173035,145.0165694,3.0,1.0,townhouse,2.0,2026-01-24,,,"$720,000"
property-house-vic-reservoir-149802544,Reservoir,3073,25A Dwyer Avenue,-37.72395774,144.9888224,4.0,3.0,house,2.0,2026-01-23,,,"$1,400,000"
property-house-vic-reservoir-149553000,Reservoir,3073,8 Marchant Avenue,-37.715699,145.011666,4.0,3.0,house,2.0,2026-01-21,650.0,m2,"$1,380,000"
property-house-vic-reservoir-148412780,Reservoir,3073,1055 High Street,-37.699501,145.010409,3.0,1.0,house,4.0,2026-01-21,955.0,m2,"$965,000"
property-unit-vic-reservoir-149683976,Reservoir,3073,1/215 Spring Street,-37.72067687,145.0034743,2.0,1.0,unit,1.0,2026-01-21,320.0,m2,"$630,000"
property-unit-vic-reservoir-149611124,Reservoir,3073,2/110 North Road,-37.72264548,145.0153113,2.0,1.0,unit,1.0,2026-01-21,697.0,m2,"$455,000"
property-house-vic-reservoir-149881432,Reservoir,3073,51 Blake Street,-37.732068,145.036033,3.0,1.0,house,2.0,2026-01-20,,,"$835,600"
property-unit-vic-reservoir-149789588,Reservoir,3073,2/215 Spring Street,-37.72067687,145.0034743,3.0,1.0,unit,2.0,2026-01-20,,,"$600,000"
property-townhouse-vic-reservoir-143532864,Reservoir,3073,3/121 Cheddar Road,-37.7028757,145.0172002,2.0,1.0,townhouse,1.0,2026-01-19,,,"$585,000"
property-house-vic-reservoir-149780548,Reservoir,3073,39 Frankston Street,-37.724752,144.998138,3.0,1.0,house,2.0,2026-01-16,472.0,m2,"$930,000"
property-unit-vic-reservoir-149720024,Reservoir,3073,3/943 High Street,-37.7108502,145.0083554,2.0,1.0,unit,1.0,2026-01-16,,,"$600,000"
property-house-vic-reservoir-149597648,Reservoir,3073,49 Lawley Street,-37.702015,144.990742,3.0,2.0,house,5.0,2026-01-08,,,"$1,050,000"
property-house-vic-reservoir-149677144,Reservoir,3073,1093 High Street,-37.695717,145.010487,4.0,2.0,house,1.0,2026-01-05,575.0,m2,"$825,000"
property-townhouse-vic-reservoir-149704088,Reservoir,3073,2/746 High Street,-37.72656246,145.0062904,2.0,1.0,townhouse,1.0,2026-01-03,,,"$680,000"
property-house-vic-reservoir-149151092,Reservoir,3073,19 Keon Parade,-37.696064,145.019835,3.0,1.0,house,4.0,2025-12-31,575.0,m2,"$756,000"
property-unit-vic-reservoir-149842616,Reservoir,3073,1/29-31 Kenilworth Street,-37.71408547,145.0044183,1.0,1.0,unit,1.0,2025-12-30,,,"$390,000"
property-house-vic-reservoir-149251600,Reservoir,3073,1/64 Seston Street,-37.72781187,145.034795,2.0,2.0,house,1.0,2025-12-24,266.0,m2,"$600,000"
property-other-vic-reservoir-145738008,Reservoir,3073,218 Broadway,-37.716958,145.011485,4.0,2.0,other,4.0,2025-12-23,,,"$742,000"
property-townhouse-vic-reservoir-149600352,Reservoir,3073,2/3 Loddon Avenue,-37.72372915,145.0266231,3.0,2.0,townhouse,1.0,2025-12-23,784.0,m2,"$718,000"
property-house-vic-reservoir-149677136,Reservoir,3073,4 Lloyd Avenue,-37.698388,145.019739,3.0,1.0,house,2.0,2025-12-22,,,"$930,000"
property-house-vic-reservoir-149685480,Reservoir,3073,22 Liston Avenue,-37.69743549,145.018986,2.0,1.0,house,1.0,2025-12-22,,,"$775,000"
property-house-vic-reservoir-149867840,Reservoir,3073,2/7 St Vigeons Road,-37.7075698,145.0315758,3.0,2.0,house,2.0,2025-12-21,251.0,m2,"$675,000"
property-house-vic-reservoir-149517384,Reservoir,3073,71 Powell Street,-37.726172,144.996806,5.0,3.0,house,3.0,2025-12-20,592.0,m2,"$1,225,000"
property-residential land-vic-reservoir-204310684,Reservoir,3073,47 Fordham Road,-37.713883,145.021005,,,residential land,,2025-12-20,802.0,m2,"$1,020,000"
property-house-vic-reservoir-147493392,Reservoir,3073,8 Moore Crescent,-37.720774,145.002125,3.0,2.0,house,4.0,2025-12-20,488.0,m2,"$950,000"
property-house-vic-reservoir-149668936,Reservoir,3073,109 St Vigeons Road,-37.706076,145.019262,3.0,1.0,house,3.0,2025-12-19,747.0,m2,"$880,000"
property-house-vic-reservoir-148364288,Reservoir,3073,6 Kyneton Avenue,-37.71831,145.024904,3.0,1.0,house,1.0,2025-12-19,594.0,m2,"$847,500"
property-townhouse-vic-reservoir-149607096,Reservoir,3073,3/785 Plenty Road,-37.72630288,145.0212894,2.0,1.0,townhouse,1.0,2025-12-19,,,"$590,000"
property-unit-vic-reservoir-149467940,Reservoir,3073,8/544 Gilbert Road,-37.728324,144.991926,1.0,1.0,unit,1.0,2025-12-19,622.0,m2,"$387,000"
property-unit-vic-reservoir-149719148,Reservoir,3073,4/70 Purinuan Road,-37.70858045,145.0255303,1.0,1.0,unit,1.0,2025-12-19,66.0,m2,"$341,000"
property-house-vic-reservoir-149803320,Reservoir,3073,78 Miranda Road,-37.706755,145.018926,4.0,1.0,house,2.0,2025-12-18,743.0,m2,"$950,000"
property-unit-vic-reservoir-149607292,Reservoir,3073,2/95 Cuthbert Road,-37.71637067,145.0116686,2.0,1.0,unit,1.0,2025-12-18,,,"$720,000"
property-house-vic-reservoir-149450204,Reservoir,3073,8 Taylor Avenue,-37.721959,144.999234,3.0,1.0,house,5.0,2025-12-17,547.0,m2,"$1,241,000"
property-house-vic-reservoir-148866764,Reservoir,3073,75 Rathcown Road,-37.71002,145.026043,3.0,2.0,house,4.0,2025-12-17,586.0,m2,"$1,150,000"
property-house-vic-reservoir-149708388,Reservoir,3073,6 Mais Street,-37.708184,145.027804,4.0,1.0,house,1.0,2025-12-17,743.0,m2,"$905,000"
property-townhouse-vic-reservoir-149669152,Reservoir,3073,3/165 Rathcown Road,-37.708675,145.015189,2.0,2.0,townhouse,1.0,2025-12-17,,,"$635,000"
property-house-vic-reservoir-149642500,Reservoir,3073,Address available on request,,,2.0,1.0,house,1.0,2025-12-17,,,"$470,000"
property-townhouse-vic-reservoir-149812976,Reservoir,3073,1/64 Hickford Street,-37.7053027,145.0241577,2.0,1.0,townhouse,1.0,2025-12-16,234.0,m2,"$650,000"
property-townhouse-vic-reservoir-149385448,Reservoir,3073,1A Macartney Street,-37.71440529,145.0086411,3.0,2.0,townhouse,2.0,2025-12-15,,,"$790,000"
property-house-vic-reservoir-149653148,Reservoir,3073,57 Dredge Street,-37.69621,144.993303,4.0,2.0,house,8.0,2025-12-13,855.0,m2,"$1,500,000"
property-house-vic-reservoir-149677224,Reservoir,3073,13 McColl Street,-37.7294343,145.0190425,3.0,1.0,house,4.0,2025-12-13,,,"$1,164,000"
property-house-vic-reservoir-149668984,Reservoir,3073,19 Keely Street,-37.697612,144.999991,3.0,2.0,house,5.0,2025-12-13,818.0,m2,"$1,022,500"
property-house-vic-reservoir-149680444,Reservoir,3073,87 Cheddar Road,-37.706533,145.014327,3.0,1.0,house,2.0,2025-12-13,568.0,m2,"$811,000"
property-townhouse-vic-reservoir-149669064,Reservoir,3073,12/47-53 Edwardes Street,-37.71622843,145.003646,3.0,2.0,townhouse,1.0,2025-12-13,144.0,m2,"$755,000"
property-unit-vic-reservoir-149668968,Reservoir,3073,4/51 St Vigeons Road,-37.70684838,145.0256476,3.0,1.0,unit,1.0,2025-12-13,,,"$632,000"
property-townhouse-vic-reservoir-149065028,Reservoir,3073,13/957-961 High Street,-37.709635,145.00855,2.0,2.0,townhouse,1.0,2025-12-13,,,"$550,000"
property-unit-vic-reservoir-149673492,Reservoir,3073,2/43 Byfield Street,-37.71322544,145.0040292,1.0,1.0,unit,1.0,2025-12-13,608.0,m2,"$446,000"
property-house-vic-reservoir-149700428,Reservoir,3073,37 Home Street,-37.725923,145.019947,3.0,1.0,house,4.0,2025-12-12,744.0,m2,"$1,155,000"
property-house-vic-reservoir-149689640,Reservoir,3073,77 Cheddar Road,-37.707165,145.013856,3.0,1.0,house,1.0,2025-12-12,640.0,m2,"$870,000"
property-house-vic-reservoir-149598640,Reservoir,3073,32 Andrews Avenue,-37.72986894,145.0334603,4.0,2.0,house,2.0,2025-12-12,399.0,m2,"$850,000"
property-house-vic-reservoir-149782784,Reservoir,3073,36 Cheddar Road,-37.7111932,145.0119187,3.0,1.0,house,4.0,2025-12-12,,,"$770,000"
property-townhouse-vic-reservoir-149365848,Reservoir,3073,2/8 Evans Crescent,-37.715362,145.020036,3.0,2.0,townhouse,2.0,2025-12-12,,,"$710,000"
property-townhouse-vic-reservoir-143214292,Reservoir,3073,6/224 Spring Street,-37.71983952,145.0048997,2.0,1.0,townhouse,1.0,2025-12-11,,,"$592,000"
property-townhouse-vic-reservoir-149765708,Reservoir,3073,3/81 Arundel Avenue,-37.69630637,145.0139811,2.0,1.0,townhouse,1.0,2025-12-11,114.0,m2,"$585,000"
property-house-vic-reservoir-149673532,Reservoir,3073,70 Queen Street,-37.726979,145.007767,3.0,2.0,house,2.0,2025-12-10,486.0,m2,"$1,413,000"
property-unit-vic-reservoir-149520428,Reservoir,3073,6/27 Lake Street,-37.7170524,144.9897248,2.0,1.0,unit,1.0,2025-12-10,146.0,m2,"$518,500"
property-house-vic-reservoir-149237396,Reservoir,3073,5 Kelverne Street,-37.7148,144.982626,3.0,1.0,house,3.0,2025-12-09,492.0,m2,"$882,500"
property-apartment-vic-reservoir-149663040,Reservoir,3073,8/755 Plenty Road,-37.72774522,145.0191686,3.0,2.0,apartment,1.0,2025-12-09,,,"$545,000"
property-house-vic-reservoir-149735384,Reservoir,3073,14 Hillcroft Street,-37.719225,144.988972,3.0,1.0,house,2.0,2025-12-08,554.0,m2,"$950,000"
property-unit-vic-reservoir-149648216,Reservoir,3073,5/66 Pine Street,-37.717979,144.998381,2.0,1.0,unit,1.0,2025-12-08,,,"$710,000"
property-house-vic-reservoir-149617224,Reservoir,3073,10 Locksley Avenue,-37.723185,144.998713,4.0,2.0,house,3.0,2025-12-06,516.0,m2,"$1,470,000"
property-house-vic-reservoir-149626024,Reservoir,3073,17 Ameily Crescent,-37.70963,144.994427,3.0,2.0,house,2.0,2025-12-06,,,"$1,070,000"
property-house-vic-reservoir-149643188,Reservoir,3073,6 Butters Street,-37.725436,145.000162,3.0,1.0,house,2.0,2025-12-06,,,"$1,050,000"
property-house-vic-reservoir-149581928,Reservoir,3073,90 Broadhurst Avenue,-37.7076,144.99641,3.0,1.0,house,2.0,2025-12-06,841.0,m2,"$1,015,000"
property-house-vic-reservoir-149598656,Reservoir,3073,19 Royal Parade,-37.7155615,145.0093671,2.0,2.0,house,2.0,2025-12-06,581.0,m2,"$1,010,000"
property-house-vic-reservoir-149598628,Reservoir,3073,44 Hobbs Crescent,-37.707485,145.003457,3.0,1.0,house,3.0,2025-12-06,845.0,m2,"$1,000,000"
property-townhouse-vic-reservoir-149602648,Reservoir,3073,36A Lane Crescent,-37.71414661,145.0181731,4.0,3.0,townhouse,2.0,2025-12-06,199.0,m2,"$840,000"
property-townhouse-vic-reservoir-149602336,Reservoir,3073,21 Eisenhower Street,-37.72908381,145.0270262,2.0,2.0,townhouse,4.0,2025-12-06,337.0,m2,"$813,000"
property-house-vic-reservoir-149601960,Reservoir,3073,12 Churchill Avenue,-37.692926,144.976222,3.0,1.0,house,4.0,2025-12-06,532.0,m2,"$730,000"
property-townhouse-vic-reservoir-149461492,Reservoir,3073,3/84 Rathcown Road,-37.70922312,145.0238943,4.0,3.0,townhouse,2.0,2025-12-05,,,"$890,000"
property-townhouse-vic-reservoir-149709524,Reservoir,3073,3/1 McPherson Street,-37.72922715,144.9999981,2.0,1.0,townhouse,1.0,2025-12-05,,,"$828,000"
property-house-vic-reservoir-149593892,Reservoir,3073,31 Drysdale Street,-37.729726,145.023171,3.0,1.0,house,1.0,2025-12-05,535.0,m2,"$825,000"
property-townhouse-vic-reservoir-149172540,Reservoir,3073,1/96 Whitelaw Street,-37.71246515,145.0219973,3.0,2.0,townhouse,1.0,2025-12-05,,,"$800,000"
property-unit-vic-reservoir-149619852,Reservoir,3073,3/14 Goulburn Avenue,-37.72420827,145.0220363,2.0,2.0,unit,1.0,2025-12-05,175.0,m2,"$720,000"
property-house-vic-reservoir-149602684,Reservoir,3073,35 Fordham Road,-37.714252,145.019362,3.0,1.0,house,2.0,2025-12-04,711.0,m2,"$893,000"
property-unit-vic-reservoir-149680512,Reservoir,3073,62/2 Gremel Road,-37.72423704,145.0303681,2.0,1.0,unit,1.0,2025-12-04,,,"$165,000"
property-unit-vic-reservoir-149607312,Reservoir,3073,3/56 Thackeray Road,-37.72110268,145.0111867,2.0,1.0,unit,1.0,2025-12-03,,,"$690,000"
property-unit-vic-reservoir-149483876,Reservoir,3073,2/29 Kirby Street,-37.73089755,145.0330738,3.0,1.0,unit,1.0,2025-12-03,205.0,m2,"$610,000"
property-unit-vic-reservoir-149628284,Reservoir,3073,6/13 Fyfe Street,-37.705773,145.011892,2.0,1.0,unit,1.0,2025-12-03,,,"$580,000"
property-townhouse-vic-reservoir-149167320,Reservoir,3073,2/36 Seston Street,-37.73046203,145.0342949,2.0,1.0,townhouse,1.0,2025-12-03,,,"$550,000"
property-unit-vic-reservoir-149127968,Reservoir,3073,1/26 Cheddar Road,-37.71241374,145.0112285,2.0,1.0,unit,1.0,2025-12-03,,,"$430,000"
property-house-vic-reservoir-149168880,Reservoir,3073,3B Clark Street,-37.718537,145.011113,4.0,2.0,house,2.0,2025-12-02,,,"$1,280,000"
property-house-vic-reservoir-149700548,Reservoir,3073,61 Powell Street,-37.726285,144.99762,3.0,1.0,house,4.0,2025-12-02,605.0,m2,"$1,030,000"
property-unit-vic-reservoir-148929812,Reservoir,3073,6/6-8 Box Street,-37.70765789,145.0214333,1.0,1.0,unit,1.0,2025-12-02,,,"$482,000"
property-house-vic-reservoir-149504064,Reservoir,3073,39 Crispe Street,-37.725836,144.994557,4.0,2.0,house,2.0,2025-11-29,625.0,m2,"$1,400,000"
property-house-vic-reservoir-149575672,Reservoir,3073,7 Best Street,-37.714266,144.996786,4.0,2.0,house,4.0,2025-11-29,699.0,m2,"$1,310,000"
property-house-vic-reservoir-149457144,Reservoir,3073,17A Monash Street,-37.728798,144.9938249,4.0,2.0,house,3.0,2025-11-29,,,"$1,300,000"
property-house-vic-reservoir-149462372,Reservoir,3073,49 Hobbs Crescent,-37.707056,145.004184,3.0,1.0,house,2.0,2025-11-29,877.0,m2,"$1,000,000"
property-house-vic-reservoir-149540900,Reservoir,3073,29 Cuthbert Road,-37.71711274,145.0177453,3.0,2.0,house,2.0,2025-11-29,302.0,m2,"$916,000"
property-unit-vic-reservoir-149498960,Reservoir,3073,4/47 Barton Street,-37.71203514,145.0034023,3.0,2.0,unit,2.0,2025-11-29,232.0,m2,"$818,000"
property-townhouse-vic-reservoir-149542720,Reservoir,3073,3/6 Thackeray Road,-37.72162743,145.0154819,3.0,2.0,townhouse,2.0,2025-11-29,,,"$770,000"
property-unit-vic-reservoir-149559180,Reservoir,3073,1/12 Willoughby Street,-37.71801081,144.9962993,2.0,1.0,unit,1.0,2025-11-29,132.0,m2,"$718,000"
property-townhouse-vic-reservoir-149614784,Reservoir,3073,2E Best Street,-37.71498203,144.9970543,2.0,2.0,townhouse,1.0,2025-11-29,,,"$710,000"
property-unit-vic-reservoir-149535712,Reservoir,3073,19/47 Rathcown Road,-37.71181615,145.0295865,2.0,1.0,unit,1.0,2025-11-29,151.0,m2,"$495,000"
property-unit-vic-reservoir-149532136,Reservoir,3073,6/36 Willoughby Street,-37.71633326,144.9966093,2.0,1.0,unit,1.0,2025-11-29,90.0,m2,"$486,000"
property-house-vic-reservoir-149735408,Reservoir,3073,57 Glasgow Avenue,-37.704347,145.000695,3.0,1.0,house,3.0,2025-11-28,592.0,m2,"$781,000"
property-house-vic-reservoir-149610000,Reservoir,3073,53b Southernhay Street,-37.72562237,145.00948,3.0,2.0,house,2.0,2025-11-27,,,"$1,335,000"
property-unit-vic-reservoir-149506660,Reservoir,3073,15A Nisbett Street,-37.72819485,145.0340589,1.0,1.0,unit,1.0,2025-11-27,147.0,m2,"$530,000"
property-townhouse-vic-reservoir-147608580,Reservoir,3073,2/45 St Vigeons Road,-37.70692355,145.0262684,2.0,1.0,townhouse,1.0,2025-11-27,96.0,m2,"$515,000"
property-unit-vic-reservoir-149607284,Reservoir,3073,3/6 Storey Road,-37.7237147,145.015063,2.0,1.0,unit,1.0,2025-11-27,,,"$511,500"
property-unit-vic-reservoir-149596156,Reservoir,3073,6/4 Leamington Street,-37.71286685,145.0071189,1.0,1.0,unit,1.0,2025-11-27,116.0,m2,"$448,000"
property-house-vic-reservoir-149126260,Reservoir,3073,61 St Vigeons Road,-37.70672358,145.024472,3.0,2.0,house,2.0,2025-11-26,,,"$840,000"
property-unit-vic-reservoir-149191092,Reservoir,3073,1/27 Whitelaw Street,-37.71466095,145.0147457,2.0,1.0,unit,1.0,2025-11-26,149.0,m2,"$660,000"
property-unit-vic-reservoir-149484072,Reservoir,3073,2/5 Capri Court,-37.70164362,144.9831803,3.0,2.0,unit,2.0,2025-11-25,,,"$687,000"
property-house-vic-reservoir-149057660,Reservoir,3073,23 Loddon Avenue,-37.722472,145.025894,3.0,1.0,house,3.0,2025-11-24,715.0,m2,"$1,000,000"
property-apartment-vic-reservoir-149489680,Reservoir,3073,204/76 Tyler Street,-37.73275397,145.0307221,2.0,2.0,apartment,1.0,2025-11-24,1502.0,m2,"$470,000"
property-townhouse-vic-reservoir-149516696,Reservoir,3073,10/87-93 Radford Road,-37.70161018,144.9841283,3.0,2.0,townhouse,2.0,2025-11-23,,,"$722,000"
property-house-vic-reservoir-149401824,Reservoir,3073,58 Lawley Street,-37.701293,144.991193,3.0,1.0,house,4.0,2025-11-22,747.0,m2,"$1,150,000"
property-house-vic-reservoir-149489276,Reservoir,3073,2 Compton Street,-37.715412,145.002677,3.0,2.0,house,1.0,2025-11-22,536.0,m2,"$1,095,000"
property-house-vic-reservoir-149465784,Reservoir,3073,74 Lloyd Avenue,-37.697724,145.014074,3.0,2.0,house,2.0,2025-11-22,,,"$910,250"
property-house-vic-reservoir-149430076,Reservoir,3073,5 Hobbs Crescent,-37.705608,145.008589,3.0,1.0,house,4.0,2025-11-22,819.0,m2,"$816,000"
property-house-vic-reservoir-149458852,Reservoir,3073,36 Charlton Crescent,-37.717612,145.023073,3.0,1.0,house,4.0,2025-11-22,651.0,m2,"$810,000"
property-townhouse-vic-reservoir-149365652,Reservoir,3073,18B Haig Street,-37.72743314,144.9940932,2.0,1.0,townhouse,2.0,2025-11-22,145.0,m2,"$782,500"
property-unit-vic-reservoir-149447352,Reservoir,3073,3/31-33 Purinuan Road,-37.709626,145.031345,3.0,2.0,unit,1.0,2025-11-22,,,"$600,000"
property-unit-vic-reservoir-149458792,Reservoir,3073,2/89 Whitelaw Street,-37.71205355,145.0209349,2.0,1.0,unit,2.0,2025-11-22,243.0,m2,"$425,000"
property-house-vic-reservoir-149640356,Reservoir,3073,12 Johnson Street,-37.701485,145.010991,3.0,2.0,house,2.0,2025-11-21,806.0,m2,"$870,000"
property-house-vic-reservoir-149149764,Reservoir,3073,7 Mendip Road,-37.723056,145.015588,2.0,2.0,house,2.0,2025-11-20,,,"$995,000"
property-unit-vic-reservoir-149592604,Reservoir,3073,3/17 Olive Street,-37.7181415,145.0038199,2.0,1.0,unit,1.0,2025-11-20,126.0,m2,"$610,000"
property-house-vic-reservoir-149458828,Reservoir,3073,5 Caddy Court,-37.729415,145.032006,3.0,1.0,house,3.0,2025-11-19,620.0,m2,"$751,000"
property-townhouse-vic-reservoir-149140096,Reservoir,3073,9/10 Crevelli Street,-37.73196557,145.0298152,4.0,2.0,townhouse,2.0,2025-11-19,,,"$680,000"
property-townhouse-vic-reservoir-149463052,Reservoir,3073,2/13 Newton Street,-37.73209746,145.0277001,2.0,1.0,townhouse,1.0,2025-11-19,180.0,m2,"$630,000"
property-apartment-vic-reservoir-149323144,Reservoir,3073,7/99 Barton Street,-37.71123832,144.9989387,2.0,1.0,apartment,1.0,2025-11-19,54.0,m2,"$420,000"
property-house-vic-reservoir-148810388,Reservoir,3073,3A Kerang Avenue,-37.72046377,145.0256446,4.0,3.0,house,2.0,2025-11-18,301.0,m2,"$1,080,000"
property-townhouse-vic-reservoir-149542680,Reservoir,3073,3 Lane Crescent,-37.71580108,145.0147381,2.0,2.0,townhouse,2.0,2025-11-18,,,"$891,000"
property-house-vic-reservoir-149551936,Reservoir,3073,8 Crawley Street,-37.725834,145.005075,3.0,1.0,house,4.0,2025-11-17,,,"$1,431,000"
property-house-vic-reservoir-149200404,Reservoir,3073,5A Tambo Avenue,-37.72380243,145.0178662,2.0,1.0,house,3.0,2025-11-16,340.0,m2,"$770,000"
property-house-vic-reservoir-149394244,Reservoir,3073,7 Excelsior Street,-37.725278,144.99725,5.0,2.0,house,8.0,2025-11-15,545.0,m2,"$1,555,000"
property-house-vic-reservoir-149394348,Reservoir,3073,4 Alamo Road,-37.723021,144.989108,4.0,2.0,house,8.0,2025-11-15,494.0,m2,"$1,361,000"
property-house-vic-reservoir-149179880,Reservoir,3073,3 Ballan Street,-37.695415,144.989503,6.0,3.0,house,4.0,2025-11-15,832.0,m2,"$1,335,000"
property-house-vic-reservoir-149207416,Reservoir,3073,32 Merrilands Road,-37.695398,145.006016,5.0,2.0,house,2.0,2025-11-15,945.0,m2,"$1,161,000"
property-townhouse-vic-reservoir-149397876,Reservoir,3073,3/18A Beatty Street,-37.72629988,144.9938453,3.0,2.0,townhouse,1.0,2025-11-15,,,"$1,055,000"
property-townhouse-vic-reservoir-149398264,Reservoir,3073,1/33 Kelsby Street,-37.71305317,144.9983391,3.0,2.0,townhouse,2.0,2025-11-15,,,"$930,000"
property-house-vic-reservoir-149323332,Reservoir,3073,95 Royal Parade,-37.712548,145.014541,3.0,2.0,house,3.0,2025-11-15,650.0,m2,"$900,000"
property-townhouse-vic-reservoir-149374524,Reservoir,3073,2/8 Cuthbert Road,-37.71656291,145.0155865,3.0,2.0,townhouse,2.0,2025-11-15,202.0,m2,"$846,000"
property-townhouse-vic-reservoir-149394216,Reservoir,3073,1/8 Barton Street,-37.71158541,145.0052166,3.0,2.0,townhouse,2.0,2025-11-15,747.0,m2,"$831,000"
property-townhouse-vic-reservoir-149394072,Reservoir,3073,3/44 Storey Road,-37.723299,145.011826,2.0,2.0,townhouse,1.0,2025-11-15,,,"$797,500"
property-house-vic-reservoir-149394156,Reservoir,3073,63 Winter Crescent,-37.71777252,145.0261482,2.0,1.0,house,4.0,2025-11-15,350.0,m2,"$790,000"
property-unit-vic-reservoir-149398112,Reservoir,3073,3/169 Broadway,-37.71811309,145.0173176,2.0,2.0,unit,1.0,2025-11-15,,,"$780,000"
property-house-vic-reservoir-148621104,Reservoir,3073,1 Eisenhower Street,-37.73149646,145.0271298,4.0,2.0,house,2.0,2025-11-15,463.0,m2,"$770,000"
property-unit-vic-reservoir-149423328,Reservoir,3073,1/17 Henderson Street,-37.69783541,145.0017482,2.0,1.0,unit,1.0,2025-11-15,,,"$591,000"
property-unit-vic-reservoir-149369452,Reservoir,3073,1/102 Crookston Road,-37.70925481,145.0137673,2.0,1.0,unit,1.0,2025-11-15,64.0,m2,"$382,500"
property-house-vic-reservoir-148915276,Reservoir,3073,26 Erskine Avenue,-37.722692,145.025025,3.0,1.0,house,6.0,2025-11-14,700.0,m2,"$982,000"
property-townhouse-vic-reservoir-149390568,Reservoir,3073,4/13 McCrae Street,-37.70523348,145.0102049,3.0,1.0,townhouse,2.0,2025-11-14,881.0,m2,"$722,500"
property-house-vic-reservoir-148668720,Reservoir,3073,83 Crookston Road,-37.709863,145.016155,3.0,1.0,house,4.0,2025-11-13,636.0,m2,"$906,500"
property-house-vic-reservoir-149186400,Reservoir,3073,60 Radford Road,-37.705606,144.983567,3.0,2.0,house,8.0,2025-11-13,719.0,m2,"$800,000"
property-unit-vic-reservoir-149329428,Reservoir,3073,2/143 Rathcown Road,-37.70891793,145.0171233,3.0,2.0,unit,1.0,2025-11-11,,,"$805,000"
property-unit-vic-reservoir-149428296,Reservoir,3073,3/46 Chaleyer Street,-37.72750875,145.0228596,1.0,1.0,unit,1.0,2025-11-11,,,"$470,000"
property-townhouse-vic-reservoir-149252688,Reservoir,3073,4/13 Dundee Street,-37.70357235,145.0196387,3.0,2.0,townhouse,2.0,2025-11-10,1001.0,m2,"$805,000"
property-house-vic-reservoir-149288856,Reservoir,3073,104 Massey Avenue,-37.69677783,144.9910273,4.0,2.0,house,4.0,2025-11-09,534.0,m2,"$1,355,000"
property-unit-vic-reservoir-149441712,Reservoir,3073,1/71 Crookston Road,-37.70996021,145.0172563,2.0,1.0,unit,2.0,2025-11-09,,,"$625,000"
property-house-vic-reservoir-149319248,Reservoir,3073,43 Delaware Street,-37.720551,145.012398,4.0,1.0,house,2.0,2025-11-08,743.0,m2,"$1,310,000"
property-house-vic-reservoir-149280852,Reservoir,3073,16 Robinson Road,-37.7262289,145.003935,3.0,2.0,house,3.0,2025-11-08,,,"$1,189,000"
property-house-vic-reservoir-149330672,Reservoir,3073,6 Gladstone Street,-37.711561,145.009961,4.0,1.0,house,6.0,2025-11-08,636.0,m2,"$1,072,000"
property-house-vic-reservoir-149322864,Reservoir,3073,1 Dumbarton Street,-37.701481,145.023093,3.0,1.0,house,10.0,2025-11-08,533.0,m2,"$1,045,000"
property-house-vic-reservoir-149319236,Reservoir,3073,12 Thrower Street,-37.711521,144.987978,3.0,1.0,house,2.0,2025-11-08,534.0,m2,"$822,000"
property-house-vic-reservoir-149302112,Reservoir,3073,20 Pallant Avenue,-37.696989,144.993509,3.0,1.0,house,2.0,2025-11-08,544.0,m2,"$821,000"
property-house-vic-reservoir-149326700,Reservoir,3073,2/2 Kinsale Street,-37.72359413,144.9951062,3.0,1.0,house,2.0,2025-11-08,237.0,m2,"$821,000"
property-house-vic-reservoir-149319252,Reservoir,3073,90 Lloyd Avenue,-37.697574,145.012638,2.0,1.0,house,3.0,2025-11-08,552.0,m2,"$795,000"
property-townhouse-vic-reservoir-149319272,Reservoir,3073,1/24 Miranda Road,-37.707409,145.024441,3.0,1.0,townhouse,2.0,2025-11-08,280.0,m2,"$730,000"
property-house-vic-reservoir-149237440,Reservoir,3073,16 Elizabeth Court,-37.699104,145.021058,3.0,1.0,house,3.0,2025-11-08,534.0,m2,"$730,000"
property-townhouse-vic-reservoir-149308840,Reservoir,3073,2E Carrol Street,-37.71405855,145.013124,2.0,1.0,townhouse,2.0,2025-11-08,,,"$677,000"
property-townhouse-vic-reservoir-149346240,Reservoir,3073,3/96 Whitelaw Street,-37.71246515,145.0219973,2.0,2.0,townhouse,2.0,2025-11-08,,,"$650,000"
property-townhouse-vic-reservoir-149240196,Reservoir,3073,2/14 Sturdee Street,-37.70168741,145.0091022,3.0,2.0,townhouse,2.0,2025-11-07,,,"$800,000"
property-unit-vic-reservoir-149340736,Reservoir,3073,8/211 Edwardes Street,-37.71634464,144.991372,2.0,1.0,unit,1.0,2025-11-07,,,"$485,000"
property-unit-vic-reservoir-149307840,Reservoir,3073,10/25 Ashley Street,-37.71756915,145.0019617,2.0,1.0,unit,1.0,2025-11-07,,,"$445,000"
property-townhouse-vic-reservoir-149477760,Reservoir,3073,6/744 High Street,-37.72672103,145.0064956,2.0,2.0,townhouse,1.0,2025-11-06,,,"$705,000"
property-house-vic-reservoir-149366088,Reservoir,3073,20 McFadzean Avenue,-37.706928,144.998232,5.0,2.0,house,8.0,2025-11-05,965.0,m2,"$1,730,000"
property-unit-vic-reservoir-149316720,Reservoir,3073,2/82 Howard Street,-37.71870135,145.008262,3.0,1.0,unit,3.0,2025-11-05,,,"$920,000"
property-townhouse-vic-reservoir-147820776,Reservoir,3073,6/26-28 Boldrewood Pde,-37.72309873,145.0226421,3.0,2.0,townhouse,4.0,2025-11-04,232.0,m2,"$720,000"
property-townhouse-vic-reservoir-141961472,Reservoir,3073,8/8-10 Thackeray Road,-37.72159951,145.0152673,2.0,1.0,townhouse,1.0,2025-11-03,,,"$640,000"
property-townhouse-vic-reservoir-149249504,Reservoir,3073,1/82 Leamington Street,-37.71221706,145.0009436,2.0,2.0,townhouse,1.0,2025-11-01,190.0,m2,"$735,000"
property-unit-vic-reservoir-149252148,Reservoir,3073,3/17 Seston Street,-37.73173504,145.0333441,2.0,1.0,unit,2.0,2025-11-01,211.0,m2,"$671,000"
property-unit-vic-reservoir-149179824,Reservoir,3073,3/6 Mccrae Street,-37.70632709,145.0108539,2.0,1.0,unit,1.0,2025-11-01,230.0,m2,"$625,000"
property-house-vic-reservoir-149206492,Reservoir,3073,10A Barton Street,-37.711547,145.004868,3.0,1.0,house,2.0,2025-10-29,,,"$1,090,000"
property-townhouse-vic-reservoir-148574704,Reservoir,3073,2/23 Crookston Road,-37.7105611,145.0221592,3.0,2.0,townhouse,1.0,2025-10-29,,,"$738,000"
property-townhouse-vic-reservoir-149242660,Reservoir,3073,1/853 High Street,-37.72623403,145.0058793,3.0,2.0,townhouse,1.0,2025-10-29,,,"$738,000"
property-house-vic-reservoir-149121536,Reservoir,3073,15 Locksley Avenue,-37.723158,144.99607,4.0,3.0,house,4.0,2025-10-27,531.0,m2,"$1,450,000"
property-house-vic-reservoir-149099052,Reservoir,3073,9 Pedersen Avenue,-37.698972,145.032052,3.0,1.0,house,1.0,2025-10-27,534.0,m2,"$775,000"
property-townhouse-vic-reservoir-149197508,Reservoir,3073,7/7 Chaleyer Street,-37.728535,145.029,2.0,2.0,townhouse,1.0,2025-10-27,,,"$680,000"
property-unit-vic-reservoir-149336128,Reservoir,3073,1/8 Macartney Street,-37.71325316,145.0088467,2.0,1.0,unit,1.0,2025-10-27,,,"$670,000"
property-house-vic-reservoir-149330720,Reservoir,3073,5 Hewitt Street,-37.726126,145.01327,3.0,2.0,house,2.0,2025-10-25,,,"$1,700,000"
property-house-vic-reservoir-149192148,Reservoir,3073,3 Ethel Grove,-37.728512,145.01686,3.0,2.0,house,3.0,2025-10-25,,,"$1,300,000"
property-house-vic-reservoir-149195064,Reservoir,3073,39 Merrilands Road,-37.695871,145.00521,3.0,1.0,house,1.0,2025-10-25,861.0,m2,"$1,210,000"
property-house-vic-reservoir-149167612,Reservoir,3073,787 Gilbert Road,-37.717786,144.992823,3.0,1.0,house,2.0,2025-10-25,800.0,m2,"$1,206,000"
property-house-vic-reservoir-149166920,Reservoir,3073,56 Locksley Avenue,-37.722641,144.993781,3.0,1.0,house,2.0,2025-10-25,524.0,m2,"$1,190,000"
property-house-vic-reservoir-149211060,Reservoir,3073,19 Massey Avenue,-37.705486,144.98973,4.0,1.0,house,4.0,2025-10-25,863.0,m2,"$1,190,000"
property-house-vic-reservoir-149184732,Reservoir,3073,4 Lindsay Street,-37.718872,145.013873,3.0,1.0,house,2.0,2025-10-25,678.0,m2,"$1,130,000"
property-house-vic-reservoir-149180408,Reservoir,3073,29 Corben Street,-37.724599,144.987556,3.0,2.0,house,4.0,2025-10-25,507.0,m2,"$1,115,000"
property-house-vic-reservoir-149178440,Reservoir,3073,15 Glasgow Avenue,-37.707817,145.007101,3.0,1.0,house,2.0,2025-10-25,965.0,m2,"$950,000"
property-house-vic-reservoir-149186612,Reservoir,3073,136a Darebin Boulevard,-37.70130603,145.0346133,4.0,2.0,house,2.0,2025-10-25,,,"$906,000"
property-house-vic-reservoir-149203808,Reservoir,3073,27 Morris Street,-37.699811,145.00313,3.0,1.0,house,2.0,2025-10-25,585.0,m2,"$831,000"
property-house-vic-reservoir-149206132,Reservoir,3073,54B Orrong Avenue,-37.71273175,145.012887,3.0,2.0,house,2.0,2025-10-25,,,"$782,000"
property-unit-vic-reservoir-149151104,Reservoir,3073,92a Miranda Road,-37.70630848,145.0177869,3.0,1.0,unit,1.0,2025-10-25,216.0,m2,"$760,000"
property-house-vic-reservoir-149168088,Reservoir,3073,47 Orrong Avenue,-37.71186383,145.0137613,3.0,1.0,house,1.0,2025-10-25,375.0,m2,"$728,000"
property-townhouse-vic-reservoir-149179848,Reservoir,3073,2/35 Leamington Street,-37.71314986,145.0049776,2.0,1.0,townhouse,1.0,2025-10-25,,,"$720,000"
property-unit-vic-reservoir-149150760,Reservoir,3073,4/128 Rathcown Road,-37.7088494,145.01889,2.0,1.0,unit,1.0,2025-10-25,,,"$524,000"
property-townhouse-vic-reservoir-149203288,Reservoir,3073,6/3 Barry Street,-37.70992602,145.0069971,1.0,1.0,townhouse,1.0,2025-10-25,,,"$485,000"
property-unit-vic-reservoir-149186268,Reservoir,3073,1/43 Byfield Street,-37.71322544,145.0040292,1.0,1.0,unit,1.0,2025-10-25,,,"$467,500"
property-townhouse-vic-reservoir-149148632,Reservoir,3073,5/83-85 Edwardes Street,-37.716015,145.001637,3.0,2.0,townhouse,2.0,2025-10-24,134.0,m2,"$770,000"
property-house-vic-reservoir-149339104,Reservoir,3073,26 Kerang Avenue,-37.71979325,145.0280265,2.0,1.0,house,1.0,2025-10-24,238.0,m2,"$735,000"
property-house-vic-reservoir-149150004,Reservoir,3073,8A Ameily Crescent,-37.71045192,144.9946528,3.0,2.0,house,2.0,2025-10-21,,,"$1,100,000"
property-townhouse-vic-reservoir-148994356,Reservoir,3073,5/62 Northernhay Street,-37.7242888,145.0087251,2.0,1.0,townhouse,1.0,2025-10-20,142.0,m2,"$635,000"
property-house-vic-reservoir-149266736,Reservoir,3073,60 Tracey Street,-37.699809,144.995089,3.0,2.0,house,2.0,2025-10-19,632.0,m2,"$900,000"
property-house-vic-reservoir-149127536,Reservoir,3073,18 Kennedy Street,-37.722384,144.986606,4.0,2.0,house,2.0,2025-10-18,,,"$1,935,000"
property-house-vic-reservoir-149133316,Reservoir,3073,6 Verdun Grove,-37.728006,145.001851,3.0,2.0,house,1.0,2025-10-18,,,"$1,430,000"
property-house-vic-reservoir-149121472,Reservoir,3073,150 Glasgow Avenue,-37.704781,144.984883,7.0,2.0,house,4.0,2025-10-18,978.0,m2,"$1,351,000"
property-house-vic-reservoir-149112180,Reservoir,3073,1 Knox Street,-37.72563,144.990921,3.0,1.0,house,2.0,2025-10-18,476.0,m2,"$1,240,000"
property-house-vic-reservoir-149090648,Reservoir,3073,100 Radford Road,-37.701969,144.984845,3.0,2.0,house,4.0,2025-10-18,1103.0,m2,"$1,105,000"
property-house-vic-reservoir-149044712,Reservoir,3073,85 Arundel Avenue,-37.696238,145.013581,3.0,1.0,house,1.0,2025-10-18,650.0,m2,"$960,000"
property-house-vic-reservoir-149128176,Reservoir,3073,41 Byfield Street,-37.713298,145.003971,2.0,1.0,house,1.0,2025-10-18,614.0,m2,"$940,000"
property-house-vic-reservoir-149119624,Reservoir,3073,1 Bogong Court,-37.708702,144.99021,3.0,1.0,house,2.0,2025-10-18,435.0,m2,"$731,000"
property-unit-vic-reservoir-149146352,Reservoir,3073,3/15 Suffolk Street,-37.70778379,145.0109776,2.0,1.0,unit,1.0,2025-10-18,182.0,m2,"$700,000"
property-unit-vic-reservoir-149188496,Reservoir,3073,6/35 Storey Road,-37.72417391,145.0123262,2.0,1.0,unit,1.0,2025-10-18,,,"$673,000"
property-townhouse-vic-reservoir-149093196,Reservoir,3073,2F Best Street,-37.71493934,144.9970613,2.0,2.0,townhouse,1.0,2025-10-18,66.0,m2,"$655,000"
property-townhouse-vic-reservoir-149022088,Reservoir,3073,1/8 Chaleyer Street,-37.72806194,145.0275381,2.0,1.0,townhouse,1.0,2025-10-18,250.0,m2,"$631,000"
property-unit-vic-reservoir-149119640,Reservoir,3073,3/39 Boldrewood Parade,-37.72190777,145.021144,2.0,1.0,unit,1.0,2025-10-18,219.0,m2,"$547,500"
property-townhouse-vic-reservoir-149186596,Reservoir,3073,1/111 Hickford Street,-37.70480546,145.0181008,3.0,2.0,townhouse,2.0,2025-10-17,250.0,m2,"$765,000"
property-apartment-vic-reservoir-149116084,Reservoir,3073,9/696 Plenty Road,-37.73036665,145.0158163,1.0,1.0,apartment,1.0,2025-10-16,,,"$320,000"
property-house-vic-reservoir-149023468,Reservoir,3073,44 Lane Crescent,-37.71372,145.018854,2.0,1.0,house,4.0,2025-10-15,636.0,m2,"$817,500"
property-townhouse-vic-reservoir-149183400,Reservoir,3073,36 Barwon Avenue,-37.72229726,145.0234541,3.0,1.0,townhouse,2.0,2025-10-15,,,"$702,000"
property-townhouse-vic-reservoir-149189496,Reservoir,3073,2/44 Clingin Street,-37.72852912,145.0323013,2.0,1.0,townhouse,1.0,2025-10-15,,,"$670,000"
property-house-vic-reservoir-147833588,Reservoir,3073,1 Lake Street,-37.717435,144.992322,5.0,2.0,house,10.0,2025-10-14,924.0,m2,"$1,580,000"
property-house-vic-reservoir-149066600,Reservoir,3073,169 Spring Street,-37.723809,145.001487,3.0,1.0,house,1.0,2025-10-14,585.0,m2,"$875,000"
property-townhouse-vic-reservoir-148810204,Reservoir,3073,2/4 Clements Grove,-37.71449861,145.0228483,2.0,1.0,townhouse,1.0,2025-10-14,,,"$642,500"
property-unit-vic-reservoir-143359224,Reservoir,3073,3/26 Cheddar Road,-37.71241374,145.0112285,2.0,1.0,unit,1.0,2025-10-14,,,"$425,500"
property-unit-vic-reservoir-149151804,Reservoir,3073,3/43 St Vigeons Road,-37.70695864,145.0265583,1.0,1.0,unit,1.0,2025-10-13,138.0,m2,"$470,000"
property-unit-vic-reservoir-149168260,Reservoir,3073,1/811 Plenty Road,-37.724526,145.024795,3.0,1.0,unit,2.0,2025-10-12,,,"$700,000"
property-house-vic-reservoir-149059320,Reservoir,3073,57 Howard Street,-37.719416,145.011396,3.0,1.0,house,4.0,2025-10-11,720.0,m2,"$1,435,000"
property-house-vic-reservoir-149043952,Reservoir,3073,61 Glasgow Avenue,-37.703579,144.999468,3.0,1.0,house,4.0,2025-10-11,855.0,m2,"$1,122,000"
property-house-vic-reservoir-149090896,Reservoir,3073,51 Fordham Road,-37.713898,145.021357,3.0,2.0,house,3.0,2025-10-11,652.0,m2,"$1,010,000"
property-house-vic-reservoir-149021996,Reservoir,3073,27 Tivey Street,-37.705696,145.000488,3.0,1.0,house,4.0,2025-10-11,536.0,m2,"$930,000"
property-house-vic-reservoir-148966632,Reservoir,3073,36 Daventry Street,-37.713277,145.00168,4.0,1.0,house,2.0,2025-10-11,613.0,m2,"$860,000"
property-house-vic-reservoir-149037096,Reservoir,3073,80 Tunaley Parade,-37.697302,145.029692,3.0,1.0,house,3.0,2025-10-11,590.0,m2,"$830,000"
property-house-vic-reservoir-149060932,Reservoir,3073,10 Gisborne Crescent,-37.7203087,145.0241909,2.0,1.0,house,1.0,2025-10-11,164.0,m2,"$750,000"
property-unit-vic-reservoir-149057440,Reservoir,3073,4/12 View Street,-37.7192823,144.9915543,2.0,1.0,unit,1.0,2025-10-11,159.0,m2,"$730,000"
property-unit-vic-reservoir-149208372,Reservoir,3073,3/58 Miranda Road,-37.70700767,145.0208621,2.0,1.0,unit,1.0,2025-10-11,,,"$565,750"
property-house-vic-reservoir-149132996,Reservoir,3073,13 Pickett Street,-37.702541,145.01643,3.0,1.0,house,4.0,2025-10-10,655.0,m2,"$810,000"
property-townhouse-vic-reservoir-149036140,Reservoir,3073,1/123 Boldrewood Parade,-37.71467114,145.0219856,3.0,1.0,townhouse,2.0,2025-10-08,249.0,m2,"$690,000"
property-townhouse-vic-reservoir-148701044,Reservoir,3073,4/18 Gourock Street,-37.70202205,145.0317761,2.0,1.0,townhouse,2.0,2025-10-08,,,"$680,000"
property-unit-vic-reservoir-148916788,Reservoir,3073,3/18 Barry Street,-37.70958921,145.006718,2.0,1.0,unit,1.0,2025-10-07,88.0,m2,"$516,000"
property-flat-vic-reservoir-148934200,Reservoir,3073,8/833 High Street,-37.72716233,145.0057124,2.0,1.0,flat,1.0,2025-10-07,,,"$500,000"
property-house-vic-reservoir-149116896,Reservoir,3073,9 Chaleyer Street,-37.728514,145.028831,3.0,2.0,house,2.0,2025-10-06,,,"$810,000"
property-house-vic-reservoir-148978624,Reservoir,3073,34 Hobbs Crescent,-37.706745,145.003908,3.0,1.0,house,2.0,2025-10-04,970.0,m2,"$1,150,000"
property-house-vic-reservoir-148994344,Reservoir,3073,21 Borrie Street,-37.705245,145.020214,3.0,1.0,house,3.0,2025-10-04,588.0,m2,"$1,095,000"
property-house-vic-reservoir-149000796,Reservoir,3073,4 Ethel Grove,-37.728151,145.016348,2.0,1.0,house,1.0,2025-10-04,617.0,m2,"$970,000"
property-house-vic-reservoir-148994364,Reservoir,3073,7 Tunaley Parade,-37.697048,145.024209,3.0,1.0,house,4.0,2025-10-04,591.0,m2,"$890,000"
property-house-vic-reservoir-148994368,Reservoir,3073,32 Banbury Road,-37.71136624,144.9897726,4.0,1.0,house,2.0,2025-10-04,363.0,m2,"$827,000"
property-house-vic-reservoir-149119612,Reservoir,3073,2 Pratt Street,-37.710753,145.01072,2.0,1.0,house,2.0,2025-10-04,405.0,m2,"$823,000"
property-unit-vic-reservoir-148973632,Reservoir,3073,2/10 Goulburn Avenue,-37.72461979,145.0220219,2.0,1.0,unit,1.0,2025-10-04,,,"$512,000"
property-unit-vic-reservoir-148978604,Reservoir,3073,6/23 Ashley Street,-37.71771101,145.0019512,2.0,1.0,unit,1.0,2025-10-04,,,"$430,000"
property-house-vic-reservoir-148881488,Reservoir,3073,85 Marchant Avenue,-37.711782,145.017726,2.0,1.0,house,2.0,2025-10-03,,,"$850,000"
property-townhouse-vic-reservoir-148782080,Reservoir,3073,2/35 Whitelaw Street,-37.71405477,145.0153858,2.0,2.0,townhouse,1.0,2025-10-03,,,"$645,000"
property-townhouse-vic-reservoir-149023428,Reservoir,3073,2/45 Edwardes Street,-37.7162551,145.0039046,2.0,1.0,townhouse,2.0,2025-10-03,822.0,m2,"$500,000"
property-house-vic-reservoir-148824300,Reservoir,3073,170 Hughes Parade,-37.693562,144.991288,4.0,1.0,house,2.0,2025-10-02,1137.0,m2,"$1,100,000"
property-house-vic-reservoir-149075120,Reservoir,3073,101 Barry Street,-37.708891,144.997045,4.0,2.0,house,2.0,2025-10-02,564.0,m2,"$1,032,000"
property-apartment-vic-reservoir-148930424,Reservoir,3073,10/26 Ashley Street,-37.71737041,145.0023874,2.0,1.0,apartment,1.0,2025-10-02,1521.0,m2,"$400,000"
property-house-vic-reservoir-144879100,Reservoir,3073,17A Myrtle Grove,-37.72957177,144.9983485,3.0,2.0,house,2.0,2025-10-01,,,"$1,520,000"
property-house-vic-reservoir-148876532,Reservoir,3073,120 Rathcown Road,-37.708972,145.019979,4.0,2.0,house,2.0,2025-10-01,860.0,m2,"$1,180,000"
property-house-vic-reservoir-149070384,Reservoir,3073,41 St Vigeons Road,-37.707005,145.026826,3.0,1.0,house,4.0,2025-10-01,,,"$960,000"
property-townhouse-vic-reservoir-148140452,Reservoir,3073,2/12 Delaware Street,-37.72059084,145.0151814,2.0,1.0,townhouse,1.0,2025-09-30,,,"$650,000"
property-unit-vic-reservoir-148934340,Reservoir,3073,2/88 Purinuan Road,-37.70829691,145.0230035,2.0,1.0,unit,1.0,2025-09-30,108.0,m2,"$563,000"
property-unit-vic-reservoir-148916812,Reservoir,3073,2/15 Evans Crescent,-37.71490721,145.0206423,2.0,1.0,unit,1.0,2025-09-27,,,"$620,000"
property-unit-vic-reservoir-148992980,Reservoir,3073,5A/2 Gremel Road,-37.72423704,145.0303681,1.0,1.0,unit,1.0,2025-09-27,,,"$125,000"
property-house-vic-reservoir-148817680,Reservoir,3073,5 Frankston Street,-37.725022,145.000729,2.0,1.0,house,1.0,2025-09-26,466.0,m2,"$960,000"
property-unit-vic-reservoir-148780448,Reservoir,3073,3/166 Leamington Street,-37.7111552,144.9914743,1.0,1.0,unit,1.0,2025-09-25,624.0,m2,"$334,000"
property-house-vic-reservoir-148784536,Reservoir,3073,2/47 Burbank Drive,-37.69972908,145.0253849,3.0,2.0,house,2.0,2025-09-24,260.0,m2,"$740,000"
property-townhouse-vic-reservoir-148626600,Reservoir,3073,1/61 North Road,-37.72325406,145.0203624,3.0,2.0,townhouse,2.0,2025-09-23,240.0,m2,"$835,000"
property-apartment-vic-reservoir-148836764,Reservoir,3073,108a/51 Johnson Street,-37.69516226,145.0122019,2.0,2.0,apartment,1.0,2025-09-23,,,"$432,000"
property-unit-vic-reservoir-148675472,Reservoir,3073,3/206 Spring Street,-37.72107458,145.003588,2.0,1.0,unit,1.0,2025-09-22,134.0,m2,"$523,000"
property-townhouse-vic-reservoir-149066368,Reservoir,3073,3/62 Andrews Avenue,-37.72889733,145.0286545,2.0,2.0,townhouse,1.0,2025-09-21,,,"$673,500"
property-townhouse-vic-reservoir-148844680,Reservoir,3073,1/2 Trudgeon Avenue,-37.73033543,145.0042644,2.0,1.0,townhouse,2.0,2025-09-21,,,"$645,100"
property-house-vic-reservoir-148878728,Reservoir,3073,14 Cool Street,-37.726005,144.985964,4.0,2.0,house,4.0,2025-09-20,715.0,m2,"$1,512,000"
property-house-vic-reservoir-148866196,Reservoir,3073,33 Tambo Avenue,-37.720734,145.01844,3.0,1.0,house,4.0,2025-09-20,,,"$1,215,000"
property-house-vic-reservoir-148886600,Reservoir,3073,28 Fordham Road,-37.714192,145.021201,3.0,1.0,house,4.0,2025-09-20,692.0,m2,"$1,166,000"
property-house-vic-reservoir-148859588,Reservoir,3073,42 Botha Avenue,-37.703391,145.001151,3.0,1.0,house,4.0,2025-09-20,892.0,m2,"$1,037,500"
property-house-vic-reservoir-148873648,Reservoir,3073,29 Marshall Drive,-37.70062948,145.0269582,4.0,2.0,house,2.0,2025-09-20,,,"$1,020,000"
property-house-vic-reservoir-148871492,Reservoir,3073,67 Kirby Street,-37.730417,145.028905,3.0,2.0,house,3.0,2025-09-20,558.0,m2,"$825,000"
property-house-vic-reservoir-148843764,Reservoir,3073,29 Burbank Drive,-37.69872,145.024528,3.0,1.0,house,6.0,2025-09-20,585.0,m2,"$819,000"
property-house-vic-reservoir-148874148,Reservoir,3073,11/2A Crookston Road,-37.71053544,145.0244011,3.0,1.0,house,1.0,2025-09-20,,,"$775,000"
property-unit-vic-reservoir-148877800,Reservoir,3073,20A Cuthbert Road,-37.71642643,145.0144803,2.0,1.0,unit,2.0,2025-09-20,,,"$755,000"
property-townhouse-vic-reservoir-148903628,Reservoir,3073,5/15 Chenies Street,-37.71084443,145.0289197,3.0,2.0,townhouse,2.0,2025-09-20,148.0,m2,"$722,000"
property-unit-vic-reservoir-148813452,Reservoir,3073,6/34 Ashley Street,-37.71677276,145.0024875,2.0,1.0,unit,1.0,2025-09-20,,,"$640,000"
property-unit-vic-reservoir-148882132,Reservoir,3073,11/20 Sharpe Street,-37.72437835,145.002802,2.0,1.0,unit,2.0,2025-09-20,224.0,m2,"$620,000"
property-unit-vic-reservoir-148866144,Reservoir,3073,5/115 Rathcown Road,-37.7092018,145.0194504,1.0,1.0,unit,1.0,2025-09-20,193.0,m2,"$479,000"
property-house-vic-reservoir-148914296,Reservoir,3073,8 Locksley Avenue,-37.723205,144.998849,4.0,1.0,house,4.0,2025-09-18,515.0,m2,"$1,380,000"
property-house-vic-reservoir-148230544,Reservoir,3073,40 Purinuan Road,-37.709017,145.028938,3.0,1.0,house,1.0,2025-09-18,359.0,m2,"$675,000"
property-unit-vic-reservoir-148993076,Reservoir,3073,4/20 O'Connor Street,-37.71055278,145.0056534,2.0,1.0,unit,1.0,2025-09-18,,,"$537,000"
property-house-vic-reservoir-148866768,Reservoir,3073,690 Gilbert Road,-37.720533,144.993271,3.0,1.0,house,2.0,2025-09-17,601.0,m2,"$1,150,000"
property-townhouse-vic-reservoir-147671248,Reservoir,3073,1/6 Lambassa Grove,-37.699038,145.018769,3.0,2.0,townhouse,2.0,2025-09-16,,,"$815,000"
property-townhouse-vic-reservoir-148929532,Reservoir,3073,5/5 Ashley Street,-37.71884252,145.0017467,1.0,1.0,townhouse,1.0,2025-09-16,,,"$508,000"
property-townhouse-vic-reservoir-148795296,Reservoir,3073,6/82 Tyler Street,-37.73257208,145.0304101,3.0,2.0,townhouse,2.0,2025-09-15,,,"$695,000"
property-house-vic-reservoir-148813280,Reservoir,3073,16 Cameron Street,-37.727081,144.999425,3.0,2.0,house,2.0,2025-09-13,612.0,m2,"$1,490,000"
property-house-vic-reservoir-148825092,Reservoir,3073,50 Rubicon Street,-37.724443,145.01605,3.0,1.0,house,3.0,2025-09-13,784.0,m2,"$1,465,000"
property-house-vic-reservoir-148823100,Reservoir,3073,2 Arlington Street,-37.72981584,145.0079232,3.0,1.0,house,3.0,2025-09-13,725.0,m2,"$1,410,000"
property-house-vic-reservoir-148816688,Reservoir,3073,2A Frankston Street,-37.72477749,145.0009936,4.0,2.0,house,2.0,2025-09-13,,,"$1,055,000"
property-house-vic-reservoir-148780236,Reservoir,3073,12 O'Connor Street,-37.710616,145.006334,2.0,2.0,house,5.0,2025-09-13,595.0,m2,"$965,000"
property-house-vic-reservoir-148781840,Reservoir,3073,26 Hughes Parade,-37.697719,145.007871,3.0,1.0,house,5.0,2025-09-13,750.0,m2,"$965,000"
property-townhouse-vic-reservoir-148768836,Reservoir,3073,5/19-21 Haig Street,-37.72761123,144.9931076,3.0,2.0,townhouse,2.0,2025-09-13,213.0,m2,"$951,000"
property-unit-vic-reservoir-148800068,Reservoir,3073,2/74 Delaware Street,-37.71992841,145.0097453,3.0,1.0,unit,2.0,2025-09-13,,,"$945,000"
property-house-vic-reservoir-148794016,Reservoir,3073,27 Burbank Drive,-37.698602,145.024463,3.0,1.0,house,5.0,2025-09-13,593.0,m2,"$880,000"
property-townhouse-vic-reservoir-148810272,Reservoir,3073,2/106 Crookston Road,-37.70907848,145.0123415,3.0,2.0,townhouse,2.0,2025-09-13,216.0,m2,"$850,000"
property-townhouse-vic-reservoir-148817784,Reservoir,3073,1A Taylor Avenue,-37.72295198,145.0013366,2.0,2.0,townhouse,2.0,2025-09-13,,,"$803,000"
property-townhouse-vic-reservoir-148780336,Reservoir,3073,4/610 Gilbert Road,-37.72536514,144.9928326,2.0,2.0,townhouse,1.0,2025-09-13,,,"$765,000"
property-unit-vic-reservoir-148731116,Reservoir,3073,1/19-21 George Street,-37.71769634,144.9999871,2.0,1.0,unit,1.0,2025-09-13,938.0,m2,"$674,000"
property-townhouse-vic-reservoir-148351080,Reservoir,3073,1/60 Clingin Street,-37.72836035,145.0309116,2.0,1.0,townhouse,1.0,2025-09-13,,,"$635,000"
property-townhouse-vic-reservoir-148754056,Reservoir,3073,2/47 St Vigeons Road,-37.70689849,145.0260614,2.0,1.0,townhouse,1.0,2025-09-13,,,"$620,000"
property-house-vic-reservoir-148807504,Reservoir,3073,60 O'connor Street,-37.710074,145.000926,3.0,1.0,house,4.0,2025-09-11,461.0,m2,"$850,000"
property-house-vic-reservoir-148826764,Reservoir,3073,23 Charlton Crescent,-37.7192,145.024233,3.0,1.0,house,2.0,2025-09-11,,,"$820,000"
property-unit-vic-reservoir-147666984,Reservoir,3073,3/209 Purinuan Road,-37.70705969,145.0106745,2.0,1.0,unit,1.0,2025-09-11,148.0,m2,"$570,000"
property-unit-vic-reservoir-148867996,Reservoir,3073,4/76 Darebin Boulevard,-37.70422551,145.028985,2.0,1.0,unit,1.0,2025-09-09,,,"$666,500"
property-unit-vic-reservoir-148782136,Reservoir,3073,3/840 High Street,-37.7213595,145.0071239,1.0,1.0,unit,1.0,2025-09-09,103.0,m2,"$456,000"
property-house-vic-reservoir-148844124,Reservoir,3073,3 Butters Street,-37.725784,145.000538,4.0,2.0,house,4.0,2025-09-08,,,"$1,720,000"
property-house-vic-reservoir-148484520,Reservoir,3073,13 Dorrington Avenue,-37.727049,145.024751,3.0,1.0,house,2.0,2025-09-07,583.0,m2,"$800,000"
property-house-vic-reservoir-148761860,Reservoir,3073,18 Inverness Street,-37.703018,145.029824,4.0,2.0,house,4.0,2025-09-06,,,"$1,110,000"
property-house-vic-reservoir-148728576,Reservoir,3073,33 Fordham Road,-37.714321,145.019201,2.0,1.0,house,5.0,2025-09-06,692.0,m2,"$869,000"
property-house-vic-reservoir-148885296,Reservoir,3073,14 Marshall Drive,-37.700476,145.02709,3.0,1.0,house,3.0,2025-09-06,557.0,m2,"$851,000"
property-house-vic-reservoir-148774944,Reservoir,3073,79 Darebin Boulevard,-37.703792,145.028147,3.0,1.0,house,2.0,2025-09-06,459.0,m2,"$844,000"
property-townhouse-vic-reservoir-148747836,Reservoir,3073,2/2 Borrie Street,-37.70868651,145.0203002,3.0,1.0,townhouse,2.0,2025-09-06,,,"$772,000"
property-house-vic-reservoir-148750512,Reservoir,3073,14 Anstey Avenue,-37.692138,144.975982,3.0,1.0,house,4.0,2025-09-06,531.0,m2,"$720,000"
property-residential land-vic-reservoir-204280304,Reservoir,3073,10 Autumndale Avenue,-37.727809,145.036225,,,residential land,,2025-09-06,584.0,m2,"$670,000"
property-townhouse-vic-reservoir-148709928,Reservoir,3073,2/6 Miranda Road,-37.70769547,145.0265131,2.0,1.0,townhouse,2.0,2025-09-06,77.0,m2,"$510,000"
property-unit-vic-reservoir-148870084,Reservoir,3073,5/22 Epstein Street,-37.70931135,144.9937139,1.0,1.0,unit,1.0,2025-09-06,,,"$440,000"
property-house-vic-reservoir-148838740,Reservoir,3073,20 Odonnell Street,-37.706505,144.995589,3.0,1.0,house,2.0,2025-09-05,817.0,m2,"$1,072,000"
property-unit-vic-reservoir-148755728,Reservoir,3073,3/112 Darebin Blvd,-37.70333336,145.0325693,3.0,2.0,unit,2.0,2025-09-05,,,"$740,000"
property-unit-vic-reservoir-148782208,Reservoir,3073,3/17 Dundee Street,-37.70346674,145.0199192,1.0,1.0,unit,1.0,2025-09-05,,,"$440,000"
property-townhouse-vic-reservoir-148872528,Reservoir,3073,7/26 Harbury Street,-37.713432,145.000167,3.0,2.0,townhouse,2.0,2025-09-04,,,"$861,000"
property-house-vic-reservoir-148751080,Reservoir,3073,1095 High Street,-37.695565,145.010548,3.0,1.0,house,2.0,2025-09-04,,,"$860,000"
property-house-vic-reservoir-148743200,Reservoir,3073,5 Kilmore Ave,-37.718774,145.025198,4.0,1.0,house,3.0,2025-09-03,592.0,m2,"$808,000"
property-house-vic-reservoir-148535776,Reservoir,3073,47 Summerhill Road,-37.727009,145.030981,3.0,1.0,house,2.0,2025-09-03,580.0,m2,"$786,000"
property-unit-vic-reservoir-144177184,Reservoir,3073,6/36 Maclagan Crescent,-37.70764541,145.0053518,2.0,1.0,unit,1.0,2025-09-03,,,"$620,000"
property-unit-vic-reservoir-148813840,Reservoir,3073,5/24 Elsey Road,-37.70499474,145.0127841,1.0,1.0,unit,1.0,2025-09-03,,,"$468,000"
property-house-vic-reservoir-148704064,Reservoir,3073,4 Merrilands Road,-37.695651,145.009775,3.0,1.0,house,5.0,2025-09-01,768.0,m2,"$900,000"
property-townhouse-vic-reservoir-148816580,Reservoir,3073,2/17 McComas Street,-37.72922942,145.0239278,2.0,1.0,townhouse,1.0,2025-09-01,,,"$680,000"
property-house-vic-reservoir-148153024,Reservoir,3073,20 Rodman Street,-37.701244,145.00688,3.0,2.0,house,6.0,2025-08-30,950.0,m2,"$1,355,000"
property-house-vic-reservoir-148673608,Reservoir,3073,6 Henty Street,-37.719091,145.001228,3.0,1.0,house,3.0,2025-08-30,675.0,m2,"$1,181,000"
property-house-vic-reservoir-148674772,Reservoir,3073,25 Clinnick Street,-37.7193408,144.9988978,3.0,2.0,house,2.0,2025-08-30,,,"$976,500"
property-townhouse-vic-reservoir-148689832,Reservoir,3073,6C Corben Street,-37.72730451,144.9875011,3.0,1.0,townhouse,2.0,2025-08-30,169.0,m2,"$903,000"
property-house-vic-reservoir-148647612,Reservoir,3073,133 Boldrewood Parade,-37.71374,145.022178,3.0,1.0,house,4.0,2025-08-30,504.0,m2,"$662,500"
property-unit-vic-reservoir-148662008,Reservoir,3073,2/101 Purinuan Road,-37.70866075,145.0234149,2.0,1.0,unit,1.0,2025-08-30,,,"$652,000"
property-unit-vic-reservoir-148713356,Reservoir,3073,1/2 Daventry Street,-37.71525645,145.001341,2.0,1.0,unit,2.0,2025-08-30,,,"$611,000"
property-unit-vic-reservoir-146403260,Reservoir,3073,3/2 Mack Street,-37.70341574,145.0133493,2.0,1.0,unit,,2025-08-30,,,"$570,000"
property-townhouse-vic-reservoir-148689212,Reservoir,3073,3/84-86 Howard Street,-37.71868918,145.0081663,3.0,2.0,townhouse,1.0,2025-08-29,171.0,m2,"$825,000"
property-townhouse-vic-reservoir-148627752,Reservoir,3073,2/62 Rathcown Road,-37.70972341,145.0286535,2.0,1.0,townhouse,1.0,2025-08-29,,,"$670,000"
property-unit-vic-reservoir-148282748,Reservoir,3073,2/1A Wilkinson Street,-37.72754663,145.0191632,2.0,2.0,unit,1.0,2025-08-29,,,"$568,500"
property-townhouse-vic-reservoir-148557900,Reservoir,3073,14/957-961 High Street,-37.709635,145.00855,2.0,2.0,townhouse,1.0,2025-08-27,,,"$585,000"
property-house-vic-reservoir-146483424,Reservoir,3073,1/23 Invermay Street,-37.70330643,145.028378,3.0,1.0,house,2.0,2025-08-25,389.0,m2,"$810,000"
property-house-vic-reservoir-148677928,Reservoir,3073,5 Strathmerton Street,-37.717477,145.020376,3.0,2.0,house,1.0,2025-08-25,658.0,m2,"$800,000"
property-townhouse-vic-reservoir-147080948,Reservoir,3073,2/7 Loddon Avenue,-37.72355007,145.0263269,2.0,2.0,townhouse,1.0,2025-08-25,104.0,m2,"$660,000"
property-house-vic-reservoir-148642172,Reservoir,3073,10a Clough Parade,-37.69849815,145.0368859,4.0,2.0,house,1.0,2025-08-24,677.0,m2,"$1,030,000"
property-house-vic-reservoir-148632488,Reservoir,3073,10 Alcock Street,-37.69396,144.989259,4.0,2.0,house,4.0,2025-08-23,803.0,m2,"$1,210,000"
property-house-vic-reservoir-148640320,Reservoir,3073,11 Boldrewood Parade,-37.724185,145.022717,2.0,1.0,house,2.0,2025-08-23,,,"$880,000"
property-unit-vic-reservoir-148541448,Reservoir,3073,4/8 Hobbs Crescent,-37.70513716,145.0072208,2.0,1.0,unit,1.0,2025-08-23,192.0,m2,"$720,100"
property-townhouse-vic-reservoir-148644652,Reservoir,3073,1/54 Newton Street,-37.73091797,145.0219917,2.0,2.0,townhouse,1.0,2025-08-23,,,"$696,000"
property-townhouse-vic-reservoir-148630768,Reservoir,3073,3/149 Hickford Street,-37.70243692,145.0133627,2.0,2.0,townhouse,1.0,2025-08-23,837.0,m2,"$663,000"
property-unit-vic-reservoir-148604824,Reservoir,3073,2/31-33 Olive Street,-37.7171426,145.0039862,1.0,1.0,unit,1.0,2025-08-23,,,"$456,000"
property-unit-vic-reservoir-148587032,Reservoir,3073,7/3-5 Whitelaw Street,-37.7156767,145.0130263,1.0,1.0,unit,1.0,2025-08-23,,,"$351,650"
property-house-vic-reservoir-148151868,Reservoir,3073,68 Darebin Boulevard,-37.704132,145.027991,3.0,1.0,house,5.0,2025-08-22,459.0,m2,"$735,000"
property-house-vic-reservoir-148718484,Reservoir,3073,7 Mccasker Avenue,-37.704302,145.004371,4.0,2.0,house,2.0,2025-08-21,873.0,m2,"$1,655,000"
property-house-vic-reservoir-148017044,Reservoir,3073,1/69 Boldrewood Parade,-37.71979811,145.0206305,3.0,2.0,house,2.0,2025-08-21,295.0,m2,"$720,000"
property-unit-vic-reservoir-148710696,Reservoir,3073,3/6 Griffiths Street,-37.71364789,144.995925,2.0,1.0,unit,1.0,2025-08-21,,,"$455,000"
property-apartment-vic-reservoir-148410284,Reservoir,3073,106B/58 Johnson Street,-37.69612286,145.0120604,2.0,2.0,apartment,1.0,2025-08-20,,,"$410,000"
property-townhouse-vic-reservoir-148703064,Reservoir,3073,5/24 Barry Street,-37.70948395,145.0059679,3.0,2.0,townhouse,2.0,2025-08-19,,,"$920,000"
property-house-vic-reservoir-148584140,Reservoir,3073,31 Joffre Street,-37.72829286,145.0128386,3.0,2.0,house,2.0,2025-08-18,,,"$1,470,000"
property-house-vic-reservoir-147902628,Reservoir,3073,65 Massey Avenue,-37.701479,144.98943,5.0,3.0,house,10.0,2025-08-18,892.0,m2,"$1,035,000"
property-house-vic-reservoir-148580084,Reservoir,3073,16 Goulburn Avenue,-37.724188,145.02182,8.0,2.0,house,2.0,2025-08-16,697.0,m2,"$1,198,000"
property-unit-vic-reservoir-148578712,Reservoir,3073,2/135 North Road,-37.7226503,145.0133171,3.0,1.0,unit,4.0,2025-08-16,249.0,m2,"$978,000"
property-unit-vic-reservoir-148589240,Reservoir,3073,1/46-48 Orrong Avenue,-37.71299361,145.0124392,3.0,2.0,unit,2.0,2025-08-16,,,"$955,000"
property-house-vic-reservoir-148576752,Reservoir,3073,7 Gourock Street,-37.702793,145.031486,3.0,1.0,house,4.0,2025-08-16,609.0,m2,"$850,000"
property-townhouse-vic-reservoir-148279952,Reservoir,3073,2/43 Clingin Street,-37.72907256,145.0325765,2.0,2.0,townhouse,1.0,2025-08-15,,,"$560,000"
property-house-vic-reservoir-144716220,Reservoir,3073,133 Hickford Street,-37.703263,145.014913,3.0,1.0,house,1.0,2025-08-14,891.0,m2,"$1,090,000"
property-house-vic-reservoir-148550640,Reservoir,3073,8 Muriel Court,-37.700092,145.028937,3.0,2.0,house,4.0,2025-08-14,534.0,m2,"$800,000"
property-townhouse-vic-reservoir-148532532,Reservoir,3073,5/97-99 Hickford Street,-37.7050288,145.0193278,3.0,1.0,townhouse,1.0,2025-08-14,,,"$685,000"
property-townhouse-vic-reservoir-148568732,Reservoir,3073,1/19 Arundel Avenue,-37.69690208,145.0192034,3.0,1.0,townhouse,1.0,2025-08-11,273.0,m2,"$750,000"
property-house-vic-reservoir-148532056,Reservoir,3073,10 Royal Parade,-37.715913,145.00938,3.0,1.0,house,2.0,2025-08-09,,,"$1,085,000"
property-townhouse-vic-reservoir-148529000,Reservoir,3073,4/103-105 St Vigeons Road,-37.70635747,145.0194506,3.0,2.0,townhouse,2.0,2025-08-09,193.0,m2,"$782,000"
property-unit-vic-reservoir-148487940,Reservoir,3073,1/15 Kennedy Street,-37.72292533,144.986669,2.0,2.0,unit,1.0,2025-08-09,,,"$725,000"
property-unit-vic-reservoir-148502272,Reservoir,3073,1/3 Fordham Road,-37.716201,145.016263,2.0,1.0,unit,1.0,2025-08-09,,,"$659,000"
property-house-vic-reservoir-147499608,Reservoir,3073,45 Hughes Parade,-37.700255,145.002234,4.0,1.0,house,1.0,2025-08-08,836.0,m2,"$900,000"
property-unit-vic-reservoir-148652904,Reservoir,3073,2A White Street,-37.70971401,145.0114194,2.0,1.0,unit,1.0,2025-08-07,,,"$720,000"
property-townhouse-vic-reservoir-148578732,Reservoir,3073,2/77 Rathcown Road,-37.70999243,145.0258201,2.0,1.0,townhouse,1.0,2025-08-06,118.0,m2,"$655,000"
property-townhouse-vic-reservoir-148240484,Reservoir,3073,2/127 St Vigeons Road,-37.70588029,145.0177231,2.0,1.0,townhouse,1.0,2025-08-04,746.0,m2,"$730,000"
property-house-vic-reservoir-148470212,Reservoir,3073,44 Goulburn Avenue,-37.721978,145.020642,3.0,2.0,house,3.0,2025-08-02,700.0,m2,"$1,010,000"
property-house-vic-reservoir-148442384,Reservoir,3073,16 Ryan Street,-37.701667,144.998362,3.0,1.0,house,4.0,2025-08-02,766.0,m2,"$920,000"
property-unit-vic-reservoir-148482608,Reservoir,3073,5/188 Broadway,-37.7171776,145.0130961,2.0,2.0,unit,1.0,2025-08-02,110.0,m2,"$470,000"
property-house-vic-reservoir-147967148,Reservoir,3073,28 Alcock Street,-37.694002,144.986445,5.0,5.0,house,4.0,2025-08-01,525.0,m2,"$1,395,000"
property-unit-vic-reservoir-148237576,Reservoir,3073,5C Colthur Street,-37.70979955,144.9925757,2.0,1.0,unit,2.0,2025-08-01,123.0,m2,"$515,000"
property-townhouse-vic-reservoir-148526552,Reservoir,3073,1E Carrington Road,-37.72227038,144.9923229,3.0,2.0,townhouse,2.0,2025-07-31,,,"$880,000"
property-unit-vic-reservoir-148537176,Reservoir,3073,1/16 Crookston Road,-37.7103347,145.0226307,3.0,2.0,unit,2.0,2025-07-31,,,"$825,000"
property-house-vic-reservoir-148537532,Reservoir,3073,1 Nisbett Street,-37.72844436,145.0361034,2.0,1.0,house,1.0,2025-07-31,145.0,m2,"$600,000"
property-unit-vic-reservoir-148532668,Reservoir,3073,4/64 Andrews Avenue,-37.72895365,145.0283562,2.0,1.0,unit,1.0,2025-07-31,,,"$562,000"
property-townhouse-vic-reservoir-148521764,Reservoir,3073,2/16 Grimwade Street,-37.70297916,145.0052282,4.0,2.0,townhouse,2.0,2025-07-30,,,"$887,000"
property-townhouse-vic-reservoir-147954284,Reservoir,3073,4/93 Arundel Avenue,-37.69617027,145.0128679,2.0,2.0,townhouse,1.0,2025-07-28,65.0,m2,"$590,000"
property-unit-vic-reservoir-147777948,Reservoir,3073,3/32 Banff Street,-37.7045468,145.0258898,2.0,1.0,unit,1.0,2025-07-28,,,"$511,000"
property-house-vic-reservoir-148420300,Reservoir,3073,20 Lindenow Street,-37.696579,145.005508,4.0,1.0,house,1.0,2025-07-26,832.0,m2,"$1,075,000"
property-house-vic-reservoir-148412856,Reservoir,3073,12 Manoel Avenue,-37.701234,145.033115,5.0,2.0,house,4.0,2025-07-26,581.0,m2,"$1,020,000"
property-townhouse-vic-reservoir-148416016,Reservoir,3073,3/196 Edwardes Street,-37.71509525,144.9960606,3.0,1.0,townhouse,2.0,2025-07-26,266.0,m2,"$784,000"
property-unit-vic-reservoir-148423792,Reservoir,3073,2/14 Allenby Avenue,-37.7042313,145.0081127,3.0,2.0,unit,2.0,2025-07-26,,,"$758,800"
property-unit-vic-reservoir-148423656,Reservoir,3073,2/9 Orrong Avenue,-37.7136795,145.0106664,2.0,1.0,unit,1.0,2025-07-26,,,"$714,000"
property-unit-vic-reservoir-148438728,Reservoir,3073,1/47 Boldrewood Parade,-37.72129486,145.0212039,2.0,1.0,unit,2.0,2025-07-26,,,"$507,000"
property-house-vic-reservoir-148408316,Reservoir,3073,2 Davidson Street,-37.695985,144.990122,4.0,2.0,house,6.0,2025-07-25,890.0,m2,"$1,025,000"
property-house-vic-reservoir-148545072,Reservoir,3073,127 Mahoneys Road,-37.693169,144.992013,3.0,1.0,house,2.0,2025-07-25,864.0,m2,"$854,000"
property-unit-vic-reservoir-148421860,Reservoir,3073,3/46 Barton Street,-37.71120612,145.0015856,3.0,1.0,unit,2.0,2025-07-25,233.0,m2,"$845,000"
property-unit-vic-reservoir-148547256,Reservoir,3073,4/37 Thackeray Road,-37.7217068,145.0127469,2.0,2.0,unit,1.0,2025-07-25,,,"$800,000"
property-house-vic-reservoir-147707844,Reservoir,3073,5 Godley Street,-37.706258,144.988506,5.0,2.0,house,2.0,2025-07-24,854.0,m2,"$1,026,000"
property-unit-vic-reservoir-148472128,Reservoir,3073,1/80 Purinuan Road,-37.70837586,145.0236719,3.0,1.0,unit,2.0,2025-07-24,,,"$747,500"
property-unit-vic-reservoir-148412868,Reservoir,3073,2/1-3 McFadzean Avenue,-37.71137045,144.9971328,2.0,1.0,unit,1.0,2025-07-24,144.0,m2,"$657,000"
property-townhouse-vic-reservoir-148552744,Reservoir,3073,7/845 Plenty Road,-37.72350402,145.0281636,2.0,1.0,townhouse,1.0,2025-07-24,,,"$480,000"
property-townhouse-vic-reservoir-148427540,Reservoir,3073,19B Liston Avenue,-37.69768542,145.0184973,3.0,2.0,townhouse,2.0,2025-07-23,262.0,m2,"$975,000"
property-house-vic-reservoir-148343532,Reservoir,3073,16 Broadhurst Avenue,-37.708493,145.00655,3.0,1.0,house,3.0,2025-07-23,743.0,m2,"$880,000"
property-house-vic-reservoir-148428612,Reservoir,3073,10 Greenock Street,-37.703131,145.02204,3.0,1.0,house,2.0,2025-07-23,235.0,m2,"$820,000"
property-townhouse-vic-reservoir-148495248,Reservoir,3073,4/5 Willoughby Street,-37.71782846,144.9955094,3.0,1.0,townhouse,2.0,2025-07-23,,,"$820,000"
property-unit-vic-reservoir-148423664,Reservoir,3073,5/70 Yarra Avenue,-37.71884255,145.0169788,3.0,1.0,unit,1.0,2025-07-22,,,"$670,000"
property-unit-vic-reservoir-148472084,Reservoir,3073,3/72 Lane Crescent,-37.71335932,145.0218029,2.0,1.0,unit,1.0,2025-07-22,,,"$655,000"
property-house-vic-reservoir-148456652,Reservoir,3073,20 York Street,-37.727652,144.989539,3.0,1.0,house,1.0,2025-07-21,666.0,m2,"$1,451,000"
property-townhouse-vic-reservoir-148257520,Reservoir,3073,3/89 Thackeray Road,-37.72100738,145.007957,2.0,1.0,townhouse,1.0,2025-07-21,193.0,m2,"$650,000"
property-house-vic-reservoir-148287320,Reservoir,3073,31 Willoughby Street,-37.716221,144.996223,3.0,2.0,house,4.0,2025-07-19,668.0,m2,"$1,402,000"
property-house-vic-reservoir-148332056,Reservoir,3073,7 Mason Street,-37.72904901,145.0104966,2.0,1.0,house,2.0,2025-07-19,775.0,m2,"$1,280,000"
property-house-vic-reservoir-148364792,Reservoir,3073,52 Lindenow Street,-37.6981627,145.0026978,3.0,1.0,house,3.0,2025-07-19,902.0,m2,"$930,000"
property-house-vic-reservoir-148078612,Reservoir,3073,149 Spring Street,-37.725966,145.001134,3.0,1.0,house,1.0,2025-07-19,500.0,m2,"$925,000"
property-townhouse-vic-reservoir-148365976,Reservoir,3073,1/76 Orrong Avenue,-37.711799,145.014493,4.0,2.0,townhouse,2.0,2025-07-19,,,"$880,000"
property-unit-vic-reservoir-148140392,Reservoir,3073,6/2 Whitby Street,-37.711959,145.003167,3.0,1.0,unit,1.0,2025-07-19,,,"$830,000"
property-house-vic-reservoir-148354200,Reservoir,3073,89 Burbank Drive,-37.698493,145.028696,3.0,1.0,house,3.0,2025-07-19,584.0,m2,"$810,000"
property-townhouse-vic-reservoir-147608624,Reservoir,3073,3/54 Cheddar Road,-37.708851,145.013711,2.0,1.0,townhouse,1.0,2025-07-19,100.0,m2,"$637,500"
property-unit-vic-reservoir-148371020,Reservoir,3073,4/6-8 Cleeland Street,-37.71724576,145.0049281,2.0,1.0,unit,1.0,2025-07-19,,,"$637,000"
property-townhouse-vic-reservoir-148295928,Reservoir,3073,3/59 Whitelaw Street,-37.71274048,145.0180628,2.0,1.0,townhouse,1.0,2025-07-19,140.0,m2,"$562,000"
property-townhouse-vic-reservoir-148359640,Reservoir,3073,1/24 Barry Street,-37.70948395,145.0059679,3.0,2.0,townhouse,1.0,2025-07-18,,,"$940,000"
property-residential land-vic-reservoir-204166044,Reservoir,3073,54 Lawley Street,-37.701642,144.991024,,,residential land,,2025-07-18,805.0,m2,"$820,000"
property-unit-vic-reservoir-148091940,Reservoir,3073,2/2 Aberdeen Street,-37.70408679,145.0181417,2.0,1.0,unit,1.0,2025-07-18,204.0,m2,"$601,000"
property-house-vic-reservoir-148210236,Reservoir,3073,1/129 Boldrewood Parade,-37.71404119,145.0221211,2.0,1.0,house,1.0,2025-07-18,345.0,m2,"$520,000"
property-house-vic-reservoir-148240452,Reservoir,3073,10-12 Nisbett Street,-37.728064,145.035333,4.0,2.0,house,6.0,2025-07-17,1182.0,m2,"$1,550,000"
property-house-vic-reservoir-146595340,Reservoir,3073,13 Borrie Street,-37.70661,145.019962,3.0,1.0,house,5.0,2025-07-17,633.0,m2,"$775,000"
property-house-vic-reservoir-147559280,Reservoir,3073,88 Massey Avenue,-37.699196,144.990274,3.0,1.0,house,2.0,2025-07-16,930.0,m2,"$1,025,000"
property-townhouse-vic-reservoir-148292360,Reservoir,3073,8/63 O'Connor Street,-37.71024219,144.9990402,2.0,2.0,townhouse,1.0,2025-07-16,,,"$620,000"
property-unit-vic-reservoir-148364284,Reservoir,3073,2/19 Mccomas Street,-37.72899291,145.0238192,2.0,1.0,unit,1.0,2025-07-16,,,"$572,000"
property-house-vic-reservoir-148421388,Reservoir,3073,43 Liston Avenue,-37.697459,145.016509,4.0,2.0,house,2.0,2025-07-15,,,"$1,164,000"
property-house-vic-reservoir-148364952,Reservoir,3073,1/198 Spring Street,-37.72150037,145.0031348,3.0,1.0,house,3.0,2025-07-15,333.0,m2,"$790,000"
property-townhouse-vic-reservoir-147949288,Reservoir,3073,6/923 High Street,-37.71265724,145.0080625,2.0,1.0,townhouse,1.0,2025-07-15,740.0,m2,"$651,000"
property-townhouse-vic-reservoir-148083744,Reservoir,3073,2/90 Arundel Avenue,-37.695952,145.0133858,2.0,1.0,townhouse,1.0,2025-07-15,,,"$568,000"
property-unit-vic-reservoir-148302020,Reservoir,3073,1/17 Newton Street,-37.73183888,145.0273832,2.0,1.0,unit,1.0,2025-07-14,,,"$590,000"
property-unit-vic-reservoir-148286660,Reservoir,3073,2/17 Lake Street,-37.71721491,144.9909116,2.0,1.0,unit,1.0,2025-07-13,,,"$565,000"
property-townhouse-vic-reservoir-148294412,Reservoir,3073,3/11-13 Olive Street,-37.71845658,145.0035509,3.0,2.0,townhouse,2.0,2025-07-12,350.0,m2,"$855,000"
property-unit-vic-reservoir-148331660,Reservoir,3073,2/5 Delaware Street,-37.7209399,145.0157057,3.0,2.0,unit,2.0,2025-07-12,219.0,m2,"$805,500"
property-townhouse-vic-reservoir-148281604,Reservoir,3073,3/107 St Vigeons Road,-37.70608398,145.0193748,2.0,1.0,townhouse,1.0,2025-07-12,745.0,m2,"$633,500"
property-unit-vic-reservoir-148126136,Reservoir,3073,1/146 St Vigeons Road,-37.70558821,145.0176673,2.0,1.0,unit,1.0,2025-07-12,222.0,m2,"$605,000"
property-villa-vic-reservoir-148300620,Reservoir,3073,2/16-18 Compton Street,-37.71455675,145.0028403,2.0,1.0,villa,1.0,2025-07-12,,,"$424,000"
property-house-vic-reservoir-147476180,Reservoir,3073,24 Legh Street,-37.702837,144.985548,4.0,2.0,house,4.0,2025-07-11,772.0,m2,"$1,010,000"
property-apartment-vic-reservoir-148058876,Reservoir,3073,8/11 George Street,-37.71822493,144.9999361,1.0,1.0,apartment,1.0,2025-07-11,,,"$395,000"
property-house-vic-reservoir-147480428,Reservoir,3073,3 Armstrong Street,-37.724038,144.99852,4.0,2.0,house,4.0,2025-07-09,504.0,m2,"$1,520,000"
property-unit-vic-reservoir-148394116,Reservoir,3073,3/115 Cuthbert Road,-37.71611774,145.0098712,3.0,1.0,unit,2.0,2025-07-09,,,"$730,000"
property-house-vic-reservoir-147890896,Reservoir,3073,25 Rosenthal Crescent,-37.700953,145.005686,5.0,2.0,house,4.0,2025-07-08,,,"$1,150,000"
property-house-vic-reservoir-147910804,Reservoir,3073,50 Nisbett Street,-37.727503,145.030888,3.0,1.0,house,1.0,2025-07-08,581.0,m2,"$750,000"
property-unit-vic-reservoir-148118564,Reservoir,3073,5/26 Harbury Street,-37.713432,145.000167,2.0,1.0,unit,1.0,2025-07-08,865.0,m2,"$725,000"
property-unit-vic-reservoir-148091064,Reservoir,3073,3/14 White Street,-37.709794,145.010169,2.0,1.0,unit,2.0,2025-07-07,,,"$650,000"
property-townhouse-vic-reservoir-147952652,Reservoir,3073,2B Whitelaw Street,-37.71696492,145.013028,2.0,1.0,townhouse,2.0,2025-07-07,92.0,m2,"$610,000"
property-unit-vic-reservoir-145800664,Reservoir,3073,5/62 Pine Street,-37.71846118,144.9982986,2.0,1.0,unit,1.0,2025-07-07,,,"$520,000"
property-house-vic-reservoir-148025060,Reservoir,3073,12B Landy Street,-37.710166,144.992019,4.0,3.0,house,2.0,2025-07-05,,,"$1,520,000"
property-house-vic-reservoir-148229132,Reservoir,3073,166 Purinuan Road,-37.707161,145.013607,3.0,2.0,house,5.0,2025-07-05,743.0,m2,"$1,193,500"
property-house-vic-reservoir-148242888,Reservoir,3073,38 Frankston Street,-37.724454,144.998055,3.0,1.0,house,1.0,2025-07-05,,,"$1,190,000"
property-townhouse-vic-reservoir-148253164,Reservoir,3073,1/86 Tyler Street,-37.73235795,145.0299542,3.0,2.0,townhouse,2.0,2025-07-05,,,"$888,000"
property-house-vic-reservoir-148217636,Reservoir,3073,13A Ramleh Road,-37.7085974,145.03158,3.0,2.0,house,4.0,2025-07-05,438.0,m2,"$800,000"
property-townhouse-vic-reservoir-148220116,Reservoir,3073,1/35 Whitelaw Street,-37.71405477,145.0153858,3.0,2.0,townhouse,2.0,2025-07-05,,,"$785,000"
property-townhouse-vic-reservoir-148188376,Reservoir,3073,1/1 Box Street,-37.7087397,145.0208704,2.0,2.0,townhouse,1.0,2025-07-05,204.0,m2,"$755,000"
property-house-vic-reservoir-148220120,Reservoir,3073,8 Banbury Road,-37.71378,144.989369,2.0,1.0,house,2.0,2025-07-05,446.0,m2,"$755,000"
property-unit-vic-reservoir-148225788,Reservoir,3073,2/30 Goulburn Avenue,-37.723306,145.021333,2.0,2.0,unit,1.0,2025-07-05,,,"$695,000"
property-house-vic-reservoir-148300708,Reservoir,3073,8 Royal Parade,-37.716,145.009219,3.0,1.0,house,2.0,2025-07-04,569.0,m2,"$1,270,000"
property-townhouse-vic-reservoir-148049504,Reservoir,3073,1/44 Rathcown Road,-37.71024321,145.0303321,3.0,2.0,townhouse,2.0,2025-07-03,230.0,m2,"$780,000"
property-house-vic-reservoir-148160048,Reservoir,3073,34 Massey Avenue,-37.703787,144.990002,3.0,1.0,house,4.0,2025-07-02,836.0,m2,"$865,000"
property-townhouse-vic-reservoir-148037368,Reservoir,3073,2/54 Newton Street,-37.73091797,145.0219917,2.0,1.0,townhouse,1.0,2025-07-02,,,"$677,500"
property-house-vic-reservoir-148285024,Reservoir,3073,8 Crookston Road,-37.710441,145.02374,3.0,1.0,house,4.0,2025-07-01,706.0,m2,"$925,000"
property-house-vic-reservoir-145888344,Reservoir,3073,1/43 Barton Street,-37.71177024,145.0039805,3.0,1.0,house,1.0,2025-07-01,,,"$720,000"
property-house-vic-reservoir-147962800,Reservoir,3073,4 Rose Court,-37.722397,145.000073,4.0,2.0,house,3.0,2025-06-30,510.0,m2,"$1,299,500"
property-townhouse-vic-reservoir-147789028,Reservoir,3073,2/79 Winter Crescent,-37.71682903,145.0251091,2.0,2.0,townhouse,1.0,2025-06-30,,,"$630,000"
property-house-vic-reservoir-148212204,Reservoir,3073,34 Ludeman Court,-37.698308,144.997976,3.0,1.0,house,4.0,2025-06-28,661.0,m2,"$878,500"
property-house-vic-reservoir-148188324,Reservoir,3073,5 Ludeman Court,-37.69895882,145.0007543,3.0,1.0,house,1.0,2025-06-28,382.0,m2,"$835,000"
property-house-vic-reservoir-148152440,Reservoir,3073,23 Croft Crescent,-37.719636,145.001656,3.0,2.0,house,2.0,2025-06-28,,,"$785,000"
property-house-vic-reservoir-148183848,Reservoir,3073,41 Andrews Avenue,-37.729984,145.032116,3.0,1.0,house,2.0,2025-06-28,555.0,m2,"$710,500"
property-unit-vic-reservoir-148160628,Reservoir,3073,3/44 Barry Street,-37.70934834,145.0045313,3.0,1.0,unit,2.0,2025-06-28,,,"$667,000"
property-unit-vic-reservoir-148192212,Reservoir,3073,3/153 Rathcown Road,-37.7088152,145.0162691,2.0,1.0,unit,1.0,2025-06-28,,,"$650,000"
property-unit-vic-reservoir-148183808,Reservoir,3073,2/16 Jinghi Road,-37.70608912,145.0133314,2.0,1.0,unit,2.0,2025-06-28,102.0,m2,"$537,500"
property-unit-vic-reservoir-148011904,Reservoir,3073,4/9 Asquith Street,-37.69712584,145.0081027,2.0,1.0,unit,4.0,2025-06-28,166.0,m2,"$490,000"
property-townhouse-vic-reservoir-148111972,Reservoir,3073,3/57 Yarra Avenue,-37.71933846,145.0179661,2.0,3.0,townhouse,2.0,2025-06-27,121.0,m2,"$782,500"
property-townhouse-vic-reservoir-148172912,Reservoir,3073,5/83-85 Howard Street,-37.71910791,145.0088772,2.0,1.0,townhouse,1.0,2025-06-27,,,"$775,000"
property-house-vic-reservoir-148258984,Reservoir,3073,1 Romsey Street,-37.69614181,145.0183715,2.0,2.0,house,2.0,2025-06-26,,,"$773,000"
property-apartment-vic-reservoir-148071428,Reservoir,3073,214/76 Tyler Street,-37.73275187,145.0307233,2.0,2.0,apartment,1.0,2025-06-26,,,"$457,500"
property-house-vic-reservoir-148193432,Reservoir,3073,28 Burbank Drive,-37.699439,145.025461,3.0,1.0,house,2.0,2025-06-24,,,"$775,000"
property-unit-vic-reservoir-148238404,Reservoir,3073,3/14 Drysdale Street,-37.72959286,145.0243933,2.0,1.0,unit,1.0,2025-06-23,,,"$430,000"
property-house-vic-reservoir-148094992,Reservoir,3073,11A Army Avenue,-37.722439,144.991393,4.0,3.0,house,2.0,2025-06-21,,,"$1,622,000"
property-house-vic-reservoir-148136776,Reservoir,3073,22 Jinghi Road,-37.706012,145.012787,3.0,2.0,house,2.0,2025-06-21,,,"$1,301,500"
property-house-vic-reservoir-148144664,Reservoir,3073,2 Bray Street,-37.699591,144.989152,4.0,2.0,house,4.0,2025-06-21,1117.0,m2,"$1,110,000"
property-house-vic-reservoir-148126124,Reservoir,3073,778 Plenty Road,-37.726377,145.021762,3.0,1.0,house,2.0,2025-06-21,835.0,m2,"$1,100,000"
property-house-vic-reservoir-148121060,Reservoir,3073,46 Botha Avenue,-37.703134,145.001419,3.0,1.0,house,4.0,2025-06-21,907.0,m2,"$970,000"
property-house-vic-reservoir-148103784,Reservoir,3073,41 Hughes Parade,-37.700307,145.002618,3.0,1.0,house,4.0,2025-06-21,836.0,m2,"$935,000"
property-townhouse-vic-reservoir-148126152,Reservoir,3073,2/15 Lucille Avenue,-37.69997416,145.0216852,3.0,1.0,townhouse,2.0,2025-06-21,140.0,m2,"$720,000"
property-unit-vic-reservoir-148136316,Reservoir,3073,1/27 Grimwade Street,-37.70236166,145.004208,2.0,1.0,unit,1.0,2025-06-21,149.0,m2,"$615,000"
property-townhouse-vic-reservoir-148085048,Reservoir,3073,3/4 Clingin Street,-37.72871676,145.0360576,2.0,1.0,townhouse,1.0,2025-06-21,150.0,m2,"$588,888"
property-apartment-vic-reservoir-148152252,Reservoir,3073,102a/59 Johnson Street,-37.69612286,145.0120604,2.0,2.0,apartment,1.0,2025-06-21,,,"$470,000"
property-townhouse-vic-reservoir-148183728,Reservoir,3073,3/105 Barton Street,-37.71145572,144.9981709,2.0,1.0,townhouse,2.0,2025-06-20,186.0,m2,"$690,000"
property-townhouse-vic-reservoir-147362600,Reservoir,3073,2/853 High Street,-37.72623403,145.0058793,2.0,2.0,townhouse,1.0,2025-06-20,,,"$689,000"
property-apartment-vic-reservoir-148132908,Reservoir,3073,204A/59 Johnson Street,-37.69612286,145.0120604,2.0,2.0,apartment,1.0,2025-06-20,,,"$395,000"
property-unit-vic-reservoir-147508104,Reservoir,3073,60/2 Gremel Road,-37.72423704,145.0303681,1.0,1.0,unit,1.0,2025-06-20,,,"$137,500"
property-house-vic-reservoir-148051104,Reservoir,3073,15 Shand Road,-37.722505,145.019255,2.0,1.0,house,1.0,2025-06-19,673.0,m2,"$850,000"
property-townhouse-vic-reservoir-148173312,Reservoir,3073,5/20-22  Thackeray Road,-37.72124313,145.0141308,2.0,2.0,townhouse,2.0,2025-06-19,,,"$766,000"
property-unit-vic-reservoir-147812872,Reservoir,3073,3/1 Station Street,-37.72981006,145.004799,2.0,1.0,unit,1.0,2025-06-19,152.0,m2,"$560,000"
property-house-vic-reservoir-147029392,Reservoir,3073,21 Summerhill Road,-37.72728,145.033186,2.0,1.0,house,2.0,2025-06-18,571.0,m2,"$730,000"
property-townhouse-vic-reservoir-147824980,Reservoir,3073,5/38 Pickett Street,-37.70358653,145.0133303,2.0,1.0,townhouse,1.0,2025-06-18,,,"$595,000"
property-house-vic-reservoir-147366444,Reservoir,3073,9 Zinnia Street,-37.715532,144.982232,5.0,2.0,house,4.0,2025-06-17,499.0,m2,"$780,000"
property-house-vic-reservoir-147789576,Reservoir,3073,2 Florence Close,-37.700691,144.983893,3.0,2.0,house,4.0,2025-06-16,575.0,m2,"$990,000"
property-unit-vic-reservoir-148135640,Reservoir,3073,3/12 Sturdee Street,-37.70174055,145.0090935,2.0,1.0,unit,1.0,2025-06-16,,,"$681,000"
property-house-vic-reservoir-148034148,Reservoir,3073,15 Clough Parade,-37.69844,145.035231,4.0,2.0,house,4.0,2025-06-14,558.0,m2,"$1,150,000"
property-house-vic-reservoir-148073372,Reservoir,3073,36 Pallant Avenue,-37.696217,144.994766,4.0,2.0,house,6.0,2025-06-14,840.0,m2,"$1,081,000"
property-house-vic-reservoir-148092068,Reservoir,3073,37 Epstein Street,-37.708355,144.993134,3.0,1.0,house,1.0,2025-06-14,516.0,m2,"$927,000"
property-house-vic-reservoir-148030000,Reservoir,3073,8 Whitelaw Street,-37.715652,145.013664,2.0,1.0,house,2.0,2025-06-14,710.0,m2,"$853,000"
property-unit-vic-reservoir-147640852,Reservoir,3073,4/136 Hickford Street,-37.70226773,145.0141196,3.0,2.0,unit,2.0,2025-06-14,,,"$651,000"
property-house-vic-reservoir-148032196,Reservoir,3073,969 High Street,-37.708513,145.008784,3.0,1.0,house,3.0,2025-06-14,594.0,m2,"$650,000"
property-unit-vic-reservoir-148008200,Reservoir,3073,3/46 Crookston Road,-37.70987224,145.0188547,2.0,1.0,unit,2.0,2025-06-14,141.0,m2,"$575,000"
property-unit-vic-reservoir-148076916,Reservoir,3073,5/15 Loddon Avenue,-37.72291703,145.0262038,2.0,1.0,unit,1.0,2025-06-13,,,"$530,000"
property-townhouse-vic-reservoir-147486060,Reservoir,3073,3/65 Dundee Street,-37.70237149,145.0244979,2.0,2.0,townhouse,1.0,2025-06-12,,,"$698,000"
property-unit-vic-reservoir-147927304,Reservoir,3073,6/148 Hickford Street,-37.70181983,145.0130169,2.0,1.0,unit,1.0,2025-06-12,,,"$534,500"
property-unit-vic-reservoir-148102416,Reservoir,3073,7/84-86 Pine Street,-37.71666659,144.998603,1.0,1.0,unit,1.0,2025-06-12,,,"$518,000"
property-unit-vic-reservoir-148117592,Reservoir,3073,4/2 Lake Street,-37.71710575,144.9919969,2.0,1.0,unit,2.0,2025-06-11,110.0,m2,"$603,000"
property-townhouse-vic-reservoir-148021772,Reservoir,3073,53B Miranda Road,-37.70732015,145.0210653,3.0,1.0,townhouse,2.0,2025-06-10,,,"$710,000"
property-unit-vic-reservoir-148083504,Reservoir,3073,2/16 Banff Street,-37.70428034,145.023768,2.0,1.0,unit,1.0,2025-06-10,,,"$615,000"
property-townhouse-vic-reservoir-147282600,Reservoir,3073,2/6 McComas Street,-37.7289874,145.0261888,2.0,1.0,townhouse,2.0,2025-06-10,942.0,m2,"$541,000"
property-house-vic-reservoir-148024324,Reservoir,3073,29 Chenies Street,-37.70963053,145.0291389,3.0,1.0,house,2.0,2025-06-09,,,"$720,000"
property-unit-vic-reservoir-144452692,Reservoir,3073,3/34 Drysdale Street,-37.72913377,145.0223918,2.0,1.0,unit,1.0,2025-06-08,,,"$535,000"
property-house-vic-reservoir-147953536,Reservoir,3073,59 Crookston Rd,-37.710078,145.018248,5.0,1.0,house,3.0,2025-06-07,687.0,m2,"$905,000"
property-unit-vic-reservoir-148012192,Reservoir,3073,1/49 Orrong Avenue,-37.71176173,145.0139465,2.0,1.0,unit,1.0,2025-06-07,269.0,m2,"$721,250"
property-unit-vic-reservoir-148039520,Reservoir,3073,6/30 Ashley Street,-37.71713453,145.0024269,2.0,1.0,unit,1.0,2025-06-07,,,"$430,000"
property-house-vic-reservoir-147754632,Reservoir,3073,16 Crawley Street,-37.725771,145.004509,3.0,2.0,house,3.0,2025-06-06,532.0,m2,"$1,435,000"
property-townhouse-vic-reservoir-147874040,Reservoir,3073,3/9 Delaware Street,-37.72109638,145.0153199,3.0,2.0,townhouse,2.0,2025-06-06,,,"$783,000"
property-townhouse-vic-reservoir-148037568,Reservoir,3073,5/16 Bernard Street,-37.71764932,145.0105024,2.0,1.0,townhouse,1.0,2025-06-06,,,"$627,000"
property-apartment-vic-reservoir-147891940,Reservoir,3073,9/72 King William Street,-37.72603087,145.0070785,1.0,1.0,apartment,1.0,2025-06-06,,,"$299,000"
property-house-vic-reservoir-147957276,Reservoir,3073,19 Fulham Grove,-37.72472379,144.9951321,2.0,1.0,house,3.0,2025-05-31,,,"$1,020,000"
property-house-vic-reservoir-147927596,Reservoir,3073,17 Allenby Avenue,-37.704092,145.007439,3.0,1.0,house,4.0,2025-05-31,1109.0,m2,"$990,000"
property-house-vic-reservoir-147948336,Reservoir,3073,31A Steane Street,-37.730444,145.022425,3.0,1.0,house,2.0,2025-05-31,491.0,m2,"$983,000"
property-house-vic-reservoir-147959032,Reservoir,3073,10 Luke Street,-37.710095,144.990512,3.0,1.0,house,1.0,2025-05-31,,,"$933,000"
property-house-vic-reservoir-147921252,Reservoir,3073,3 Corvey Road,-37.708338,145.012328,3.0,1.0,house,1.0,2025-05-31,743.0,m2,"$920,000"
property-house-vic-reservoir-147948360,Reservoir,3073,1/161 Rathcown Road,-37.70892613,145.0154123,2.0,1.0,house,2.0,2025-05-31,305.0,m2,"$846,000"
property-house-vic-reservoir-147955504,Reservoir,3073,1A Lindsay Street,-37.719098,145.013448,3.0,1.0,house,2.0,2025-05-31,288.0,m2,"$811,500"
property-house-vic-reservoir-147955500,Reservoir,3073,93 Cheddar Road,-37.70584,145.014879,3.0,1.0,house,4.0,2025-05-31,,,"$799,000"
property-townhouse-vic-reservoir-147981736,Reservoir,3073,3/16 Clements Grove,-37.71393179,145.0236051,3.0,2.0,townhouse,2.0,2025-05-31,,,"$762,000"
property-townhouse-vic-reservoir-148027520,Reservoir,3073,2/62 Northernhay Street,-37.7242888,145.0087251,2.0,1.0,townhouse,1.0,2025-05-31,138.0,m2,"$715,755"
property-townhouse-vic-reservoir-147907008,Reservoir,3073,2/13 McCrae Street,-37.70527884,145.0106977,2.0,1.0,townhouse,1.0,2025-05-31,190.0,m2,"$715,000"
property-townhouse-vic-reservoir-147494268,Reservoir,3073,4/5 Dunolly Crescent,-37.71613471,145.020583,3.0,2.0,townhouse,2.0,2025-05-31,,,"$690,000"
property-unit-vic-reservoir-148031860,Reservoir,3073,2/5 Ashton Street,-37.73145731,145.0205611,2.0,1.0,unit,2.0,2025-05-30,154.0,m2,"$605,000"
property-house-vic-reservoir-147877692,Reservoir,3073,31 Best Street,-37.712433,144.997063,4.0,2.0,house,2.0,2025-05-29,643.0,m2,"$1,320,000"
property-townhouse-vic-reservoir-147582624,Reservoir,3073,1/69 Hickford Street,-37.705521,145.023258,4.0,2.0,townhouse,2.0,2025-05-29,228.0,m2,"$902,000"
property-townhouse-vic-reservoir-147961864,Reservoir,3073,3/74B St Vigeons Road,-37.70613582,145.024877,3.0,2.0,townhouse,2.0,2025-05-29,,,"$802,500"
property-townhouse-vic-reservoir-147903648,Reservoir,3073,1B Epstein Street,-37.71089755,144.9927219,3.0,2.0,townhouse,2.0,2025-05-28,,,"$780,000"
property-house-vic-reservoir-147884748,Reservoir,3073,8 Colthur Street,-37.709475,144.992219,3.0,1.0,house,1.0,2025-05-28,591.0,m2,"$740,000"
property-townhouse-vic-reservoir-147355044,Reservoir,3073,25 Wattlebird Crescent,-37.69278628,144.9836461,3.0,2.0,townhouse,2.0,2025-05-28,362.0,m2,"$730,000"
property-townhouse-vic-reservoir-147268680,Reservoir,3073,3/30 Orrong Avenue,-37.71379039,145.0110731,3.0,2.0,townhouse,1.0,2025-05-28,,,"$640,000"
property-unit-vic-reservoir-145622352,Reservoir,3073,1/11 Mahoneys Road,-37.69487344,145.0089432,3.0,2.0,unit,4.0,2025-05-28,201.0,m2,"$535,000"
property-townhouse-vic-reservoir-147809404,Reservoir,3073,1/20 Duffy Street,-37.71029607,145.0077527,3.0,2.0,townhouse,1.0,2025-05-27,,,"$852,000"
property-house-vic-reservoir-147304964,Reservoir,3073,78 Arundel Avenue,-37.696073,145.014481,3.0,1.0,house,8.0,2025-05-27,631.0,m2,"$800,000"
property-house-vic-reservoir-147926184,Reservoir,3073,162 Broadhurst Avenue,-37.706653,144.985286,3.0,1.0,house,4.0,2025-05-25,812.0,m2,"$900,000"
property-house-vic-reservoir-147855348,Reservoir,3073,22 Keilor Avenue,-37.71943,145.026678,5.0,1.0,house,10.0,2025-05-24,592.0,m2,"$1,066,000"
property-house-vic-reservoir-147846176,Reservoir,3073,1/187 Edwardes Street,-37.71552565,144.9970109,3.0,2.0,house,2.0,2025-05-24,502.0,m2,"$1,000,000"
property-house-vic-reservoir-147877736,Reservoir,3073,10 Rosenthal Crescent,-37.702195,145.003441,3.0,1.0,house,4.0,2025-05-24,597.0,m2,"$888,000"
property-house-vic-reservoir-147883228,Reservoir,3073,7 Braithwaite Street,-37.698753,144.99869,3.0,1.0,house,1.0,2025-05-24,,,"$850,000"
property-house-vic-reservoir-147879352,Reservoir,3073,3  Burbank Drive,-37.697152,145.023469,3.0,1.0,house,2.0,2025-05-24,585.0,m2,"$825,000"
property-unit-vic-reservoir-147870084,Reservoir,3073,2/71 McFadzean Avenue,-37.7049694,144.9975419,3.0,1.0,unit,2.0,2025-05-24,,,"$737,000"
property-townhouse-vic-reservoir-147880984,Reservoir,3073,1/830 High Street,-37.72384649,145.006709,3.0,1.0,townhouse,1.0,2025-05-24,,,"$705,000"
property-house-vic-reservoir-147892620,Reservoir,3073,1 Merrilands Road,-37.696005,145.00989,3.0,1.0,house,3.0,2025-05-23,764.0,m2,"$910,000"
property-house-vic-reservoir-147961484,Reservoir,3073,1/41 Dundee Street,-37.70261254,145.0221155,3.0,1.0,house,1.0,2025-05-23,,,"$730,000"
property-townhouse-vic-reservoir-147545820,Reservoir,3073,3/6 Boldrewood Parade,-37.72447527,145.0233859,2.0,1.0,townhouse,1.0,2025-05-23,,,"$580,000"
property-townhouse-vic-reservoir-147905980,Reservoir,3073,16 Haig Street,-37.72754,144.995124,3.0,3.0,townhouse,2.0,2025-05-22,,,"$1,126,000"
property-house-vic-reservoir-147787532,Reservoir,3073,12A Claremont Crescent,-37.6955976,144.9796812,3.0,1.0,house,2.0,2025-05-22,278.0,m2,"$650,000"
property-townhouse-vic-reservoir-147545376,Reservoir,3073,4/87 Darebin Boulevard,-37.703988,145.029674,3.0,2.0,townhouse,4.0,2025-05-21,845.0,m2,"$805,000"
property-house-vic-reservoir-147543788,Reservoir,3073,27 Cheddar Road,-37.711315,145.010887,3.0,1.0,house,2.0,2025-05-20,501.0,m2,"$915,000"
property-townhouse-vic-reservoir-147967204,Reservoir,3073,8/84-86 Howard Street,-37.71868918,145.0081663,3.0,2.0,townhouse,2.0,2025-05-20,173.0,m2,"$860,000"
property-unit-vic-reservoir-147964332,Reservoir,3073,2/21 Mason Street,-37.72849213,145.0088611,2.0,1.0,unit,1.0,2025-05-20,,,"$730,000"
property-unit-vic-reservoir-147948308,Reservoir,3073,3/65 Hickford Street,-37.70554124,145.023551,2.0,1.0,unit,1.0,2025-05-19,,,"$660,000"
property-house-vic-reservoir-147853596,Reservoir,3073,33 Darebin Boulevard,-37.70326,145.023307,3.0,1.0,house,3.0,2025-05-18,836.0,m2,"$765,000"
property-house-vic-reservoir-147794820,Reservoir,3073,21 Excelsior Street,-37.724442,144.997375,3.0,1.0,house,2.0,2025-05-17,545.0,m2,"$1,050,000"
property-house-vic-reservoir-147835440,Reservoir,3073,169 Glasgow Avenue,-37.705027,144.985545,4.0,2.0,house,4.0,2025-05-17,892.0,m2,"$1,000,000"
property-townhouse-vic-reservoir-147832628,Reservoir,3073,1A Beenak Street,-37.71135065,145.0256129,3.0,2.0,townhouse,4.0,2025-05-17,,,"$945,000"
property-house-vic-reservoir-147829628,Reservoir,3073,15 Kelverne Street,-37.714714,144.981845,3.0,2.0,house,3.0,2025-05-17,492.0,m2,"$857,000"
property-house-vic-reservoir-147835636,Reservoir,3073,1/6 Corvey Road,-37.70806691,145.0124722,3.0,1.0,house,2.0,2025-05-17,,,"$760,000"
property-townhouse-vic-reservoir-147808776,Reservoir,3073,2/35 OConnor Street,-37.71081945,145.0015447,3.0,2.0,townhouse,1.0,2025-05-16,121.0,m2,"$860,000"
property-unit-vic-reservoir-145222368,Reservoir,3073,2/17 Nocton Street,-37.724338,144.985839,2.0,1.0,unit,1.0,2025-05-16,,,"$700,000"
property-unit-vic-reservoir-147827444,Reservoir,3073,5/177 Edwardes Street,-37.71558913,144.9975376,2.0,1.0,unit,1.0,2025-05-16,145.0,m2,"$561,000"
property-unit-vic-reservoir-146890640,Reservoir,3073,19/2A Crookston Road,-37.71053544,145.0244011,2.0,1.0,unit,1.0,2025-05-16,,,"$541,000"
property-house-vic-reservoir-147829608,Reservoir,3073,48 Carrington Road,-37.721507,144.988048,3.0,1.0,house,6.0,2025-05-15,557.0,m2,"$1,250,000"
property-townhouse-vic-reservoir-147853760,Reservoir,3073,16/15 Chenies Street,-37.71084443,145.0289197,3.0,2.0,townhouse,1.0,2025-05-15,144.0,m2,"$640,000"
property-unit-vic-reservoir-147724232,Reservoir,3073,2/27 Whitelaw Street,-37.71466095,145.0147457,2.0,1.0,unit,2.0,2025-05-14,,,"$603,000"
property-house-vic-reservoir-147743436,Reservoir,3073,5 Orange Avenue,-37.712012,145.012116,2.0,1.0,house,2.0,2025-05-13,604.0,m2,"$670,000"
property-apartment-vic-reservoir-147478280,Reservoir,3073,5/759 Gilbert Road,-37.71917559,144.9930694,2.0,2.0,apartment,2.0,2025-05-13,,,"$490,000"
property-unit-vic-reservoir-147263708,Reservoir,3073,14/696 Plenty Road,-37.73036665,145.0158163,2.0,1.0,unit,1.0,2025-05-13,,,"$435,000"
property-house-vic-reservoir-147346636,Reservoir,3073,32 & 32a Fulham Grove,-37.72431152,144.9941445,4.0,2.0,house,4.0,2025-05-12,536.0,m2,"$1,110,000"
property-house-vic-reservoir-147723548,Reservoir,3073,41 Glasgow Avenue,-37.705449,145.002435,3.0,1.0,house,4.0,2025-05-10,824.0,m2,"$1,105,000"
property-house-vic-reservoir-147723244,Reservoir,3073,1 Wellman Street,-37.698858,144.996408,3.0,1.0,house,4.0,2025-05-10,573.0,m2,"$843,000"
property-unit-vic-reservoir-147768176,Reservoir,3073,1/34 Northernhay Street,-37.72457089,145.0112769,3.0,1.0,unit,1.0,2025-05-10,279.0,m2,"$801,000"
property-house-vic-reservoir-147797896,Reservoir,3073,14 Summerhill Road,-37.727097,145.034053,3.0,1.0,house,2.0,2025-05-10,674.0,m2,"$747,000"
property-townhouse-vic-reservoir-147682184,Reservoir,3073,3/39 Royal Parade,-37.71465586,145.0103004,2.0,1.0,townhouse,1.0,2025-05-10,,,"$677,500"
property-unit-vic-reservoir-147808440,Reservoir,3073,1/3 Erskine Avenue,-37.72409383,145.0255564,2.0,1.0,unit,1.0,2025-05-10,147.0,m2,"$650,000"
property-townhouse-vic-reservoir-147781836,Reservoir,3073,74C Cheddar Road,-37.70608534,145.0158212,2.0,1.0,townhouse,4.0,2025-05-10,175.0,m2,"$590,000"
property-unit-vic-reservoir-147787528,Reservoir,3073,6/15-17 Chaleyer Street,-37.72823578,145.026593,2.0,1.0,unit,1.0,2025-05-10,,,"$559,500"
property-house-vic-reservoir-147624128,Reservoir,3073,7 Bartrop Street,-37.697855,144.986204,5.0,3.0,house,4.0,2025-05-09,943.0,m2,"$1,900,000"
property-house-vic-reservoir-147374356,Reservoir,3073,66 Strathmerton Street,-37.713201,145.016928,3.0,1.0,house,2.0,2025-05-09,728.0,m2,"$780,000"
property-house-vic-reservoir-143310008,Reservoir,3073,183 Albert Street,-37.728746,145.025443,3.0,1.0,house,2.0,2025-05-09,633.0,m2,"$720,000"
property-house-vic-reservoir-147730168,Reservoir,3073,104 Radford Road,-37.701541,144.985129,3.0,1.0,house,2.0,2025-05-08,606.0,m2,"$920,000"
property-house-vic-reservoir-147426880,Reservoir,3073,2 Taylor Avenue,-37.722418,144.999165,3.0,1.0,house,2.0,2025-05-08,538.0,m2,"$900,000"
property-townhouse-vic-reservoir-147835624,Reservoir,3073,2/191 Purinuan Road,-37.70769627,145.0127305,2.0,1.0,townhouse,1.0,2025-05-08,,,"$665,000"
property-house-vic-reservoir-147387824,Reservoir,3073,114 Spring Street,-37.728514,145.001032,3.0,1.0,house,4.0,2025-05-07,465.0,m2,"$770,000"
property-townhouse-vic-reservoir-147565384,Reservoir,3073,1/57 Lane Crescent,-37.71312861,145.0194928,3.0,2.0,townhouse,2.0,2025-05-07,244.0,m2,"$749,000"
property-house-vic-reservoir-146662948,Reservoir,3073,27 Harmer Street,-37.70147,145.013861,3.0,1.0,house,5.0,2025-05-07,,,"$730,000"
property-townhouse-vic-reservoir-147668596,Reservoir,3073,4/84 Tyler Street,-37.73268516,145.0301233,3.0,2.0,townhouse,2.0,2025-05-04,,,"$708,000"
property-house-vic-reservoir-147744752,Reservoir,3073,2-4 Nisbett Street,-37.728139,145.036023,6.0,2.0,house,4.0,2025-05-03,879.0,m2,"$1,025,000"
property-house-vic-reservoir-147743712,Reservoir,3073,12 Oulton Crescent,-37.726719,145.028719,3.0,1.0,house,2.0,2025-05-03,609.0,m2,"$902,000"
property-townhouse-vic-reservoir-147638560,Reservoir,3073,1/96 Crookston Road,-37.70935385,145.0145839,2.0,2.0,townhouse,1.0,2025-05-03,,,"$788,000"
property-house-vic-reservoir-147728720,Reservoir,3073,9 Clements Grove,-37.713785,145.023254,2.0,1.0,house,4.0,2025-05-03,608.0,m2,"$725,000"
property-house-vic-reservoir-147734340,Reservoir,3073,1A Balfour Street,-37.695286,145.005237,2.0,1.0,house,2.0,2025-05-03,,,"$710,000"
property-house-vic-reservoir-147745100,Reservoir,3073,35 Boldrewood Parade,-37.72213,145.021637,3.0,1.0,house,2.0,2025-05-03,696.0,m2,"$696,000"
property-unit-vic-reservoir-147728724,Reservoir,3073,3/161 Rathcown Road,-37.70892613,145.0154123,2.0,1.0,unit,1.0,2025-05-03,,,"$610,000"
property-townhouse-vic-reservoir-145937296,Reservoir,3073,2/7 Steane Street,-37.730914,145.026259,2.0,2.0,townhouse,1.0,2025-05-02,,,"$590,000"
property-unit-vic-reservoir-147666992,Reservoir,3073,1/27 Allenby Avenue,-37.70321909,145.0066195,3.0,1.0,unit,2.0,2025-05-01,177.0,m2,"$695,000"
property-unit-vic-reservoir-147089700,Reservoir,3073,3/27 Elsey Road,-37.705219,145.011571,2.0,1.0,unit,1.0,2025-05-01,,,"$455,000"
property-house-vic-reservoir-147728884,Reservoir,3073,22 Burbank Drive,-37.699056,145.025188,3.0,1.0,house,2.0,2025-04-30,583.0,m2,"$750,000"
property-townhouse-vic-reservoir-147849740,Reservoir,3073,1/24 Crevelli Street,-37.7308772,145.030238,2.0,1.0,townhouse,1.0,2025-04-30,,,"$600,000"
property-unit-vic-reservoir-147755660,Reservoir,3073,1/41 Storey Road,-37.72361868,145.0119218,2.0,1.0,unit,1.0,2025-04-29,,,"$670,000"
property-unit-vic-reservoir-147657144,Reservoir,3073,7/14 Merino Street,-37.7075857,145.0329591,2.0,1.0,unit,1.0,2025-04-29,163.0,m2,"$515,500"
property-unit-vic-reservoir-145407540,Reservoir,3073,2/6 Griffiths Street,-37.71364789,144.995925,2.0,1.0,unit,1.0,2025-04-29,,,"$450,000"
property-unit-vic-reservoir-146791424,Reservoir,3073,3/35 Hobbs Crescent,-37.70602975,145.0054335,3.0,1.0,unit,2.0,2025-04-28,238.0,m2,"$890,000"
property-house-vic-reservoir-147308168,Reservoir,3073,7 Dorrington Avenue,-37.727103,145.025249,3.0,1.0,house,2.0,2025-04-28,624.0,m2,"$715,000"
property-house-vic-reservoir-147680732,Reservoir,3073,8 Hosken Street,-37.727081,144.986695,3.0,2.0,house,4.0,2025-04-26,707.0,m2,"$1,055,000"
property-house-vic-reservoir-147603392,Reservoir,3073,50 Kia Ora Road,-37.719914,144.988126,3.0,1.0,house,4.0,2025-04-26,519.0,m2,"$927,500"
property-house-vic-reservoir-147596372,Reservoir,3073,70 Tunaley Parade,-37.697233,145.028832,3.0,1.0,house,4.0,2025-04-26,596.0,m2,"$830,000"
property-house-vic-reservoir-147666976,Reservoir,3073,6 Summerhill Road,-37.727288,145.035807,3.0,1.0,house,4.0,2025-04-26,663.0,m2,"$812,500"
property-house-vic-reservoir-147666996,Reservoir,3073,33 Keon Parade,-37.69595,145.018764,3.0,1.0,house,4.0,2025-04-26,341.0,m2,"$610,000"
property-house-vic-reservoir-147416100,Reservoir,3073,53 Dumbarton Street,-37.702232,145.029164,5.0,2.0,house,5.0,2025-04-24,611.0,m2,"$1,800,000"
property-house-vic-reservoir-147296076,Reservoir,3073,14B Wilkinson Street,-37.72641446,145.018435,4.0,3.0,house,2.0,2025-04-24,,,"$1,640,000"
property-unit-vic-reservoir-147412852,Reservoir,3073,12/13 Elsey Road,-37.70537006,145.013551,1.0,1.0,unit,1.0,2025-04-23,2504.0,m2,"$365,000"
property-unit-vic-reservoir-147480220,Reservoir,3073,1/30 Kelsby Street,-37.71317272,144.9987134,1.0,1.0,unit,2.0,2025-04-23,76.0,m2,"$360,000"
property-townhouse-vic-reservoir-147025356,Reservoir,3073,2/19 Arundel Avenue,-37.69690208,145.0192034,2.0,2.0,townhouse,1.0,2025-04-22,165.0,m2,"$730,000"
property-unit-vic-reservoir-147586940,Reservoir,3073,3/23 Compton Street,-37.71394246,145.0025559,2.0,1.0,unit,2.0,2025-04-19,165.0,m2,"$640,000"
property-unit-vic-reservoir-147608608,Reservoir,3073,3/30 Miranda Road,-37.70735963,145.0237656,2.0,1.0,unit,1.0,2025-04-19,,,"$570,000"
property-house-vic-reservoir-147430716,Reservoir,3073,18 Joffre Street,-37.729294,145.013027,4.0,2.0,house,4.0,2025-04-17,742.0,m2,"$1,661,000"
property-house-vic-reservoir-147237744,Reservoir,3073,90 Rathcown Road,-37.709359,145.02319,3.0,1.0,house,1.0,2025-04-17,,,"$950,000"
property-unit-vic-reservoir-147608616,Reservoir,3073,157 Boldrewood Parade,-37.71196109,145.0225829,3.0,1.0,unit,1.0,2025-04-17,239.0,m2,"$640,000"
property-unit-vic-reservoir-147568808,Reservoir,3073,2/13 Miranda Road,-37.70790255,145.0258664,2.0,1.0,unit,1.0,2025-04-17,,,"$432,000"
property-unit-vic-reservoir-147363216,Reservoir,3073,9/3-5 Whitelaw Street,-37.7156767,145.0130263,1.0,1.0,unit,1.0,2025-04-17,,,"$345,000"
property-unit-vic-reservoir-147541656,Reservoir,3073,1/1-3 McFadzean Avenue,-37.71137045,144.9971328,2.0,1.0,unit,1.0,2025-04-16,,,"$615,000"
property-house-vic-reservoir-147067736,Reservoir,3073,158 Hughes Parade,-37.694897,144.99132,4.0,3.0,house,2.0,2025-04-15,,,"$1,060,000"
property-house-vic-reservoir-147502708,Reservoir,3073,10 Vale Street,-37.726876,144.990535,3.0,2.0,house,5.0,2025-04-12,,,"$1,260,000"
property-house-vic-reservoir-147504712,Reservoir,3073,14 Corvey Road,-37.707988,145.011883,3.0,2.0,house,2.0,2025-04-12,743.0,m2,"$1,145,000"
property-house-vic-reservoir-147192800,Reservoir,3073,14 Barron Street,-37.70556,144.986143,3.0,1.0,house,4.0,2025-04-12,808.0,m2,"$942,000"
property-house-vic-reservoir-147522448,Reservoir,3073,78 Lloyd Avenue,-37.697699,145.01361,3.0,1.0,house,4.0,2025-04-12,557.0,m2,"$936,000"
property-house-vic-reservoir-147507744,Reservoir,3073,37 Hughes Parade,-37.700341,145.003037,3.0,1.0,house,4.0,2025-04-12,661.0,m2,"$879,000"
property-house-vic-reservoir-147554196,Reservoir,3073,31 Orrong Avenue,-37.7127,145.012313,2.0,1.0,house,2.0,2025-04-12,,,"$795,000"
property-townhouse-vic-reservoir-147554408,Reservoir,3073,8/4 Kelsby Street,-37.714844,144.998416,2.0,1.0,townhouse,1.0,2025-04-12,,,"$750,000"
property-house-vic-reservoir-147557384,Reservoir,3073,147 Rathcown Road,-37.70889748,145.0166873,3.0,1.0,house,1.0,2025-04-12,,,"$729,000"
property-unit-vic-reservoir-147577184,Reservoir,3073,5/12 Willoughby Street,-37.71801081,144.9962993,2.0,1.0,unit,1.0,2025-04-12,215.0,m2,"$660,000"
property-unit-vic-reservoir-147493600,Reservoir,3073,3/177 Edwardes Street,-37.71558913,144.9975376,2.0,1.0,unit,1.0,2025-04-12,,,"$545,000"
property-unit-vic-reservoir-147488200,Reservoir,3073,4/22 Hickford Street,-37.70588661,145.0289938,2.0,1.0,unit,1.0,2025-04-11,,,"$549,000"
property-unit-vic-reservoir-147475268,Reservoir,3073,4/17 Dundee Street,-37.70346674,145.0199192,2.0,1.0,unit,1.0,2025-04-10,204.0,m2,"$588,000"
property-house-vic-reservoir-147191808,Reservoir,3073,50 Dundee Street,-37.702531,145.023372,3.0,1.0,house,4.0,2025-04-09,563.0,m2,"$975,000"
property-townhouse-vic-reservoir-147585376,Reservoir,3073,3/170 Spring Street,-37.72340768,145.0019182,2.0,2.0,townhouse,1.0,2025-04-09,,,"$705,000"
property-unit-vic-reservoir-147315496,Reservoir,3073,4/50 St Vigeons Road,-37.70677568,145.0274999,2.0,1.0,unit,2.0,2025-04-09,149.0,m2,"$555,000"
property-townhouse-vic-reservoir-147629268,Reservoir,3073,2/16 Haig Street,-37.72754,144.995124,3.0,2.0,townhouse,2.0,2025-04-08,,,"$1,002,000"
property-house-vic-reservoir-147309544,Reservoir,3073,15 McFadzean Avenue,-37.710256,144.997314,3.0,1.0,house,3.0,2025-04-07,446.0,m2,"$760,000"
property-house-vic-reservoir-147491688,Reservoir,3073,1 Jinghi Road,-37.706457,145.014068,3.0,2.0,house,2.0,2025-04-05,442.0,m2,"$999,000"
property-house-vic-reservoir-147503704,Reservoir,3073,1 Delaware Street,-37.72097985,145.0160339,2.0,1.0,house,1.0,2025-04-05,,,"$957,000"
property-house-vic-reservoir-147476496,Reservoir,3073,62 Goulburn Avenue,-37.720842,145.020037,2.0,1.0,house,6.0,2025-04-05,621.0,m2,"$890,000"
property-house-vic-reservoir-147480312,Reservoir,3073,17A North Road,-37.72113015,145.0254813,3.0,2.0,house,2.0,2025-04-05,227.0,m2,"$855,000"
property-house-vic-reservoir-147476444,Reservoir,3073,5 Maclagan Crescent,-37.706852,145.008125,3.0,2.0,house,6.0,2025-04-05,,,"$815,000"
property-townhouse-vic-reservoir-147489708,Reservoir,3073,3/44 Dundee Street,-37.70268229,145.0227413,2.0,2.0,townhouse,1.0,2025-04-05,,,"$705,000"
property-house-vic-reservoir-147473364,Reservoir,3073,42 Home Street,-37.7255775,145.0207447,2.0,1.0,house,2.0,2025-04-05,127.0,m2,"$690,000"
property-unit-vic-reservoir-147489448,Reservoir,3073,1/29 Chaleyer Street,-37.72795211,145.0241955,2.0,1.0,unit,1.0,2025-04-05,273.0,m2,"$650,000"
property-apartment-vic-reservoir-147457996,Reservoir,3073,4/74 King William Street,-37.72601019,145.0068498,1.0,1.0,apartment,1.0,2025-04-05,,,"$315,000"
property-house-vic-reservoir-147296372,Reservoir,3073,26 Mcfadzean Avenue,-37.706424,144.998291,3.0,1.0,house,2.0,2025-04-04,497.0,m2,"$855,000"
property-townhouse-vic-reservoir-147477568,Reservoir,3073,2/28 Pickett Street,-37.70407128,145.0145276,3.0,3.0,townhouse,2.0,2025-04-04,,,"$800,000"
property-townhouse-vic-reservoir-147032868,Reservoir,3073,3/15 Horton Street,-37.723555,144.986575,3.0,2.0,townhouse,2.0,2025-04-04,,,"$760,000"
property-townhouse-vic-reservoir-147345440,Reservoir,3073,47C Whitelaw Street,-37.71317729,145.0173083,3.0,2.0,townhouse,2.0,2025-04-04,147.0,m2,"$740,000"
property-townhouse-vic-reservoir-147562324,Reservoir,3073,3/23 Lake Street,-37.71711939,144.9901734,3.0,2.0,townhouse,1.0,2025-04-03,,,"$881,000"
property-unit-vic-reservoir-147354212,Reservoir,3073,2/50 Pickett Street,-37.7037437,145.0118612,2.0,1.0,unit,1.0,2025-04-03,,,"$402,000"
property-unit-vic-reservoir-147536932,Reservoir,3073,3/15-16 Macartney Street,-37.71206019,145.009098,1.0,1.0,unit,1.0,2025-04-03,,,"$385,000"
property-townhouse-vic-reservoir-147495380,Reservoir,3073,2/47 Mason Street,-37.72818632,145.0063109,3.0,1.0,townhouse,1.0,2025-04-01,,,"$870,000"
property-unit-vic-reservoir-147553448,Reservoir,3073,3/36 Myrtle Grove,-37.72822288,144.9989059,2.0,1.0,unit,1.0,2025-04-01,,,"$600,000"
property-house-vic-reservoir-147431512,Reservoir,3073,7 McIvor Street,-37.726726,145.016227,3.0,2.0,house,2.0,2025-03-29,623.0,m2,"$1,755,000"
property-house-vic-reservoir-147337416,Reservoir,3073,17 Bourke Street,-37.724801,144.99041,3.0,1.0,house,1.0,2025-03-29,485.0,m2,"$995,000"
property-house-vic-reservoir-147389116,Reservoir,3073,98 Wilson Boulevard,-37.697489,144.997998,4.0,2.0,house,2.0,2025-03-29,,,"$967,000"
property-townhouse-vic-reservoir-147490088,Reservoir,3073,1/17 McComas Street,-37.72922942,145.0239278,2.0,1.0,townhouse,2.0,2025-03-29,,,"$690,000"
property-townhouse-vic-reservoir-146464524,Reservoir,3073,3/6-8 Box Street,-37.70765789,145.0214333,2.0,1.0,townhouse,1.0,2025-03-29,,,"$615,000"
property-unit-vic-reservoir-147412924,Reservoir,3073,8/29-31 Ashley Street,-37.71731496,145.0020046,2.0,1.0,unit,1.0,2025-03-29,131.0,m2,"$579,000"
property-house-vic-reservoir-147382060,Reservoir,3073,6 Arbor Avenue,,,5.0,3.0,house,2.0,2025-03-28,466.0,m2,"$1,330,000"
property-house-vic-reservoir-147423108,Reservoir,3073,31 Evans Crescent,-37.71491606,145.021895,2.0,1.0,house,1.0,2025-03-28,375.0,m2,"$750,000"
property-townhouse-vic-reservoir-147563028,Reservoir,3073,2/6 Locher Avenue,-37.70054183,145.0234048,2.0,2.0,townhouse,1.0,2025-03-28,,,"$630,000"
property-unit-vic-reservoir-147479984,Reservoir,3073,9/77 Pine Street,-37.71723319,144.9981135,2.0,1.0,unit,1.0,2025-03-28,177.0,m2,"$621,000"
property-unit-vic-reservoir-146891252,Reservoir,3073,4/32 Banff Street,-37.7045468,145.0258898,2.0,1.0,unit,1.0,2025-03-28,,,"$474,000"
property-unit-vic-reservoir-147068380,Reservoir,3073,3/13 Crookston Road,-37.71070825,145.0231742,2.0,1.0,unit,1.0,2025-03-28,,,"$365,000"
property-house-vic-reservoir-147325064,Reservoir,3073,122 Glasgow Avenue,-37.70447,144.988317,3.0,1.0,house,2.0,2025-03-27,964.0,m2,"$1,050,000"
property-townhouse-vic-reservoir-147282664,Reservoir,3073,4/2 Barry Street,-37.70972124,145.0080774,2.0,1.0,townhouse,1.0,2025-03-27,,,"$632,000"
property-flat-vic-reservoir-147118276,Reservoir,3073,3/833 High Street,-37.72716233,145.0057124,2.0,1.0,flat,1.0,2025-03-27,,,"$475,000"
property-house-vic-reservoir-147414596,Reservoir,3073,22 Sturdee Street,-37.70097867,145.0092573,3.0,1.0,house,4.0,2025-03-25,466.0,m2,"$775,000"
property-townhouse-vic-reservoir-144801976,Reservoir,3073,4/79 St Vigeons Road,-37.706463,145.022462,3.0,2.0,townhouse,2.0,2025-03-25,,,"$750,000"
property-unit-vic-reservoir-147428556,Reservoir,3073,5/37 Barton Street,-37.71183129,145.0045379,2.0,1.0,unit,1.0,2025-03-25,,,"$650,000"
property-unit-vic-reservoir-147359012,Reservoir,3073,1/155 Hickford Street,-37.70225008,145.0130699,2.0,1.0,unit,1.0,2025-03-25,,,"$580,000"
property-unit-vic-reservoir-147126060,Reservoir,3073,3/46 Ashton Street,-37.72761339,145.0216419,2.0,1.0,unit,1.0,2025-03-24,147.0,m2,"$525,000"
property-unit-vic-reservoir-147417992,Reservoir,3073,7/34 McComas Street,-37.72851996,145.0222471,1.0,1.0,unit,1.0,2025-03-24,,,"$410,000"
property-house-vic-reservoir-147347760,Reservoir,3073,3 Daventry Street,-37.715014,145.00102,3.0,2.0,house,4.0,2025-03-22,560.0,m2,"$1,320,000"
property-house-vic-reservoir-147225508,Reservoir,3073,83 Hughes Parade,-37.699795,144.997449,3.0,1.0,house,4.0,2025-03-22,848.0,m2,"$940,000"
property-house-vic-reservoir-147359888,Reservoir,3073,21 O'Connor Street,-37.71063307,145.0034565,3.0,2.0,house,2.0,2025-03-22,,,"$852,500"
property-house-vic-reservoir-147331704,Reservoir,3073,88 Edwardes Street,-37.715745,145.002147,3.0,1.0,house,1.0,2025-03-22,457.0,m2,"$840,000"
property-house-vic-reservoir-147363556,Reservoir,3073,38 Epstein Street,-37.708326,144.99351,3.0,1.0,house,1.0,2025-03-22,,,"$750,000"
property-townhouse-vic-reservoir-147387428,Reservoir,3073,16 Glenvale Road,-37.72046588,144.9875624,2.0,1.0,townhouse,2.0,2025-03-22,,,"$711,500"
property-unit-vic-reservoir-147355444,Reservoir,3073,22A Rosenthal Crescent,-37.70127,145.005806,2.0,1.0,unit,1.0,2025-03-22,,,"$662,000"
property-unit-vic-reservoir-147355356,Reservoir,3073,2/18 McComas Street,-37.72873164,145.0240413,2.0,1.0,unit,1.0,2025-03-22,,,"$590,000"
property-house-vic-reservoir-147343928,Reservoir,3073,829 High Street,-37.72744496,145.0056616,3.0,2.0,house,2.0,2025-03-21,,,"$1,550,000"
property-house-vic-reservoir-147347608,Reservoir,3073,49 Barry Street,-37.709405,145.001897,3.0,1.0,house,3.0,2025-03-21,490.0,m2,"$800,000"
property-townhouse-vic-reservoir-147105812,Reservoir,3073,2/2 Spratling Street,-37.71803142,144.9949655,3.0,2.0,townhouse,1.0,2025-03-21,,,"$790,000"
property-house-vic-reservoir-147360196,Reservoir,3073,20 McMahon Road,-37.711502,145.024132,4.0,1.0,house,2.0,2025-03-20,,,"$1,100,000"
property-house-vic-reservoir-147416080,Reservoir,3073,195 Edwardes Street,-37.715425,144.996041,3.0,2.0,house,3.0,2025-03-19,611.0,m2,"$1,200,000"
property-house-vic-reservoir-147428472,Reservoir,3073,120 North Road,-37.722478,145.014446,3.0,1.0,house,2.0,2025-03-19,743.0,m2,"$1,130,000"
property-house-vic-reservoir-147306004,Reservoir,3073,31 Rathcown Road,-37.710746,145.031718,5.0,2.0,house,6.0,2025-03-19,750.0,m2,"$1,000,000"
property-townhouse-vic-reservoir-147315592,Reservoir,3073,1/27 Kenilworth Street,-37.71412094,145.0047354,2.0,1.0,townhouse,1.0,2025-03-19,,,"$605,000"
property-townhouse-vic-reservoir-147377652,Reservoir,3073,2/124 Boldrewood Parade,-37.713784,145.02263,3.0,2.0,townhouse,2.0,2025-03-18,,,"$755,000"
property-unit-vic-reservoir-147293076,Reservoir,3073,8/15-17 Byfield Street,-37.7146592,145.0037916,2.0,1.0,unit,1.0,2025-03-17,,,"$420,000"
property-house-vic-reservoir-147173336,Reservoir,3073,16 Kinsale Street,-37.722559,144.99527,4.0,2.0,house,2.0,2025-03-15,,,"$1,390,000"
property-house-vic-reservoir-147231060,Reservoir,3073,34 Leamington Street,-37.712659,145.005088,3.0,2.0,house,2.0,2025-03-15,694.0,m2,"$1,106,000"
property-unit-vic-reservoir-147290304,Reservoir,3073,40 Mcmahon Road,-37.71115803,145.0211245,3.0,1.0,unit,1.0,2025-03-15,331.0,m2,"$750,000"
property-house-vic-reservoir-147282560,Reservoir,3073,1/21 Kerang Avenue,-37.71986299,145.0270907,2.0,1.0,house,1.0,2025-03-15,216.0,m2,"$745,000"
property-townhouse-vic-reservoir-147143756,Reservoir,3073,3/37 Storey Road,-37.723677,145.012326,2.0,2.0,townhouse,1.0,2025-03-15,,,"$740,000"
property-unit-vic-reservoir-147296080,Reservoir,3073,3/40 Barton Street,-37.71131088,145.0024139,2.0,1.0,unit,1.0,2025-03-15,220.0,m2,"$631,000"
property-townhouse-vic-reservoir-147184884,Reservoir,3073,2/7 Elsey Road,-37.70544569,145.0141587,2.0,1.0,townhouse,1.0,2025-03-15,204.0,m2,"$607,000"
property-townhouse-vic-reservoir-147084576,Reservoir,3073,129B Hickford Street,-37.70339034,145.0152342,3.0,2.0,townhouse,3.0,2025-03-13,203.0,m2,"$680,000"
property-house-vic-reservoir-147200884,Reservoir,3073,16 Autumndale Avenue,-37.728619,145.03614,2.0,1.0,house,2.0,2025-03-11,,,"$585,000"
property-unit-vic-reservoir-147267036,Reservoir,3073,5/39 Ashley Street,-37.71673291,145.0021029,2.0,1.0,unit,1.0,2025-03-11,,,"$570,000"
property-unit-vic-reservoir-145858828,Reservoir,3073,3/54-56 St Vigeons Road,-37.70673,145.027071,2.0,1.0,unit,1.0,2025-03-11,,,"$565,000"
property-house-vic-reservoir-147140588,Reservoir,3073,45 Newton Street,-37.731381,145.023524,3.0,1.0,house,4.0,2025-03-09,762.0,m2,"$1,175,000"
property-house-vic-reservoir-147296488,Reservoir,3073,19 Southernhay Street,-37.725678,145.012341,4.0,2.0,house,2.0,2025-03-08,621.0,m2,"$1,635,000"
property-house-vic-reservoir-147233272,Reservoir,3073,33 Lane Crescent,-37.714543,145.016847,3.0,3.0,house,2.0,2025-03-08,650.0,m2,"$1,220,000"
property-house-vic-reservoir-147231768,Reservoir,3073,2 Charlton Crescent,-37.719781,145.025012,2.0,1.0,house,1.0,2025-03-08,347.0,m2,"$700,000"
property-unit-vic-reservoir-147144068,Reservoir,3073,1/13 Shand Road,-37.72270615,145.019234,1.0,1.0,unit,1.0,2025-03-08,,,"$500,000"
property-unit-vic-reservoir-147026140,Reservoir,3073,4/26 Barry Street,-37.70947469,145.0056502,2.0,1.0,unit,1.0,2025-03-08,,,"$480,000"
property-unit-vic-reservoir-147215964,Reservoir,3073,3/65 Whitelaw Street,-37.7124936,145.0184874,1.0,1.0,unit,2.0,2025-03-08,119.0,m2,"$398,000"
property-house-vic-reservoir-146732316,Reservoir,3073,130 Broadway,-37.717793,145.018281,5.0,1.0,house,4.0,2025-03-07,616.0,m2,"$1,100,000"
property-house-vic-reservoir-146377312,Reservoir,3073,68 Ayr Street,-37.70261166,145.0339146,3.0,2.0,house,6.0,2025-03-07,963.0,m2,"$950,000"
property-house-vic-reservoir-147386620,Reservoir,3073,1 Orrong Avenue,-37.714224,145.00972,3.0,1.0,house,2.0,2025-03-07,746.0,m2,"$900,000"
property-house-vic-reservoir-146827760,Reservoir,3073,53 Fordham Road,-37.713927,145.021515,3.0,1.0,house,4.0,2025-03-06,651.0,m2,"$750,000"
property-townhouse-vic-reservoir-147174928,Reservoir,3073,4/8 Inverness Street,-37.703143,145.030853,4.0,3.0,townhouse,2.0,2025-03-06,,,"$716,000"
property-house-vic-reservoir-147226332,Reservoir,3073,1/24 Seston Street,-37.73121264,145.0341523,2.0,2.0,house,1.0,2025-03-06,,,"$621,000"
property-house-vic-reservoir-147166968,Reservoir,3073,1/69 Delaware Street,-37.72024723,145.010024,3.0,1.0,house,3.0,2025-03-05,,,"$755,000"
property-house-vic-reservoir-146730020,Reservoir,3073,797 Plenty Road,-37.72562954,145.0221861,4.0,1.0,house,2.0,2025-03-04,,,"$956,000"
property-house-vic-reservoir-145340336,Reservoir,3073,44 Purinuan Road,-37.70896,145.028385,4.0,1.0,house,2.0,2025-03-04,762.0,m2,"$747,000"
property-townhouse-vic-reservoir-146335052,Reservoir,3073,2/32 Orrong Avenue,-37.71370916,145.0112125,2.0,1.0,townhouse,1.0,2025-03-04,,,"$579,000"
property-house-vic-reservoir-147139056,Reservoir,3073,63 North Road,-37.723279,145.02029,3.0,1.0,house,2.0,2025-03-03,,,"$1,220,000"
property-unit-vic-reservoir-147080896,Reservoir,3073,1/13 Fyfe Street,-37.705773,145.011892,3.0,1.0,unit,4.0,2025-03-03,,,"$550,000"
property-house-vic-reservoir-147166232,Reservoir,3073,2 Horton Street,-37.723397,144.987809,3.0,1.0,house,1.0,2025-03-01,,,"$1,110,000"
property-townhouse-vic-reservoir-147150620,Reservoir,3073,2/18 Winter Crescent,-37.719231,145.028249,5.0,3.0,townhouse,2.0,2025-03-01,,,"$900,000"
property-house-vic-reservoir-147182768,Reservoir,3073,48 Knox Street,-37.725055,144.98785,2.0,1.0,house,1.0,2025-03-01,,,"$885,000"
property-house-vic-reservoir-147150336,Reservoir,3073,24 Robins Avenue,-37.699436,145.028535,3.0,1.0,house,4.0,2025-03-01,,,"$832,000"
property-house-vic-reservoir-147129928,Reservoir,3073,2/24 Mcmahon Road,-37.71146976,145.0236975,3.0,2.0,house,1.0,2025-03-01,256.0,m2,"$756,000"
property-townhouse-vic-reservoir-147122820,Reservoir,3073,1A Kingsley Road,-37.7214686,144.9924085,2.0,1.0,townhouse,2.0,2025-03-01,,,"$730,000"
property-townhouse-vic-reservoir-147150288,Reservoir,3073,5/6-8 Box Street,-37.70765789,145.0214333,2.0,1.0,townhouse,2.0,2025-03-01,,,"$642,000"
property-townhouse-vic-reservoir-146967348,Reservoir,3073,42B Drysdale Street,-37.72916495,145.020769,3.0,2.0,townhouse,2.0,2025-02-28,,,"$828,000"
property-unit-vic-reservoir-147150308,Reservoir,3073,2/33 Barry Street,-37.70968214,145.0046652,2.0,1.0,unit,1.0,2025-02-28,,,"$473,500"
property-unit-vic-reservoir-147257468,Reservoir,3073,4A Colthur Street,-37.709635,144.993644,3.0,1.0,unit,1.0,2025-02-27,365.0,m2,"$775,000"
property-townhouse-vic-reservoir-145814080,Reservoir,3073,2/17 Summerhill Road,-37.72730354,145.0335225,2.0,1.0,townhouse,1.0,2025-02-27,,,"$590,000"
property-unit-vic-reservoir-146950544,Reservoir,3073,5/696 Plenty Road,-37.73036665,145.0158163,1.0,1.0,unit,1.0,2025-02-25,,,"$280,000"
property-unit-vic-reservoir-147065116,Reservoir,3073,1/7 Drysdale Street,-37.73009318,145.0262188,2.0,1.0,unit,1.0,2025-02-24,129.0,m2,"$441,188"
property-house-vic-reservoir-147065232,Reservoir,3073,55 Lawley Street,-37.701375,144.990725,3.0,2.0,house,2.0,2025-02-22,,,"$1,265,000"
property-townhouse-vic-reservoir-147083028,Reservoir,3073,1/11 Hosken Street,-37.72743605,144.9861035,4.0,3.0,townhouse,2.0,2025-02-22,,,"$1,171,000"
property-house-vic-reservoir-147026568,Reservoir,3073,12 Broadhurst Avenue,-37.708537,145.007002,2.0,1.0,house,3.0,2025-02-22,1040.0,m2,"$1,085,000"
property-house-vic-reservoir-147026576,Reservoir,3073,41 Botha Avenue,-37.702761,145.001214,3.0,1.0,house,3.0,2025-02-22,695.0,m2,"$910,000"
property-house-vic-reservoir-147096492,Reservoir,3073,2 Mccasker Avenue,-37.704247,145.004849,3.0,1.0,house,2.0,2025-02-22,893.0,m2,"$880,000"
property-townhouse-vic-reservoir-147086280,Reservoir,3073,2/24 Eisenhower Street,-37.73007712,145.0277224,3.0,3.0,townhouse,1.0,2025-02-22,,,"$840,000"
property-house-vic-reservoir-147047572,Reservoir,3073,46 Lockton Avenue,-37.695531,144.981493,3.0,1.0,house,2.0,2025-02-22,534.0,m2,"$800,000"
property-house-vic-reservoir-147109028,Reservoir,3073,1/17 Delaware Street,-37.72079858,145.0145451,2.0,1.0,house,1.0,2025-02-22,300.0,m2,"$800,000"
property-house-vic-reservoir-147080908,Reservoir,3073,29 Cheddar Road,-37.711199,145.010958,3.0,2.0,house,2.0,2025-02-22,577.0,m2,"$785,000"
property-unit-vic-reservoir-147064996,Reservoir,3073,3/32 Willoughby Street,-37.71672073,144.9965406,2.0,1.0,unit,1.0,2025-02-22,,,"$525,000"
property-house-vic-reservoir-145848232,Reservoir,3073,22 Erskine Avenue,-37.722947,145.025177,3.0,1.0,house,1.0,2025-02-20,721.0,m2,"$1,020,000"
property-unit-vic-reservoir-145270396,Reservoir,3073,3/41 Hickford Street,-37.70585405,145.0261295,1.0,1.0,unit,1.0,2025-02-19,,,"$355,000"
property-townhouse-vic-reservoir-147072404,Reservoir,3073,6/36-38 Leamington Street,-37.71262438,145.0048089,2.0,1.0,townhouse,1.0,2025-02-18,,,"$620,000"
property-townhouse-vic-reservoir-147013880,Reservoir,3073,2/10 Odowd Street,-37.71867316,145.0163404,2.0,1.0,townhouse,1.0,2025-02-17,,,"$625,000"
property-townhouse-vic-reservoir-147029048,Reservoir,3073,1/95 Darebin Boulevard,-37.704065,145.030477,3.0,2.0,townhouse,2.0,2025-02-15,,,"$900,000"
property-house-vic-reservoir-146981636,Reservoir,3073,29 Arundel Avenue,-37.696794,145.018245,3.0,1.0,house,1.0,2025-02-15,,,"$770,000"
property-house-vic-reservoir-147029320,Reservoir,3073,66 Whitelaw Street,-37.7125,145.019182,3.0,1.0,house,4.0,2025-02-15,695.0,m2,"$766,000"
property-house-vic-reservoir-147021696,Reservoir,3073,132 Edwardes Street,-37.715492,144.999828,3.0,1.0,house,2.0,2025-02-15,,,"$735,000"
property-townhouse-vic-reservoir-147048544,Reservoir,3073,2c Taylor Avenue,-37.72255042,145.0002242,2.0,1.0,townhouse,1.0,2025-02-15,,,"$705,000"
property-unit-vic-reservoir-147029568,Reservoir,3073,3/21 Purinuan Road,-37.70992663,145.0321756,2.0,1.0,unit,1.0,2025-02-15,,,"$600,000"
property-townhouse-vic-reservoir-147029300,Reservoir,3073,1/15 Compton Street,-37.71439003,145.002476,2.0,1.0,townhouse,2.0,2025-02-15,,,"$587,500"
property-townhouse-vic-reservoir-147143752,Reservoir,3073,1/37 Storey Road,-37.723677,145.012326,3.0,2.0,townhouse,2.0,2025-02-14,,,"$1,001,000"
property-townhouse-vic-reservoir-147090180,Reservoir,3073,6/64 Broadhurst Avenue,-37.70790658,144.9999249,3.0,2.0,townhouse,2.0,2025-02-14,,,"$800,000"
property-unit-vic-reservoir-147182476,Reservoir,3073,2/8 Shand Road,-37.72412575,145.0193214,3.0,2.0,unit,2.0,2025-02-13,,,"$970,000"
property-unit-vic-reservoir-147015228,Reservoir,3073,5/35 Ashley Street,-37.7170273,145.0020532,2.0,1.0,unit,1.0,2025-02-12,,,"$536,000"
property-apartment-vic-reservoir-147044168,Reservoir,3073,4/763 High Street,-37.72931638,145.0053125,1.0,1.0,apartment,1.0,2025-02-09,,,"$392,550"
property-house-vic-reservoir-146915900,Reservoir,3073,205 Broadhurst Avenue,-37.706945,144.984937,3.0,1.0,house,8.0,2025-02-08,718.0,m2,"$790,000"
property-townhouse-vic-reservoir-146910056,Reservoir,3073,2/70 Miranda Road,-37.70685639,145.0196002,2.0,1.0,townhouse,2.0,2025-02-08,,,"$575,000"
property-unit-vic-reservoir-146631644,Reservoir,3073,1/827-829 Plenty Road,-37.72433381,145.0267338,2.0,1.0,unit,1.0,2025-02-07,,,"$420,000"
property-townhouse-vic-reservoir-146642992,Reservoir,3073,6/157 Hickford Street,-37.70198343,145.0126521,2.0,1.0,townhouse,1.0,2025-02-06,,,"$702,500"
property-house-vic-reservoir-145786560,Reservoir,3073,828 High Street,-37.72395,145.006692,4.0,1.0,house,2.0,2025-02-05,327.0,m2,"$769,049"
property-townhouse-vic-reservoir-146982456,Reservoir,3073,3/161 Wilson Boulevard,-37.69698161,144.9966992,3.0,2.0,townhouse,1.0,2025-02-05,,,"$700,000"
property-townhouse-vic-reservoir-146891628,Reservoir,3073,3/59 Pickett Street,-37.70395992,145.0111515,3.0,1.0,townhouse,1.0,2025-02-04,,,"$703,000"
property-house-vic-reservoir-147032708,Reservoir,3073,2/7 Kyneton Avenue,-37.717744,145.025481,3.0,2.0,house,4.0,2025-02-03,,,"$830,000"
property-house-vic-reservoir-146933724,Reservoir,3073,6/71 Pine Street,-37.71776591,144.9980234,2.0,1.0,house,1.0,2025-02-01,,,"$385,000"
property-house-vic-reservoir-146586236,Reservoir,3073,45 Winter Crescent,-37.718819,145.027307,4.0,2.0,house,3.0,2025-01-31,576.0,m2,"$905,000"
property-townhouse-vic-reservoir-146903436,Reservoir,3073,2/114 Crookston Road,-37.7089821,145.0115539,2.0,2.0,townhouse,1.0,2025-01-31,,,"$641,000"
property-townhouse-vic-reservoir-146639136,Reservoir,3073,3/2 Borrie Street,-37.70868651,145.0203002,2.0,1.0,townhouse,1.0,2025-01-31,,,"$630,000"
property-apartment-vic-reservoir-145715396,Reservoir,3073,10/261-263 Broadway,-37.71719473,145.0097834,3.0,1.0,apartment,1.0,2025-01-30,,,"$585,000"
property-house-vic-reservoir-146607224,Reservoir,3073,25A Liston Avenue,-37.69763957,145.0180964,3.0,2.0,house,2.0,2025-01-29,,,"$705,000"
property-townhouse-vic-reservoir-146890636,Reservoir,3073,6/16 Banff Street,-37.70428034,145.023768,2.0,1.0,townhouse,1.0,2025-01-28,206.0,m2,"$650,000"
property-townhouse-vic-reservoir-144104848,Reservoir,3073,8/86-88 Royal Parade,-37.7133107,145.0138234,1.0,1.0,townhouse,1.0,2025-01-28,,,"$491,000"
property-house-vic-reservoir-146084648,Reservoir,3073,62 Marchant Avenue,-37.713413,145.015573,3.0,1.0,house,2.0,2025-01-24,649.0,m2,"$820,000"
property-house-vic-reservoir-146893704,Reservoir,3073,135 Cheddar Road,-37.699044,145.019665,3.0,1.0,house,3.0,2025-01-23,522.0,m2,"$715,000"
property-residential land-vic-reservoir-204055204,Reservoir,3073,102 Massey Avenue,-37.6967775,144.9910183,,,residential land,,2025-01-22,529.0,m2,"$650,000"
property-townhouse-vic-reservoir-146544968,Reservoir,3073,8B Crevelli Street,-37.73216431,145.029687,3.0,2.0,townhouse,2.0,2025-01-21,123.0,m2,"$685,000"
property-townhouse-vic-reservoir-145631472,Reservoir,3073,7/161 Wilson Boulevard,-37.69698161,144.9966992,3.0,3.0,townhouse,2.0,2025-01-17,,,"$700,000"
property-apartment-vic-reservoir-146501324,Reservoir,3073,2/29 Macartney Street,-37.70935,145.009782,2.0,1.0,apartment,1.0,2025-01-17,,,"$330,000"
property-house-vic-reservoir-146380128,Reservoir,3073,47 Henty Street,-37.71916601,144.9987084,3.0,1.0,house,2.0,2025-01-15,552.0,m2,"$925,000"
property-townhouse-vic-reservoir-145758048,Reservoir,3073,1/26 Thackeray Road,-37.72142359,145.0138176,3.0,2.0,townhouse,3.0,2025-01-14,,,"$770,000"
property-house-vic-reservoir-146259740,Reservoir,3073,1/22 Evans Crescent,-37.71515411,145.0214697,3.0,1.0,house,1.0,2025-01-14,,,"$637,500"
property-townhouse-vic-reservoir-146544580,Reservoir,3073,1B Birdwood Street,-37.72934,144.995913,2.0,1.0,townhouse,2.0,2024-12-31,,,"$720,000"
property-townhouse-vic-reservoir-144864968,Reservoir,3073,2/9 Smith Street,-37.70249328,145.011412,2.0,1.0,townhouse,1.0,2024-12-31,,,"$555,000"
property-townhouse-vic-reservoir-146320708,Reservoir,3073,1/36 Seston Street,-37.73046203,145.0342949,2.0,1.0,townhouse,1.0,2024-12-30,,,"$600,000"
property-house-vic-reservoir-146649868,Reservoir,3073,38 Ashley St,-37.716509,145.002534,3.0,2.0,house,2.0,2024-12-27,557.0,m2,"$935,000"
property-unit-vic-reservoir-146303064,Reservoir,3073,9A Marshall Drive,-37.701118,145.0275784,3.0,1.0,unit,5.0,2024-12-24,348.0,m2,"$675,000"
property-house-vic-reservoir-146597124,Reservoir,3073,4 McColl Street,-37.731288,145.01911,3.0,1.0,house,2.0,2024-12-23,513.0,m2,"$800,000"
property-unit-vic-reservoir-146595404,Reservoir,3073,4/96 Darebin Boulevard,-37.70433394,145.0318601,2.0,1.0,unit,1.0,2024-12-23,,,"$555,000"
property-house-vic-reservoir-146680964,Reservoir,3073,1/90 Arundel Avenue,-37.695952,145.0133858,3.0,2.0,house,1.0,2024-12-22,288.0,m2,"$730,000"
property-unit-vic-reservoir-146668996,Reservoir,3073,15/2 Gremel Road,-37.72423704,145.0303681,1.0,1.0,unit,1.0,2024-12-22,,,"$90,000"
property-house-vic-reservoir-146761960,Reservoir,3073,28 Morris Street,-37.698051,145.005117,3.0,1.0,house,2.0,2024-12-21,890.0,m2,"$740,000"
property-house-vic-reservoir-146718788,Reservoir,3073,10 Lucille Avenue,-37.700225,145.021822,3.0,1.0,house,2.0,2024-12-21,,,"$709,000"
property-house-vic-reservoir-146726776,Reservoir,3073,39 Charlton Crescent,-37.718076,145.023333,3.0,1.0,house,3.0,2024-12-21,649.0,m2,"$681,000"
property-townhouse-vic-reservoir-146701084,Reservoir,3073,1/5 Ashley Street,-37.71884252,145.0017467,2.0,1.0,townhouse,1.0,2024-12-21,,,"$616,000"
property-apartment-vic-reservoir-145948588,Reservoir,3073,1/755 Plenty Road,-37.72774522,145.0191686,2.0,1.0,apartment,1.0,2024-12-20,,,"$413,000"
property-unit-vic-reservoir-146540580,Reservoir,3073,2/49 Northernhay Street,-37.72472185,145.0100659,2.0,1.0,unit,1.0,2024-12-19,,,"$530,000"
property-house-vic-reservoir-146392492,Reservoir,3073,16 Pershing STREET,-37.725365,144.9955,3.0,1.0,house,4.0,2024-12-18,697.0,m2,"$1,100,000"
property-house-vic-reservoir-146512896,Reservoir,3073,35 Goulburn Avenue,-37.722272,145.020396,3.0,1.0,house,2.0,2024-12-18,686.0,m2,"$950,000"
property-townhouse-vic-reservoir-146518932,Reservoir,3073,2/14 Nicholson Avenue,-37.72236734,145.0276479,3.0,1.0,townhouse,1.0,2024-12-18,,,"$685,000"
property-townhouse-vic-reservoir-146361916,Reservoir,3073,1N Bonview Street,-37.72157639,144.9897751,3.0,2.0,townhouse,2.0,2024-12-17,,,"$820,000"
property-townhouse-vic-reservoir-146656952,Reservoir,3073,2/17 Joffre Street,-37.72946428,145.0126318,2.0,1.0,townhouse,2.0,2024-12-17,,,"$748,000"
property-unit-vic-reservoir-144516048,Reservoir,3073,3/91 Darebin Boulevard,-37.70400566,145.0299657,2.0,1.0,unit,1.0,2024-12-17,,,"$495,000"
property-house-vic-reservoir-146626720,Reservoir,3073,7 St Johns Court,-37.698777,145.025774,3.0,1.0,house,4.0,2024-12-14,,,"$885,000"
property-house-vic-reservoir-146661344,Reservoir,3073,51 Allenby Avenue,-37.701418,145.004902,3.0,1.0,house,4.0,2024-12-14,862.0,m2,"$865,000"
property-townhouse-vic-reservoir-146651064,Reservoir,3073,2/630 Gilbert Road,-37.72469251,144.9925568,2.0,1.0,townhouse,2.0,2024-12-14,131.0,m2,"$710,000"
property-unit-vic-reservoir-146542044,Reservoir,3073,2/5 Smith Street,-37.70298618,145.0116185,3.0,1.0,unit,1.0,2024-12-14,,,"$650,000"
property-unit-vic-reservoir-146661128,Reservoir,3073,3/10 Faye Street,-37.7271635,145.0272552,3.0,1.0,unit,1.0,2024-12-14,,,"$645,000"
property-house-vic-reservoir-146682888,Reservoir,3073,52a Cheddar Road,-37.708912,145.013742,2.0,1.0,house,1.0,2024-12-14,451.0,m2,"$545,000"
property-unit-vic-reservoir-146660776,Reservoir,3073,3/1-3 McFadzean Avenue,-37.71137045,144.9971328,2.0,1.0,unit,1.0,2024-12-14,141.0,m2,"$538,500"
property-townhouse-vic-reservoir-146517396,Reservoir,3073,1/1 Horton Street,-37.723674,144.98774,3.0,2.0,townhouse,2.0,2024-12-13,,,"$890,000"
property-house-vic-reservoir-146623676,Reservoir,3073,8 Greenock Street,-37.70325,145.02215,3.0,2.0,house,3.0,2024-12-13,669.0,m2,"$885,000"
property-house-vic-reservoir-146320532,Reservoir,3073,2B Carrol Street,-37.71270001,145.0118703,3.0,2.0,house,2.0,2024-12-13,,,"$840,000"
property-house-vic-reservoir-146650252,Reservoir,3073,66 Massey Avenue,-37.700984,144.989976,5.0,3.0,house,4.0,2024-12-12,870.0,m2,"$1,241,000"
property-house-vic-reservoir-146588692,Reservoir,3073,58 Dredge Street,-37.695779,144.993406,4.0,2.0,house,8.0,2024-12-12,808.0,m2,"$1,030,000"
property-house-vic-reservoir-146121028,Reservoir,3073,41 Purinuan Road,-37.709546,145.030581,2.0,1.0,house,4.0,2024-12-12,743.0,m2,"$753,000"
property-house-vic-reservoir-146376604,Reservoir,3073,38 Powell Street,-37.72627,145.000502,3.0,1.0,house,2.0,2024-12-11,495.0,m2,"$870,000"
property-house-vic-reservoir-146732732,Reservoir,3073,70 Rathcown Road,-37.709931,145.027779,3.0,1.0,house,4.0,2024-12-10,539.0,m2,"$750,000"
property-unit-vic-reservoir-146635660,Reservoir,3073,2/70 Purinuan Road,-37.70858045,145.0255303,1.0,1.0,unit,1.0,2024-12-09,,,"$355,000"
property-house-vic-reservoir-146573204,Reservoir,3073,26 Sturdee Street,-37.700465,145.009328,3.0,1.0,house,4.0,2024-12-07,886.0,m2,"$965,000"
property-house-vic-reservoir-146597364,Reservoir,3073,15 Banbury Road,-37.713072,144.989093,3.0,1.0,house,4.0,2024-12-07,,,"$920,000"
property-house-vic-reservoir-146586528,Reservoir,3073,81 Miranda Road,-37.706902,145.017471,3.0,1.0,house,,2024-12-07,727.0,m2,"$920,000"
property-house-vic-reservoir-146595384,Reservoir,3073,132 Purinuan Road,-37.707645,145.017689,3.0,1.0,house,2.0,2024-12-07,653.0,m2,"$761,000"
property-house-vic-reservoir-146595232,Reservoir,3073,1/65 Hickford Street,-37.70554124,145.023551,3.0,2.0,house,2.0,2024-12-07,245.0,m2,"$757,000"
property-unit-vic-reservoir-146588760,Reservoir,3073,2/68 Pine Street,-37.71781305,144.9984113,2.0,1.0,unit,1.0,2024-12-07,,,"$671,000"
property-house-vic-reservoir-146595052,Reservoir,3073,9 Lambassa Grove,-37.698655,145.018484,3.0,1.0,house,3.0,2024-12-07,,,"$670,000"
property-unit-vic-reservoir-146573184,Reservoir,3073,2/74 Miranda Road,-37.70680453,145.0191869,3.0,1.0,unit,2.0,2024-12-07,,,"$668,000"
property-unit-vic-reservoir-146540740,Reservoir,3073,1/26 Best Street,-37.71303815,144.9973746,2.0,1.0,unit,1.0,2024-12-07,,,"$660,000"
property-residential land-vic-reservoir-204020204,Reservoir,3073,34 Kinsale Street,-37.721426,144.995459,,,residential land,,2024-12-06,631.0,m2,"$905,000"
property-house-vic-reservoir-146540196,Reservoir,3073,3/5 Biran Court,-37.71109982,145.013897,2.0,1.0,house,1.0,2024-12-06,,,"$625,000"
property-unit-vic-reservoir-146777960,Reservoir,3073,2/24 Banff Street,-37.70439309,145.0246877,2.0,1.0,unit,2.0,2024-12-06,133.0,m2,"$550,000"
property-house-vic-reservoir-146700592,Reservoir,3073,83 Henty Street,-37.71904,144.997702,3.0,2.0,house,2.0,2024-12-05,585.0,m2,"$1,180,000"
property-townhouse-vic-reservoir-146373244,Reservoir,3073,1/65 Dundee Street,-37.70237149,145.0244979,2.0,1.0,townhouse,1.0,2024-12-05,189.0,m2,"$667,500"
property-house-vic-reservoir-146025220,Reservoir,3073,15 Sturdee Street,-37.700719,145.008856,3.0,1.0,house,1.0,2024-12-03,584.0,m2,"$740,000"
property-unit-vic-reservoir-146293916,Reservoir,3073,2/8 Anstey Avenue,-37.69209403,144.9755073,2.0,1.0,unit,2.0,2024-12-03,120.0,m2,"$550,000"
property-townhouse-vic-reservoir-146386140,Reservoir,3073,3/15 Compton Street,-37.71439003,145.002476,2.0,1.0,townhouse,1.0,2024-12-02,,,"$555,000"
property-house-vic-reservoir-146512792,Reservoir,3073,22 O'Donnell Street,-37.706475,144.99542,3.0,1.0,house,3.0,2024-11-30,823.0,m2,"$1,020,000"
property-house-vic-reservoir-146539968,Reservoir,3073,69 O'Connor Street,-37.710107,144.998124,3.0,1.0,house,4.0,2024-11-30,534.0,m2,"$810,000"
property-house-vic-reservoir-146532248,Reservoir,3073,56 Wilson Boulevard,-37.699747,144.993548,3.0,1.0,house,3.0,2024-11-30,599.0,m2,"$730,000"
property-residential land-vic-reservoir-204036596,Reservoir,3073,53 Liston Avenue,-37.697374,145.015728,,,residential land,,2024-11-30,,,"$695,000"
property-unit-vic-reservoir-146518696,Reservoir,3073,2/3 Drysdale Street,-37.73014235,145.0266438,2.0,2.0,unit,1.0,2024-11-30,,,"$650,000"
property-house-vic-reservoir-146295040,Reservoir,3073,22 York Street,-37.72763,144.989335,4.0,3.0,house,2.0,2024-11-29,618.0,m2,"$1,900,000"
property-townhouse-vic-reservoir-145358968,Reservoir,3073,5/37 Storey Road,-37.723677,145.012326,4.0,3.0,townhouse,2.0,2024-11-29,,,"$1,100,000"
property-house-vic-reservoir-146607344,Reservoir,3073,10 Darebin Boulevard,-37.704314,145.021668,3.0,2.0,house,2.0,2024-11-29,836.0,m2,"$1,035,000"
property-house-vic-reservoir-146446828,Reservoir,3073,76 McMahon Road,-37.710749,145.017924,3.0,1.0,house,4.0,2024-11-29,701.0,m2,"$860,000"
property-house-vic-reservoir-146461984,Reservoir,3073,4 Dole Avenue,-37.700425,145.02032,3.0,1.0,house,4.0,2024-11-29,782.0,m2,"$755,000"
property-apartment-vic-reservoir-146668560,Reservoir,3073,215/76 Tyler Street,-37.73275187,145.0307233,2.0,2.0,apartment,1.0,2024-11-29,,,"$444,000"
property-townhouse-vic-reservoir-146543192,Reservoir,3073,2/21 Locksley Avenue,-37.7231218,144.9956202,2.0,2.0,townhouse,1.0,2024-11-28,,,"$742,500"
property-house-vic-reservoir-146582700,Reservoir,3073,167 Wilson Boulevard,-37.69705,144.997126,5.0,3.0,house,2.0,2024-11-27,754.0,m2,"$1,360,000"
property-townhouse-vic-reservoir-145408024,Reservoir,3073,1/23 Barwon Avenue,-37.723127,145.02355,4.0,2.0,townhouse,2.0,2024-11-26,,,"$950,000"
property-unit-vic-reservoir-146049028,Reservoir,3073,1-4/854 High Street,-37.72088694,145.0071937,2.0,1.0,unit,1.0,2024-11-25,698.0,m2,"$1,250,000"
property-house-vic-reservoir-145911928,Reservoir,3073,48 Banbury Road,-37.709771,144.990022,3.0,1.0,house,3.0,2024-11-25,534.0,m2,"$750,000"
property-townhouse-vic-reservoir-146183908,Reservoir,3073,2/71 Thackeray Road,-37.72116777,145.0093681,2.0,1.0,townhouse,1.0,2024-11-25,,,"$720,000"
property-unit-vic-reservoir-146471708,Reservoir,3073,4/58 St Vigeons Road,-37.70668736,145.0266778,2.0,1.0,unit,1.0,2024-11-25,,,"$600,000"
property-house-vic-reservoir-146472668,Reservoir,3073,15 Cameron Street,-37.727331,144.99926,4.0,2.0,house,2.0,2024-11-23,,,"$1,455,000"
property-house-vic-reservoir-146437168,Reservoir,3073,15 Elliot Street,-37.707021,145.000543,3.0,1.0,house,3.0,2024-11-23,1044.0,m2,"$1,201,000"
property-house-vic-reservoir-146458484,Reservoir,3073,5 Churchill Avenue,-37.69266,144.975401,4.0,2.0,house,2.0,2024-11-23,,,"$760,000"
property-house-vic-reservoir-146430564,Reservoir,3073,7 Keon Parade,-37.696179,145.020773,3.0,1.0,house,4.0,2024-11-23,574.0,m2,"$755,000"
property-house-vic-reservoir-146477452,Reservoir,3073,1/17 Suffolk Street,-37.70764532,145.0110044,3.0,1.0,house,1.0,2024-11-23,213.0,m2,"$740,000"
property-unit-vic-reservoir-146386300,Reservoir,3073,3/14 Nicholson Avenue,-37.72236734,145.0276479,2.0,1.0,unit,1.0,2024-11-23,,,"$585,000"
property-unit-vic-reservoir-146430992,Reservoir,3073,1/4 Mack Street,-37.70333884,145.0134009,2.0,1.0,unit,2.0,2024-11-23,,,"$578,200"
property-house-vic-reservoir-145398932,Reservoir,3073,4B Liston Avenue,-37.697587,145.020373,4.0,3.0,house,2.0,2024-11-22,,,"$900,000"
property-townhouse-vic-reservoir-146472680,Reservoir,3073,11 Robinson Road,-37.72822351,145.0035099,3.0,2.0,townhouse,2.0,2024-11-22,,,"$893,500"
property-house-vic-reservoir-145180384,Reservoir,3073,1A McShane Street,-37.702858,144.999498,5.0,2.0,house,4.0,2024-11-21,773.0,m2,"$905,000"
property-townhouse-vic-reservoir-146471424,Reservoir,3073,2A Fulham Grove,-37.72468003,144.9970542,2.0,2.0,townhouse,1.0,2024-11-21,,,"$780,000"
property-house-vic-reservoir-146563048,Reservoir,3073,1 Epstein Street,-37.710772,144.992706,2.0,1.0,house,2.0,2024-11-20,753.0,m2,"$922,500"
property-house-vic-reservoir-146413892,Reservoir,3073,23 Henderson Street,-37.697357,145.001404,3.0,1.0,house,3.0,2024-11-20,865.0,m2,"$825,000"
property-townhouse-vic-reservoir-146448016,Reservoir,3073,1/71 Leamington Street,-37.71207367,144.9964719,2.0,1.0,townhouse,1.0,2024-11-20,,,"$680,000"
property-unit-vic-reservoir-146561392,Reservoir,3073,3/2 Palm Avenue,-37.71160477,145.0135217,3.0,2.0,unit,1.0,2024-11-19,,,"$730,000"
property-house-vic-reservoir-146307440,Reservoir,3073,24 Myrtle Grove,-37.729089,144.998785,3.0,1.0,house,1.0,2024-11-18,,,"$800,000"
property-house-vic-reservoir-145980564,Reservoir,3073,25 Fulham Grove,-37.724653,144.99443,3.0,1.0,house,4.0,2024-11-16,,,"$1,155,000"
property-house-vic-reservoir-146324100,Reservoir,3073,15 Best Street,-37.713745,144.996857,3.0,2.0,house,3.0,2024-11-16,654.0,m2,"$982,000"
property-house-vic-reservoir-146400660,Reservoir,3073,5 Elizabeth Court,-37.699601,145.021147,3.0,1.0,house,2.0,2024-11-16,,,"$917,000"
property-house-vic-reservoir-146392488,Reservoir,3073,3 Cameron Street,-37.727464,145.00022,2.0,1.0,house,2.0,2024-11-16,505.0,m2,"$911,000"
property-townhouse-vic-reservoir-146395624,Reservoir,3073,2/116 Boldrewood Parade,-37.71473448,145.0223839,3.0,1.0,townhouse,1.0,2024-11-16,,,"$750,000"
property-townhouse-vic-reservoir-146392524,Reservoir,3073,2/187 Edwardes Street,-37.71552565,144.9970109,2.0,2.0,townhouse,1.0,2024-11-16,,,"$615,000"
property-apartment-vic-reservoir-146390936,Reservoir,3073,1/9 Macartney Street,-37.713003,145.008936,2.0,1.0,apartment,1.0,2024-11-16,,,"$336,000"
property-villa-vic-reservoir-146425416,Reservoir,3073,1/70 Cheddar Road,-37.70688238,145.0152143,2.0,1.0,villa,1.0,2024-11-14,,,"$501,000"
property-house-vic-reservoir-146347132,Reservoir,3073,20 Newton Street,-37.73144556,145.0264658,2.0,1.0,house,1.0,2024-11-12,,,"$643,000"
property-house-vic-reservoir-146259828,Reservoir,3073,87 Rathcown Road,-37.709767,145.02386,3.0,1.0,house,2.0,2024-11-11,743.0,m2,"$845,000"
property-townhouse-vic-reservoir-145973724,Reservoir,3073,1/39 McMahon Road,-37.71134873,145.020347,3.0,1.0,townhouse,1.0,2024-11-11,188.0,m2,"$707,000"
property-unit-vic-reservoir-145530888,Reservoir,3073,1/19 Barry Street,-37.70980039,145.0057958,2.0,1.0,unit,2.0,2024-11-10,,,"$672,000"
property-unit-vic-reservoir-146165856,Reservoir,3073,3/72 Yarra Avenue,-37.7188324,145.0168949,2.0,1.0,unit,1.0,2024-11-10,,,"$605,000"
property-house-vic-reservoir-146303152,Reservoir,3073,12 McIvor Street,-37.726432,145.015906,4.0,2.0,house,4.0,2024-11-09,697.0,m2,"$1,565,000"
property-house-vic-reservoir-146305484,Reservoir,3073,9 Thackeray Road,-37.721826,145.014803,4.0,2.0,house,4.0,2024-11-09,697.0,m2,"$1,467,000"
property-house-vic-reservoir-146295352,Reservoir,3073,2 Thackeray Road,-37.72167113,145.0158473,3.0,1.0,house,2.0,2024-11-09,441.0,m2,"$870,000"
property-unit-vic-reservoir-146359852,Reservoir,3073,2/69 Royal Parade,-37.71359942,145.0127208,2.0,1.0,unit,2.0,2024-11-09,,,"$710,000"
property-townhouse-vic-reservoir-146332988,Reservoir,3073,3/146-148 Hickford Street,-37.70181983,145.0130169,2.0,1.0,townhouse,1.0,2024-11-09,,,"$585,000"
property-unit-vic-reservoir-146336296,Reservoir,3073,13/9 Seaver Grove,-37.712113,144.990221,2.0,1.0,unit,1.0,2024-11-09,,,"$528,000"
property-unit-vic-reservoir-146320592,Reservoir,3073,3/55 North Road,-37.72284458,145.0213431,2.0,1.0,unit,1.0,2024-11-09,,,"$430,000"
property-house-vic-reservoir-146284412,Reservoir,3073,21 Gill Street,-37.71277119,144.9871668,3.0,1.0,house,2.0,2024-11-08,,,"$610,000"
property-townhouse-vic-reservoir-145900364,Reservoir,3073,1/115 Cheddar Road,-37.70310575,145.0167022,2.0,1.0,townhouse,2.0,2024-11-08,208.0,m2,"$600,000"
property-house-vic-reservoir-145966000,Reservoir,3073,51 Lloyd Avenue,-37.697851,145.012517,3.0,1.0,house,2.0,2024-11-07,,,"$770,000"
property-house-vic-reservoir-146335196,Reservoir,3073,28 Tovey Street,-37.70061741,144.9986086,3.0,2.0,house,2.0,2024-11-06,890.0,m2,"$1,000,000"
property-townhouse-vic-reservoir-146307396,Reservoir,3073,2/106 Barry Street,-37.7087614,144.9984588,2.0,1.0,townhouse,1.0,2024-11-05,,,"$675,500"
property-house-vic-reservoir-146392940,Reservoir,3073,17 Taylor Avenue,-37.722768,144.999632,2.0,1.0,house,3.0,2024-11-04,,,"$850,000"
property-townhouse-vic-reservoir-145541168,Reservoir,3073,2/27 Marshall Drive,-37.69993527,145.0263358,3.0,1.0,townhouse,1.0,2024-11-04,,,"$675,000"
property-unit-vic-reservoir-146403320,Reservoir,3073,2/7 Lane Crescent,-37.71566865,145.0149648,1.0,1.0,unit,1.0,2024-11-04,,,"$490,000"
property-house-vic-reservoir-146214896,Reservoir,3073,7 Gellibrand Crescent,-37.703514,145.008441,4.0,2.0,house,5.0,2024-11-03,973.0,m2,"$1,000,000"
property-house-vic-reservoir-146320692,Reservoir,3073,31 Ashton Street,-37.728843,145.021038,3.0,2.0,house,2.0,2024-11-02,748.0,m2,"$1,100,000"
property-unit-vic-reservoir-146252900,Reservoir,3073,3/15 Miranda Road,-37.70787736,145.0256555,2.0,1.0,unit,1.0,2024-11-02,,,"$595,000"
property-house-vic-reservoir-145995212,Reservoir,3073,4 Oakhill Avenue,-37.730509,145.013982,3.0,1.0,house,2.0,2024-11-01,658.0,m2,"$1,180,000"
property-townhouse-vic-reservoir-146171824,Reservoir,3073,1/8 Mais Street,-37.70800565,145.0280009,3.0,2.0,townhouse,2.0,2024-11-01,,,"$838,000"
property-unit-vic-reservoir-146303540,Reservoir,3073,1/96 Barry Street,-37.70882379,144.9991774,3.0,1.0,unit,1.0,2024-11-01,335.0,m2,"$790,000"
property-townhouse-vic-reservoir-145566396,Reservoir,3073,5/977-979 High Street,-37.70762692,145.0087558,2.0,2.0,townhouse,1.0,2024-11-01,,,"$600,000"
property-house-vic-reservoir-146340400,Reservoir,3073,11 Asquith Street,-37.696935,145.007903,4.0,3.0,house,4.0,2024-10-31,953.0,m2,"$2,050,000"
property-house-vic-reservoir-146098300,Reservoir,3073,28  Ameily Crescent,-37.708818,144.993837,4.0,2.0,house,3.0,2024-10-31,490.0,m2,"$930,000"
property-unit-vic-reservoir-146337136,Reservoir,3073,26A North Road,-37.7214656,145.0230847,3.0,1.0,unit,1.0,2024-10-31,258.0,m2,"$750,000"
property-unit-vic-reservoir-146339688,Reservoir,3073,3/21 Mason Street,-37.72849213,145.0088611,2.0,1.0,unit,1.0,2024-10-31,156.0,m2,"$742,000"
property-house-vic-reservoir-146209732,Reservoir,3073,40B York Street,-37.7274604,144.9876459,4.0,2.0,house,2.0,2024-10-30,320.0,m2,"$1,460,000"
property-townhouse-vic-reservoir-146363724,Reservoir,3073,4/83-85 Edwardes Street,-37.716015,145.001637,3.0,2.0,townhouse,2.0,2024-10-30,,,"$800,000"
property-house-vic-reservoir-145785952,Reservoir,3073,15 Elizabeth Court,-37.699237,145.020975,3.0,1.0,house,4.0,2024-10-30,534.0,m2,"$770,000"
property-townhouse-vic-reservoir-145837628,Reservoir,3073,1/57 Yarra Avenue,-37.71933846,145.0179661,2.0,2.0,townhouse,1.0,2024-10-30,,,"$740,000"
property-townhouse-vic-reservoir-145876848,Reservoir,3073,2/41 Marchant Avenue,-37.71394227,145.0134914,3.0,2.0,townhouse,1.0,2024-10-30,,,"$730,000"
property-house-vic-reservoir-146186752,Reservoir,3073,37 Locher Avenue,-37.69875788,145.0228821,3.0,1.0,house,2.0,2024-10-30,580.0,m2,"$660,000"
property-house-vic-reservoir-145809744,Reservoir,3073,1/161 Boldrewood Parade,-37.711806,145.022617,2.0,1.0,house,1.0,2024-10-30,279.0,m2,"$650,000"
property-townhouse-vic-reservoir-145989536,Reservoir,3073,7/119-125 Mahoneys Road,-37.69319916,144.9923746,3.0,2.0,townhouse,2.0,2024-10-30,,,"$625,000"
property-unit-vic-reservoir-146330032,Reservoir,3073,3/32 O'Connor Street,-37.7104169,145.004534,3.0,1.0,unit,3.0,2024-10-29,258.0,m2,"$780,000"
property-house-vic-reservoir-146220368,Reservoir,3073,9 Joffre Street,-37.72995994,145.012543,4.0,2.0,house,2.0,2024-10-26,803.0,m2,"$2,213,000"
property-house-vic-reservoir-146062100,Reservoir,3073,16 Joffre Street,-37.72946033,145.0129896,5.0,2.0,house,3.0,2024-10-26,640.0,m2,"$1,880,000"
property-house-vic-reservoir-146182772,Reservoir,3073,25 Knox Street,-37.725384,144.988136,3.0,1.0,house,3.0,2024-10-26,725.0,m2,"$1,156,000"
property-house-vic-reservoir-146126972,Reservoir,3073,21 Gellibrand Crescent,-37.704626,145.005962,3.0,1.0,house,6.0,2024-10-26,904.0,m2,"$1,126,000"
property-house-vic-reservoir-146095032,Reservoir,3073,23 Taylor Avenue,-37.722714,144.999123,3.0,1.0,house,2.0,2024-10-26,634.0,m2,"$945,000"
property-house-vic-reservoir-146104172,Reservoir,3073,30 Dredge Street,-37.69436965,144.9961999,3.0,1.0,house,4.0,2024-10-26,922.0,m2,"$920,000"
property-house-vic-reservoir-146191804,Reservoir,3073,57 Burbank Drive,-37.699504,145.026095,3.0,1.0,house,1.0,2024-10-26,,,"$745,000"
property-house-vic-reservoir-146208832,Reservoir,3073,47 Keon Parade,-37.69579,145.017494,3.0,1.0,house,4.0,2024-10-26,575.0,m2,"$695,000"
property-unit-vic-reservoir-146182192,Reservoir,3073,2/11 Luke Street,-37.71029391,144.9900551,2.0,1.0,unit,1.0,2024-10-26,,,"$686,000"
property-unit-vic-reservoir-146191600,Reservoir,3073,2/15 Chenies Street,-37.71084443,145.0289197,3.0,1.0,unit,2.0,2024-10-26,200.0,m2,"$627,500"
property-unit-vic-reservoir-146186500,Reservoir,3073,4/115 Rathcown Road,-37.7092018,145.0194504,1.0,1.0,unit,1.0,2024-10-26,,,"$452,000"
property-house-vic-reservoir-146139688,Reservoir,3073,12 McColl Street,-37.73057904,145.0192203,3.0,1.0,house,2.0,2024-10-25,550.0,m2,"$917,500"
property-house-vic-reservoir-146240700,Reservoir,3073,3 Coleman Crescent,-37.721204,145.00097,3.0,1.0,house,2.0,2024-10-25,,,"$890,000"
property-unit-vic-reservoir-146198908,Reservoir,3073,2/96 McMahon Road,-37.7105558,145.0162397,3.0,1.0,unit,1.0,2024-10-25,,,"$752,000"
property-townhouse-vic-reservoir-146192816,Reservoir,3073,11a Powell Street,-37.726884,145.004275,2.0,1.0,townhouse,1.0,2024-10-25,,,"$725,000"
property-unit-vic-reservoir-145816280,Reservoir,3073,3/41A Broadhurst Avenue,-37.70845225,145.0024483,3.0,1.0,unit,2.0,2024-10-25,224.0,m2,"$657,000"
property-house-vic-reservoir-146114668,Reservoir,3073,26 Kirby Street,-37.730655,145.033437,3.0,1.0,house,4.0,2024-10-24,581.0,m2,"$948,000"
property-unit-vic-reservoir-145996736,Reservoir,3073,2/2 Judges Court,-37.708179,145.033431,3.0,2.0,unit,1.0,2024-10-24,,,"$720,000"
property-unit-vic-reservoir-146089540,Reservoir,3073,3/18D Purinuan Road,-37.7094429,145.0324147,2.0,1.0,unit,2.0,2024-10-24,,,"$598,000"
property-house-vic-reservoir-146213984,Reservoir,3073,50 Lloyd Avenue,-37.697946,145.015974,3.0,1.0,house,2.0,2024-10-23,604.0,m2,"$889,000"
property-unit-vic-reservoir-146121700,Reservoir,3073,5/206 Spring Street,-37.72107458,145.003588,3.0,1.0,unit,1.0,2024-10-23,204.0,m2,"$595,000"
property-house-vic-reservoir-146126180,Reservoir,3073,11 Sharpe Street,-37.72418619,145.0024535,7.0,3.0,house,2.0,2024-10-22,,,"$1,380,000"
property-house-vic-reservoir-145691072,Reservoir,3073,15 Ayr Street,-37.706124,145.032339,3.0,1.0,house,2.0,2024-10-22,,,"$815,000"
property-house-vic-reservoir-146229444,Reservoir,3073,1 Carrington Road,-37.722151,144.991457,3.0,1.0,house,,2024-10-21,,,"$1,115,000"
property-townhouse-vic-reservoir-145987456,Reservoir,3073,5/746 High Street,-37.72656246,145.0062904,2.0,1.0,townhouse,1.0,2024-10-21,,,"$660,000"
property-house-vic-reservoir-146099108,Reservoir,3073,18 Ayr Street,-37.70622025,145.0331392,5.0,2.0,house,2.0,2024-10-19,901.0,m2,"$1,053,500"
property-house-vic-reservoir-146221892,Reservoir,3073,1001 High Street,-37.704623,145.009512,3.0,1.0,house,6.0,2024-10-19,988.0,m2,"$945,000"
property-house-vic-reservoir-146086984,Reservoir,3073,2/12 Ayr Street,-37.706477,145.0325562,4.0,1.0,house,2.0,2024-10-19,544.0,m2,"$925,000"
property-house-vic-reservoir-146121204,Reservoir,3073,22 Callander Street,-37.694836,144.993567,3.0,1.0,house,6.0,2024-10-19,786.0,m2,"$880,000"
property-house-vic-reservoir-144335124,Reservoir,3073,716 Gilbert Road,-37.718969,144.993506,4.0,1.0,house,8.0,2024-10-19,626.0,m2,"$843,000"
property-house-vic-reservoir-146145888,Reservoir,3073,22 Winter Crescent,-37.719001,145.027982,3.0,1.0,house,2.0,2024-10-19,684.0,m2,"$812,000"
property-townhouse-vic-reservoir-146096612,Reservoir,3073,55 Gilbank Street,-37.72367108,144.9928931,2.0,2.0,townhouse,2.0,2024-10-19,,,"$760,000"
property-unit-vic-reservoir-146119728,Reservoir,3073,4/107 St Vigeons Road,-37.70608398,145.0193748,2.0,1.0,unit,1.0,2024-10-19,,,"$640,500"
property-house-vic-reservoir-146107760,Reservoir,3073,345 Edwardes Street,-37.713987,144.9825,4.0,2.0,house,,2024-10-19,,,"$618,500"
property-unit-vic-reservoir-146240352,Reservoir,3073,6/7 O'Connor Street,-37.71083144,145.0053408,1.0,1.0,unit,1.0,2024-10-18,,,"$470,000"
property-unit-vic-reservoir-145674716,Reservoir,3073,4/6 Storey Road,-37.7237147,145.015063,2.0,1.0,unit,1.0,2024-10-17,,,"$415,000"
property-unit-vic-reservoir-145552628,Reservoir,3073,7/31 Kenilworth Street,-37.71408547,145.0044183,2.0,1.0,unit,1.0,2024-10-17,,,"$405,000"
property-unit-vic-reservoir-146130048,Reservoir,3073,39/2 Gremel Road,-37.72423704,145.0303681,2.0,1.0,unit,1.0,2024-10-17,,,"$145,000"
property-unit-vic-reservoir-146130496,Reservoir,3073,2/7 Haig Street,-37.72785304,144.9953427,2.0,1.0,unit,1.0,2024-10-16,,,"$732,000"
property-house-vic-reservoir-145989704,Reservoir,3073,2 Elizabeth Court,-37.699381,145.021448,3.0,1.0,house,3.0,2024-10-16,528.0,m2,"$720,000"
property-unit-vic-reservoir-146166404,Reservoir,3073,3/81 St Vigeons Road,-37.70642506,145.0221662,2.0,1.0,unit,1.0,2024-10-16,199.0,m2,"$681,000"
property-townhouse-vic-reservoir-146205600,Reservoir,3073,2/11 Horton Street,-37.72383429,144.986845,3.0,2.0,townhouse,1.0,2024-10-15,,,"$800,000"
property-house-vic-reservoir-144847304,Reservoir,3073,169 Cheddar Road,-37.69641,145.021629,3.0,1.0,house,2.0,2024-10-15,522.0,m2,"$516,000"
property-unit-vic-reservoir-145864344,Reservoir,3073,14/26 Ashley Street,-37.71737041,145.0023874,1.0,1.0,unit,1.0,2024-10-15,,,"$320,000"
property-townhouse-vic-reservoir-146130188,Reservoir,3073,13 Robinson Road,-37.72822351,145.0035099,3.0,2.0,townhouse,2.0,2024-10-14,,,"$988,000"
property-townhouse-vic-reservoir-146266496,Reservoir,3073,2/23 Barwon Avenue,-37.723127,145.02355,3.0,2.0,townhouse,2.0,2024-10-13,,,"$845,000"
property-house-vic-reservoir-146001884,Reservoir,3073,25 Darebin Boulevard,-37.703554,145.022562,3.0,2.0,house,5.0,2024-10-12,836.0,m2,"$1,060,000"
property-unit-vic-reservoir-146063264,Reservoir,3073,2/39 Compton Street,-37.71306844,145.0026971,3.0,1.0,unit,2.0,2024-10-12,,,"$856,000"
property-house-vic-reservoir-145926008,Reservoir,3073,50 Cheddar Road,-37.709589,145.013142,3.0,2.0,house,2.0,2024-10-12,450.0,m2,"$845,000"
property-townhouse-vic-reservoir-146069836,Reservoir,3073,1/32 Loddon Avenue,-37.72188149,145.0258149,3.0,2.0,townhouse,2.0,2024-10-12,,,"$728,000"
property-townhouse-vic-reservoir-146026496,Reservoir,3073,4/63 Dundee Street,-37.7023551,145.0243636,2.0,1.0,townhouse,1.0,2024-10-12,,,"$725,000"
property-house-vic-reservoir-145896952,Reservoir,3073,73 Lane Crescent,-37.712984,145.021131,3.0,1.0,house,2.0,2024-10-12,678.0,m2,"$685,000"
property-villa-vic-reservoir-145974552,Reservoir,3073,2/16 Cuthbert Road,-37.71648085,145.0149235,2.0,1.0,villa,2.0,2024-10-12,178.0,m2,"$585,000"
property-unit-vic-reservoir-146077556,Reservoir,3073,2/20 Crookston Road,-37.7103018,145.0223605,2.0,1.0,unit,1.0,2024-10-12,,,"$495,000"
property-unit-vic-reservoir-146034632,Reservoir,3073,4/14 Drysdale Street,-37.72959286,145.0243933,2.0,1.0,unit,1.0,2024-10-12,120.0,m2,"$453,600"
property-unit-vic-reservoir-146042552,Reservoir,3073,5B Colthur Street,-37.70979009,144.9924845,1.0,1.0,unit,1.0,2024-10-12,,,"$421,000"
property-house-vic-reservoir-146046368,Reservoir,3073,93 Broadhurst Avenue,-37.707957,144.996718,3.0,1.0,house,1.0,2024-10-11,762.0,m2,"$931,000"
property-house-vic-reservoir-145672228,Reservoir,3073,13 Lindenow Street,-37.697001,145.005406,3.0,1.0,house,1.0,2024-10-11,860.0,m2,"$910,000"
property-townhouse-vic-reservoir-146186244,Reservoir,3073,3/41 Kelsby Street,-37.71261409,144.998413,1.0,1.0,townhouse,1.0,2024-10-11,,,"$445,000"
property-house-vic-reservoir-145723228,Reservoir,3073,38 Oakhill Avenue,-37.727103,145.014583,4.0,1.0,house,1.0,2024-10-10,661.0,m2,"$1,310,000"
property-house-vic-reservoir-146071748,Reservoir,3073,22 Wattle Grove,-37.721086,144.994016,2.0,1.0,house,1.0,2024-10-10,,,"$1,050,000"
property-house-vic-reservoir-145653188,Reservoir,3073,2/1 Taylor Avenue,-37.72294363,145.0011991,2.0,2.0,house,1.0,2024-10-10,,,"$700,000"
property-house-vic-reservoir-145926012,Reservoir,3073,6 Fordham Road,-37.714629,145.019295,5.0,3.0,house,3.0,2024-10-09,670.0,m2,"$1,040,000"
property-unit-vic-reservoir-146066472,Reservoir,3073,2/29-31 Ashley Street,-37.71731496,145.0020046,2.0,1.0,unit,1.0,2024-10-09,,,"$560,000"
property-unit-vic-reservoir-145991152,Reservoir,3073,6/20-24 Ameily Crescent,-37.7093958,144.9948253,2.0,1.0,unit,1.0,2024-10-09,,,"$500,000"
property-unit-vic-reservoir-145007352,Reservoir,3073,2/26 Nisbett Street,-37.7277652,145.0328721,2.0,1.0,unit,1.0,2024-10-07,,,"$525,000"
property-unit-vic-reservoir-145851284,Reservoir,3073,4/24 Ashley Street,-37.71755018,145.0023364,2.0,1.0,unit,1.0,2024-10-07,,,"$490,000"
property-house-vic-reservoir-146000308,Reservoir,3073,7 Home Street,-37.727913,145.017194,3.0,2.0,house,2.0,2024-10-05,,,"$1,310,000"
property-unit-vic-reservoir-146063564,Reservoir,3073,4/1 Griffiths Street,-37.71457383,144.9957592,2.0,2.0,unit,1.0,2024-10-05,,,"$623,000"
property-unit-vic-reservoir-145947268,Reservoir,3073,1/17 Fyfe Street,-37.70549409,145.0119461,2.0,1.0,unit,1.0,2024-10-05,,,"$462,000"
property-unit-vic-reservoir-145989684,Reservoir,3073,2/2 Bernard Street,-37.71862044,145.0103124,1.0,1.0,unit,1.0,2024-10-05,,,"$391,000"
property-house-vic-reservoir-146130720,Reservoir,3073,12 Lloyd Avenue,-37.698313,145.019072,3.0,2.0,house,2.0,2024-10-04,,,"$910,000"
property-house-vic-reservoir-145592868,Reservoir,3073,2 Liston Avenue,-37.697617,145.020531,3.0,1.0,house,3.0,2024-10-04,541.0,m2,"$660,000"
property-unit-vic-reservoir-145160908,Reservoir,3073,3/21 Harmer Street,-37.70158801,145.0150814,3.0,2.0,unit,2.0,2024-10-02,230.0,m2,"$682,000"
property-unit-vic-reservoir-145782140,Reservoir,3073,2/27 Erskine Avenue,-37.72254649,145.0245136,2.0,1.0,unit,1.0,2024-10-02,127.0,m2,"$515,000"
property-townhouse-vic-reservoir-145397216,Reservoir,3073,3/12 Delaware Street,-37.72059084,145.0151814,2.0,1.0,townhouse,1.0,2024-10-01,102.0,m2,"$675,000"
property-unit-vic-reservoir-145744380,Reservoir,3073,4/16 Jinghi Road,-37.70608912,145.0133314,2.0,1.0,unit,1.0,2024-10-01,,,"$500,000"
property-unit-vic-reservoir-145390568,Reservoir,3073,2/37 Boldrewood Parade,-37.7220163,145.0215782,1.0,1.0,unit,1.0,2024-10-01,,,"$382,500"
property-unit-vic-reservoir-145482560,Reservoir,3073,8/122 Edwardes Street,-37.715569,145.000562,2.0,1.0,unit,1.0,2024-10-01,,,"$375,000"
property-townhouse-vic-reservoir-146087172,Reservoir,3073,2/70 O'Connor Street,-37.710115,145.000131,2.0,2.0,townhouse,1.0,2024-09-30,,,"$730,000"
property-unit-vic-reservoir-145830016,Reservoir,3073,19/2 Gremel Road,-37.72423704,145.0303681,1.0,1.0,unit,1.0,2024-09-30,,,"$95,000"
property-house-vic-reservoir-145927132,Reservoir,3073,191 Spring Street,-37.722175,145.001872,2.0,1.0,house,2.0,2024-09-28,652.0,m2,"$720,000"
property-house-vic-reservoir-145609904,Reservoir,3073,25 Andrews Avenue,-37.730179,145.033518,2.0,1.0,house,1.0,2024-09-27,525.0,m2,"$625,000"
property-house-vic-reservoir-145791920,Reservoir,3073,3 Taylor Avenue,-37.722899,145.000979,2.0,1.0,house,3.0,2024-09-26,,,"$830,000"
property-unit-vic-reservoir-146005728,Reservoir,3073,35 Purinuan Road,-37.709594,145.031027,3.0,1.0,unit,1.0,2024-09-26,,,"$750,000"
property-villa-vic-reservoir-146051380,Reservoir,3073,1/122 Edwardes Street,-37.715569,145.000562,2.0,1.0,villa,1.0,2024-09-26,,,"$370,000"
property-house-vic-reservoir-145991120,Reservoir,3073,44 Locher Avenue,-37.69858,145.023148,3.0,1.0,house,4.0,2024-09-25,584.0,m2,"$890,000"
property-townhouse-vic-reservoir-145812028,Reservoir,3073,3/23 Barwon Avenue,-37.723127,145.02355,3.0,2.0,townhouse,1.0,2024-09-25,,,"$800,000"
property-townhouse-vic-reservoir-145575536,Reservoir,3073,3/12 Evans Crescent,-37.71526054,145.0203361,2.0,1.0,townhouse,1.0,2024-09-25,,,"$670,000"
property-unit-vic-reservoir-145929816,Reservoir,3073,4/91 Barton Street,-37.71134501,144.9999501,2.0,1.0,unit,1.0,2024-09-25,,,"$595,000"
property-house-vic-reservoir-145677156,Reservoir,3073,74 Radford Road,-37.704076,144.983677,3.0,1.0,house,2.0,2024-09-23,860.0,m2,"$910,000"
property-house-vic-reservoir-145889188,Reservoir,3073,178 Spring Street,-37.722692,145.002028,3.0,2.0,house,1.0,2024-09-21,,,"$896,000"
property-house-vic-reservoir-145864848,Reservoir,3073,1/83 Whitelaw Street,-37.7120128,145.0204587,3.0,1.0,house,1.0,2024-09-21,,,"$736,000"
property-unit-vic-reservoir-145852372,Reservoir,3073,2/165-169 Broadhurst Avenue,-37.70726065,144.9888327,2.0,1.0,unit,1.0,2024-09-21,148.0,m2,"$532,000"
property-unit-vic-reservoir-145864436,Reservoir,3073,1/9 Lake Street,-37.71734743,144.9916974,2.0,1.0,unit,1.0,2024-09-21,,,"$435,000"
property-townhouse-vic-reservoir-145886036,Reservoir,3073,2/16 McComas Street,-37.72875612,145.0242488,2.0,1.0,townhouse,1.0,2024-09-20,,,"$625,000"
property-townhouse-vic-reservoir-145534148,Reservoir,3073,1/12 Dennis Street,-37.71824884,145.0127501,2.0,1.0,townhouse,1.0,2024-09-20,,,"$610,000"
property-townhouse-vic-reservoir-145811360,Reservoir,3073,2/76 Strathmerton Street,-37.71252791,145.0162794,2.0,2.0,townhouse,1.0,2024-09-20,,,"$600,000"
property-unit-vic-reservoir-145843888,Reservoir,3073,2/32 Summerhill Road,-37.72690386,145.0326065,2.0,1.0,unit,1.0,2024-09-20,,,"$600,000"
property-townhouse-vic-reservoir-145695252,Reservoir,3073,7/27-29 Miranda Road,-37.70765223,145.0237919,2.0,1.0,townhouse,1.0,2024-09-19,,,"$550,000"
property-townhouse-vic-reservoir-145204232,Reservoir,3073,1/36 Tambo Avenue,-37.72098353,145.0190171,2.0,1.0,townhouse,1.0,2024-09-18,,,"$579,000"
property-unit-vic-reservoir-145758916,Reservoir,3073,2/8 Darebin Boulevard,-37.70435883,145.0215539,2.0,1.0,unit,1.0,2024-09-18,,,"$519,900"
property-townhouse-vic-reservoir-145893392,Reservoir,3073,1/116 Summerhill Road,-37.72564236,145.0242062,3.0,2.0,townhouse,2.0,2024-09-17,213.0,m2,"$675,000"
property-house-vic-reservoir-145781888,Reservoir,3073,57 Lawley Street,-37.701223,144.990798,4.0,1.0,house,4.0,2024-09-16,802.0,m2,"$1,120,000"
property-house-vic-reservoir-143204232,Reservoir,3073,955 High Street,-37.70977,145.008512,4.0,1.0,house,4.0,2024-09-16,653.0,m2,"$915,000"
property-townhouse-vic-reservoir-145060104,Reservoir,3073,3/20 Ashton Street,-37.730008,145.021189,3.0,2.0,townhouse,2.0,2024-09-16,,,"$850,000"
property-house-vic-reservoir-145296732,Reservoir,3073,1/14 Smith Street,-37.70258296,145.0120486,3.0,1.0,house,1.0,2024-09-16,342.0,m2,"$715,000"
property-house-vic-reservoir-145788604,Reservoir,3073,62 Orrong Avenue,-37.71236,145.013525,2.0,1.0,house,1.0,2024-09-16,650.0,m2,"$675,000"
property-house-vic-reservoir-145795524,Reservoir,3073,109 Cuthbert Road,-37.716208,145.010336,2.0,1.0,house,1.0,2024-09-14,841.0,m2,"$1,256,000"
property-house-vic-reservoir-145802608,Reservoir,3073,1 Ashton Street,-37.731646,145.020487,4.0,1.0,house,2.0,2024-09-14,,,"$1,055,000"
property-house-vic-reservoir-145802636,Reservoir,3073,3 Inverness Street,-37.703492,145.031218,3.0,1.0,house,6.0,2024-09-14,,,"$950,000"
property-house-vic-reservoir-145811864,Reservoir,3073,52 Dredge Street,-37.695508,144.993889,3.0,2.0,house,4.0,2024-09-14,738.0,m2,"$900,000"
property-house-vic-reservoir-145817344,Reservoir,3073,42 Yarra Avenue,-37.719018,145.019825,2.0,1.0,house,2.0,2024-09-14,,,"$890,000"
property-house-vic-reservoir-145810620,Reservoir,3073,15 McMahon Road,-37.71174,145.023569,3.0,1.0,house,2.0,2024-09-14,296.0,m2,"$820,000"
property-unit-vic-reservoir-145802000,Reservoir,3073,1/33 Byfield Street,-37.71377061,145.0039384,2.0,1.0,unit,1.0,2024-09-14,,,"$705,500"
property-house-vic-reservoir-145818628,Reservoir,3073,98 Blake Street,-37.730847,145.028723,2.0,1.0,house,1.0,2024-09-14,,,"$685,000"
property-house-vic-reservoir-145894564,Reservoir,3073,37 Botha Avenue,-37.703018,145.000946,3.0,2.0,house,6.0,2024-09-13,846.0,m2,"$1,123,000"
property-townhouse-vic-reservoir-145568108,Reservoir,3073,2/9 Cuthbert Road,-37.71731074,145.0193783,2.0,2.0,townhouse,1.0,2024-09-13,,,"$630,000"
property-townhouse-vic-reservoir-145797388,Reservoir,3073,1/41 Kelsby Street,-37.71261409,144.998413,2.0,1.0,townhouse,1.0,2024-09-13,,,"$520,000"
property-house-vic-reservoir-145458508,Reservoir,3073,18 Thackeray Road,-37.721487,145.014483,3.0,1.0,house,6.0,2024-09-11,697.0,m2,"$1,125,000"
property-house-vic-reservoir-145877460,Reservoir,3073,16 Inverness Street,-37.70303,145.030051,3.0,1.0,house,3.0,2024-09-11,836.0,m2,"$1,045,000"
property-townhouse-vic-reservoir-145809772,Reservoir,3073,8/86 Tyler Street,-37.73235795,145.0299542,3.0,2.0,townhouse,2.0,2024-09-11,,,"$700,000"
property-house-vic-reservoir-145750796,Reservoir,3073,64 Yarra Avenue,-37.718911,145.017786,4.0,2.0,house,2.0,2024-09-07,837.0,m2,"$1,450,000"
property-house-vic-reservoir-145718792,Reservoir,3073,25 Greig Street,-37.701424,144.986732,4.0,2.0,house,3.0,2024-09-07,753.0,m2,"$1,320,000"
property-house-vic-reservoir-145706552,Reservoir,3073,81A Hughes Parade,-37.699832,144.997885,3.0,2.0,house,1.0,2024-09-07,,,"$820,000"
property-unit-vic-reservoir-145723012,Reservoir,3073,5/88 Purinuan Road,-37.70829691,145.0230035,2.0,1.0,unit,1.0,2024-09-07,,,"$545,500"
property-house-vic-reservoir-145462356,Reservoir,3073,184 Spring Street,-37.722317,145.002254,2.0,1.0,house,3.0,2024-09-06,565.0,m2,"$723,000"
property-unit-vic-reservoir-145445460,Reservoir,3073,1/774 Plenty Road,-37.726792,145.021229,3.0,1.0,unit,2.0,2024-09-06,,,"$610,000"
property-unit-vic-reservoir-145900460,Reservoir,3073,40A Liston Avenue,-37.69707055,145.017489,2.0,2.0,unit,1.0,2024-09-04,181.0,m2,"$610,000"
property-unit-vic-reservoir-145668928,Reservoir,3073,3/122 Edwardes Street,-37.715569,145.000562,2.0,1.0,unit,1.0,2024-09-02,,,"$367,500"
property-house-vic-reservoir-145673060,Reservoir,3073,17 Leamington Street,-37.713113,145.006358,3.0,1.0,house,2.0,2024-08-31,744.0,m2,"$1,085,000"
property-house-vic-reservoir-145679780,Reservoir,3073,65 Darebin Boulevard,-37.703618,145.026927,3.0,1.0,house,3.0,2024-08-31,892.0,m2,"$1,073,000"
property-house-vic-reservoir-145659908,Reservoir,3073,1/41 Marchant Avenue,-37.71394227,145.0134914,3.0,2.0,house,1.0,2024-08-31,343.0,m2,"$676,000"
property-townhouse-vic-reservoir-145700160,Reservoir,3073,5/830 High Street,-37.72384649,145.006709,2.0,1.0,townhouse,1.0,2024-08-31,144.0,m2,"$675,000"
property-unit-vic-reservoir-145751096,Reservoir,3073,4/20-22 Rathcown Road,-37.71047891,145.0322286,2.0,1.0,unit,1.0,2024-08-31,,,"$627,000"
property-house-vic-reservoir-145494780,Reservoir,3073,33 Wilson Boulevard,-37.705361,144.994066,3.0,1.0,house,6.0,2024-08-30,1545.0,m2,"$960,000"
property-house-vic-reservoir-145697628,Reservoir,3073,16 Locksley Avenue,-37.723132,144.998249,2.0,2.0,house,1.0,2024-08-30,,,"$880,000"
property-unit-vic-reservoir-145441704,Reservoir,3073,2/83-85 Howard Street,-37.71910791,145.0088772,1.0,1.0,unit,1.0,2024-08-30,,,"$430,000"
property-unit-vic-reservoir-144244716,Reservoir,3073,55A Arundel Avenue,-37.69682313,145.0162356,2.0,1.0,unit,1.0,2024-08-29,,,"$550,000"
property-house-vic-reservoir-145751400,Reservoir,3073,11 Broadhurst Avenue,-37.708854,145.007107,2.0,1.0,house,2.0,2024-08-28,844.0,m2,"$960,000"
property-unit-vic-reservoir-145627944,Reservoir,3073,1/58 Miranda Road,-37.70700767,145.0208621,2.0,1.0,unit,1.0,2024-08-27,,,"$449,000"
property-townhouse-vic-reservoir-145231900,Reservoir,3073,3/80 Orrong Avenue,-37.7111635,145.0151737,2.0,1.0,townhouse,1.0,2024-08-26,,,"$540,000"
property-apartment-vic-reservoir-145384224,Reservoir,3073,205/20 Bedford Street,-37.71769836,145.0077986,2.0,2.0,apartment,1.0,2024-08-26,,,"$459,000"
property-townhouse-vic-reservoir-145444676,Reservoir,3073,1/38 Storey Road,-37.72338,145.012368,3.0,2.0,townhouse,2.0,2024-08-24,,,"$935,000"
property-house-vic-reservoir-145633120,Reservoir,3073,151 Broadhurst Avenue,-37.707402,144.990597,3.0,1.0,house,4.0,2024-08-24,715.0,m2,"$932,500"
property-unit-vic-reservoir-145622144,Reservoir,3073,1/41 Lloyd Avenue,-37.6981489,145.0135674,2.0,1.0,unit,2.0,2024-08-24,235.0,m2,"$650,000"
property-townhouse-vic-reservoir-145630976,Reservoir,3073,13/15 Chenies Street,-37.71084443,145.0289197,3.0,2.0,townhouse,2.0,2024-08-23,,,"$682,500"
property-townhouse-vic-reservoir-145694648,Reservoir,3073,2/17 Suffolk Street,-37.70764532,145.0110044,2.0,1.0,townhouse,1.0,2024-08-23,,,"$565,000"
property-townhouse-vic-reservoir-145060848,Reservoir,3073,4/4 Bernard Street,-37.718426,145.010356,2.0,1.0,townhouse,1.0,2024-08-22,,,"$620,000"
property-unit-vic-reservoir-145622408,Reservoir,3073,3/54 Andrews Avenue,-37.72937628,145.0295006,2.0,1.0,unit,2.0,2024-08-22,,,"$531,000"
property-house-vic-reservoir-145389456,Reservoir,3073,30  Joffre Street,-37.72836066,145.013181,3.0,2.0,house,5.0,2024-08-21,730.0,m2,"$1,430,000"
property-townhouse-vic-reservoir-145740940,Reservoir,3073,12/87-93 Radford Road,-37.70161018,144.9841283,3.0,2.0,townhouse,2.0,2024-08-21,,,"$671,000"
property-townhouse-vic-reservoir-145633912,Reservoir,3073,2/8 Miranda Road,-37.70767359,145.0263316,2.0,1.0,townhouse,1.0,2024-08-21,,,"$565,000"
property-townhouse-vic-reservoir-145028084,Reservoir,3073,1/61 Edwardes Street,-37.7161872,145.0032582,2.0,2.0,townhouse,1.0,2024-08-20,,,"$600,000"
property-unit-vic-reservoir-145080508,Reservoir,3073,3/65 Miranda Road,-37.7070392,145.0187745,1.0,1.0,unit,1.0,2024-08-20,,,"$405,000"
property-house-vic-reservoir-145528684,Reservoir,3073,36 Greig Street,-37.699849,144.984733,4.0,1.0,house,4.0,2024-08-17,760.0,m2,"$1,075,000"
property-house-vic-reservoir-145541356,Reservoir,3073,20 North Road,-37.721508,145.023741,3.0,1.0,house,4.0,2024-08-17,640.0,m2,"$950,888"
property-townhouse-vic-reservoir-145557552,Reservoir,3073,2/44 Rathcown Road,-37.71024321,145.0303321,2.0,1.0,townhouse,2.0,2024-08-17,133.0,m2,"$640,000"
property-house-vic-reservoir-145123860,Reservoir,3073,7 Pedersen Avenue,-37.698912,145.032201,4.0,2.0,house,2.0,2024-08-16,,,"$895,000"
property-unit-vic-reservoir-145580136,Reservoir,3073,15/79A Rathcown Road,-37.70985667,145.0248142,3.0,1.0,unit,2.0,2024-08-16,,,"$683,000"
property-house-vic-reservoir-145114516,Reservoir,3073,23 Kenilworth Street,-37.714166,145.005241,3.0,1.0,house,4.0,2024-08-15,1011.0,m2,"$1,420,000"
property-house-vic-reservoir-145678244,Reservoir,3073,1 Kilmore Avenue,-37.718887,145.024911,3.0,1.0,house,1.0,2024-08-15,601.0,m2,"$890,000"
property-house-vic-reservoir-144646204,Reservoir,3073,25 Barton Street,-37.71194205,145.0056252,3.0,1.0,house,2.0,2024-08-14,624.0,m2,"$975,000"
property-townhouse-vic-reservoir-139427311,Reservoir,3073,2/4 Clingin Street,-37.72871676,145.0360576,2.0,1.0,townhouse,1.0,2024-08-14,199.0,m2,"$530,000"
property-apartment-vic-reservoir-145581820,Reservoir,3073,105/212 Spring Street,-37.72078192,145.0039018,2.0,1.0,apartment,1.0,2024-08-14,,,"$425,000"
property-townhouse-vic-reservoir-145517532,Reservoir,3073,3/18-20 Fordham Road,-37.71423059,145.0203875,2.0,1.0,townhouse,1.0,2024-08-13,,,"$560,000"
property-house-vic-reservoir-145540672,Reservoir,3073,224 Albert Street,-37.728493,145.025949,3.0,1.0,house,2.0,2024-08-12,715.0,m2,"$717,500"
property-house-vic-reservoir-145637516,Reservoir,3073,792 High Street,-37.7252528,145.0064649,3.0,2.0,house,2.0,2024-08-10,,,"$1,045,000"
property-residential land-vic-reservoir-203680584,Reservoir,3073,167 Rathcown Road,-37.708663,145.015019,,,residential land,,2024-08-10,743.0,m2,"$940,000"
property-unit-vic-reservoir-145493416,Reservoir,3073,2/23 Home Street,-37.72717615,145.0181601,2.0,1.0,unit,1.0,2024-08-10,,,"$612,000"
property-house-vic-reservoir-145399044,Reservoir,3073,17 Tovey Street,-37.701011,144.999514,3.0,1.0,house,1.0,2024-08-09,693.0,m2,"$780,000"
property-unit-vic-reservoir-145297000,Reservoir,3073,5/835 Plenty Road,-37.72381265,145.0273178,2.0,1.0,unit,2.0,2024-08-09,180.0,m2,"$545,000"
property-unit-vic-reservoir-145262096,Reservoir,3073,4/4 Pratt Street,-37.71070247,145.0102389,2.0,1.0,unit,1.0,2024-08-08,,,"$530,000"
property-house-vic-reservoir-145464952,Reservoir,3073,60 Wilson Boulevard,-37.699177,144.993405,4.0,1.0,house,4.0,2024-08-03,956.0,m2,"$1,020,000"
property-house-vic-reservoir-145487596,Reservoir,3073,82 Rathcown Road,-37.709472,145.023981,3.0,1.0,house,3.0,2024-08-03,890.0,m2,"$1,001,500"
property-house-vic-reservoir-145456012,Reservoir,3073,76 Whitelaw Street,-37.712292,145.02022,4.0,1.0,house,3.0,2024-08-03,700.0,m2,"$955,000"
property-house-vic-reservoir-143503588,Reservoir,3073,53 Burbank Drive,-37.699616,145.025797,4.0,1.0,house,1.0,2024-08-03,614.0,m2,"$700,000"
property-unit-vic-reservoir-145350220,Reservoir,3073,1/75 Purinuan Road,-37.70913135,145.0272687,3.0,1.0,unit,2.0,2024-08-03,170.0,m2,"$590,000"
property-house-vic-reservoir-145516768,Reservoir,3073,16 Station Street,-37.72938,145.003187,2.0,1.0,house,1.0,2024-08-02,370.0,m2,"$850,000"
property-townhouse-vic-reservoir-145358284,Reservoir,3073,7/95 Arundel Avenue,-37.69613889,145.0125356,3.0,2.0,townhouse,1.0,2024-08-02,,,"$640,000"
property-apartment-vic-reservoir-144956188,Reservoir,3073,105/20 Bedford Street,-37.71769836,145.0077986,2.0,1.0,apartment,1.0,2024-08-02,,,"$385,000"
property-house-vic-reservoir-143371864,Reservoir,3073,4 Orrong Avenue,-37.714813,145.009353,3.0,1.0,house,2.0,2024-08-01,652.0,m2,"$890,000"
property-house-vic-reservoir-145248736,Reservoir,3073,7 Crookston Road,-37.710784,145.023754,3.0,1.0,house,2.0,2024-08-01,706.0,m2,"$840,000"
property-townhouse-vic-reservoir-145464496,Reservoir,3073,2/5 Wright Street,-37.7206396,145.000211,2.0,1.0,townhouse,1.0,2024-08-01,,,"$600,000"
property-unit-vic-reservoir-145407960,Reservoir,3073,4/82 Henty Street,-37.71773884,144.9898845,2.0,1.0,unit,1.0,2024-08-01,,,"$485,000"
property-house-vic-reservoir-144937064,Reservoir,3073,35 Bray Street,-37.69835,144.986112,4.0,2.0,house,2.0,2024-07-31,832.0,m2,"$1,130,000"
property-house-vic-reservoir-145359424,Reservoir,3073,16 Nutwood Street,-37.709566,145.033383,6.0,2.0,house,,2024-07-31,,,"$900,000"
property-townhouse-vic-reservoir-145133280,Reservoir,3073,4/43 Clingin Street,-37.72907256,145.0325765,2.0,2.0,townhouse,1.0,2024-07-30,,,"$648,000"
property-house-vic-reservoir-145458480,Reservoir,3073,1/71 Lane Crescent,-37.7129659,145.0208845,2.0,1.0,house,1.0,2024-07-30,,,"$590,000"
property-house-vic-reservoir-144765656,Reservoir,3073,14 Ryan Street,-37.701821,144.998381,3.0,1.0,house,1.0,2024-07-29,766.0,m2,"$780,000"
property-house-vic-reservoir-145412604,Reservoir,3073,21 Henderson Street,-37.697477,145.00156,4.0,2.0,house,2.0,2024-07-27,864.0,m2,"$1,131,000"
property-house-vic-reservoir-145407244,Reservoir,3073,34 Daventry Street,-37.713394,145.001665,3.0,1.0,house,1.0,2024-07-27,613.0,m2,"$1,120,000"
property-house-vic-reservoir-144980552,Reservoir,3073,3 Rodman Street,-37.702802,145.007893,3.0,1.0,house,6.0,2024-07-27,946.0,m2,"$975,000"
property-house-vic-reservoir-145377784,Reservoir,3073,42 Broadhurst Avenue,-37.708135,145.002453,3.0,1.0,house,8.0,2024-07-27,960.0,m2,"$970,000"
property-house-vic-reservoir-144708328,Reservoir,3073,25 Ludeman Court,-37.698601,144.997708,3.0,1.0,house,4.0,2024-07-27,956.0,m2,"$880,000"
property-house-vic-reservoir-145399488,Reservoir,3073,63 Rathcown Road,-37.710272,145.028157,3.0,1.0,house,3.0,2024-07-27,742.0,m2,"$842,000"
property-townhouse-vic-reservoir-145399084,Reservoir,3073,1/81 Rathcown Road,-37.70978329,145.0242379,2.0,2.0,townhouse,1.0,2024-07-27,,,"$712,500"
property-townhouse-vic-reservoir-145399468,Reservoir,3073,4/75 St Vigeons Road,-37.70679082,145.0227542,2.0,1.0,townhouse,1.0,2024-07-27,144.0,m2,"$677,888"
property-unit-vic-reservoir-145399036,Reservoir,3073,17 Lawson Street,-37.71807,145.014875,2.0,1.0,unit,2.0,2024-07-27,190.0,m2,"$600,000"
property-unit-vic-reservoir-145399024,Reservoir,3073,5/2 Griffiths Street,-37.71432951,144.9958,2.0,1.0,unit,1.0,2024-07-27,207.0,m2,"$560,000"
property-unit-vic-reservoir-145342408,Reservoir,3073,9/2A Crookston Road,-37.71053544,145.0244011,2.0,1.0,unit,1.0,2024-07-27,142.0,m2,"$520,000"
property-townhouse-vic-reservoir-145338468,Reservoir,3073,3/3 Hobbs Crescent,-37.70566843,145.0088637,3.0,1.0,townhouse,1.0,2024-07-25,,,"$705,000"
property-townhouse-vic-reservoir-145411728,Reservoir,3073,1/134 Purinuan Road,-37.70759993,145.0174453,2.0,1.0,townhouse,2.0,2024-07-25,209.0,m2,"$633,500"
property-apartment-vic-reservoir-145345924,Reservoir,3073,6/99 Barton Street,-37.71123832,144.9989387,1.0,1.0,apartment,1.0,2024-07-25,,,"$320,000"
property-house-vic-reservoir-144860956,Reservoir,3073,13 Henderson Street,-37.69820784,145.0016985,3.0,2.0,house,2.0,2024-07-24,,,"$785,000"
property-townhouse-vic-reservoir-145338516,Reservoir,3073,2/2H Carrol Street,-37.71491527,145.0139186,3.0,2.0,townhouse,2.0,2024-07-24,,,"$650,000"
property-house-vic-reservoir-145120376,Reservoir,3073,23 Drysdale Street,-37.729818,145.023837,3.0,1.0,house,4.0,2024-07-23,533.0,m2,"$747,000"
property-unit-vic-reservoir-145283184,Reservoir,3073,1/38 Hughes Parade,-37.69965464,145.0045187,1.0,1.0,unit,1.0,2024-07-23,,,"$400,000"
property-house-vic-reservoir-145324324,Reservoir,3073,173 Rathcown Road,-37.7086,145.014499,4.0,2.0,house,1.0,2024-07-20,737.0,m2,"$950,000"
property-house-vic-reservoir-145335584,Reservoir,3073,1A Rodman Street,-37.70304,145.008114,3.0,1.0,house,2.0,2024-07-20,484.0,m2,"$832,000"
property-townhouse-vic-reservoir-145330256,Reservoir,3073,1/34 Ashton Street,-37.72895151,145.0213931,3.0,2.0,townhouse,1.0,2024-07-20,,,"$700,000"
property-residential land-vic-reservoir-203949632,Reservoir,3073,3K Morris Street,-37.698098,145.005666,,,residential land,,2024-07-17,899.0,m2,"$830,000"
property-townhouse-vic-reservoir-145338408,Reservoir,3073,3/39 Marchant Avenue,-37.71427042,145.0135078,2.0,2.0,townhouse,1.0,2024-07-17,117.0,m2,"$650,000"
property-unit-vic-reservoir-145410788,Reservoir,3073,5/64-66 Orrong Avenue,-37.7122338,145.0137397,2.0,1.0,unit,1.0,2024-07-16,,,"$635,000"
property-townhouse-vic-reservoir-145277624,Reservoir,3073,5/224 Spring Street,-37.71983952,145.0048997,2.0,1.0,townhouse,1.0,2024-07-16,,,"$555,000"
property-townhouse-vic-reservoir-145186920,Reservoir,3073,7/49 Storey Road,-37.72351772,145.0111043,2.0,1.0,townhouse,1.0,2024-07-15,,,"$680,000"
property-unit-vic-reservoir-145038536,Reservoir,3073,2/60 Locher Avenue,-37.69754471,145.0224473,1.0,1.0,unit,1.0,2024-07-15,,,"$372,000"
property-townhouse-vic-reservoir-145256124,Reservoir,3073,4/63 O'Connor Street,-37.71024219,144.9990402,3.0,2.0,townhouse,2.0,2024-07-13,,,"$937,500"
property-house-vic-reservoir-145302980,Reservoir,3073,27 Ryan Street,-37.700121,144.998075,3.0,1.0,house,4.0,2024-07-13,600.0,m2,"$840,000"
property-house-vic-reservoir-143503432,Reservoir,3073,106 Miranda Road,-37.706463,145.016563,3.0,2.0,house,4.0,2024-07-13,744.0,m2,"$827,000"
property-townhouse-vic-reservoir-145284348,Reservoir,3073,3/24 Leamington Street,-37.71272222,145.0057409,3.0,2.0,townhouse,1.0,2024-07-13,,,"$776,000"
property-townhouse-vic-reservoir-145256056,Reservoir,3073,58B Lane Crescent,-37.71324435,145.0204466,3.0,1.0,townhouse,2.0,2024-07-13,,,"$765,000"
property-unit-vic-reservoir-145296616,Reservoir,3073,1/21 Whitelaw Street,-37.71494298,145.0142841,2.0,1.0,unit,1.0,2024-07-13,197.0,m2,"$590,000"
property-unit-vic-reservoir-144881792,Reservoir,3073,8/54-56 St Vigeons Road,-37.70673,145.027071,2.0,1.0,unit,1.0,2024-07-11,,,"$522,500"
property-house-vic-reservoir-145210464,Reservoir,3073,33 Shand Road,-37.721121,145.019508,3.0,1.0,house,1.0,2024-07-10,633.0,m2,"$1,085,000"
property-house-vic-reservoir-141930144,Reservoir,3073,27 Ramleh Road,-37.708461,145.030394,3.0,1.0,house,2.0,2024-07-10,,,"$825,000"
property-townhouse-vic-reservoir-144843716,Reservoir,3073,2/14 Shand Road,-37.72292887,145.0195539,2.0,1.0,townhouse,1.0,2024-07-10,,,"$715,000"
property-house-vic-reservoir-144802016,Reservoir,3073,7A Broadhurst Avenue,-37.709152,145.007477,4.0,2.0,house,2.0,2024-07-09,353.0,m2,"$815,000"
property-townhouse-vic-reservoir-145327452,Reservoir,3073,4/13 Dundee Street,-37.703594,145.019578,3.0,2.0,townhouse,2.0,2024-07-08,,,"$800,000"
property-townhouse-vic-reservoir-145220104,Reservoir,3073,20 White Street,-37.70973884,145.0097147,2.0,1.0,townhouse,1.0,2024-07-08,120.0,m2,"$535,000"
property-house-vic-reservoir-145253304,Reservoir,3073,148 Spring Street,-37.726106,145.001448,3.0,1.0,house,1.0,2024-07-06,402.0,m2,"$910,000"
property-house-vic-reservoir-145172108,Reservoir,3073,85 Darebin Boulevard,-37.70394,145.029448,3.0,1.0,house,2.0,2024-07-06,,,"$850,000"
property-townhouse-vic-reservoir-145208100,Reservoir,3073,2/9 Mahoneys Road,-37.69525953,145.0092512,3.0,2.0,townhouse,2.0,2024-07-06,,,"$702,000"
property-townhouse-vic-reservoir-145203984,Reservoir,3073,1/58 Marchant Avenue,-37.71360963,145.0152395,3.0,2.0,townhouse,2.0,2024-07-06,212.0,m2,"$700,000"
property-townhouse-vic-reservoir-145220796,Reservoir,3073,3/97 Cuthbert Road,-37.71635074,145.0115035,2.0,1.0,townhouse,1.0,2024-07-06,109.0,m2,"$625,000"
property-townhouse-vic-reservoir-145095364,Reservoir,3073,4/131 Broadway,-37.71855116,145.0208988,2.0,1.0,townhouse,1.0,2024-07-06,,,"$562,000"
property-house-vic-reservoir-145272504,Reservoir,3073,117 Hickford Street,-37.704524,145.017534,3.0,1.0,house,3.0,2024-07-05,,,"$850,000"
property-house-vic-reservoir-144682848,Reservoir,3073,2/7 Coleman Crescent,-37.72140998,145.0004036,2.0,2.0,house,1.0,2024-07-05,,,"$670,000"
property-house-vic-reservoir-145185728,Reservoir,3073,28 Barwon Avenue,-37.72276,145.023719,3.0,1.0,house,2.0,2024-07-04,673.0,m2,"$1,005,000"
property-apartment-vic-reservoir-145226272,Reservoir,3073,301A/59 Johnson Street,-37.69612286,145.0120604,2.0,2.0,apartment,1.0,2024-07-04,,,"$415,000"
property-townhouse-vic-reservoir-145280732,Reservoir,3073,85 Crevelli Street,-37.7263359,145.030215,3.0,1.0,townhouse,2.0,2024-07-03,,,"$700,000"
property-house-vic-reservoir-144309616,Reservoir,3073,42 Seston Street,-37.730004,145.034374,2.0,1.0,house,2.0,2024-07-02,603.0,m2,"$715,000"
property-apartment-vic-reservoir-145071548,Reservoir,3073,2/212 Spring Street,-37.72078192,145.0039018,2.0,1.0,apartment,1.0,2024-07-02,,,"$460,000"
property-house-vic-reservoir-145180828,Reservoir,3073,3 Hillcroft Street,-37.719593,144.989949,3.0,2.0,house,1.0,2024-06-29,557.0,m2,"$1,150,000"
property-townhouse-vic-reservoir-145061408,Reservoir,3073,9/82 Tyler Street,-37.73257208,145.0304101,3.0,2.0,townhouse,2.0,2024-06-29,,,"$715,000"
property-townhouse-vic-reservoir-145206600,Reservoir,3073,2/8 Barry Street,-37.70970765,145.0078571,3.0,1.0,townhouse,2.0,2024-06-29,,,"$710,000"
property-townhouse-vic-reservoir-145103236,Reservoir,3073,1B Don Street,-37.70699827,145.0308185,2.0,2.0,townhouse,2.0,2024-06-29,,,"$710,000"
property-unit-vic-reservoir-145144204,Reservoir,3073,4/9-11 Wild Street,-37.7276731,145.0041352,2.0,1.0,unit,1.0,2024-06-29,,,"$575,000"
property-unit-vic-reservoir-145181544,Reservoir,3073,8 Mcfadzean Avenue,-37.70866911,144.9979893,1.0,1.0,unit,1.0,2024-06-29,,,"$465,000"
property-townhouse-vic-reservoir-143384864,Reservoir,3073,4A Cheddar Road,-37.71386793,145.0099012,3.0,2.0,townhouse,2.0,2024-06-28,,,"$750,000"
property-house-vic-reservoir-144940068,Reservoir,3073,26 Gisborne Crescent,-37.71935,145.023515,3.0,1.0,house,3.0,2024-06-27,598.0,m2,"$800,000"
property-house-vic-reservoir-145161508,Reservoir,3073,43 Miranda Road,-37.707469,145.022254,4.0,1.0,house,6.0,2024-06-24,892.0,m2,"$1,100,000"
property-townhouse-vic-reservoir-145207924,Reservoir,3073,2/87 Radford Road,-37.70161018,144.9841283,4.0,2.0,townhouse,2.0,2024-06-24,,,"$800,000"
property-house-vic-reservoir-145127252,Reservoir,3073,64 Thackeray Road,-37.720982,145.010197,3.0,2.0,house,2.0,2024-06-22,,,"$1,480,000"
property-house-vic-reservoir-145083072,Reservoir,3073,38 Manoel Avenue,-37.699062,145.034715,3.0,2.0,house,2.0,2024-06-22,841.0,m2,"$1,087,000"
property-house-vic-reservoir-145073844,Reservoir,3073,7 Pratt Street,-37.710958,145.010034,3.0,1.0,house,4.0,2024-06-22,636.0,m2,"$890,000"
property-unit-vic-reservoir-145070044,Reservoir,3073,2/20 Erskine Avenue,-37.72315145,145.0253178,3.0,1.0,unit,2.0,2024-06-22,261.0,m2,"$721,000"
property-townhouse-vic-reservoir-145086884,Reservoir,3073,3/1 Erskine Avenue,-37.72429098,145.0256892,2.0,2.0,townhouse,1.0,2024-06-22,,,"$657,500"
property-unit-vic-reservoir-145109888,Reservoir,3073,2/123 Boldrewood Parade,-37.71467114,145.0219856,2.0,1.0,unit,1.0,2024-06-22,147.0,m2,"$565,000"
property-unit-vic-reservoir-144659260,Reservoir,3073,4/16 View Street,-37.71923925,144.9911434,2.0,1.0,unit,1.0,2024-06-21,165.0,m2,"$651,000"
property-apartment-vic-reservoir-144831424,Reservoir,3073,2/78 Orrong Avenue,-37.71133384,145.015178,3.0,2.0,apartment,2.0,2024-06-19,,,"$590,000"
property-house-vic-reservoir-144074360,Reservoir,3073,47 Lane Crescent,-37.713431,145.018794,3.0,1.0,house,1.0,2024-06-18,636.0,m2,"$710,000"
property-house-vic-reservoir-143583704,Reservoir,3073,7 Dredge Street,-37.694871,144.998262,4.0,2.0,house,6.0,2024-06-17,920.0,m2,"$965,000"
property-unit-vic-reservoir-145149424,Reservoir,3073,1/137 Crookston Road,-37.70905258,145.0097979,2.0,1.0,unit,1.0,2024-06-17,,,"$486,500"
property-house-vic-reservoir-145072956,Reservoir,3073,137 Wilson Boulevard,-37.697506,144.994754,3.0,1.0,house,2.0,2024-06-15,,,"$1,100,000"
property-townhouse-vic-reservoir-145069972,Reservoir,3073,11/63 Pine Street,-37.718107,144.997394,3.0,2.0,townhouse,2.0,2024-06-15,,,"$663,500"
property-house-vic-reservoir-145139332,Reservoir,3073,5 Seston Street,-37.732765,145.033495,3.0,1.0,house,1.0,2024-06-14,,,"$800,000"
property-townhouse-vic-reservoir-144900024,Reservoir,3073,3/158 Rathcown Road,-37.70841033,145.0163485,2.0,2.0,townhouse,1.0,2024-06-14,,,"$620,000"
property-townhouse-vic-reservoir-144687628,Reservoir,3073,1/105 Cheddar Road,-37.70479985,145.0154738,2.0,1.0,townhouse,1.0,2024-06-14,264.0,m2,"$600,000"
property-unit-vic-reservoir-145180996,Reservoir,3073,77/2 Gremel Road,-37.72423704,145.0303681,2.0,1.0,unit,1.0,2024-06-14,,,"$114,000"
property-house-vic-reservoir-144864376,Reservoir,3073,63 Glasgow Avenue,-37.703449,144.999256,3.0,1.0,house,2.0,2024-06-13,876.0,m2,"$850,000"
property-house-vic-reservoir-144185084,Reservoir,3073,64 Rathcown Road,-37.709995,145.028301,3.0,1.0,house,2.0,2024-06-13,742.0,m2,"$790,000"
property-townhouse-vic-reservoir-144866936,Reservoir,3073,1/6 Broadhurst AVENUE,-37.70859127,145.0078062,2.0,2.0,townhouse,1.0,2024-06-12,277.0,m2,"$720,000"
property-house-vic-reservoir-144819428,Reservoir,3073,1/46 Clingin Street,-37.72850808,145.0321289,2.0,1.0,house,1.0,2024-06-12,,,"$595,000"
property-house-vic-reservoir-144844356,Reservoir,3073,20 Tunaley Parade,-37.696775,145.024591,3.0,1.0,house,4.0,2024-06-11,586.0,m2,"$706,000"
property-townhouse-vic-reservoir-143975000,Reservoir,3073,98 Whitelaw Street,-37.71248356,145.0221329,3.0,2.0,townhouse,1.0,2024-06-11,160.0,m2,"$675,000"
property-apartment-vic-reservoir-143220536,Reservoir,3073,8/1 Griffiths Street,-37.71457383,144.9957592,2.0,1.0,apartment,1.0,2024-06-09,,,"$370,000"
property-house-vic-reservoir-144858516,Reservoir,3073,121 North Road,-37.722804,145.014562,3.0,1.0,house,2.0,2024-06-08,,,"$1,195,000"
property-house-vic-reservoir-145015840,Reservoir,3073,106 Radford Road,-37.701399,144.985258,3.0,1.0,house,3.0,2024-06-08,,,"$936,000"
property-townhouse-vic-reservoir-145060172,Reservoir,3073,40A Darebin Boulevard,-37.7037416,145.0249918,2.0,1.0,townhouse,1.0,2024-06-08,,,"$770,000"
property-house-vic-reservoir-145118496,Reservoir,3073,54 Purinuan Road,-37.7088149,145.0272642,3.0,2.0,house,3.0,2024-06-07,412.0,m2,"$961,000"
property-unit-vic-reservoir-144866496,Reservoir,3073,2/5 Barry Street,-37.70991229,145.0068657,2.0,1.0,unit,1.0,2024-06-07,,,"$595,000"
property-house-vic-reservoir-144967140,Reservoir,3073,30 Loddon Avenue,-37.721931,145.025874,3.0,1.0,house,6.0,2024-06-04,670.0,m2,"$820,000"
property-house-vic-reservoir-144934428,Reservoir,3073,115 Purinuan Road,-37.70848924,145.0220049,3.0,1.0,house,2.0,2024-06-04,410.0,m2,"$725,000"
property-townhouse-vic-reservoir-144988544,Reservoir,3073,3/106 Barry Street,-37.7087614,144.9984588,2.0,1.0,townhouse,1.0,2024-06-04,,,"$687,000"
property-townhouse-vic-reservoir-144843672,Reservoir,3073,2/71 Leamington Street,-37.71207367,144.9964719,2.0,2.0,townhouse,1.0,2024-06-04,,,"$669,000"
property-townhouse-vic-reservoir-144841824,Reservoir,3073,10/11-13 Ashley Street,-37.71838097,145.0018247,2.0,2.0,townhouse,1.0,2024-06-04,,,"$535,500"
property-house-vic-reservoir-144940136,Reservoir,3073,116 North Road,-37.722538,145.014807,4.0,2.0,house,2.0,2024-06-01,743.0,m2,"$1,111,000"
property-house-vic-reservoir-144912716,Reservoir,3073,18 Best Street,-37.713581,144.99727,3.0,2.0,house,6.0,2024-06-01,759.0,m2,"$962,500"
property-house-vic-reservoir-144928896,Reservoir,3073,36 Massey Avenue,-37.703634,144.990018,3.0,1.0,house,6.0,2024-06-01,843.0,m2,"$950,000"
property-unit-vic-reservoir-144930476,Reservoir,3073,11A Whitelaw Street,-37.71518736,145.0133282,2.0,1.0,unit,1.0,2024-06-01,,,"$755,000"
property-house-vic-reservoir-144950364,Reservoir,3073,64 Burbank Drive,-37.69793421,145.0293381,3.0,2.0,house,2.0,2024-06-01,,,"$745,000"
property-villa-vic-reservoir-144890672,Reservoir,3073,3/18 Storey Road,-37.72360301,145.0141437,2.0,1.0,villa,1.0,2024-06-01,,,"$648,000"
property-unit-vic-reservoir-144952716,Reservoir,3073,3/41 Dundee Street,-37.70261254,145.0221155,2.0,1.0,unit,1.0,2024-06-01,,,"$535,000"
property-unit-vic-reservoir-144941748,Reservoir,3073,1/7 Pershing Street,-37.72579085,144.9961173,2.0,1.0,unit,1.0,2024-06-01,,,"$535,000"
property-townhouse-vic-reservoir-142038464,Reservoir,3073,Address available on request,,,4.0,3.0,townhouse,2.0,2024-05-31,,,"$1,065,000"
property-house-vic-reservoir-144927216,Reservoir,3073,18 Halsey Street,-37.70211,144.98677,3.0,1.0,house,2.0,2024-05-31,750.0,m2,"$900,000"
property-townhouse-vic-reservoir-144906576,Reservoir,3073,3/30 McMahon Road,-37.71126693,145.0220281,3.0,2.0,townhouse,1.0,2024-05-31,,,"$748,000"
property-unit-vic-reservoir-145068876,Reservoir,3073,4/5 Cuthbert Road,-37.71736436,145.0198206,2.0,1.0,unit,1.0,2024-05-31,,,"$625,000"
property-house-vic-reservoir-144693924,Reservoir,3073,27 Compton Street,-37.713689,145.002565,5.0,3.0,house,2.0,2024-05-30,613.0,m2,"$1,120,000"
property-house-vic-reservoir-144829340,Reservoir,3073,36 Nisbett Street,-37.727658,145.032064,2.0,1.0,house,5.0,2024-05-30,581.0,m2,"$720,000"
property-unit-vic-reservoir-144985760,Reservoir,3073,2/156 North Road,-37.722141,145.011695,2.0,1.0,unit,1.0,2024-05-29,,,"$550,000"
property-house-vic-reservoir-144725688,Reservoir,3073,26 Hickford Street,-37.705844,145.028513,3.0,2.0,house,3.0,2024-05-28,561.0,m2,"$887,500"
property-house-vic-reservoir-144835604,Reservoir,3073,67 Southernhay Street,-37.72548,145.008103,3.0,1.0,house,2.0,2024-05-25,764.0,m2,"$1,280,000"
property-house-vic-reservoir-144868152,Reservoir,3073,24 Crookston Road,-37.710238,145.021874,2.0,1.0,house,3.0,2024-05-25,892.0,m2,"$979,000"
property-house-vic-reservoir-144892648,Reservoir,3073,7 Crevelli Street,-37.73209476,145.0293429,3.0,2.0,house,1.0,2024-05-25,275.0,m2,"$938,000"
property-townhouse-vic-reservoir-144892920,Reservoir,3073,4/4-6 Mcfadzean Avenue,-37.70931321,144.9978942,2.0,2.0,townhouse,1.0,2024-05-25,,,"$700,000"
property-house-vic-reservoir-144728600,Reservoir,3073,2C Tunaley Parade,-37.69652674,145.0230164,3.0,2.0,house,2.0,2024-05-25,,,"$695,000"
property-unit-vic-reservoir-144553980,Reservoir,3073,4B Thrower Street,-37.711611,144.988715,3.0,2.0,unit,2.0,2024-05-24,,,"$707,000"
property-townhouse-vic-reservoir-144936092,Reservoir,3073,3/16-18 Harbury Street,-37.714141,145.000049,2.0,1.0,townhouse,2.0,2024-05-23,,,"$705,000"
property-house-vic-reservoir-143019548,Reservoir,3073,999 High Street,-37.704776,145.009496,3.0,1.0,house,2.0,2024-05-22,985.0,m2,"$1,010,000"
property-unit-vic-reservoir-144542500,Reservoir,3073,1/25 Pickett Street,-37.70406046,145.0152565,2.0,1.0,unit,1.0,2024-05-22,,,"$608,000"
property-townhouse-vic-reservoir-144771476,Reservoir,3073,3/18 Chaleyer Street,-37.7279567,145.0266292,2.0,2.0,townhouse,1.0,2024-05-22,,,"$597,500"
property-house-vic-reservoir-144879744,Reservoir,3073,6 Titus Court,-37.700869,145.025832,3.0,2.0,house,3.0,2024-05-20,702.0,m2,"$820,000"
property-unit-vic-reservoir-143023844,Reservoir,3073,3/15 Cheddar Road,-37.71226521,145.010138,2.0,1.0,unit,1.0,2024-05-20,,,"$388,000"
property-townhouse-vic-reservoir-144823608,Reservoir,3073,2/9 Delaware Street,-37.72109638,145.0153199,2.0,1.0,townhouse,1.0,2024-05-18,,,"$742,000"
property-unit-vic-reservoir-144823020,Reservoir,3073,2/40 Home Street,-37.72574445,145.0207157,2.0,1.0,unit,2.0,2024-05-18,212.0,m2,"$728,000"
property-house-vic-reservoir-144819704,Reservoir,3073,1/5 Orrong Avenue,-37.713928,145.010238,2.0,1.0,house,2.0,2024-05-18,,,"$719,500"
property-unit-vic-reservoir-144830616,Reservoir,3073,6B Olive Street,-37.71908891,145.0040529,2.0,1.0,unit,1.0,2024-05-18,,,"$685,000"
property-unit-vic-reservoir-144818568,Reservoir,3073,5/66 Dundee Street,-37.70266923,145.0249278,2.0,1.0,unit,1.0,2024-05-18,,,"$490,000"
property-unit-vic-reservoir-144829300,Reservoir,3073,2/11 Mahoneys Road,-37.69487344,145.0089432,3.0,1.0,unit,2.0,2024-05-18,,,"$485,000"
property-unit-vic-reservoir-144946668,Reservoir,3073,4/35 Allenby Avenue,-37.70267805,145.0061031,1.0,1.0,unit,1.0,2024-05-17,,,"$435,000"
property-townhouse-vic-reservoir-144878336,Reservoir,3073,2/202-206 Edwardes Street,-37.71431573,144.9892771,3.0,1.0,townhouse,1.0,2024-05-16,,,"$599,000"
property-unit-vic-reservoir-144830600,Reservoir,3073,4/16 Barry Street,-37.70959438,145.006784,2.0,1.0,unit,1.0,2024-05-15,146.0,m2,"$535,000"
property-townhouse-vic-reservoir-144912508,Reservoir,3073,1/71 Summerhill Road,-37.72645014,145.0265822,2.0,1.0,townhouse,1.0,2024-05-15,,,"$530,000"
property-house-vic-reservoir-144749180,Reservoir,3073,57 Barry Street,-37.709322,145.001219,3.0,1.0,house,5.0,2024-05-14,803.0,m2,"$1,135,000"
property-house-vic-reservoir-144651632,Reservoir,3073,997 High Street,-37.704982,145.009457,3.0,2.0,house,6.0,2024-05-14,982.0,m2,"$910,000"
property-townhouse-vic-reservoir-144434992,Reservoir,3073,12/957-961 High Street,-37.709635,145.00855,2.0,2.0,townhouse,1.0,2024-05-13,,,"$595,000"
property-house-vic-reservoir-144738764,Reservoir,3073,12 Hughes Parade,-37.696967,145.009229,4.0,2.0,house,4.0,2024-05-11,837.0,m2,"$1,220,000"
property-unit-vic-reservoir-144842896,Reservoir,3073,1/69 Dundee Street,-37.7021808,145.0249297,3.0,2.0,unit,2.0,2024-05-11,,,"$951,000"
property-unit-vic-reservoir-144780996,Reservoir,3073,4/115 Cheddar Road,-37.70331636,145.0168631,3.0,2.0,unit,2.0,2024-05-11,,,"$700,000"
property-house-vic-reservoir-144497080,Reservoir,3073,12 Claremont Crescent,-37.69570674,144.9796452,3.0,1.0,house,2.0,2024-05-11,,,"$570,000"
property-house-vic-reservoir-144011100,Reservoir,3073,9 Allenby Avenue,-37.70466,145.00798,3.0,2.0,house,3.0,2024-05-10,945.0,m2,"$890,000"
property-townhouse-vic-reservoir-144620744,Reservoir,3073,2/14 Barry Street,-37.70963569,145.0071753,2.0,1.0,townhouse,1.0,2024-05-10,,,"$590,000"
property-unit-vic-reservoir-144859800,Reservoir,3073,2/774 Plenty Road,-37.726792,145.021229,2.0,1.0,unit,1.0,2024-05-10,,,"$550,000"
property-house-vic-reservoir-144420252,Reservoir,3073,1 Henderson Street,-37.699773,145.00143,3.0,1.0,house,1.0,2024-05-09,536.0,m2,"$800,000"
property-unit-vic-reservoir-141224624,Reservoir,3073,1/1067 High Street,-37.69823009,145.0106247,2.0,1.0,unit,1.0,2024-05-08,87.0,m2,"$380,000"
property-townhouse-vic-reservoir-144777208,Reservoir,3073,4 Argyle Street,-37.704999,145.025089,3.0,1.0,townhouse,2.0,2024-05-06,,,"$775,000"
property-unit-vic-reservoir-144717124,Reservoir,3073,1/36 Spratling Street,-37.71581424,144.9953322,2.0,1.0,unit,1.0,2024-05-05,,,"$645,000"
property-house-vic-reservoir-144726104,Reservoir,3073,18 Sturdee Street,-37.701328,145.009169,3.0,2.0,house,8.0,2024-05-04,912.0,m2,"$1,411,000"
property-house-vic-reservoir-144671356,Reservoir,3073,37 Oakhill Avenue,-37.727457,145.014154,3.0,1.0,house,2.0,2024-05-04,515.0,m2,"$1,062,500"
property-house-vic-reservoir-144719516,Reservoir,3073,625-627 Gilbert Road,-37.728397,144.991504,2.0,2.0,house,2.0,2024-05-04,,,"$950,000"
property-house-vic-reservoir-144727864,Reservoir,3073,8 Arundel Avenue,-37.696781,145.020678,2.0,1.0,house,2.0,2024-05-04,575.0,m2,"$811,000"
property-house-vic-reservoir-144682128,Reservoir,3073,3A Liston Avenue,-37.69782875,145.0197506,3.0,2.0,house,3.0,2024-05-04,,,"$736,000"
property-townhouse-vic-reservoir-144619616,Reservoir,3073,72 Tambo Avenue,-37.71853357,145.0192453,2.0,1.0,townhouse,1.0,2024-05-04,,,"$720,000"
property-apartment-vic-reservoir-144710008,Reservoir,3073,12/755 Plenty Road,-37.7277445,145.0191713,2.0,2.0,apartment,1.0,2024-05-04,,,"$486,000"
property-house-vic-reservoir-144706484,Reservoir,3073,64 Tracey Street,-37.699564,144.995005,3.0,1.0,house,4.0,2024-05-03,605.0,m2,"$780,000"
property-house-vic-reservoir-144720496,Reservoir,3073,20 Thrower Street,-37.711444,144.987175,3.0,1.0,house,3.0,2024-05-02,,,"$873,000"
property-unit-vic-reservoir-144757708,Reservoir,3073,3/46 Newton Street,-37.73082129,145.0229389,3.0,2.0,unit,2.0,2024-05-02,,,"$685,000"
property-house-vic-reservoir-144786468,Reservoir,3073,10 Legh Street,-37.703129,144.986833,4.0,1.0,house,4.0,2024-05-01,774.0,m2,"$1,030,000"
property-unit-vic-reservoir-144525636,Reservoir,3073,2/39 Boldrewood Parade,-37.72190777,145.021144,3.0,1.0,unit,2.0,2024-05-01,136.0,m2,"$675,000"
property-unit-vic-reservoir-144625024,Reservoir,3073,302/20 Bedford Street,-37.71769836,145.0077986,1.0,1.0,unit,1.0,2024-05-01,,,"$329,000"
property-house-vic-reservoir-144330284,Reservoir,3073,26 Delaware Street,-37.720424,145.01399,5.0,1.0,house,,2024-04-30,695.0,m2,"$1,000,000"
property-house-vic-reservoir-144462296,Reservoir,3073,21 Gertz Avenue,-37.700254,145.031599,3.0,1.0,house,1.0,2024-04-30,557.0,m2,"$751,500"
property-unit-vic-reservoir-144114548,Reservoir,3073,3/76 Darebin Boulevard,-37.70422551,145.028985,2.0,1.0,unit,1.0,2024-04-30,,,"$563,000"
property-unit-vic-reservoir-144316304,Reservoir,3073,6/119-125 Mahoneys Road,-37.69319916,144.9923746,2.0,1.0,unit,2.0,2024-04-30,325.0,m2,"$550,500"
property-unit-vic-reservoir-144048488,Reservoir,3073,55A Marchant Avenue,-37.713384,145.0144843,3.0,2.0,unit,2.0,2024-04-29,,,"$705,000"
property-unit-vic-reservoir-144653696,Reservoir,3073,4/18-20 Fordham Road,-37.71423059,145.0203875,2.0,1.0,unit,1.0,2024-04-29,176.0,m2,"$570,000"
property-house-vic-reservoir-144646684,Reservoir,3073,46a Acheron Avenue,-37.720073,145.017732,4.0,3.0,house,2.0,2024-04-27,,,"$1,410,000"
property-house-vic-reservoir-144609160,Reservoir,3073,1 Steane Street,-37.730985,145.026779,5.0,3.0,house,2.0,2024-04-27,583.0,m2,"$1,300,000"
property-house-vic-reservoir-144618984,Reservoir,3073,31 North Road,-37.721616,145.024282,3.0,2.0,house,2.0,2024-04-27,636.0,m2,"$1,021,000"
property-townhouse-vic-reservoir-144599104,Reservoir,3073,1/64 Darebin Boulevard,-37.70424498,145.0276137,4.0,3.0,townhouse,2.0,2024-04-27,,,"$936,000"
property-unit-vic-reservoir-144655060,Reservoir,3073,2/24 Kingsley Road,-37.7209688,144.9903687,2.0,1.0,unit,6.0,2024-04-27,308.0,m2,"$805,000"
property-house-vic-reservoir-144496936,Reservoir,3073,220 Albert Street,-37.728916,145.025881,2.0,1.0,house,2.0,2024-04-27,703.0,m2,"$782,800"
property-townhouse-vic-reservoir-144644752,Reservoir,3073,5/103-105 St Vigeons Road,-37.70635747,145.0194506,2.0,1.0,townhouse,2.0,2024-04-27,,,"$622,500"
property-unit-vic-reservoir-144623272,Reservoir,3073,2/8 O'Connor Street,-37.7106513,145.0065964,2.0,1.0,unit,1.0,2024-04-27,143.0,m2,"$615,000"
property-unit-vic-reservoir-144687748,Reservoir,3073,19 Coleman Crescent,-37.7213906,144.9994061,2.0,1.0,unit,1.0,2024-04-26,321.0,m2,"$728,000"
property-unit-vic-reservoir-144433192,Reservoir,3073,2/35 Clements Grove,-37.71185255,145.0238261,3.0,1.0,unit,2.0,2024-04-26,213.0,m2,"$670,000"
property-house-vic-reservoir-144604120,Reservoir,3073,1/17 Barton Street,-37.71199808,145.0061617,3.0,2.0,house,2.0,2024-04-23,309.0,m2,"$830,000"
property-unit-vic-reservoir-144276708,Reservoir,3073,1/22 Summerhill Road,-37.7269964,145.0333408,3.0,1.0,unit,1.0,2024-04-23,290.0,m2,"$560,000"
property-unit-vic-reservoir-144716520,Reservoir,3073,168/2 Gremel Road,-37.72423704,145.0303681,2.0,1.0,unit,1.0,2024-04-23,,,"$120,000"
property-house-vic-reservoir-144233748,Reservoir,3073,20 Elinda Place,-37.697794,145.023398,3.0,1.0,house,1.0,2024-04-22,162.0,m2,"$524,400"
property-house-vic-reservoir-144576404,Reservoir,3073,20 Queen Street,-37.72747309,145.0122373,4.0,3.0,house,4.0,2024-04-20,990.0,m2,"$2,515,000"
property-house-vic-reservoir-144584556,Reservoir,3073,7 Tivey Street,-37.706453,145.002079,2.0,1.0,house,1.0,2024-04-20,767.0,m2,"$950,000"
property-townhouse-vic-reservoir-144510520,Reservoir,3073,717 Gilbert Road,-37.72231706,144.9925451,3.0,2.0,townhouse,2.0,2024-04-20,,,"$868,000"
property-unit-vic-reservoir-144553628,Reservoir,3073,1/46 Dundee Street,-37.70259037,145.0229783,3.0,1.0,unit,1.0,2024-04-20,,,"$785,000"
property-house-vic-reservoir-144593056,Reservoir,3073,1/14 Armstrong Street,-37.723513,144.998979,2.0,1.0,house,1.0,2024-04-20,309.0,m2,"$772,500"
property-townhouse-vic-reservoir-139885603,Reservoir,3073,3/59 Barry Street,-37.70930061,145.001081,2.0,2.0,townhouse,1.0,2024-04-20,,,"$702,500"
property-townhouse-vic-reservoir-144557812,Reservoir,3073,2/80 Delaware Street,-37.71986517,145.0092241,2.0,1.0,townhouse,1.0,2024-04-20,,,"$652,500"
property-unit-vic-reservoir-144580636,Reservoir,3073,3/17 Evans Crescent,-37.71488477,145.0208095,2.0,1.0,unit,1.0,2024-04-20,208.0,m2,"$620,000"
property-townhouse-vic-reservoir-142607812,Reservoir,3073,10/119-125 Mahoneys Road,-37.69319916,144.9923746,3.0,2.0,townhouse,2.0,2024-04-20,,,"$610,000"
property-unit-vic-reservoir-144604156,Reservoir,3073,28 Argyle Street,-37.701833,145.025262,2.0,1.0,unit,2.0,2024-04-20,,,"$609,500"
property-unit-vic-reservoir-144595252,Reservoir,3073,2/131  North Road,-37.72270019,145.0136723,2.0,1.0,unit,1.0,2024-04-20,,,"$580,000"
property-unit-vic-reservoir-144583696,Reservoir,3073,3/11 Chaleyer Street,-37.72848342,145.028571,2.0,1.0,unit,1.0,2024-04-19,179.0,m2,"$600,000"
property-house-vic-reservoir-144308156,Reservoir,3073,19 Dyson Street,-37.713616,144.987184,3.0,2.0,house,2.0,2024-04-18,,,"$1,050,000"
property-unit-vic-reservoir-144241268,Reservoir,3073,3/44 Rathcown Road,-37.71024321,145.0303321,3.0,1.0,unit,2.0,2024-04-17,213.0,m2,"$737,500"
property-townhouse-vic-reservoir-144526456,Reservoir,3073,2/24 Boldrewood Parade,-37.72334348,145.0227704,2.0,1.0,townhouse,1.0,2024-04-15,,,"$615,000"
property-unit-vic-reservoir-143712920,Reservoir,3073,1/1 Station Street,-37.72981006,145.004799,2.0,1.0,unit,1.0,2024-04-15,,,"$515,000"
property-house-vic-reservoir-144556516,Reservoir,3073,165 Glasgow Avenue,-37.704983,144.986125,3.0,1.0,house,3.0,2024-04-13,,,"$1,150,000"
property-house-vic-reservoir-144512444,Reservoir,3073,13 Dredge Street,-37.694825,144.997707,3.0,1.0,house,4.0,2024-04-13,920.0,m2,"$862,000"
property-house-vic-reservoir-144559060,Reservoir,3073,11A Shand Road,-37.722813,145.019212,3.0,2.0,house,2.0,2024-04-13,,,"$820,000"
property-house-vic-reservoir-144553440,Reservoir,3073,1A Evans Crescent,-37.71541,145.019276,3.0,1.0,house,2.0,2024-04-13,,,"$820,000"
property-townhouse-vic-reservoir-143993008,Reservoir,3073,1/25 Rathcown Road,-37.71079,145.032239,3.0,2.0,townhouse,2.0,2024-04-12,,,"$770,000"
property-townhouse-vic-reservoir-144614152,Reservoir,3073,5/173a Spring Street,-37.72348,145.001547,2.0,1.0,townhouse,1.0,2024-04-12,,,"$710,000"
property-house-vic-reservoir-143774976,Reservoir,3073,114 Spring Street,-37.728514,145.001032,3.0,1.0,house,,2024-04-12,465.0,m2,"$675,000"
property-house-vic-reservoir-144504692,Reservoir,3073,1A Ballan Street,-37.69568236,144.9895264,3.0,2.0,house,2.0,2024-04-11,204.0,m2,"$890,000"
property-unit-vic-reservoir-144567208,Reservoir,3073,8/47 Rathcown Road,-37.71181615,145.0295865,2.0,1.0,unit,1.0,2024-04-10,,,"$600,000"
property-townhouse-vic-reservoir-144341216,Reservoir,3073,2/17 Nicholson Avenue,-37.72236889,145.0268412,2.0,1.0,townhouse,1.0,2024-04-10,,,"$570,000"
property-house-vic-reservoir-144260864,Reservoir,3073,16A O'Connor Street,-37.71059851,145.0060911,4.0,3.0,house,2.0,2024-04-07,,,"$1,295,000"
property-house-vic-reservoir-144489464,Reservoir,3073,14 Horton Street,-37.72327,144.986787,3.0,2.0,house,2.0,2024-04-06,,,"$1,080,000"
property-townhouse-vic-reservoir-144483808,Reservoir,3073,20 Dredge Street,-37.69448157,144.9972109,3.0,2.0,townhouse,2.0,2024-04-06,290.0,m2,"$996,000"
property-house-vic-reservoir-144491056,Reservoir,3073,1/4 View Street,-37.71915683,144.9921375,3.0,2.0,house,2.0,2024-04-06,,,"$887,000"
property-house-vic-reservoir-144482536,Reservoir,3073,1043 High Street,-37.700516,145.010234,4.0,2.0,house,2.0,2024-04-06,949.0,m2,"$866,500"
property-house-vic-reservoir-144463672,Reservoir,3073,20 Glasgow Avenue,-37.70729399,145.0060298,4.0,1.0,house,1.0,2024-04-06,493.0,m2,"$780,000"
property-townhouse-vic-reservoir-144396264,Reservoir,3073,2/55 Yarra Avenue,-37.71917722,145.0181711,3.0,1.0,townhouse,1.0,2024-04-06,,,"$720,000"
property-townhouse-vic-reservoir-143496596,Reservoir,3073,4/2 Trudgeon Avenue,-37.73033543,145.0042644,2.0,1.0,townhouse,1.0,2024-04-05,,,"$590,000"
property-unit-vic-reservoir-143951440,Reservoir,3073,2/13 Suffolk Street,-37.70792702,145.0109499,2.0,1.0,unit,1.0,2024-04-05,,,"$518,000"
property-house-vic-reservoir-144432384,Reservoir,3073,2/4 kennedy street,-37.72249435,144.9876977,2.0,1.0,house,1.0,2024-04-04,,,"$780,000"
property-house-vic-reservoir-144368260,Reservoir,3073,13 Kennedy Street,-37.722695,144.986904,3.0,2.0,house,2.0,2024-04-03,585.0,m2,"$1,102,000"
property-unit-vic-reservoir-144533944,Reservoir,3073,4/97-99 Whitelaw Street,-37.71215406,145.0217864,1.0,1.0,unit,1.0,2024-04-03,,,"$432,500"
property-house-vic-reservoir-144426768,Reservoir,3073,1/64 Seston Street,-37.72781187,145.034795,2.0,1.0,house,1.0,2024-04-02,266.0,m2,"$560,000"
property-townhouse-vic-reservoir-144253908,Reservoir,3073,3/40 Seston Street,-37.730147,145.034336,3.0,2.0,townhouse,1.0,2024-03-31,,,"$715,000"
property-unit-vic-reservoir-144424688,Reservoir,3073,1A Palm Avenue,-37.71182698,145.0132794,2.0,1.0,unit,2.0,2024-03-30,,,"$600,000"
property-unit-vic-reservoir-144578496,Reservoir,3073,5/25 Ashley Street,-37.71756915,145.0019617,2.0,1.0,unit,1.0,2024-03-30,,,"$427,500"
property-house-vic-reservoir-144235740,Reservoir,3073,188 Edwardes Street,-37.715232,144.997418,3.0,1.0,house,4.0,2024-03-28,518.0,m2,"$840,000"
property-house-vic-reservoir-144193012,Reservoir,3073,50 Kirby Street,-37.730404,145.031356,3.0,1.0,house,2.0,2024-03-28,,,"$715,000"
property-unit-vic-reservoir-144367152,Reservoir,3073,2/7 Darebin Boulevard,-37.70452,145.0205658,3.0,1.0,unit,2.0,2024-03-28,,,"$660,000"
property-townhouse-vic-reservoir-143932204,Reservoir,3073,8/853 High Street,-37.72623403,145.0058793,2.0,2.0,townhouse,2.0,2024-03-28,,,"$595,000"
property-house-vic-reservoir-144396604,Reservoir,3073,135 Rathcown Road,-37.708988,145.017744,3.0,1.0,house,2.0,2024-03-27,743.0,m2,"$1,105,000"
property-house-vic-reservoir-140391675,Reservoir,3073,6 Clements Grove,-37.714337,145.022854,3.0,1.0,house,1.0,2024-03-27,700.0,m2,"$880,000"
property-unit-vic-reservoir-143894200,Reservoir,3073,45/2 Gremel Road,-37.72423704,145.0303681,2.0,1.0,unit,1.0,2024-03-27,,,"$138,500"
property-house-vic-reservoir-144355648,Reservoir,3073,34 McMahon Road,-37.711218,145.0217,3.0,2.0,house,2.0,2024-03-26,750.0,m2,"$1,100,000"
property-house-vic-reservoir-144311328,Reservoir,3073,57 Mcmahon Road,-37.71111684,145.018514,4.0,3.0,house,2.0,2024-03-26,,,"$988,000"
property-unit-vic-reservoir-144244120,Reservoir,3073,3/80 Rathcown Road,-37.7095601,145.0247023,2.0,1.0,unit,1.0,2024-03-26,,,"$540,000"
property-unit-vic-reservoir-144449376,Reservoir,3073,1C Wattlebrae Street,-37.719091,144.989143,1.0,1.0,unit,1.0,2024-03-26,,,"$464,000"
property-townhouse-vic-reservoir-144279780,Reservoir,3073,1/10 Army Avenue,-37.722616,144.99174,3.0,2.0,townhouse,2.0,2024-03-25,,,"$1,150,000"
property-unit-vic-reservoir-144034788,Reservoir,3073,4/7 Mccrae Street,-37.70575695,145.0106029,2.0,1.0,unit,1.0,2024-03-25,130.0,m2,"$470,000"
property-house-vic-reservoir-144361660,Reservoir,3073,7 Arbor Avenue,-37.722575,144.988825,3.0,2.0,house,4.0,2024-03-23,494.0,m2,"$1,440,000"
property-house-vic-reservoir-144372920,Reservoir,3073,10a Pratt Street,-37.710607,145.009499,4.0,2.0,house,2.0,2024-03-23,,,"$1,270,000"
property-house-vic-reservoir-144388828,Reservoir,3073,113 Hughes Parade,-37.698574,144.99451,3.0,2.0,house,2.0,2024-03-23,837.0,m2,"$1,242,000"
property-house-vic-reservoir-144312196,Reservoir,3073,23 McComas Street,-37.728955,145.023407,2.0,1.0,house,3.0,2024-03-23,560.0,m2,"$792,000"
property-house-vic-reservoir-144359396,Reservoir,3073,95-97 Keon Parade,-37.695522,145.015081,3.0,1.0,house,3.0,2024-03-23,453.0,m2,"$748,000"
property-townhouse-vic-reservoir-144359384,Reservoir,3073,2/86 Arundel Avenue,-37.69599,145.013803,2.0,2.0,townhouse,1.0,2024-03-23,,,"$690,500"
property-house-vic-reservoir-144401332,Reservoir,3073,2/33 Cheddar Road,-37.71085374,145.0112167,2.0,1.0,house,3.0,2024-03-23,,,"$650,000"
property-unit-vic-reservoir-144384976,Reservoir,3073,4/126 St Vigeons Road,-37.70579754,145.0193677,2.0,1.0,unit,1.0,2024-03-23,,,"$582,500"
property-townhouse-vic-reservoir-144339532,Reservoir,3073,2/71 Summerhill Road,-37.72645052,145.0265818,2.0,1.0,townhouse,1.0,2024-03-23,,,"$502,000"
property-house-vic-reservoir-144170304,Reservoir,3073,42 Manoel Avenue,-37.698932,145.035047,6.0,4.0,house,2.0,2024-03-22,815.0,m2,"$1,390,000"
property-house-vic-reservoir-144398244,Reservoir,3073,6 Bogong Court,-37.708868,144.990977,3.0,1.0,house,2.0,2024-03-22,,,"$726,000"
property-unit-vic-reservoir-144348000,Reservoir,3073,2/22 Boldrewood Parade,-37.72346988,145.0228367,4.0,4.0,unit,4.0,2024-03-22,,,"$716,000"
property-house-vic-reservoir-144387760,Reservoir,3073,11 Kelsby Street,-37.71443331,144.9980984,3.0,1.0,house,4.0,2024-03-21,674.0,m2,"$1,450,000"
property-house-vic-reservoir-144028416,Reservoir,3073,15 Greig Street,-37.701629,144.987645,6.0,2.0,house,6.0,2024-03-21,766.0,m2,"$1,360,000"
property-townhouse-vic-reservoir-144361376,Reservoir,3073,2/5 Biran Court,-37.71109982,145.013897,2.0,1.0,townhouse,1.0,2024-03-21,,,"$578,000"
property-house-vic-reservoir-144366312,Reservoir,3073,3 Rose Court,-37.722355,144.999734,3.0,1.0,house,2.0,2024-03-20,511.0,m2,"$917,000"
property-house-vic-reservoir-141984604,Reservoir,3073,6 St Vigeons Road,-37.707367,145.032306,3.0,1.0,house,2.0,2024-03-20,719.0,m2,"$875,000"
property-house-vic-reservoir-144367144,Reservoir,3073,22A Rosenthal Crescent,-37.70127,145.005806,2.0,1.0,house,2.0,2024-03-20,,,"$710,000"
property-house-vic-reservoir-144318912,Reservoir,3073,27 Arundel Avenue,-37.696829,145.018577,2.0,1.0,house,1.0,2024-03-20,329.0,m2,"$580,000"
property-townhouse-vic-reservoir-144287056,Reservoir,3073,3/59 St Vigeons Road,-37.70674815,145.0248202,2.0,1.0,townhouse,2.0,2024-03-19,157.0,m2,"$530,000"
property-house-vic-reservoir-144110276,Reservoir,3073,21 Pershing Street,-37.725464,144.99375,3.0,1.0,house,3.0,2024-03-18,429.0,m2,"$960,000"
property-house-vic-reservoir-144304336,Reservoir,3073,15 Kinsale Street,-37.722526,144.994919,3.0,1.0,house,1.0,2024-03-16,,,"$1,515,000"
property-house-vic-reservoir-144309224,Reservoir,3073,14 Burbank Drive,-37.698573,145.024849,3.0,1.0,house,2.0,2024-03-16,,,"$900,000"
property-house-vic-reservoir-144310036,Reservoir,3073,77 Cuthbert Road,-37.716576,145.013435,3.0,1.0,house,3.0,2024-03-16,637.0,m2,"$821,500"
property-townhouse-vic-reservoir-144302880,Reservoir,3073,90 O'Connor Street,-37.70976789,144.9978627,2.0,1.0,townhouse,2.0,2024-03-16,,,"$800,000"
property-unit-vic-reservoir-144214788,Reservoir,3073,2/16 Orrong Avenue,-37.714359,145.0101011,3.0,1.0,unit,4.0,2024-03-16,,,"$790,000"
property-unit-vic-reservoir-144230332,Reservoir,3073,3/80 Strathmerton Street,-37.71228247,145.0160547,3.0,2.0,unit,2.0,2024-03-16,,,"$720,000"
property-townhouse-vic-reservoir-144385864,Reservoir,3073,2/610 Gilbert Road,-37.72536514,144.9928326,2.0,1.0,townhouse,1.0,2024-03-16,,,"$650,000"
property-townhouse-vic-reservoir-144247264,Reservoir,3073,3/51 Cheddar Road,-37.70968584,145.0120241,2.0,1.0,townhouse,1.0,2024-03-16,,,"$622,500"
property-unit-vic-reservoir-144265464,Reservoir,3073,2/51 Chaleyer Street,-37.7275497,145.0207923,2.0,1.0,unit,1.0,2024-03-16,,,"$572,000"
property-unit-vic-reservoir-144269400,Reservoir,3073,3/128 Rathcown Road,-37.7088494,145.01889,2.0,1.0,unit,1.0,2024-03-16,,,"$508,000"
property-apartment-vic-reservoir-144419924,Reservoir,3073,4/261-263 Broadway,-37.71719473,145.0097834,1.0,1.0,apartment,,2024-03-16,,,"$325,000"
property-house-vic-reservoir-144294264,Reservoir,3073,29 Liston Avenue,-37.697606,145.017764,3.0,1.0,house,1.0,2024-03-15,523.0,m2,"$806,000"
property-unit-vic-reservoir-144418356,Reservoir,3073,2/25 Olive Street,-37.71746825,145.003932,2.0,1.0,unit,1.0,2024-03-14,,,"$615,000"
property-house-vic-reservoir-144366320,Reservoir,3073,10 McMahon Road,-37.711606,145.024957,3.0,2.0,house,3.0,2024-03-13,,,"$1,090,000"
property-unit-vic-reservoir-144333236,Reservoir,3073,5/22 Epstein Street,-37.70931135,144.9937139,1.0,1.0,unit,1.0,2024-03-13,,,"$400,000"
property-house-vic-reservoir-144309460,Reservoir,3073,27 McComas Street,-37.728895,145.023034,2.0,1.0,house,3.0,2024-03-11,562.0,m2,"$775,000"
property-house-vic-reservoir-144246048,Reservoir,3073,22 Broadhurst Avenue,-37.708439,145.006007,4.0,2.0,house,4.0,2024-03-09,1035.0,m2,"$1,400,000"
property-house-vic-reservoir-144233876,Reservoir,3073,159 Broadway,-37.718215,145.01819,4.0,2.0,house,4.0,2024-03-09,705.0,m2,"$1,012,000"
property-house-vic-reservoir-144152836,Reservoir,3073,82 Lloyd Avenue,-37.697648,145.013282,3.0,2.0,house,4.0,2024-03-09,556.0,m2,"$730,000"
property-townhouse-vic-reservoir-144164212,Reservoir,3073,2/10 Crevelli Street,-37.73196557,145.0298152,3.0,3.0,townhouse,2.0,2024-03-09,,,"$640,000"
property-unit-vic-reservoir-144225296,Reservoir,3073,2/101 Henty Street,-37.71886818,144.9959995,2.0,1.0,unit,1.0,2024-03-09,,,"$601,000"
property-townhouse-vic-reservoir-144235768,Reservoir,3073,102A Spring Street,-37.72937736,145.0008941,3.0,2.0,townhouse,2.0,2024-03-08,,,"$790,000"
property-unit-vic-reservoir-144214092,Reservoir,3073,8/25 Ashley Street,-37.71756915,145.0019617,2.0,1.0,unit,1.0,2024-03-08,,,"$405,000"
property-house-vic-reservoir-144114148,Reservoir,3073,629-631 Gilbert Road,-37.728272,144.99153,4.0,2.0,house,4.0,2024-03-07,585.0,m2,"$1,165,000"
property-house-vic-reservoir-144303008,Reservoir,3073,28 Kelsby Street,-37.713281,144.998719,3.0,2.0,house,3.0,2024-03-07,859.0,m2,"$1,101,000"
property-house-vic-reservoir-144179540,Reservoir,3073,69 King William Street,-37.726384,145.007761,5.0,2.0,house,2.0,2024-03-06,,,"$1,960,000"
property-unit-vic-reservoir-144333496,Reservoir,3073,70A Blake Street,-37.731301,145.032081,3.0,1.0,unit,3.0,2024-03-06,,,"$740,000"
property-townhouse-vic-reservoir-144173884,Reservoir,3073,4/38 Pickett Street,-37.70358653,145.0133303,2.0,1.0,townhouse,1.0,2024-03-05,,,"$590,000"
property-townhouse-vic-reservoir-144075756,Reservoir,3073,2/41 Fordham Road,-37.71407928,145.0198021,2.0,1.0,townhouse,1.0,2024-03-05,,,"$535,000"
property-villa-vic-reservoir-144183148,Reservoir,3073,3/9 Ashton Street,-37.73100161,145.0202956,2.0,1.0,villa,3.0,2024-03-04,,,"$636,000"
property-residential land-vic-reservoir-203743612,Reservoir,3073,104 Massey Avenue,-37.70155379,144.9896717,,,residential land,,2024-03-04,509.0,m2,"$580,000"
property-unit-vic-reservoir-143998180,Reservoir,3073,1/17-19 Daventry Street,-37.71401938,145.001177,2.0,1.0,unit,2.0,2024-03-04,,,"$549,000"
property-house-vic-reservoir-144170736,Reservoir,3073,175 Broadway,-37.718047,145.016788,3.0,2.0,house,2.0,2024-03-02,691.0,m2,"$1,020,000"
property-house-vic-reservoir-144153732,Reservoir,3073,24 Rodman Street,-37.701005,145.006626,3.0,1.0,house,2.0,2024-03-02,587.0,m2,"$876,000"
property-house-vic-reservoir-144192804,Reservoir,3073,168 Broadway,-37.717374,145.014798,3.0,1.0,house,2.0,2024-03-02,625.0,m2,"$780,000"
property-townhouse-vic-reservoir-144161348,Reservoir,3073,2/99 Crookston Road,-37.70965945,145.0147834,3.0,2.0,townhouse,2.0,2024-03-02,,,"$735,000"
property-unit-vic-reservoir-144184796,Reservoir,3073,2/157 Cheddar Road,-37.6972808,145.0206741,3.0,2.0,unit,2.0,2024-03-02,,,"$672,000"
property-house-vic-reservoir-143853576,Reservoir,3073,1 Joan Court,-37.692284,144.974538,4.0,1.0,house,2.0,2024-03-02,547.0,m2,"$665,000"
property-house-vic-reservoir-144139256,Reservoir,3073,16C Steane Street,-37.73047956,145.0251017,3.0,1.0,house,1.0,2024-03-02,339.0,m2,"$640,000"
property-unit-vic-reservoir-144184296,Reservoir,3073,1/50 Whitelaw Street,-37.71319195,145.0178846,2.0,1.0,unit,1.0,2024-03-02,,,"$547,500"
property-unit-vic-reservoir-144154072,Reservoir,3073,6/704 Gilbert Road,-37.7195566,144.9937535,1.0,1.0,unit,1.0,2024-03-02,,,"$400,000"
property-house-vic-reservoir-144310028,Reservoir,3073,13 Crawley Street,-37.72604,145.004434,3.0,2.0,house,1.0,2024-03-01,,,"$1,470,000"
property-house-vic-reservoir-144007016,Reservoir,3073,20 Vale Street,-37.726788,144.98963,3.0,1.0,house,2.0,2024-03-01,,,"$1,020,000"
property-house-vic-reservoir-143984432,Reservoir,3073,14 Dyson Street,-37.71339,144.987678,3.0,2.0,house,1.0,2024-03-01,487.0,m2,"$885,000"
property-house-vic-reservoir-144239776,Reservoir,3073,29 Joffre Street,-37.72852566,145.0127947,3.0,2.0,house,2.0,2024-02-29,718.0,m2,"$1,532,000"
property-townhouse-vic-reservoir-144153760,Reservoir,3073,9/4 Pratt Street,-37.71070247,145.0102389,2.0,1.0,townhouse,1.0,2024-02-29,176.0,m2,"$655,000"
property-house-vic-reservoir-144140972,Reservoir,3073,30 Whitelaw Street,-37.714539,145.015565,2.0,1.0,house,2.0,2024-02-28,650.0,m2,"$942,500"
property-townhouse-vic-reservoir-144189048,Reservoir,3073,4/49 Storey Road,-37.72351772,145.0111043,2.0,1.0,townhouse,1.0,2024-02-28,,,"$695,000"
property-unit-vic-reservoir-144097204,Reservoir,3073,3/9 Hickford Street,-37.70629521,145.0297788,2.0,1.0,unit,1.0,2024-02-28,131.0,m2,"$510,000"
property-unit-vic-reservoir-144148844,Reservoir,3073,2/3 Thackeray Road,-37.72189539,145.0153461,3.0,2.0,unit,2.0,2024-02-27,212.0,m2,"$1,006,000"
property-house-vic-reservoir-143735320,Reservoir,3073,60 Allenby Avenue,-37.700814,145.004896,4.0,1.0,house,2.0,2024-02-26,740.0,m2,"$1,085,000"
property-house-vic-reservoir-144229524,Reservoir,3073,1/26 Miranda Road,-37.70739962,145.0240714,3.0,2.0,house,1.0,2024-02-26,,,"$775,000"
property-house-vic-reservoir-144112380,Reservoir,3073,36a Crispe Street,-37.726264,144.994829,4.0,3.0,house,2.0,2024-02-24,,,"$1,606,000"
property-house-vic-reservoir-144119828,Reservoir,3073,7 Frier Avenue,-37.729748,145.014841,3.0,1.0,house,2.0,2024-02-24,581.0,m2,"$1,586,000"
property-house-vic-reservoir-144105716,Reservoir,3073,52 Dawson Street,-37.697256,144.984894,3.0,2.0,house,6.0,2024-02-24,771.0,m2,"$1,297,500"
property-townhouse-vic-reservoir-144139228,Reservoir,3073,74C Hickford Street,-37.705187,145.023233,3.0,2.0,townhouse,2.0,2024-02-24,,,"$962,500"
property-house-vic-reservoir-142516588,Reservoir,3073,24 Massey Avenue,-37.705267,144.990144,3.0,1.0,house,1.0,2024-02-24,800.0,m2,"$905,000"
property-house-vic-reservoir-144080128,Reservoir,3073,4 Long Street,-37.694327,144.997562,3.0,1.0,house,2.0,2024-02-24,613.0,m2,"$868,000"
property-unit-vic-reservoir-144128512,Reservoir,3073,2/128 Purinuan Road,-37.70769434,145.0180766,3.0,1.0,unit,1.0,2024-02-24,300.0,m2,"$741,000"
property-townhouse-vic-reservoir-144077016,Reservoir,3073,4/83 Spring Street,-37.73007099,145.000374,2.0,1.0,townhouse,1.0,2024-02-23,,,"$670,000"
property-house-vic-reservoir-143755196,Reservoir,3073,3 Johnson Street,-37.702967,145.010713,4.0,1.0,house,3.0,2024-02-21,835.0,m2,"$945,000"
property-townhouse-vic-reservoir-144104532,Reservoir,3073,2/64 Hickford Street,-37.7053027,145.0241577,2.0,1.0,townhouse,1.0,2024-02-21,,,"$645,000"
property-house-vic-reservoir-144170480,Reservoir,3073,70a Kirby Street,-37.72988533,145.028515,2.0,1.0,house,1.0,2024-02-21,,,"$570,000"
property-townhouse-vic-reservoir-143529988,Reservoir,3073,5/38-40 Gisborne Crescent,-37.71835387,145.023098,2.0,2.0,townhouse,1.0,2024-02-20,,,"$643,000"
property-house-vic-reservoir-141927508,Reservoir,3073,47 Nisbett Street,-37.727841,145.031163,4.0,2.0,house,4.0,2024-02-19,580.0,m2,"$720,000"
property-house-vic-reservoir-144049776,Reservoir,3073,16 Maritana Avenue,-37.728567,144.997774,4.0,3.0,house,5.0,2024-02-17,711.0,m2,"$1,650,000"
property-house-vic-reservoir-143990492,Reservoir,3073,20C Smith Street,-37.70201293,145.0121504,4.0,3.0,house,2.0,2024-02-17,,,"$1,055,000"
property-house-vic-reservoir-143948632,Reservoir,3073,17 Orrong Avenue,-37.713366,145.011184,2.0,1.0,house,5.0,2024-02-17,653.0,m2,"$905,000"
property-house-vic-reservoir-144049788,Reservoir,3073,131 Mahoneys Road,-37.693127,144.99164,3.0,2.0,house,5.0,2024-02-17,537.0,m2,"$720,000"
property-unit-vic-reservoir-144123724,Reservoir,3073,1/23 Dorrington Avenue,-37.72694523,145.0238299,3.0,1.0,unit,1.0,2024-02-17,,,"$700,000"
property-townhouse-vic-reservoir-144037004,Reservoir,3073,4/65 Dundee St,-37.70237149,145.0244979,2.0,1.0,townhouse,1.0,2024-02-17,188.0,m2,"$683,000"
property-townhouse-vic-reservoir-144036828,Reservoir,3073,3/104 Tunaley Parade,-37.69758348,145.0317907,3.0,1.0,townhouse,1.0,2024-02-17,,,"$670,000"
property-townhouse-vic-reservoir-144061352,Reservoir,3073,3/10 Pershing Street,-37.72541815,144.9959656,2.0,1.0,townhouse,1.0,2024-02-17,,,"$660,000"
property-unit-vic-reservoir-144038540,Reservoir,3073,54a Barton Street,-37.71110979,145.0006729,2.0,1.0,unit,1.0,2024-02-17,,,"$590,000"
property-unit-vic-reservoir-144049324,Reservoir,3073,1/16 Jinghi Road,-37.70608912,145.0133314,2.0,1.0,unit,1.0,2024-02-17,205.0,m2,"$550,000"
property-unit-vic-reservoir-144019764,Reservoir,3073,3/1 Griffiths Street,-37.71457383,144.9957592,2.0,2.0,unit,1.0,2024-02-17,,,"$507,000"
property-unit-vic-reservoir-144049548,Reservoir,3073,5/84-86 Pine Street,-37.71666659,144.998603,3.0,1.0,unit,2.0,2024-02-16,143.0,m2,"$750,500"
property-townhouse-vic-reservoir-144038516,Reservoir,3073,2/154 Broadway,-37.717532,145.015999,3.0,3.0,townhouse,2.0,2024-02-16,,,"$738,888"
property-unit-vic-reservoir-144036556,Reservoir,3073,2/74A Barton Street,-37.71087478,144.9984465,2.0,1.0,unit,1.0,2024-02-15,120.0,m2,"$585,000"
property-house-vic-reservoir-144049396,Reservoir,3073,7 White Street,-37.710139,145.010612,5.0,2.0,house,2.0,2024-02-14,,,"$862,000"
property-townhouse-vic-reservoir-143704932,Reservoir,3073,2/54 Davidson Street,-37.69626134,144.9823724,3.0,1.0,townhouse,4.0,2024-02-13,202.0,m2,"$660,000"
property-unit-vic-reservoir-142441552,Reservoir,3073,9/71 Pine Street,-37.71776731,144.9980239,2.0,1.0,unit,1.0,2024-02-12,,,"$390,000"
property-house-vic-reservoir-144000832,Reservoir,3073,8 Bendigo Street,-37.725485,145.01643,3.0,2.0,house,2.0,2024-02-10,696.0,m2,"$1,620,000"
property-townhouse-vic-reservoir-144106236,Reservoir,3073,2/8 Jean Street,-37.70948305,144.9990215,3.0,1.0,townhouse,2.0,2024-02-10,,,"$764,000"
property-townhouse-vic-reservoir-143967552,Reservoir,3073,6A Mcfadzean Avenue,-37.7091998,144.9979132,2.0,1.0,townhouse,2.0,2024-02-10,183.0,m2,"$710,000"
property-house-vic-reservoir-143916784,Reservoir,3073,54 Clingin Street,-37.728413,145.03142,3.0,1.0,house,2.0,2024-02-10,583.0,m2,"$705,000"
property-townhouse-vic-reservoir-143977780,Reservoir,3073,2/97 Cuthbert Road,-37.71635074,145.0115035,2.0,1.0,townhouse,1.0,2024-02-10,161.0,m2,"$600,000"
property-townhouse-vic-reservoir-143766664,Reservoir,3073,3/42 Gisborne Crescent,-37.718306,145.022533,2.0,3.0,townhouse,1.0,2024-02-09,725.0,m2,"$750,000"
property-townhouse-vic-reservoir-143991564,Reservoir,3073,3/155 Rathcown Road,-37.70878243,145.0159882,2.0,2.0,townhouse,1.0,2024-02-09,,,"$560,000"
property-house-vic-reservoir-139297955,Reservoir,3073,28 Greig Street,-37.701003,144.986323,4.0,2.0,house,2.0,2024-02-07,,,"$1,600,000"
property-townhouse-vic-reservoir-144008900,Reservoir,3073,2/40 Seston Street,-37.730147,145.034336,3.0,2.0,townhouse,2.0,2024-02-07,,,"$770,000"
property-unit-vic-reservoir-144114112,Reservoir,3073,1/20-24 Ameily Crescent,-37.7093958,144.9948253,2.0,1.0,unit,1.0,2024-02-07,,,"$520,000"
property-house-vic-reservoir-144134656,Reservoir,3073,32A Foch Street,-37.72823149,145.0120324,5.0,2.0,house,2.0,2024-02-06,,,"$1,870,000"
property-house-vic-reservoir-140865064,Reservoir,3073,134 St Vigeons Road,-37.705698,145.018784,3.0,1.0,house,2.0,2024-02-06,780.0,m2,"$887,500"
property-townhouse-vic-reservoir-143941948,Reservoir,3073,2/71 Thackeray Road,-37.72116777,145.0093681,2.0,1.0,townhouse,1.0,2024-02-06,,,"$735,000"
property-house-vic-reservoir-144061156,Reservoir,3073,36 Cuthbert Road,-37.716202,145.012651,4.0,1.0,house,4.0,2024-02-05,650.0,m2,"$1,239,700"
property-house-vic-reservoir-143902104,Reservoir,3073,3/20 Doolan Street,-37.72565128,145.01908,4.0,3.0,house,2.0,2024-02-05,269.0,m2,"$920,000"
property-townhouse-vic-reservoir-143057992,Reservoir,3073,2/7 Dunolly Crescent,-37.7161042,145.0207713,2.0,1.0,townhouse,1.0,2024-02-05,104.0,m2,"$444,000"
property-unit-vic-reservoir-143779100,Reservoir,3073,3/25 Ashley Street,-37.71756915,145.0019617,2.0,1.0,unit,1.0,2024-02-04,,,"$385,000"
property-house-vic-reservoir-143931432,Reservoir,3073,125 Wilson Boulevard,-37.698174,144.993239,3.0,1.0,house,5.0,2024-02-03,1037.0,m2,"$950,000"
property-house-vic-reservoir-143633936,Reservoir,3073,6 Barwon Avenue,-37.724126,145.024545,3.0,1.0,house,2.0,2024-02-03,,,"$950,000"
property-townhouse-vic-reservoir-143926572,Reservoir,3073,3/103-105 St Vigeons Road,-37.70635747,145.0194506,3.0,2.0,townhouse,2.0,2024-02-03,205.0,m2,"$802,000"
property-apartment-vic-reservoir-144013196,Reservoir,3073,3/755 Plenty Road,-37.7277445,145.0191713,2.0,2.0,apartment,1.0,2024-02-03,,,"$490,000"
property-unit-vic-reservoir-143913564,Reservoir,3073,4/34 Willoughby Street,-37.71668154,144.9965472,1.0,1.0,unit,1.0,2024-02-03,,,"$460,000"
property-house-vic-reservoir-144005852,Reservoir,3073,8B Wimmera Avenue,-37.724684,145.020786,4.0,3.0,house,2.0,2024-02-01,,,"$1,306,000"
property-unit-vic-reservoir-143980164,Reservoir,3073,1/91 Barton Street,-37.71134501,144.9999501,2.0,1.0,unit,1.0,2024-01-30,,,"$580,000"
property-house-vic-reservoir-143844076,Reservoir,3073,97 Mahoneys Road,-37.693526,144.995497,4.0,2.0,house,2.0,2024-01-25,892.0,m2,"$800,000"
property-unit-vic-reservoir-142848912,Reservoir,3073,1/11 Luke Street,-37.71029391,144.9900551,3.0,1.0,unit,1.0,2024-01-24,250.0,m2,"$600,000"
property-house-vic-reservoir-143637168,Reservoir,3073,1/83 St Vigeons Road,-37.706421,145.022077,3.0,2.0,house,2.0,2024-01-23,,,"$1,115,000"
property-unit-vic-reservoir-142640804,Reservoir,3073,1/147 Boldrewood Parade,-37.71279638,145.0223975,2.0,1.0,unit,1.0,2024-01-22,,,"$515,000"
property-house-vic-reservoir-143904852,Reservoir,3073,129 Mcfadzean Avenue,-37.699707,144.995988,4.0,3.0,house,2.0,2024-01-18,822.0,m2,"$1,225,000"
property-townhouse-vic-reservoir-143198732,Reservoir,3073,1/29 Cameron Street,-37.72724532,144.9982531,3.0,2.0,townhouse,2.0,2024-01-18,214.0,m2,"$910,000"
property-townhouse-vic-reservoir-143855712,Reservoir,3073,3/13 Dundee Street,-37.703594,145.019578,2.0,2.0,townhouse,1.0,2024-01-18,,,"$750,000"
property-apartment-vic-reservoir-137767894,Reservoir,3073,3/1a Wilkinson Street,-37.727339,145.018922,1.0,1.0,apartment,1.0,2024-01-18,,,"$360,000"
property-townhouse-vic-reservoir-143065500,Reservoir,3073,3/213-215 Albert Street,-37.72599225,145.0228087,2.0,1.0,townhouse,1.0,2024-01-17,,,"$415,000"
property-unit-vic-reservoir-141562200,Reservoir,3073,3/67 Barton Street,-37.7115684,145.0019909,2.0,1.0,unit,1.0,2024-01-16,87.0,m2,"$400,000"
property-townhouse-vic-reservoir-143745664,Reservoir,3073,1/169 Broadway,-37.71811309,145.0173176,3.0,3.0,townhouse,2.0,2024-01-11,,,"$850,000"
property-unit-vic-reservoir-143573172,Reservoir,3073,1/2 Station Street,-37.7295302,145.0048364,2.0,1.0,unit,1.0,2024-01-09,168.0,m2,"$585,000"
property-unit-vic-reservoir-143484892,Reservoir,3073,1/23A Fordham Road,-37.71517,145.017704,2.0,1.0,unit,1.0,2024-01-08,,,"$620,000"
property-unit-vic-reservoir-143632292,Reservoir,3073,2/78 Howard Street,-37.71875879,145.0087315,2.0,1.0,unit,2.0,2024-01-06,350.0,m2,"$750,000"
property-townhouse-vic-reservoir-142843100,Reservoir,3073,2/5 Cuthbert Road,-37.71736436,145.0198206,2.0,2.0,townhouse,1.0,2024-01-05,,,"$620,000"
property-townhouse-vic-reservoir-143541236,Reservoir,3073,12/11 George Street,-37.71822493,144.9999361,1.0,1.0,townhouse,1.0,2024-01-05,,,"$420,000"
property-townhouse-vic-reservoir-142255424,Reservoir,3073,2/72 Liston Avenue,-37.6969755,145.0147878,3.0,1.0,townhouse,1.0,2024-01-01,,,"$607,000"
property-house-vic-reservoir-143849256,Reservoir,3073,51 Wattle Grove,-37.719332,144.994699,3.0,1.0,house,2.0,2023-12-30,527.0,m2,"$820,000"
property-house-vic-reservoir-143396316,Reservoir,3073,9 Alamo Road,-37.723265,144.988568,4.0,2.0,house,2.0,2023-12-23,,,"$1,600,000"
property-house-vic-reservoir-143739204,Reservoir,3073,1/219 Spring Street,-37.72015375,145.0040239,2.0,1.0,house,2.0,2023-12-23,,,"$581,250"
property-unit-vic-reservoir-143745736,Reservoir,3073,96 Edwardes Street,-37.715595,145.001617,2.0,1.0,unit,2.0,2023-12-23,,,"$538,000"
property-unit-vic-reservoir-143793584,Reservoir,3073,2/99 Cuthbert Road,-37.71632973,145.0113294,1.0,1.0,unit,1.0,2023-12-23,,,"$415,000"
property-house-vic-reservoir-143721332,Reservoir,3073,2 San Leandro Drive,-37.697608,145.024296,4.0,2.0,house,4.0,2023-12-22,585.0,m2,"$800,000"
property-unit-vic-reservoir-143669196,Reservoir,3073,18 Newton Street,-37.7314751,145.026719,2.0,1.0,unit,2.0,2023-12-22,335.0,m2,"$770,000"
property-house-vic-reservoir-143445756,Reservoir,3073,98 Massey Avenue,-37.697223,144.99086,3.0,1.0,house,4.0,2023-12-21,690.0,m2,"$895,000"
property-townhouse-vic-reservoir-143690744,Reservoir,3073,2/30 Cuthbert Road,-37.716279,145.013454,3.0,2.0,townhouse,2.0,2023-12-21,147.0,m2,"$730,000"
property-house-vic-reservoir-143734844,Reservoir,3073,50 Nisbett Street,-37.727503,145.030888,3.0,1.0,house,2.0,2023-12-21,590.0,m2,"$722,000"
property-unit-vic-reservoir-143738296,Reservoir,3073,2/39 Hickford Street,-37.70592175,145.0264766,2.0,1.0,unit,1.0,2023-12-20,,,"$382,000"
property-townhouse-vic-reservoir-143628080,Reservoir,3073,2/7 Dumbarton Street,-37.701563,145.023704,3.0,2.0,townhouse,2.0,2023-12-18,,,"$850,000"
property-unit-vic-reservoir-143571096,Reservoir,3073,6/84 Pine Street,-37.71666659,144.998603,2.0,1.0,unit,2.0,2023-12-18,,,"$625,000"
property-house-vic-reservoir-143710480,Reservoir,3073,15 York Street,-37.72796157,144.9898452,4.0,2.0,house,4.0,2023-12-16,,,"$1,600,000"
property-house-vic-reservoir-143726292,Reservoir,3073,53 St Vigeons Road,-37.706857,145.025559,3.0,1.0,house,2.0,2023-12-16,892.0,m2,"$1,070,000"
property-house-vic-reservoir-143718988,Reservoir,3073,52 Banbury Road,-37.709277,144.990126,3.0,1.0,house,1.0,2023-12-16,,,"$921,500"
property-house-vic-reservoir-143690576,Reservoir,3073,42 Steane Street,-37.730176,145.022569,3.0,2.0,house,2.0,2023-12-16,537.0,m2,"$790,000"
property-townhouse-vic-reservoir-143714068,Reservoir,3073,1/9 Tambo Avenue,-37.72256818,145.0181045,2.0,1.0,townhouse,1.0,2023-12-16,,,"$740,000"
property-townhouse-vic-reservoir-143703340,Reservoir,3073,8/7 Barry Street,-37.70987868,145.0065443,2.0,1.0,townhouse,1.0,2023-12-16,,,"$617,000"
property-townhouse-vic-reservoir-143686512,Reservoir,3073,1/5 Dunolly Crescent,-37.71613471,145.020583,2.0,1.0,townhouse,1.0,2023-12-16,,,"$586,500"
property-unit-vic-reservoir-143752192,Reservoir,3073,3/70 Yarra Avenue,-37.71884255,145.0169788,2.0,1.0,unit,1.0,2023-12-16,,,"$540,000"
property-house-vic-reservoir-143706584,Reservoir,3073,2 Mack Street,-37.70341574,145.0133493,3.0,1.0,house,2.0,2023-12-13,,,"$850,000"
property-villa-vic-reservoir-143551032,Reservoir,3073,2/15 Hobbs Crescent,-37.70550621,145.0076365,2.0,1.0,villa,2.0,2023-12-12,256.0,m2,"$685,000"
property-house-vic-reservoir-140980008,Reservoir,3073,25 Bogong Court,-37.70845,144.990239,3.0,1.0,house,1.0,2023-12-12,423.0,m2,"$635,000"
property-house-vic-reservoir-143374068,Reservoir,3073,69 Whitelaw Street,-37.712286,145.018802,3.0,1.0,house,1.0,2023-12-11,684.0,m2,"$870,000"
property-house-vic-reservoir-143628072,Reservoir,3073,24 Powell Street,-37.726407,145.002711,5.0,2.0,house,5.0,2023-12-09,,,"$1,540,000"
property-house-vic-reservoir-143612636,Reservoir,3073,1/4 George Street,-37.71876747,145.0001826,4.0,2.0,house,4.0,2023-12-09,508.0,m2,"$1,200,000"
property-house-vic-reservoir-143636396,Reservoir,3073,7 Macartney Street,-37.713372,145.008869,2.0,1.0,house,2.0,2023-12-09,,,"$950,000"
property-house-vic-reservoir-143634760,Reservoir,3073,1/25 Crispe Street,-37.72686271,144.9944047,3.0,1.0,house,1.0,2023-12-09,,,"$840,000"
property-townhouse-vic-reservoir-143423812,Reservoir,3073,3/9 Elsey Road,-37.705436,145.013914,4.0,3.0,townhouse,2.0,2023-12-09,,,"$762,000"
property-townhouse-vic-reservoir-143704940,Reservoir,3073,1/18 Kelsby Street,-37.71400365,144.9985748,2.0,1.0,townhouse,1.0,2023-12-09,,,"$757,000"
property-house-vic-reservoir-143633912,Reservoir,3073,1 Dorrington Avenue,-37.7274077,145.0268428,3.0,1.0,house,2.0,2023-12-09,624.0,m2,"$730,000"
property-house-vic-reservoir-143624600,Reservoir,3073,31 Nisbett Street,-37.728027,145.032542,3.0,1.0,house,2.0,2023-12-09,576.0,m2,"$685,000"
property-unit-vic-reservoir-143639136,Reservoir,3073,23A St Vigeons Road,-37.70770163,145.0301697,2.0,1.0,unit,1.0,2023-12-09,,,"$591,000"
property-unit-vic-reservoir-143600384,Reservoir,3073,4/130 Purinuan Road,-37.70767289,145.0179009,2.0,1.0,unit,1.0,2023-12-09,,,"$467,500"
property-house-vic-reservoir-143692540,Reservoir,3073,10 Birdwood Street,-37.728868,144.996359,3.0,2.0,house,4.0,2023-12-08,884.0,m2,"$1,420,000"
property-unit-vic-reservoir-143526796,Reservoir,3073,5/16-18 Harbury Street,-37.714141,145.000049,2.0,1.0,unit,2.0,2023-12-08,203.0,m2,"$650,000"
property-house-vic-reservoir-143683664,Reservoir,3073,17 Gellibrand Crescent,-37.70447,145.00634,4.0,1.0,house,,2023-12-07,893.0,m2,"$1,190,000"
property-house-vic-reservoir-143569208,Reservoir,3073,9 Dyson Street,-37.713683,144.987954,3.0,1.0,house,2.0,2023-12-07,584.0,m2,"$1,190,000"
property-townhouse-vic-reservoir-143639344,Reservoir,3073,2/14 Kelsby Street,-37.7142767,144.9985291,2.0,2.0,townhouse,1.0,2023-12-07,,,"$735,000"
property-unit-vic-reservoir-143701464,Reservoir,3073,1/2 Kyneton Avenue,-37.718431,145.024594,3.0,1.0,unit,1.0,2023-12-07,,,"$655,000"
property-townhouse-vic-reservoir-143690548,Reservoir,3073,11/11-13 Ashley Street,-37.71838097,145.0018247,2.0,2.0,townhouse,1.0,2023-12-07,,,"$542,000"
property-unit-vic-reservoir-143574368,Reservoir,3073,3/214 Spring Street,-37.72071862,145.003967,2.0,1.0,unit,1.0,2023-12-06,,,"$512,000"
property-townhouse-vic-reservoir-143631184,Reservoir,3073,1/39 Arundel Avenue,-37.696719,145.017526,3.0,3.0,townhouse,1.0,2023-12-05,,,"$790,000"
property-townhouse-vic-reservoir-142954128,Reservoir,3073,3/78 Orrong Avenue,-37.71133384,145.015178,3.0,2.0,townhouse,2.0,2023-12-04,,,"$580,000"
property-unit-vic-reservoir-143378764,Reservoir,3073,4/123 St Vigeons Road,-37.70591009,145.0179665,2.0,1.0,unit,1.0,2023-12-04,,,"$510,000"
property-house-vic-reservoir-143552384,Reservoir,3073,21 Robins Avenue,-37.699631,145.028836,4.0,2.0,house,2.0,2023-12-02,531.0,m2,"$1,480,000"
property-house-vic-reservoir-143182412,Reservoir,3073,82 McMahon Road,-37.710686,145.017404,2.0,1.0,house,1.0,2023-12-02,701.0,m2,"$930,000"
property-house-vic-reservoir-143532200,Reservoir,3073,113 Henty Street,-37.718758,144.994907,3.0,1.0,house,2.0,2023-12-02,,,"$880,000"
property-house-vic-reservoir-143589460,Reservoir,3073,17  Wattle Grove,-37.72138,144.994348,2.0,1.0,house,2.0,2023-12-02,540.0,m2,"$829,000"
property-house-vic-reservoir-143546984,Reservoir,3073,72 Seston Street,-37.72716491,145.0349137,3.0,2.0,house,2.0,2023-12-02,,,"$810,000"
property-house-vic-reservoir-143522488,Reservoir,3073,13 Tracey Street,-37.70425,144.996024,3.0,1.0,house,1.0,2023-12-02,925.0,m2,"$795,000"
property-unit-vic-reservoir-143573288,Reservoir,3073,11 Church Street,-37.70096218,145.0094825,2.0,1.0,unit,2.0,2023-12-02,239.0,m2,"$650,000"
property-house-vic-reservoir-143566376,Reservoir,3073,24 Drysdale Street,-37.72946294,145.0232963,2.0,1.0,house,1.0,2023-12-02,319.0,m2,"$615,000"
property-unit-vic-reservoir-143550764,Reservoir,3073,4/64 Hickford Street,-37.7053027,145.0241577,2.0,1.0,unit,1.0,2023-12-02,179.0,m2,"$576,000"
property-house-vic-reservoir-143519516,Reservoir,3073,10 Tivey Street,-37.706073,145.002009,4.0,1.0,house,5.0,2023-11-30,769.0,m2,"$950,000"
property-unit-vic-reservoir-143456972,Reservoir,3073,4/9 Daventry Street,-37.71468526,145.0010665,2.0,1.0,unit,1.0,2023-11-30,,,"$545,000"
property-house-vic-reservoir-142787028,Reservoir,3073,170 Hughes Parade,-37.693562,144.991288,4.0,1.0,house,2.0,2023-11-29,1141.0,m2,"$1,095,000"
property-unit-vic-reservoir-143256124,Reservoir,3073,7/17 Daventry Street,-37.71401938,145.001177,2.0,1.0,unit,1.0,2023-11-29,,,"$545,000"
property-unit-vic-reservoir-143371900,Reservoir,3073,2/36 Steane Street,-37.730232,145.0230049,2.0,1.0,unit,1.0,2023-11-29,144.0,m2,"$540,000"
property-unit-vic-reservoir-143372016,Reservoir,3073,2/217A Spring Street,-37.72025678,145.0036574,2.0,1.0,unit,2.0,2023-11-28,,,"$675,000"
property-unit-vic-reservoir-143282684,Reservoir,3073,1A Jean Street,-37.709489,144.998296,2.0,1.0,unit,1.0,2023-11-28,,,"$535,000"
property-house-vic-reservoir-142492872,Reservoir,3073,10 Churchill Street,-37.692914,144.976052,5.0,2.0,house,4.0,2023-11-27,,,"$1,025,000"
property-townhouse-vic-reservoir-141071356,Reservoir,3073,11/74 Tyler Street,-37.73279844,145.031142,4.0,3.0,townhouse,2.0,2023-11-27,410.0,m2,"$996,800"
property-house-vic-reservoir-143474232,Reservoir,3073,9 Jenkin Street,-37.721874,144.987369,4.0,2.0,house,3.0,2023-11-25,590.0,m2,"$1,740,000"
property-house-vic-reservoir-143469108,Reservoir,3073,22 King William Street,-37.726563,145.011943,4.0,2.0,house,3.0,2023-11-25,,,"$1,320,000"
property-house-vic-reservoir-143482360,Reservoir,3073,2  Muriel Court,-37.70061,145.028141,3.0,1.0,house,4.0,2023-11-25,886.0,m2,"$850,000"
property-unit-vic-reservoir-143481284,Reservoir,3073,2/39 Howard Street,-37.71960925,145.0129926,2.0,1.0,unit,1.0,2023-11-25,226.0,m2,"$742,000"
property-unit-vic-reservoir-143476388,Reservoir,3073,2/31 Rosenthal Crescent,-37.70050295,145.0060094,2.0,1.0,unit,1.0,2023-11-25,,,"$641,000"
property-unit-vic-reservoir-143547416,Reservoir,3073,5/15-17 Chaleyer Street,-37.72823578,145.026593,2.0,1.0,unit,1.0,2023-11-25,,,"$601,000"
property-unit-vic-reservoir-143515760,Reservoir,3073,17 McCrae Street,-37.70512735,145.0107229,1.0,1.0,unit,2.0,2023-11-25,154.0,m2,"$533,000"
property-unit-vic-reservoir-139905367,Reservoir,3073,4/12 McComas Street,-37.72878655,145.0245067,3.0,2.0,unit,2.0,2023-11-24,,,"$660,000"
property-house-vic-reservoir-143663732,Reservoir,3073,68 King William Street,-37.726072,145.007406,4.0,4.0,house,2.0,2023-11-23,741.0,m2,"$2,150,000"
property-unit-vic-reservoir-143293832,Reservoir,3073,108B Royal Parade,-37.71195648,145.0161429,2.0,1.0,unit,1.0,2023-11-23,199.0,m2,"$615,000"
property-house-vic-reservoir-142941844,Reservoir,3073,1/20 Erskine Avenue,-37.72315145,145.0253178,3.0,1.0,house,1.0,2023-11-21,,,"$745,000"
property-townhouse-vic-reservoir-141549888,Reservoir,3073,2/36 Barry Street,-37.70944489,145.005368,2.0,1.0,townhouse,1.0,2023-11-21,113.0,m2,"$600,000"
property-townhouse-vic-reservoir-142544424,Reservoir,3073,1B Rubicon Street,-37.72549774,145.0219912,2.0,1.0,townhouse,1.0,2023-11-21,,,"$570,000"
property-house-vic-reservoir-143240688,Reservoir,3073,12 Thrower Street,-37.711521,144.987978,3.0,1.0,house,1.0,2023-11-20,534.0,m2,"$700,000"
property-townhouse-vic-reservoir-143455764,Reservoir,3073,4/105 Cheddar Road,-37.70479985,145.0154738,2.0,1.0,townhouse,1.0,2023-11-20,,,"$510,000"
property-house-vic-reservoir-143406492,Reservoir,3073,18 Legh Street,-37.702963,144.986089,4.0,1.0,house,4.0,2023-11-18,780.0,m2,"$1,125,000"
property-house-vic-reservoir-143444312,Reservoir,3073,10 Ryan Street,-37.702138,144.998497,3.0,1.0,house,3.0,2023-11-18,766.0,m2,"$895,000"
property-house-vic-reservoir-143462188,Reservoir,3073,12 Epstein Street,-37.710006,144.993226,2.0,1.0,house,2.0,2023-11-18,,,"$870,000"
property-house-vic-reservoir-143434824,Reservoir,3073,7 Greenock Street,-37.702851,145.021492,3.0,2.0,house,4.0,2023-11-18,548.0,m2,"$865,000"
property-townhouse-vic-reservoir-143370004,Reservoir,3073,1/14 Maclagan Crescent,-37.7064883,145.0074051,3.0,1.0,townhouse,2.0,2023-11-18,,,"$750,000"
property-townhouse-vic-reservoir-143434844,Reservoir,3073,2/128 McMahon Road,-37.70991194,145.0135388,2.0,1.0,townhouse,1.0,2023-11-18,,,"$712,000"
property-unit-vic-reservoir-143385336,Reservoir,3073,2/64 Seston Street,-37.72781187,145.034795,2.0,1.0,unit,1.0,2023-11-18,,,"$550,000"
property-townhouse-vic-reservoir-143437368,Reservoir,3073,175 Boldrewood Parade,-37.71077291,145.0228348,3.0,2.0,townhouse,2.0,2023-11-17,197.0,m2,"$790,000"
property-townhouse-vic-reservoir-143315976,Reservoir,3073,3/8 Palm Avenue,-37.71118634,145.0131287,2.0,2.0,townhouse,1.0,2023-11-17,,,"$650,000"
property-house-vic-reservoir-143017952,Reservoir,3073,7 Kinkora Road,-37.730492,145.016717,4.0,2.0,house,4.0,2023-11-16,600.0,m2,"$1,165,000"
property-house-vic-reservoir-143159228,Reservoir,3073,12 Elizabeth Court,-37.699574,145.020649,3.0,1.0,house,2.0,2023-11-16,,,"$830,000"
property-unit-vic-reservoir-143459452,Reservoir,3073,3/46 Darebin Boulevard,-37.70382628,145.0256707,2.0,1.0,unit,1.0,2023-11-16,,,"$630,000"
property-residential land-vic-reservoir-203641276,Reservoir,3073,12 Drysdale Street,-37.729587,145.02457,,,residential land,,2023-11-15,748.0,m2,"$863,000"
property-house-vic-reservoir-143243156,Reservoir,3073,164 Broadway,-37.717416,145.015137,2.0,1.0,house,4.0,2023-11-15,637.0,m2,"$850,000"
property-house-vic-reservoir-139849511,Reservoir,3073,3/3 Dumbarton Street,-37.701511,145.023297,3.0,3.0,house,2.0,2023-11-15,,,"$750,000"
property-unit-vic-reservoir-143446480,Reservoir,3073,1/46 Ashton Street,-37.72761339,145.0216419,2.0,1.0,unit,2.0,2023-11-15,,,"$650,000"
property-apartment-vic-reservoir-142975644,Reservoir,3073,101B/58 Johnson Street,-37.69612286,145.0120604,2.0,1.0,apartment,1.0,2023-11-15,,,"$352,500"
property-house-vic-reservoir-143467620,Reservoir,3073,5 Beatty Street,-37.726827,144.996153,3.0,2.0,house,4.0,2023-11-13,790.0,m2,"$1,565,000"
property-unit-vic-reservoir-143346280,Reservoir,3073,3/123 Boldrewood Parade,-37.71467114,145.0219856,2.0,1.0,unit,1.0,2023-11-13,,,"$580,000"
property-townhouse-vic-reservoir-143382752,Reservoir,3073,119B Henty Street,-37.71864214,144.9941099,3.0,2.0,townhouse,2.0,2023-11-11,,,"$1,145,000"
property-house-vic-reservoir-143345688,Reservoir,3073,45 Broadhurst Avenue,-37.708426,145.002071,3.0,1.0,house,3.0,2023-11-11,830.0,m2,"$940,000"
property-house-vic-reservoir-143286136,Reservoir,3073,25 Mendip Road,-37.72140874,145.0158938,3.0,2.0,house,2.0,2023-11-11,,,"$862,000"
property-unit-vic-reservoir-143317772,Reservoir,3073,3/2 Spratling Street,-37.71808535,144.9953251,3.0,2.0,unit,1.0,2023-11-11,,,"$845,000"
property-townhouse-vic-reservoir-143387832,Reservoir,3073,2/2 Kyneton Avenue,-37.718431,145.024594,3.0,2.0,townhouse,2.0,2023-11-11,,,"$800,000"
property-house-vic-reservoir-143371872,Reservoir,3073,151 Boldrewood Parade,-37.71256144,145.0224496,2.0,2.0,house,2.0,2023-11-11,326.0,m2,"$715,000"
property-unit-vic-reservoir-143371876,Reservoir,3073,2/14 Pickett Street,-37.70258915,145.0159182,2.0,1.0,unit,1.0,2023-11-11,,,"$640,000"
property-unit-vic-reservoir-143356228,Reservoir,3073,3/57 Lane Crescent,-37.71312861,145.0194928,2.0,1.0,unit,1.0,2023-11-11,188.0,m2,"$640,000"
property-unit-vic-reservoir-143388124,Reservoir,3073,3/71 Barry Street,-37.709214,145.000092,2.0,1.0,unit,1.0,2023-11-11,,,"$610,000"
property-house-vic-reservoir-143361900,Reservoir,3073,37 Elinda Place,-37.698272,145.023371,2.0,1.0,house,2.0,2023-11-11,,,"$550,000"
property-unit-vic-reservoir-143294972,Reservoir,3073,2/36 Northernhay Street,-37.7245355,145.0109572,2.0,1.0,unit,1.0,2023-11-11,,,"$530,000"
property-house-vic-reservoir-143375020,Reservoir,3073,14 Kinkora Road,-37.730192,145.017122,3.0,1.0,house,2.0,2023-11-10,526.0,m2,"$1,110,000"
property-townhouse-vic-reservoir-143374912,Reservoir,3073,2/57 Keon Parade,-37.69571035,145.0166752,2.0,2.0,townhouse,1.0,2023-11-10,,,"$440,000"
property-house-vic-reservoir-143387212,Reservoir,3073,6A Corben Street,-37.72706995,144.9874888,2.0,1.0,house,1.0,2023-11-09,,,"$812,000"
property-unit-vic-reservoir-143178368,Reservoir,3073,2/208 Spring Street,-37.72095275,145.0037177,3.0,1.0,unit,1.0,2023-11-09,,,"$620,000"
property-unit-vic-reservoir-143372300,Reservoir,3073,3/107 Rathcown Road,-37.7094259,145.0212724,2.0,1.0,unit,2.0,2023-11-09,,,"$585,000"
property-unit-vic-reservoir-143068132,Reservoir,3073,2/46 Ashton Street,-37.72761339,145.0216419,2.0,1.0,unit,3.0,2023-11-09,,,"$585,000"
property-house-vic-reservoir-143459456,Reservoir,3073,3 Ameily Crescent,-37.710591,144.994242,4.0,2.0,house,2.0,2023-11-07,585.0,m2,"$1,395,000"
property-house-vic-reservoir-143311180,Reservoir,3073,13 Winter Crescent,-37.720537,145.027647,3.0,1.0,house,2.0,2023-11-04,586.0,m2,"$769,000"
property-unit-vic-reservoir-143310092,Reservoir,3073,3/32 Crookston Road,-37.71013174,145.0209651,2.0,1.0,unit,1.0,2023-11-04,176.0,m2,"$660,000"
property-unit-vic-reservoir-143267076,Reservoir,3073,3/27 Lane Crescent,-37.71484426,145.0163774,1.0,1.0,unit,1.0,2023-11-03,,,"$407,000"
property-townhouse-vic-reservoir-143367256,Reservoir,3073,2/1 Odowd Street,-37.719239,145.01586,2.0,1.0,townhouse,1.0,2023-11-02,,,"$570,000"
property-unit-vic-reservoir-143333168,Reservoir,3073,4/44 Boldrewood Parade,-37.721972,145.0220506,2.0,1.0,unit,1.0,2023-11-02,,,"$512,000"
property-unit-vic-reservoir-143380352,Reservoir,3073,2/35 Drysdale Street,-37.72968655,145.022777,3.0,2.0,unit,1.0,2023-11-01,,,"$778,000"
property-house-vic-reservoir-143073228,Reservoir,3073,5 Tunaley Parade,-37.697045,145.024039,3.0,1.0,house,5.0,2023-11-01,,,"$700,000"
property-unit-vic-reservoir-143051112,Reservoir,3073,3/163 Broadway,-37.71816777,145.0177661,2.0,1.0,unit,1.0,2023-11-01,177.0,m2,"$630,000"
property-unit-vic-reservoir-143317892,Reservoir,3073,2/12-13 Aberdeen Street,-37.70273538,145.019686,2.0,1.0,unit,2.0,2023-11-01,,,"$615,000"
property-house-vic-reservoir-143168388,Reservoir,3073,771 Plenty Road,-37.726931,145.020374,2.0,1.0,house,1.0,2023-10-31,748.0,m2,"$1,070,000"
property-unit-vic-reservoir-142890472,Reservoir,3073,9/63 Pine Street,-37.718107,144.997394,2.0,1.0,unit,1.0,2023-10-30,142.0,m2,"$630,000"
property-townhouse-vic-reservoir-143243180,Reservoir,3073,2/9 Tambo Avenue,-37.72256818,145.0181045,2.0,2.0,townhouse,1.0,2023-10-29,,,"$690,000"
property-house-vic-reservoir-142521304,Reservoir,3073,40 Purinuan Road,-37.709017,145.028938,3.0,1.0,house,2.0,2023-10-29,356.0,m2,"$605,000"
property-house-vic-reservoir-143198996,Reservoir,3073,24 Elliot Street,-37.706535,145.000012,4.0,2.0,house,4.0,2023-10-28,685.0,m2,"$1,460,000"
property-townhouse-vic-reservoir-143252556,Reservoir,3073,59 Southernhay Street,-37.725562,145.00893,3.0,2.0,townhouse,2.0,2023-10-28,,,"$1,005,000"
property-house-vic-reservoir-143214460,Reservoir,3073,157 Mahoneys Road,-37.692879,144.988766,5.0,2.0,house,4.0,2023-10-28,892.0,m2,"$1,000,000"
property-house-vic-reservoir-143225432,Reservoir,3073,25 Whitelaw Street,-37.714739,145.014607,3.0,1.0,house,2.0,2023-10-28,650.0,m2,"$928,000"
property-house-vic-reservoir-143252264,Reservoir,3073,92 O'Connor Court,-37.70952,144.997482,3.0,1.0,house,3.0,2023-10-28,443.0,m2,"$902,000"
property-house-vic-reservoir-143242920,Reservoir,3073,11 Mcfadzean Avenue,-37.710903,144.997229,3.0,1.0,house,4.0,2023-10-28,478.0,m2,"$800,000"
property-townhouse-vic-reservoir-143182228,Reservoir,3073,4/30 Cameron Street,-37.72692585,144.9979176,3.0,1.0,townhouse,2.0,2023-10-28,,,"$765,000"
property-unit-vic-reservoir-143225952,Reservoir,3073,1/16 Mason Street,-37.72827914,145.0096717,2.0,1.0,unit,1.0,2023-10-28,,,"$718,000"
property-unit-vic-reservoir-143305156,Reservoir,3073,4/12 Aberdeen Street,-37.70273538,145.019686,2.0,2.0,unit,2.0,2023-10-28,,,"$645,000"
property-townhouse-vic-reservoir-143257536,Reservoir,3073,4/185 Albert Street,-37.72854048,145.0255038,2.0,1.0,townhouse,1.0,2023-10-28,,,"$630,000"
property-unit-vic-reservoir-143279812,Reservoir,3073,1/27 Lane Crescent,-37.71484426,145.0163774,2.0,1.0,unit,1.0,2023-10-28,,,"$560,000"
property-unit-vic-reservoir-143242916,Reservoir,3073,1/29 Kelsby Street,-37.7133193,144.9982944,2.0,1.0,unit,1.0,2023-10-28,,,"$555,000"
property-townhouse-vic-reservoir-143242868,Reservoir,3073,2/7 O'Connor Street,-37.71083144,145.0053408,2.0,1.0,townhouse,1.0,2023-10-28,178.0,m2,"$537,500"
property-unit-vic-reservoir-143116100,Reservoir,3073,3B/40 Godley Street,-37.7025124,144.9887746,2.0,1.0,unit,1.0,2023-10-28,164.0,m2,"$460,000"
property-house-vic-reservoir-142481432,Reservoir,3073,14 Wilson Boulevard,-37.706176,144.994793,6.0,2.0,house,4.0,2023-10-27,,,"$1,380,000"
property-house-vic-reservoir-143210320,Reservoir,3073,211 Purinuan Road,-37.70707706,145.0104461,3.0,1.0,house,3.0,2023-10-27,388.0,m2,"$850,000"
property-townhouse-vic-reservoir-142304848,Reservoir,3073,6/95 Arundel Avenue,-37.69613889,145.0125356,2.0,2.0,townhouse,1.0,2023-10-27,,,"$550,000"
property-unit-vic-reservoir-143241304,Reservoir,3073,4/60 Purinuan Road,-37.70874256,145.0266674,1.0,1.0,unit,1.0,2023-10-27,,,"$400,000"
property-house-vic-reservoir-143242928,Reservoir,3073,28 Lloyd Avenue,-37.698166,145.017828,3.0,2.0,house,4.0,2023-10-26,548.0,m2,"$715,000"
property-house-vic-reservoir-142632588,Reservoir,3073,10 Kelverne Street,-37.714463,144.982419,3.0,2.0,house,1.0,2023-10-25,,,"$740,000"
property-townhouse-vic-reservoir-142209492,Reservoir,3073,3/64 Darebin Blvd,-37.70424498,145.0276137,4.0,3.0,townhouse,2.0,2023-10-24,,,"$820,000"
property-unit-vic-reservoir-143011060,Reservoir,3073,2/2 Ashley Street,-37.71915141,145.0020675,1.0,1.0,unit,1.0,2023-10-23,,,"$362,000"
property-house-vic-reservoir-143167216,Reservoir,3073,103A North Road,-37.723005,145.016315,4.0,3.0,house,1.0,2023-10-21,,,"$1,400,000"
property-house-vic-reservoir-143194836,Reservoir,3073,14 King William Street,-37.726639,145.012723,3.0,1.0,house,2.0,2023-10-21,,,"$1,350,000"
property-house-vic-reservoir-143118860,Reservoir,3073,8 Halsey Street,-37.702305,144.987661,3.0,1.0,house,4.0,2023-10-21,768.0,m2,"$960,000"
property-house-vic-reservoir-143186428,Reservoir,3073,11 Banff Street,-37.70473,145.023393,4.0,1.0,house,1.0,2023-10-21,661.0,m2,"$922,000"
property-house-vic-reservoir-143141256,Reservoir,3073,16 Godley Street,-37.705488,144.988788,3.0,1.0,house,2.0,2023-10-21,797.0,m2,"$916,000"
property-house-vic-reservoir-143145672,Reservoir,3073,11 Grimwade Street,-37.703423,145.0052,3.0,1.0,house,3.0,2023-10-21,891.0,m2,"$899,000"
property-house-vic-reservoir-143173672,Reservoir,3073,32 Barwon Avenue,-37.722515,145.023601,2.0,1.0,house,2.0,2023-10-21,,,"$860,000"
property-townhouse-vic-reservoir-143187552,Reservoir,3073,2/24 Lucille Avenue,-37.70003282,145.0230681,2.0,1.0,townhouse,1.0,2023-10-21,,,"$598,000"
property-unit-vic-reservoir-143190360,Reservoir,3073,2/10 Barry Street,-37.70966459,145.007449,2.0,1.0,unit,1.0,2023-10-21,,,"$592,500"
property-unit-vic-reservoir-143119052,Reservoir,3073,30A Invermay Street,-37.70241215,145.0289435,2.0,1.0,unit,2.0,2023-10-21,,,"$545,000"
property-unit-vic-reservoir-143187832,Reservoir,3073,1/29-31 Kenilworth Street,-37.71408717,145.0044175,1.0,1.0,unit,1.0,2023-10-21,,,"$355,000"
property-townhouse-vic-reservoir-143258124,Reservoir,3073,9/86 Tyler Street,-37.73235795,145.0299542,3.0,2.0,townhouse,2.0,2023-10-20,,,"$725,000"
property-unit-vic-reservoir-142762208,Reservoir,3073,51 Dumbarton Street,-37.70220663,145.0289649,2.0,1.0,unit,2.0,2023-10-20,,,"$602,000"
property-townhouse-vic-reservoir-143057916,Reservoir,3073,1E Corben Street,-37.72760768,144.9870879,2.0,1.0,townhouse,1.0,2023-10-19,144.0,m2,"$735,000"
property-house-vic-reservoir-142856676,Reservoir,3073,32 Halsey Street,-37.701788,144.985372,3.0,2.0,house,3.0,2023-10-18,,,"$1,070,000"
property-house-vic-reservoir-142454144,Reservoir,3073,13 McComas Street,-37.729071,145.024425,3.0,1.0,house,1.0,2023-10-18,746.0,m2,"$950,000"
property-apartment-vic-reservoir-136346042,Reservoir,3073,203/20 Bedford Street,-37.71769836,145.0077986,1.0,1.0,apartment,,2023-10-17,,,"$325,000"
property-house-vic-reservoir-143148120,Reservoir,3073,78 Mcfadzean Avenue,-37.700892,144.996773,4.0,2.0,house,8.0,2023-10-16,840.0,m2,"$1,181,000"
property-house-vic-reservoir-143040244,Reservoir,3073,54 Dundee Street,-37.702564,145.023745,4.0,2.0,house,7.0,2023-10-14,835.0,m2,"$1,195,000"
property-house-vic-reservoir-143115480,Reservoir,3073,65 Cheddar Road,-37.708429,145.012892,2.0,1.0,house,3.0,2023-10-14,849.0,m2,"$860,000"
property-townhouse-vic-reservoir-143118008,Reservoir,3073,1/2 Borrie Street,-37.70868651,145.0203002,3.0,2.0,townhouse,2.0,2023-10-14,,,"$846,000"
property-townhouse-vic-reservoir-143105976,Reservoir,3073,2/9 Loddon Avenue,-37.72337157,145.0265568,3.0,2.0,townhouse,1.0,2023-10-14,,,"$740,500"
property-house-vic-reservoir-143107236,Reservoir,3073,4/44 Dundee Street,-37.70268229,145.0227413,2.0,2.0,house,1.0,2023-10-14,185.0,m2,"$650,500"
property-unit-vic-reservoir-143117864,Reservoir,3073,4/206 Spring Street,-37.72107458,145.003588,3.0,1.0,unit,1.0,2023-10-14,,,"$590,000"
property-apartment-vic-reservoir-143122376,Reservoir,3073,7/10-12 Ralph Street,-37.71502027,145.0060296,2.0,1.0,apartment,1.0,2023-10-14,,,"$533,000"
property-residential land-vic-reservoir-203717856,Reservoir,3073,37 Storey Road,-37.723677,145.012326,,,residential land,,2023-10-13,,,"$1,700,000"
property-townhouse-vic-reservoir-142901872,Reservoir,3073,5/2 Trudgeon Avenue,-37.73033543,145.0042644,2.0,1.0,townhouse,1.0,2023-10-13,,,"$599,500"
property-house-vic-reservoir-143199076,Reservoir,3073,48 Kingsley Road,-37.720716,144.988172,3.0,1.0,house,2.0,2023-10-12,,,"$1,130,000"
property-townhouse-vic-reservoir-143125192,Reservoir,3073,1/16 Best Street,-37.713707,144.997267,2.0,2.0,townhouse,1.0,2023-10-12,,,"$755,000"
property-townhouse-vic-reservoir-142922856,Reservoir,3073,1/5 Cuthbert Road,-37.71736436,145.0198206,2.0,2.0,townhouse,1.0,2023-10-12,,,"$595,000"
property-unit-vic-reservoir-142962872,Reservoir,3073,1/14 Allenby Avenue,-37.7042313,145.0081127,3.0,2.0,unit,2.0,2023-10-11,,,"$740,000"
property-unit-vic-reservoir-143142636,Reservoir,3073,1/29 Whitelaw Street,-37.71453885,145.0149765,2.0,1.0,unit,1.0,2023-10-11,,,"$714,000"
property-house-vic-reservoir-143141668,Reservoir,3073,62 Lane Crescent,-37.71326,145.020965,3.0,1.0,house,2.0,2023-10-10,590.0,m2,"$1,082,500"
property-house-vic-reservoir-143032780,Reservoir,3073,118 Crookston Road,-37.708798,145.010206,4.0,2.0,house,2.0,2023-10-10,585.0,m2,"$965,000"
property-house-vic-reservoir-142404920,Reservoir,3073,97 St Vigeons Road,-37.706237,145.020778,2.0,1.0,house,2.0,2023-10-09,451.0,m2,"$707,000"
property-townhouse-vic-reservoir-142933300,Reservoir,3073,2/42 Eisenhower Street,-37.728776,145.027358,2.0,1.0,townhouse,1.0,2023-10-09,,,"$595,000"
property-unit-vic-reservoir-139257147,Reservoir,3073,3/3 Dundee Street,-37.70429853,145.0191008,2.0,1.0,unit,1.0,2023-10-09,,,"$460,000"
property-house-vic-reservoir-143073712,Reservoir,3073,14 Powell Street,-37.72660485,145.004376,3.0,1.0,house,1.0,2023-10-07,,,"$1,065,000"
property-townhouse-vic-reservoir-143069740,Reservoir,3073,36 Henty Street,-37.718504,144.995855,3.0,2.0,townhouse,2.0,2023-10-07,,,"$957,000"
property-house-vic-reservoir-143071232,Reservoir,3073,38 Botha Avenue,-37.703639,145.000907,4.0,1.0,house,4.0,2023-10-07,897.0,m2,"$911,000"
property-townhouse-vic-reservoir-143079172,Reservoir,3073,1/7 Dumbarton Street,-37.701563,145.023704,3.0,2.0,townhouse,2.0,2023-10-07,,,"$905,000"
property-house-vic-reservoir-143083124,Reservoir,3073,1A Elsey Road,-37.705484,145.014627,3.0,1.0,house,2.0,2023-10-07,,,"$808,000"
property-house-vic-reservoir-143083016,Reservoir,3073,2 New Street,-37.710119,145.023363,3.0,1.0,house,2.0,2023-10-07,,,"$775,000"
property-apartment-vic-reservoir-142970992,Reservoir,3073,8 Elinda Place,-37.697294,145.02308,1.0,1.0,apartment,1.0,2023-10-07,,,"$365,000"
property-unit-vic-reservoir-142966940,Reservoir,3073,1/35 Kelsby Street,-37.71298304,144.9983509,2.0,1.0,unit,2.0,2023-10-06,150.0,m2,"$670,000"
property-unit-vic-reservoir-143071384,Reservoir,3073,4/43 St Vigeons Road,-37.70695864,145.0265583,1.0,1.0,unit,1.0,2023-10-05,,,"$430,000"
property-house-vic-reservoir-143018324,Reservoir,3073,3 East Street,-37.722963,145.011154,3.0,2.0,house,4.0,2023-10-04,763.0,m2,"$1,285,000"
property-unit-vic-reservoir-143032800,Reservoir,3073,1/26 Kelsby Street,-37.71346456,144.9986651,2.0,1.0,unit,2.0,2023-10-04,,,"$652,000"
property-villa-vic-reservoir-143161244,Reservoir,3073,4/11 Epstein Street,-37.71015166,144.9928472,1.0,1.0,villa,1.0,2023-10-02,,,"$440,000"
property-unit-vic-reservoir-142888408,Reservoir,3073,1/63 Pickett Street,-37.7039083,145.0107403,2.0,1.0,unit,1.0,2023-10-02,,,"$403,000"
property-unit-vic-reservoir-143101164,Reservoir,3073,8/71 Pine Street,-37.71776731,144.9980239,2.0,1.0,unit,1.0,2023-10-02,86.0,m2,"$400,000"
property-house-vic-reservoir-142716132,Reservoir,3073,40 Leamington Street,-37.712587,145.004557,3.0,2.0,house,6.0,2023-09-28,1306.0,m2,"$1,520,000"
property-townhouse-vic-reservoir-141682628,Reservoir,3073,2C Best Street,-37.71506747,144.9970402,2.0,2.0,townhouse,1.0,2023-09-28,,,"$643,000"
property-unit-vic-reservoir-142991944,Reservoir,3073,3/13 Suffolk Street,-37.70792702,145.0109499,2.0,1.0,unit,1.0,2023-09-28,,,"$553,000"
property-house-vic-reservoir-143000780,Reservoir,3073,19 Greig Street,-37.701533,144.987273,3.0,1.0,house,4.0,2023-09-27,760.0,m2,"$1,005,000"
property-townhouse-vic-reservoir-143096068,Reservoir,3073,17A Beatty Street,-37.7266134,144.9941202,2.0,1.0,townhouse,2.0,2023-09-27,,,"$740,000"
property-townhouse-vic-reservoir-142959940,Reservoir,3073,2/4 Mattea Court,-37.732712,145.035187,3.0,3.0,townhouse,2.0,2023-09-27,,,"$690,200"
property-house-vic-reservoir-142966708,Reservoir,3073,1/37 Thackeray Road,-37.7217068,145.0127469,3.0,2.0,house,2.0,2023-09-23,,,"$990,000"
property-house-vic-reservoir-142983496,Reservoir,3073,54 Steane Street,-37.730042,145.021574,4.0,2.0,house,2.0,2023-09-23,532.0,m2,"$980,000"
property-house-vic-reservoir-142976172,Reservoir,3073,27 Tovey Street,-37.700896,144.998598,3.0,2.0,house,,2023-09-23,474.0,m2,"$810,000"
property-townhouse-vic-reservoir-142962912,Reservoir,3073,1/18 Miranda Road,-37.7075501,145.0253072,3.0,2.0,townhouse,2.0,2023-09-23,252.0,m2,"$710,000"
property-townhouse-vic-reservoir-142960464,Reservoir,3073,2/39 Royal Parade,-37.71465586,145.0103004,2.0,1.0,townhouse,1.0,2023-09-23,,,"$685,000"
property-townhouse-vic-reservoir-142964800,Reservoir,3073,5/59 Pickett Street,-37.70395992,145.0111515,2.0,1.0,townhouse,1.0,2023-09-23,,,"$605,000"
property-unit-vic-reservoir-142954476,Reservoir,3073,4/101 Purinuan Road,-37.70866075,145.0234149,2.0,1.0,unit,1.0,2023-09-23,,,"$555,000"
property-unit-vic-reservoir-142952164,Reservoir,3073,1/963 High Street,-37.70915031,145.0086498,2.0,1.0,unit,2.0,2023-09-23,,,"$420,000"
property-house-vic-reservoir-142971796,Reservoir,3073,15 Thackeray Road,-37.721762,145.014227,3.0,1.0,house,4.0,2023-09-20,696.0,m2,"$1,200,000"
property-unit-vic-reservoir-142727412,Reservoir,3073,2/15 Cuthbert Road,-37.71726328,145.0189869,2.0,1.0,unit,1.0,2023-09-20,,,"$520,000"
property-unit-vic-reservoir-142514344,Reservoir,3073,3/24 Ashley Street,-37.71755105,145.0023369,2.0,1.0,unit,1.0,2023-09-20,,,"$518,000"
property-unit-vic-reservoir-142431128,Reservoir,3073,31A Arundel Avenue,-37.69705686,145.0180923,2.0,1.0,unit,1.0,2023-09-19,,,"$560,500"
property-house-vic-reservoir-142898772,Reservoir,3073,30 York Street,-37.727565,144.988667,3.0,1.0,house,2.0,2023-09-16,609.0,m2,"$1,130,000"
property-unit-vic-reservoir-142896676,Reservoir,3073,9/178 Rathcown Road,-37.708316,145.014506,1.0,1.0,unit,1.0,2023-09-16,,,"$465,000"
property-unit-vic-reservoir-142756804,Reservoir,3073,1/34 North Road,-37.72202016,145.0225633,2.0,1.0,unit,1.0,2023-09-14,160.0,m2,"$648,000"
property-unit-vic-reservoir-142896656,Reservoir,3073,5/34 North Road,-37.72202016,145.0225633,2.0,1.0,unit,1.0,2023-09-13,,,"$587,500"
property-house-vic-reservoir-142898940,Reservoir,3073,76 Lockton Avenue,-37.697335,144.981081,3.0,2.0,house,3.0,2023-09-12,689.0,m2,"$1,075,000"
property-unit-vic-reservoir-142480660,Reservoir,3073,Unit 2/23-25 Grimwade St,-37.70258908,145.0043949,3.0,1.0,unit,1.0,2023-09-11,,,"$681,000"
property-house-vic-reservoir-142495604,Reservoir,3073,22 Dyson Street,-37.71331125,144.9871041,3.0,2.0,house,2.0,2023-09-10,290.0,m2,"$720,000"
property-house-vic-reservoir-142843096,Reservoir,3073,6 Kinsale Street,-37.723313,144.995136,3.0,1.0,house,2.0,2023-09-09,579.0,m2,"$1,209,000"
property-house-vic-reservoir-142844332,Reservoir,3073,13 Pedersen Avenue,-37.699085,145.031766,3.0,1.0,house,4.0,2023-09-09,,,"$750,000"
property-unit-vic-reservoir-142862332,Reservoir,3073,3/26 Tracey Street,-37.70304119,144.9960527,3.0,1.0,unit,2.0,2023-09-09,,,"$705,000"
property-townhouse-vic-reservoir-142799968,Reservoir,3073,2/80 Northernhay Street,-37.72411693,145.0071889,3.0,2.0,townhouse,1.0,2023-09-08,160.0,m2,"$860,000"
property-house-vic-reservoir-141716932,Reservoir,3073,62 Kirby Street,-37.730162,145.029298,3.0,1.0,house,4.0,2023-09-08,566.0,m2,"$760,000"
property-unit-vic-reservoir-142671068,Reservoir,3073,2/29 Pickett Street,-37.70434418,145.0148656,2.0,1.0,unit,1.0,2023-09-08,,,"$519,000"
property-unit-vic-reservoir-142704996,Reservoir,3073,4/34 Barton Street,-37.71140824,145.0033091,2.0,1.0,unit,1.0,2023-09-08,,,"$485,000"
property-house-vic-reservoir-141819404,Reservoir,3073,9 Lloyd Avenue,-37.69856888,145.0188048,3.0,1.0,house,1.0,2023-09-07,,,"$603,000"
property-unit-vic-reservoir-142595668,Reservoir,3073,2/13 Dumbarton Street,-37.70164805,145.0243639,2.0,1.0,unit,1.0,2023-09-07,,,"$490,000"
property-house-vic-reservoir-142786956,Reservoir,3073,38 Carrington Road,-37.721603,144.988919,3.0,1.0,house,4.0,2023-09-06,573.0,m2,"$932,000"
property-house-vic-reservoir-142786944,Reservoir,3073,8 Army Avenue,-37.722759,144.991702,3.0,1.0,house,2.0,2023-09-05,,,"$930,000"
property-townhouse-vic-reservoir-142678272,Reservoir,3073,3/30 Crispe Street,-37.726813,144.994758,2.0,1.0,townhouse,1.0,2023-09-05,,,"$745,000"
property-unit-vic-reservoir-142770476,Reservoir,3073,5/10-12 George Street,-37.71833997,145.0002745,2.0,1.0,unit,1.0,2023-09-04,,,"$537,000"
property-house-vic-reservoir-142770640,Reservoir,3073,32 Locher Avenue,-37.699282,145.023639,4.0,2.0,house,4.0,2023-09-02,576.0,m2,"$895,000"
property-house-vic-reservoir-142769080,Reservoir,3073,22 Moira Avenue,-37.695087,144.980291,3.0,1.0,house,2.0,2023-09-02,558.0,m2,"$872,000"
property-townhouse-vic-reservoir-142794484,Reservoir,3073,3/21 Daventry Street,-37.71386435,145.0012028,3.0,2.0,townhouse,2.0,2023-09-02,,,"$840,000"
property-townhouse-vic-reservoir-142785796,Reservoir,3073,1/25 O'Connor Street,-37.71067292,145.0024902,2.0,1.0,townhouse,1.0,2023-09-02,202.0,m2,"$785,000"
property-townhouse-vic-reservoir-142783748,Reservoir,3073,3/34 Crevelli Street,-37.729933,145.030109,2.0,2.0,townhouse,1.0,2023-09-01,,,"$625,000"
property-townhouse-vic-reservoir-142669432,Reservoir,3073,3/1 Odowd Street,-37.719239,145.01586,2.0,1.0,townhouse,1.0,2023-09-01,,,"$567,500"
property-unit-vic-reservoir-142901564,Reservoir,3073,1/5 Haig Street,-37.727866,144.995391,2.0,1.0,unit,1.0,2023-08-31,,,"$650,000"
property-townhouse-vic-reservoir-142816152,Reservoir,3073,2A Louis Street,-37.709912,145.002519,3.0,2.0,townhouse,2.0,2023-08-30,169.0,m2,"$880,000"
property-townhouse-vic-reservoir-142514276,Reservoir,3073,2B Louis Street,-37.709912,145.002519,2.0,1.0,townhouse,1.0,2023-08-30,169.0,m2,"$780,000"
property-unit-vic-reservoir-142626404,Reservoir,3073,156/2 Gremel Road,-37.72423704,145.0303681,3.0,1.0,unit,1.0,2023-08-30,,,"$155,000"
property-townhouse-vic-reservoir-142542088,Reservoir,3073,2/43 Orrong Avenue,-37.71215409,145.0132788,3.0,2.0,townhouse,2.0,2023-08-29,,,"$745,000"
property-residential land-vic-reservoir-203679936,Reservoir,3073,20 Henty Street,-37.718694,144.997484,,,residential land,,2023-08-28,608.0,m2,"$1,020,000"
property-townhouse-vic-reservoir-142786912,Reservoir,3073,9/853 High Street,-37.72623403,145.0058793,1.0,1.0,townhouse,1.0,2023-08-28,,,"$340,000"
property-house-vic-reservoir-142725040,Reservoir,3073,7 Queen Street,-37.72789568,145.0134418,3.0,1.0,house,2.0,2023-08-26,576.0,m2,"$1,170,000"
property-house-vic-reservoir-142661580,Reservoir,3073,82 Tunaley Parade,-37.697332,145.029884,3.0,1.0,house,2.0,2023-08-26,596.0,m2,"$805,000"
property-townhouse-vic-reservoir-142688236,Reservoir,3073,2/21 Barton Street,-37.71197388,145.00593,3.0,2.0,townhouse,2.0,2023-08-26,,,"$790,000"
property-house-vic-reservoir-142867720,Reservoir,3073,1A Lindsay Street,-37.719098,145.013448,3.0,1.0,house,2.0,2023-08-26,,,"$780,000"
property-residential land-vic-reservoir-203681760,Reservoir,3073,7 Mahoneys Road,-37.694935,145.00951,,,residential land,,2023-08-26,890.0,m2,"$774,000"
property-house-vic-reservoir-142741764,Reservoir,3073,9 Bogong Court,-37.708684,144.991254,4.0,1.0,house,2.0,2023-08-26,670.0,m2,"$755,000"
property-house-vic-reservoir-141460280,Reservoir,3073,1/7 Wimmera Avenue,-37.72436,145.020261,2.0,1.0,house,1.0,2023-08-26,235.0,m2,"$690,000"
property-unit-vic-reservoir-142720248,Reservoir,3073,1/18G Purinuan Road,-37.70938654,145.0319626,2.0,1.0,unit,1.0,2023-08-26,233.0,m2,"$655,000"
property-unit-vic-reservoir-142739556,Reservoir,3073,54C Barton Street,-37.71075199,145.000615,2.0,1.0,unit,1.0,2023-08-26,152.0,m2,"$605,000"
property-townhouse-vic-reservoir-142725232,Reservoir,3073,4/37 Purinuan Road,-37.70956648,145.0308592,2.0,2.0,townhouse,1.0,2023-08-26,,,"$580,500"
property-unit-vic-reservoir-142736408,Reservoir,3073,7/24 Ashley Street,-37.71755105,145.0023369,2.0,1.0,unit,1.0,2023-08-26,157.0,m2,"$560,000"
property-townhouse-vic-reservoir-142725248,Reservoir,3073,5/36 Pickett Street,-37.70376208,145.0135052,2.0,1.0,townhouse,2.0,2023-08-26,116.0,m2,"$560,000"
property-unit-vic-reservoir-142734340,Reservoir,3073,4/220 Spring Street,-37.7203976,145.0043085,1.0,1.0,unit,1.0,2023-08-26,,,"$415,100"
property-villa-vic-reservoir-142807300,Reservoir,3073,2/41A Broadhurst Avenue,-37.708481,145.002671,2.0,1.0,villa,1.0,2023-08-25,,,"$615,000"
property-house-vic-reservoir-142705516,Reservoir,3073,72 Powell Street,-37.725924,144.99716,2.0,1.0,house,1.0,2023-08-24,306.0,m2,"$765,000"
property-house-vic-reservoir-142671080,Reservoir,3073,12 Clingin Street,-37.728873,145.035221,5.0,2.0,house,2.0,2023-08-21,627.0,m2,"$740,000"
property-townhouse-vic-reservoir-142566548,Reservoir,3073,713 Gilbert Road,-37.72243154,144.9925259,2.0,2.0,townhouse,1.0,2023-08-21,,,"$720,000"
property-house-vic-reservoir-142686724,Reservoir,3073,106A Leamington Street,-37.71200776,144.9989604,3.0,2.0,house,2.0,2023-08-19,,,"$1,178,800"
property-house-vic-reservoir-142678152,Reservoir,3073,2 Bedwell Street,-37.694728,144.991461,4.0,1.0,house,4.0,2023-08-19,,,"$960,000"
property-house-vic-reservoir-142679964,Reservoir,3073,8 Carole Joy Avenue,-37.721349,145.001116,3.0,2.0,house,2.0,2023-08-19,,,"$830,000"
property-house-vic-reservoir-142671108,Reservoir,3073,28 Black Street,-37.70938035,145.0204276,3.0,2.0,house,1.0,2023-08-19,,,"$750,000"
property-unit-vic-reservoir-142696928,Reservoir,3073,4/121 Cheddar Road,-37.7028757,145.0172002,2.0,1.0,unit,1.0,2023-08-19,131.0,m2,"$465,000"
property-house-vic-reservoir-142679968,Reservoir,3073,8 Dorrington Avenue,-37.726908,145.026003,3.0,1.0,house,2.0,2023-08-18,580.0,m2,"$780,000"
property-house-vic-reservoir-142633396,Reservoir,3073,46 Crevelli Street,-37.72888,145.030239,3.0,1.0,house,3.0,2023-08-18,,,"$740,000"
property-townhouse-vic-reservoir-142039916,Reservoir,3073,3/36 Pickett Street,-37.70376208,145.0135052,2.0,1.0,townhouse,1.0,2023-08-18,,,"$551,500"
property-house-vic-reservoir-142681792,Reservoir,3073,55 Hickford Street,-37.70567,145.024593,3.0,2.0,house,4.0,2023-08-17,541.0,m2,"$905,000"
property-townhouse-vic-reservoir-142717968,Reservoir,3073,53C Miranda Road,-37.70731029,145.020984,3.0,2.0,townhouse,1.0,2023-08-17,360.0,m2,"$875,000"
property-house-vic-reservoir-142628280,Reservoir,3073,9 Mccasker Avenue,-37.704155,145.00425,4.0,2.0,house,5.0,2023-08-15,,,"$1,020,000"
