URL,Suburb ,Postcode,Address,Latitude,Longitude,Bedroom,Bathroom ,Type ,Car Park space,Last sold date,Land size,Land size unit,Y = Sold price
property-house-vic-thornbury-150781136,Thornbury,3071,244A Rossmoyne Street,-37.75897658,145.0163138,3,2,house,4,2026-05-04,,,"$1,575,000"
property-house-vic-thornbury-150809292,Thornbury,3071,184 Harold Street,-37.75525863,144.9868328,3,2,house,2,2026-05-02,,,"$1,730,000"
property-townhouse-vic-thornbury-150258752,Thornbury,3071,3/236 Collins Street,-37.7569744,145.023932,2,2,townhouse,1,2026-04-29,,,"$820,500"
property-townhouse-vic-thornbury-150665160,Thornbury,3071,185 Mansfield Street,-37.75762961,145.0141192,1,1,townhouse,1,2026-04-25,121,m2,"$710,000"
property-townhouse-vic-thornbury-150060976,Thornbury,3071,80 Pender Street,-37.75481038,145.0126065,3,2,townhouse,2,2026-04-22,,,"$1,295,000"
property-house-vic-thornbury-150756580,Thornbury,3071,134 Dundas Street,-37.754019,145.015464,3,1,house,4,2026-04-16,,,"$1,350,000"
property-townhouse-vic-thornbury-150435320,Thornbury,3071,3/25 Wilmoth Street,-37.76426527,145.0156464,3,3,townhouse,2,2026-04-16,,,"$1,080,000"
property-house-vic-thornbury-150815032,Thornbury,3071,330 Raleigh Street,-37.76147,145.024982,3,1,house,1,2026-04-14,497,m2,"$1,155,000"
property-apartment-vic-thornbury-150832084,Thornbury,3071,5/82 Gooch Street,-37.758734,145.006424,2,1,apartment,1,2026-04-14,,,"$615,000"
property-house-vic-thornbury-150632248,Thornbury,3071,139 Rossmoyne Street,-37.757946,145.009479,3,1,house,2,2026-04-11,481,m2,"$1,685,000"
property-house-vic-thornbury-150553604,Thornbury,3071,49 Fenwick Street,-37.762051,145.004953,3,1,house,2,2026-04-11,347,m2,"$1,380,000"
property-apartment-vic-thornbury-150699448,Thornbury,3071,2/70 Collins Street,-37.755343,145.007502,1,1,apartment,1,2026-04-08,,,"$505,000"
property-house-vic-thornbury-150253900,Thornbury,3071,179 Hutton Street,-37.754605,144.986255,4,2,house,3,2026-04-02,,,"$1,750,000"
property-villa-vic-thornbury-150646404,Thornbury,3071,4/13 Strettle Street,-37.75426824,144.9832334,2,1,villa,1,2026-04-02,,,"$890,000"
property-unit-vic-thornbury-150639440,Thornbury,3071,30/8-10 Martin Street,-37.76112303,145.0011574,2,1,unit,,2026-04-02,,,"$665,000"
property-apartment-vic-thornbury-150191216,Thornbury,3071,16/30-34 Strettle Street,-37.75259628,144.9831201,2,1,apartment,2,2026-04-02,,,"$550,000"
property-townhouse-vic-thornbury-150550728,Thornbury,3071,4/4 Strettle Street,-37.7548845,144.9824562,3,2,townhouse,2,2026-04-01,,,"$1,300,000"
property-apartment-vic-thornbury-150584012,Thornbury,3071,3/114 Smith Street,-37.756602,144.99132,2,1,apartment,1,2026-04-01,,,"$641,000"
property-apartment-vic-thornbury-150514676,Thornbury,3071,1/57 Pender Street,-37.753929,145.007476,1,1,apartment,1,2026-03-29,,,"$545,000"
property-house-vic-thornbury-150572356,Thornbury,3071,105 Harold Street,-37.75594934,144.9907499,2,1,house,,2026-03-28,,,"$1,495,000"
property-house-vic-thornbury-150476144,Thornbury,3071,78 Wales Street,-37.760188,145.009654,3,1,house,1,2026-03-28,,,"$1,054,000"
property-townhouse-vic-thornbury-150440836,Thornbury,3071,3/21-23 Collins Street,-37.75456196,145.0030943,3,2,townhouse,1,2026-03-28,,,"$965,000"
property-unit-vic-thornbury-150498452,Thornbury,3071,1/115 Flinders Street,-37.75661121,145.0121866,2,1,unit,2,2026-03-28,,,"$912,500"
property-unit-vic-thornbury-150473728,Thornbury,3071,2/111 Mansfield Street,-37.75708131,145.0089301,2,1,unit,1,2026-03-28,,,"$840,000"
property-house-vic-thornbury-150489104,Thornbury,3071,210 Harold Street,-37.75504765,144.9851974,3,2,house,1,2026-03-27,360,m2,"$1,650,000"
property-house-vic-thornbury-150452372,Thornbury,3071,183 Clarendon Street,-37.760841,145.01384,3,1,house,6,2026-03-26,620,m2,"$1,650,000"
property-apartment-vic-thornbury-150211548,Thornbury,3071,201/690 High Street,-37.7583438,145.0008682,2,1,apartment,1,2026-03-24,,,"$612,750"
property-townhouse-vic-thornbury-150425120,Thornbury,3071,342 Gooch Street,-37.76094879,145.0273389,3,2,townhouse,2,2026-03-23,,,"$950,000"
property-apartment-vic-thornbury-150481020,Thornbury,3071,8/119 Keon Street,-37.75178289,144.9851495,2,1,apartment,1,2026-03-23,,,"$549,500"
property-townhouse-vic-thornbury-150417228,Thornbury,3071,5/80 Clyde Street,-37.76208256,145.0151179,3,2,townhouse,2,2026-03-21,,,"$1,558,000"
property-townhouse-vic-thornbury-150186648,Thornbury,3071,85D Clyde Street,-37.76140103,145.0118015,4,2,townhouse,2,2026-03-20,,,"$1,205,000"
property-apartment-vic-thornbury-150276820,Thornbury,3071,9/86 Collins Street,-37.75555,145.009509,1,1,apartment,1,2026-03-20,,,"$420,000"
property-apartment-vic-thornbury-150437172,Thornbury,3071,4/5 Kemp Street,-37.76232281,144.9958249,1,1,apartment,1,2026-03-19,,,"$405,000"
property-house-vic-thornbury-150342448,Thornbury,3071,214 Harold Street,-37.755024,144.984984,2,1,house,1,2026-03-14,360,m2,"$1,145,000"
property-apartment-vic-thornbury-150201412,Thornbury,3071,13/62 Dundas Street,-37.75316746,145.0078383,2,1,apartment,1,2026-03-13,,,"$482,000"
property-house-vic-thornbury-150339048,Thornbury,3071,245 Darebin Road,-37.76501,145.017373,3,1,house,3,2026-03-11,547,m2,"$1,300,000"
property-house-vic-thornbury-150191608,Thornbury,3071,305 Raleigh Street,-37.760995,145.022997,4,2,house,3,2026-03-03,470,m2,"$2,075,000"
property-house-vic-thornbury-150191412,Thornbury,3071,34 Rossmoyne Street,-37.757569,145.003167,3,1,house,,2026-02-28,,,"$1,451,000"
property-townhouse-vic-thornbury-150216264,Thornbury,3071,265B Mansfield Street,-37.75834943,145.0209116,2,1,townhouse,1,2026-02-28,,,"$990,000"
property-apartment-vic-thornbury-150200904,Thornbury,3071,41/337 Station Street,-37.763439,145.020961,2,1,apartment,1,2026-02-27,,,"$715,000"
property-house-vic-thornbury-150201260,Thornbury,3071,87A Mansfield Street,-37.75690714,145.007158,2,1,house,,2026-02-26,,,"$1,290,000"
property-villa-vic-thornbury-150206408,Thornbury,3071,1/383 Station Street,-37.759637,145.02158,2,1,villa,1,2026-02-26,,,"$651,900"
property-house-vic-thornbury-150191428,Thornbury,3071,175 Mansfield Street,-37.757549,145.013145,4,2,house,,2026-02-24,377,m2,"$1,850,000"
property-apartment-vic-thornbury-150182232,Thornbury,3071,6/37 Collins Street,-37.75488997,145.0039448,2,1,apartment,1,2026-02-19,,,"$725,000"
property-house-vic-thornbury-150115124,Thornbury,3071,117 Hutton Street,-37.755042,144.990783,2,1,house,1,2026-02-18,,,"$1,350,000"
property-apartment-vic-thornbury-150060608,Thornbury,3071,4/167 Darebin Road,-37.7645525,145.013145,2,1,apartment,1,2026-02-16,,,"$602,000"
property-house-vic-thornbury-150154956,Thornbury,3071,69 Rennie Street,-37.7530007,144.9881536,4,2,house,2,2026-02-14,,,"$1,800,000"
property-house-vic-thornbury-150060952,Thornbury,3071,16 Collins Street,-37.755075,145.002746,3,1,house,2,2026-02-14,358,m2,"$1,790,000"
property-house-vic-thornbury-150125068,Thornbury,3071,2/69 Darebin Road,-37.763638,145.0047638,3,2,house,2,2026-02-14,,,"$1,415,000"
property-townhouse-vic-thornbury-149345808,Thornbury,3071,3/53 Harold Street,-37.75651674,144.9959084,2,1,townhouse,1,2026-02-14,,,"$822,000"
property-unit-vic-thornbury-150060280,Thornbury,3071,7/308-310 Rossmoyne Street,-37.759624,145.022454,2,1,unit,1,2026-02-14,,,"$682,000"
property-unit-vic-thornbury-150057184,Thornbury,3071,7/62 Dundas Street,-37.75316746,145.0078383,2,1,unit,1,2026-02-14,,,"$510,000"
property-unit-vic-thornbury-150062968,Thornbury,3071,3/360 St Georges Road,-37.758087,144.993879,2,1,unit,2,2026-02-11,,,"$603,250"
property-unit-vic-thornbury-150063900,Thornbury,3071,4/25 Martin Street,-37.76099284,145.002927,2,1,unit,1,2026-02-11,,,"$552,000"
property-unit-vic-thornbury-149470308,Thornbury,3071,8/56 Ballantyne Street,-37.75798637,144.9955853,1,1,unit,1,2026-02-11,,,"$379,000"
property-apartment-vic-thornbury-150116880,Thornbury,3071,8/14 Hutton Street,-37.75574431,144.9993492,1,1,apartment,1,2026-02-09,,,"$366,000"
property-house-vic-thornbury-150006016,Thornbury,3071,45 Rennie Street,-37.753245,144.990003,3,1,house,1,2026-02-07,432,m2,"$1,250,000"
property-unit-vic-thornbury-150017420,Thornbury,3071,3/2 Smith Street,-37.75759161,144.9999409,2,1,unit,1,2026-02-04,,,"$720,000"
property-house-vic-thornbury-148984644,Thornbury,3071,164 Dundas Street,-37.754306,145.018044,3,2,house,2,2026-02-03,865,m2,"$1,800,000"
property-townhouse-vic-thornbury-149699160,Thornbury,3071,16 Aviary Grove,-37.761426,145.0270781,3,2,townhouse,2,2026-02-02,,,"$915,000"
property-house-vic-thornbury-146963228,Thornbury,3071,118 Normanby Avenue,-37.758226,144.989346,3,1,house,3,2026-01-31,495,m2,"$1,265,000"
property-house-vic-thornbury-149687460,Thornbury,3071,41A Normanby Avenue,-37.75923783,144.9964448,2,1,house,1,2026-01-30,255,m2,"$1,250,000"
property-unitblock-vic-thornbury-149512828,Thornbury,3071,15 Comas Grove,-37.75609195,144.9846715,7,4,unitblock,2,2026-01-29,,,"$2,140,000"
property-house-vic-thornbury-150004420,Thornbury,3071,155B Gooch Street,-37.75886366,145.0105941,4,3,house,2,2026-01-27,317,m2,"$2,150,000"
property-townhouse-vic-thornbury-149921468,Thornbury,3071,2C Newcastle Street,-37.75623361,145.0106137,2,1,townhouse,2,2026-01-22,,,"$944,000"
property-unit-vic-thornbury-149402944,Thornbury,3071,2/62 Normanby Avenue,-37.75875828,144.9947665,2,1,unit,1,2026-01-16,,,"$850,000"
property-unit-vic-thornbury-149887056,Thornbury,3071,2/32-34 Clarendon Street,-37.75992615,145.0027351,2,1,unit,1,2026-01-16,,,"$691,000"
property-house-vic-thornbury-149539584,Thornbury,3071,154 Dundas Street,-37.75422,145.017207,2,1,house,4,2026-01-13,527,m2,"$1,285,000"
property-house-vic-thornbury-149475368,Thornbury,3071,69 Darebin Rd,-37.763638,145.0047638,3,1,house,1,2025-12-31,,,"$1,215,000"
property-townhouse-vic-thornbury-149696896,Thornbury,3071,11b Archbold Street,-37.75328758,145.0038176,2,1,townhouse,2,2025-12-28,,,"$970,000"
property-apartment-vic-thornbury-149839176,Thornbury,3071,8/80 Clyde Street,-37.76208256,145.0151179,1,1,apartment,1,2025-12-24,,,"$625,000"
property-unit-vic-thornbury-149590340,Thornbury,3071,1/33 Woolton Avenue,-37.76114569,144.9961719,1,1,unit,1,2025-12-24,,,"$398,000"
property-house-vic-thornbury-149596100,Thornbury,3071,15 Flinders Street,-37.755607,145.002766,3,1,house,1,2025-12-22,357,m2,"$1,300,000"
property-apartment-vic-thornbury-149732792,Thornbury,3071,3/102 Keon Street,-37.75169916,144.9872864,1,1,apartment,1,2025-12-20,,,"$457,500"
property-apartment-vic-thornbury-149728900,Thornbury,3071,5/1 Clyde Street,-37.76076975,145.0058852,2,1,apartment,1,2025-12-18,,,"$575,000"
property-house-vic-thornbury-149473972,Thornbury,3071,172 Raleigh Street,-37.76004289,145.0112178,4,2,house,2,2025-12-17,289,m2,"$1,535,000"
property-unit-vic-thornbury-149721492,Thornbury,3071,6/40 Woolton Avenue,-37.7608402,144.995701,1,1,unit,1,2025-12-12,,,"$375,000"
property-house-vic-thornbury-149609848,Thornbury,3071,48 Martin Street,-37.761358,145.003394,3,2,house,2,2025-12-11,450,m2,"$1,530,000"
property-apartment-vic-thornbury-149642528,Thornbury,3071,9/109 Flinders Street,-37.75653332,145.0113025,2,1,apartment,1,2025-12-11,986,m2,"$735,000"
property-apartment-vic-thornbury-149762612,Thornbury,3071,8/86 Mansfield Street,-37.75720745,145.0071628,2,1,apartment,1,2025-12-10,,,"$520,000"
property-apartment-vic-thornbury-149599424,Thornbury,3071,304/679-685 High Street,-37.7602423,145.0001127,1,1,apartment,1,2025-12-10,,,"$413,000"
property-house-vic-thornbury-149501220,Thornbury,3071,7 Ethel Street,-37.7539837,144.9991053,3,2,house,2,2025-12-09,,,"$1,110,000"
property-unit-vic-thornbury-149624472,Thornbury,3071,2/448 St Georges Road,-37.754007,144.9948719,2,1,unit,1,2025-12-06,,,"$888,000"
property-townhouse-vic-thornbury-149337664,Thornbury,3071,17A Ethel Street,-37.753245,144.99923,3,1,townhouse,2,2025-12-05,164,m2,"$1,200,000"
property-house-vic-thornbury-149742840,Thornbury,3071,47 Swift Street,-37.762871,145.017214,3,1,house,2,2025-12-03,492,m2,"$1,480,000"
property-apartment-vic-thornbury-149591096,Thornbury,3071,2/32 Dundas Street,-37.7527945,145.0046449,2,1,apartment,1,2025-12-03,,,"$731,000"
property-townhouse-vic-thornbury-149266164,Thornbury,3071,2/20 Strettle Street,-37.75383017,144.9825285,4,3,townhouse,2,2025-12-02,,,"$955,000"
property-house-vic-thornbury-149688324,Thornbury,3071,43 Gooch Street,-37.758146,145.003696,2,1,house,,2025-11-30,,,"$1,440,000"
property-house-vic-thornbury-149538328,Thornbury,3071,227 Mansfield Street,-37.75799,145.017401,3,1,house,3,2025-11-29,458,m2,"$1,440,000"
property-house-vic-thornbury-149546176,Thornbury,3071,100 Clarendon Street,-37.760435,145.00746,3,1,house,,2025-11-29,374,m2,"$1,320,000"
property-house-vic-thornbury-149556924,Thornbury,3071,12 Kelvin Grove,-37.762732,145.002585,3,1,house,1,2025-11-28,413,m2,"$1,410,000"
property-house-vic-thornbury-149561248,Thornbury,3071,1 Francis Grove,-37.76356021,145.0074445,4,2,house,1,2025-11-27,,,"$2,825,000"
property-house-vic-thornbury-149399292,Thornbury,3071,185 Clarendon Street,-37.760862,145.014044,3,1,house,2,2025-11-26,641,m2,"$1,647,500"
property-house-vic-thornbury-149544456,Thornbury,3071,109B Clyde Street,-37.76175954,145.015173,3,2,house,2,2025-11-26,,,"$1,600,000"
property-apartment-vic-thornbury-149560840,Thornbury,3071,8/15 Rennie Street,-37.75344038,144.9924746,1,1,apartment,1,2025-11-26,,,"$417,000"
property-house-vic-thornbury-149610124,Thornbury,3071,155a Clarendon Street,-37.760457,145.010309,2,1,house,,2025-11-25,,,"$1,350,000"
property-house-vic-thornbury-149697652,Thornbury,3071,306A Rathmines Street,-37.7627509,145.018338,4,2,house,2,2025-11-24,,,"$2,200,000"
property-house-vic-thornbury-149488520,Thornbury,3071,99 Woolton Avenue,-37.760417,144.989911,3,1,house,1,2025-11-22,426,m2,"$1,410,000"
property-house-vic-thornbury-149477672,Thornbury,3071,13 Gooch Street,-37.757943,145.001863,2,1,house,3,2025-11-22,353,m2,"$1,293,000"
property-townhouse-vic-thornbury-149461684,Thornbury,3071,15 Ibis Place,-37.76086812,145.0265812,3,2,townhouse,2,2025-11-22,130,m2,"$854,000"
property-house-vic-thornbury-149472508,Thornbury,3071,7 Miller Street,-37.75235409,145.0006808,4,2,house,2,2025-11-20,,,"$1,475,000"
property-house-vic-thornbury-149462216,Thornbury,3071,286 Victoria Road,-37.76184006,145.0129304,3,1,house,1,2025-11-20,332,m2,"$1,280,000"
property-villa-vic-thornbury-149556464,Thornbury,3071,3/47 Smith Street,-37.75744515,144.9962439,2,1,villa,1,2025-11-19,,,"$925,000"
property-house-vic-thornbury-149332980,Thornbury,3071,80 Fyffe Street,-37.753541,144.987839,3,2,house,1,2025-11-18,379,m2,"$1,750,000"
property-house-vic-thornbury-149256216,Thornbury,3071,155 Miller Street,-37.751128,144.987439,3,1,house,4,2025-11-17,,,"$1,460,000"
property-house-vic-thornbury-149423528,Thornbury,3071,36 Ballantyne Street,-37.75815,144.997056,4,1,house,2,2025-11-15,,,"$2,050,000"
property-house-vic-thornbury-149380232,Thornbury,3071,5 Walsh Avenue,-37.757875,145.023454,3,1,house,1,2025-11-15,,,"$1,225,000"
property-apartment-vic-thornbury-149399576,Thornbury,3071,3/29 Smith Street,-37.75756168,144.9971689,2,1,apartment,2,2025-11-15,,,"$860,000"
property-unit-vic-thornbury-149470024,Thornbury,3071,2/2 Dundas Street,-37.752559,145.002317,2,1,unit,1,2025-11-14,,,"$570,000"
property-house-vic-thornbury-149249880,Thornbury,3071,15 Hill Street,-37.754804,144.98314,4,2,house,1,2025-11-10,512,m2,"$1,837,500"
property-house-vic-thornbury-149339036,Thornbury,3071,59 Comas Grove,-37.751389,144.985309,3,1,house,1,2025-11-10,409,m2,"$1,750,000"
property-apartment-vic-thornbury-148792748,Thornbury,3071,8/40 Clarendon Street,-37.759973,145.003046,2,1,apartment,1,2025-11-10,,,"$492,500"
property-unit-vic-thornbury-148946136,Thornbury,3071,9/113 Darebin Road,-37.76419533,145.0096755,1,1,unit,1,2025-11-10,,,"$370,000"
property-apartment-vic-thornbury-149346736,Thornbury,3071,3/41 Ballantyne Street,-37.758439,144.997248,2,1,apartment,1,2025-11-09,,,"$742,000"
property-apartment-vic-thornbury-149391868,Thornbury,3071,10/25 Clapham Street,-37.75527914,144.9978433,1,1,apartment,1,2025-11-09,,,"$610,000"
property-townhouse-vic-thornbury-149344592,Thornbury,3071,2/129 Fyffe Street,-37.75325328,144.982205,3,2,townhouse,1,2025-11-08,,,"$1,345,000"
property-townhouse-vic-thornbury-149280252,Thornbury,3071,2/11 Clarendon Street,-37.75953475,145.0017316,2,2,townhouse,1,2025-11-08,,,"$840,000"
property-apartment-vic-thornbury-149375084,Thornbury,3071,10/41 Ballantyne Street,-37.758439,144.997248,2,1,apartment,1,2025-11-08,,,"$592,222"
property-house-vic-thornbury-149405836,Thornbury,3071,51 Martin Street,-37.761178,145.004455,4,2,house,2,2025-11-07,478,m2,"$2,410,000"
property-apartment-vic-thornbury-149203172,Thornbury,3071,605/636 High Street,-37.76021562,145.0005471,1,1,apartment,1,2025-11-07,,,"$505,000"
property-unit-vic-thornbury-148978940,Thornbury,3071,11/70 Collins Street,-37.755343,145.007502,1,1,unit,1,2025-11-03,50,m2,"$375,000"
property-apartment-vic-thornbury-149328792,Thornbury,3071,4/46 Smith Street,-37.75722964,144.9965595,2,1,apartment,1,2025-11-01,678,m2,"$588,000"
property-house-vic-thornbury-149194416,Thornbury,3071,33 Clapham Street,-37.75453065,144.9979731,3,2,house,2,2025-10-31,242,m2,"$1,330,000"
property-townhouse-vic-thornbury-149366996,Thornbury,3071,25 Sparks Avenue,-37.76128976,145.025598,2,2,townhouse,1,2025-10-29,133,m2,"$750,800"
property-house-vic-thornbury-149335380,Thornbury,3071,277 Victoria Road,-37.762296,145.012473,3,1,house,2,2025-10-28,480,m2,"$1,250,000"
property-apartment-vic-thornbury-149209816,Thornbury,3071,9/11 Kemp Street,-37.76224014,144.9953082,2,1,apartment,1,2025-10-28,,,"$551,000"
property-house-vic-thornbury-149214736,Thornbury,3071,122 Woolton Avenue,-37.759972,144.988175,5,3,house,3,2025-10-26,476,m2,"$2,900,000"
property-house-vic-thornbury-143177296,Thornbury,3071,188 Raleigh Street,-37.760151,145.012496,4,3,house,2,2025-10-25,,,"$1,750,000"
property-house-vic-thornbury-149209708,Thornbury,3071,85 Darebin Road,-37.763936,145.007185,3,1,house,2,2025-10-25,470,m2,"$1,475,000"
property-house-vic-thornbury-149151288,Thornbury,3071,264 Victoria Road,-37.763317,145.012661,3,1,house,1,2025-10-25,,,"$1,358,000"
property-house-vic-thornbury-149203872,Thornbury,3071,40 Armadale Street,-37.76013493,145.0021651,4,1,house,2,2025-10-25,404,m2,"$1,325,000"
property-unit-vic-thornbury-149287820,Thornbury,3071,10/73 Darebin Road,-37.76336632,145.0053296,2,1,unit,1,2025-10-24,,,"$655,000"
property-villa-vic-thornbury-149197664,Thornbury,3071,2/39 Martin Street,-37.76107366,145.0036377,2,1,villa,1,2025-10-23,,,"$800,000"
property-townhouse-vic-thornbury-149262648,Thornbury,3071,35A Clapham Street,-37.754402,144.997709,3,1,townhouse,1,2025-10-21,113,m2,"$1,110,000"
property-house-vic-thornbury-149213980,Thornbury,3071,172 Dundas Street,-37.75438,145.018689,3,2,house,4,2025-10-20,660,m2,"$1,760,000"
property-house-vic-thornbury-149087920,Thornbury,3071,36 Harold Street,-37.756437,144.997556,3,2,house,1,2025-10-20,,,"$1,565,000"
property-townhouse-vic-thornbury-149020760,Thornbury,3071,53 Armadale Street,-37.75985686,145.0018473,3,2,townhouse,2,2025-10-18,,,"$1,160,000"
property-apartment-vic-thornbury-149127432,Thornbury,3071,16/25-27 Martin Street,-37.76099284,145.002927,2,1,apartment,1,2025-10-18,,,"$555,000"
property-house-vic-thornbury-149209524,Thornbury,3071,181 Gooch Street,-37.759089,145.012604,3,1,house,1,2025-10-17,,,"$1,630,000"
property-townhouse-vic-thornbury-149267932,Thornbury,3071,94 Wilmoth Street,-37.75946699,145.0171274,2,2,townhouse,2,2025-10-17,,,"$902,500"
property-house-vic-thornbury-149085468,Thornbury,3071,72 Rossmoyne Street,-37.757751,145.004876,5,3,house,1,2025-10-10,427,m2,"$2,365,000"
property-townhouse-vic-thornbury-149068604,Thornbury,3071,2/291 Rathmines Street,-37.76410175,145.0185226,3,1,townhouse,2,2025-10-08,,,"$865,000"
property-townhouse-vic-thornbury-149009612,Thornbury,3071,2/135 Normanby Avenue,-37.75839514,144.98856,2,2,townhouse,2,2025-10-04,,,"$1,295,000"
property-unit-vic-thornbury-148983524,Thornbury,3071,9/38  Pender Street,-37.7540894,145.0052018,2,1,unit,1,2025-10-04,,,"$682,000"
property-apartment-vic-thornbury-149073504,Thornbury,3071,5/30 Kemp Street,-37.76180113,144.9941468,2,1,apartment,1,2025-10-01,,,"$505,000"
property-townhouse-vic-thornbury-148926144,Thornbury,3071,1/116 Normanby Avenue,-37.75822238,144.989525,2,2,townhouse,1,2025-09-30,116,m2,"$786,500"
property-house-vic-thornbury-149002144,Thornbury,3071,113 Keon Street,-37.751829,144.985751,3,2,house,1,2025-09-27,368,m2,"$1,675,000"
property-townhouse-vic-thornbury-148827036,Thornbury,3071,19/158 Clarendon Street,-37.76140103,145.0118015,2,2,townhouse,1,2025-09-27,,,"$660,000"
property-house-vic-thornbury-149024832,Thornbury,3071,352A Victoria Road,-37.75693745,145.013752,3,2,house,2,2025-09-25,,,"$1,295,000"
property-apartment-vic-thornbury-148874156,Thornbury,3071,4/115 Shaftesbury Parade,-37.75961374,144.9907621,1,1,apartment,1,2025-09-25,,,"$307,000"
property-townhouse-vic-thornbury-148934580,Thornbury,3071,7 Aviary Grove,-37.76131965,145.0261289,2,1,townhouse,1,2025-09-24,,,"$670,000"
property-house-vic-thornbury-148862524,Thornbury,3071,182A Collins Street,-37.756191,145.018698,4,3,house,2,2025-09-23,420,m2,"$2,250,000"
property-apartment-vic-thornbury-147599868,Thornbury,3071,402/690 High Street,-37.7583438,145.0008682,2,1,apartment,1,2025-09-23,,,"$495,000"
property-apartment-vic-thornbury-149035688,Thornbury,3071,6/112 Ballantyne Street,-37.75742,144.990696,1,1,apartment,1,2025-09-23,,,"$405,000"
property-house-vic-thornbury-148828080,Thornbury,3071,12 Speight Street,-37.762258,145.007559,3,1,house,2,2025-09-22,446,m2,"$1,385,000"
property-house-vic-thornbury-148754224,Thornbury,3071,45 Clyde Street,-37.761087,145.008714,4,1,house,,2025-09-21,,,"$1,765,000"
property-house-vic-thornbury-148873784,Thornbury,3071,126 Hutton Street,-37.754465,144.987587,4,2,house,1,2025-09-20,,,"$1,870,000"
property-house-vic-thornbury-148880044,Thornbury,3071,15 Ethel Street,-37.753467,144.999191,4,2,house,3,2025-09-20,,,"$1,515,000"
property-house-vic-thornbury-148880200,Thornbury,3071,295 Gooch Street,-37.760385,145.024784,3,2,house,2,2025-09-20,472,m2,"$1,485,000"
property-apartment-vic-thornbury-148746060,Thornbury,3071,81/337 Station Street,-37.763439,145.020961,2,1,apartment,1,2025-09-18,,,"$650,000"
property-house-vic-thornbury-148816232,Thornbury,3071,29 Raleigh Street,-37.758829,145.002531,3,2,house,1,2025-09-13,380,m2,"$1,785,000"
property-apartment-vic-thornbury-148881464,Thornbury,3071,310/636 High Street,-37.76021562,145.0005471,1,1,apartment,1,2025-09-11,,,"$510,000"
property-unit-vic-thornbury-148790036,Thornbury,3071,5/110  Ballantyne Street,-37.757441,144.990866,1,1,unit,1,2025-09-10,,,"$347,750"
property-house-vic-thornbury-148893704,Thornbury,3071,3 Bradley Avenue,-37.761352,144.991929,3,2,house,2,2025-09-09,436,m2,"$1,530,000"
property-apartment-vic-thornbury-148473832,Thornbury,3071,1/62 Normanby Avenue,-37.758778,144.994748,2,1,apartment,1,2025-09-09,,,"$795,000"
property-townhouse-vic-thornbury-148882128,Thornbury,3071,3/128 Dundas Street,-37.75397988,145.0149673,2,1,townhouse,1,2025-09-09,,,"$790,000"
property-apartment-vic-thornbury-148598696,Thornbury,3071,9/167 Darebin Road,-37.7645525,145.013145,2,1,apartment,1,2025-09-08,,,"$575,000"
property-unit-vic-thornbury-148798920,Thornbury,3071,14/74 Dundas Street,-37.753331,145.009433,1,1,unit,1,2025-09-07,,,"$315,000"
property-apartment-vic-thornbury-148148476,Thornbury,3071,201/636 High Street,-37.76021562,145.0005471,3,2,apartment,2,2025-09-02,,,"$850,000"
property-townhouse-vic-thornbury-148695252,Thornbury,3071,191B Miller Street,-37.75088651,144.9849264,3,2,townhouse,1,2025-08-30,,,"$1,815,000"
property-house-vic-thornbury-148630268,Thornbury,3071,113 Collins Street,-37.755699,145.013569,4,1,house,2,2025-08-30,492,m2,"$1,625,000"
property-house-vic-thornbury-148711428,Thornbury,3071,55 Mansfield Street,-37.756683,145.00512,2,2,house,,2025-08-30,266,m2,"$1,410,000"
property-house-vic-thornbury-148566872,Thornbury,3071,37 Harold Street,-37.75664602,144.9971523,4,2,house,2,2025-08-25,,,"$1,665,000"
property-house-vic-thornbury-148635736,Thornbury,3071,2 Kelvin Grove,-37.76311,145.002541,3,2,house,,2025-08-23,346,m2,"$2,010,000"
property-townhouse-vic-thornbury-148617216,Thornbury,3071,2/80 Woolton Avenue,-37.760263,144.990845,3,2,townhouse,2,2025-08-23,,,"$1,365,000"
property-house-vic-thornbury-148641980,Thornbury,3071,308 Victoria Road,-37.759956,145.013217,2,1,house,1,2025-08-23,376,m2,"$1,300,000"
property-house-vic-thornbury-148657396,Thornbury,3071,125 Clarendon Street,-37.760221,145.008102,3,1,house,1,2025-08-21,,,"$1,605,000"
property-apartment-vic-thornbury-148645900,Thornbury,3071,10/12 Anderson Road,-37.7547015,144.9813609,2,1,apartment,1,2025-08-21,,,"$586,000"
property-apartment-vic-thornbury-148704988,Thornbury,3071,10/86 Collins Street,-37.75555,145.009509,1,1,apartment,1,2025-08-18,,,"$435,000"
property-villa-vic-thornbury-148599628,Thornbury,3071,1/79 Fyffe Street,-37.75377765,144.9872129,2,1,villa,2,2025-08-16,230,m2,"$1,040,000"
property-apartment-vic-thornbury-148531196,Thornbury,3071,7/37 Clapham Street,-37.75428274,144.9980153,1,1,apartment,1,2025-08-16,,,"$475,000"
property-apartment-vic-thornbury-148531272,Thornbury,3071,202/2a Flinders Street,-37.7557301,145.0012769,1,1,apartment,1,2025-08-15,,,"$626,000"
property-unit-vic-thornbury-148665524,Thornbury,3071,2/59 Keon Street,-37.7522636,144.9896954,1,1,unit,1,2025-08-15,,,"$582,000"
property-townhouse-vic-thornbury-148702364,Thornbury,3071,4/14 Pender Street,-37.75385301,145.0028646,3,2,townhouse,2,2025-08-14,,,"$1,240,000"
property-house-vic-thornbury-148480912,Thornbury,3071,273 Victoria Road,-37.763167,145.012325,2,1,house,2,2025-08-13,352,m2,"$901,000"
property-unit-vic-thornbury-148584028,Thornbury,3071,3/21-23 Martin Street,-37.76054055,145.0026739,2,1,unit,1,2025-08-13,,,"$590,000"
property-apartment-vic-thornbury-148471780,Thornbury,3071,8/62  Normanby Avenue,-37.758778,144.994748,1,1,apartment,1,2025-08-13,,,"$455,000"
property-townhouse-vic-thornbury-148576524,Thornbury,3071,6 Ibis Place,-37.7610566,145.0262321,2,1,townhouse,1,2025-08-10,,,"$695,000"
property-townhouse-vic-thornbury-148425296,Thornbury,3071,163A Collins Street,-37.755841,145.018253,4,3,townhouse,2,2025-08-08,275,m2,"$1,870,000"
property-townhouse-vic-thornbury-148396728,Thornbury,3071,4 Aviary Grove,-37.76130133,145.0259587,2,2,townhouse,1,2025-08-08,65,m2,"$612,000"
property-house-vic-thornbury-148376692,Thornbury,3071,314B Rossmoyne Street,-37.759659,145.022885,4,3,house,2,2025-08-07,,,"$1,775,000"
property-apartment-vic-thornbury-148689388,Thornbury,3071,1/14 Mansfield Street,-37.75669179,145.0022994,2,1,apartment,1,2025-08-05,,,"$710,000"
property-townhouse-vic-thornbury-147855536,Thornbury,3071,3/180 Dundas Street,-37.754445,145.019346,3,2,townhouse,4,2025-08-04,,,"$1,240,000"
property-house-vic-thornbury-148194660,Thornbury,3071,206 Clarendon Street,-37.76157085,145.0180441,3,2,house,2,2025-08-04,,,"$1,100,000"
property-house-vic-thornbury-148444188,Thornbury,3071,124 Smith Street,-37.756538,144.990743,2,1,house,1,2025-08-04,360,m2,"$1,054,000"
property-apartment-vic-thornbury-147811852,Thornbury,3071,4/13 Harold Street,-37.75692405,144.9993729,1,1,apartment,1,2025-08-04,,,"$372,000"
property-house-vic-thornbury-148275108,Thornbury,3071,10 Hobson Street,-37.75467,144.992224,3,1,house,2,2025-08-02,453,m2,"$1,520,000"
property-apartment-vic-thornbury-147970188,Thornbury,3071,3/106 Keon Street,-37.75167606,144.9868745,1,1,apartment,1,2025-08-01,,,"$315,000"
property-apartment-vic-thornbury-148588384,Thornbury,3071,1/99 Ballantyne Street,-37.75785431,144.9923537,1,1,apartment,,2025-07-30,,,"$418,500"
property-apartment-vic-thornbury-148248544,Thornbury,3071,13/115 Shaftesbury Parade,-37.75961374,144.9907621,1,1,apartment,1,2025-07-30,,,"$330,000"
property-house-vic-thornbury-148481736,Thornbury,3071,13 Alexandra Street,-37.763051,145.006527,3,1,house,,2025-07-23,,,"$1,711,000"
property-apartment-vic-thornbury-147982192,Thornbury,3071,14/42-44 Clarendon Street,-37.76001565,145.0033671,3,1,apartment,1,2025-07-23,1755,m2,"$950,000"
property-apartment-vic-thornbury-148267364,Thornbury,3071,1/360 St Georges Road,-37.758087,144.993879,2,1,apartment,1,2025-07-23,,,"$520,000"
property-apartment-vic-thornbury-148483772,Thornbury,3071,4/99 Ballantyne Street,-37.75785431,144.9923537,1,1,apartment,1,2025-07-21,,,"$415,000"
property-house-vic-thornbury-148385244,Thornbury,3071,9 Alston Street,-37.754974,145.017572,3,2,house,3,2025-07-19,,,"$1,755,000"
property-apartment-vic-thornbury-146744064,Thornbury,3071,302/685 High Street,-37.7602423,145.0001127,2,2,apartment,1,2025-07-18,,,"$600,000"
property-apartment-vic-thornbury-148328504,Thornbury,3071,4/101 Smith Street,-37.75690991,144.9918476,2,1,apartment,1,2025-07-18,,,"$550,000"
property-townhouse-vic-thornbury-148318120,Thornbury,3071,2/98 Normanby Avenue,-37.75839079,144.9909811,2,2,townhouse,1,2025-07-16,,,"$765,000"
property-house-vic-thornbury-148321120,Thornbury,3071,34A  Clyde Street,-37.761576,145.010348,3,1,house,5,2025-07-12,,,"$1,250,000"
property-house-vic-thornbury-148019752,Thornbury,3071,25 Wales Street,-37.763736,145.008666,3,2,house,1,2025-07-11,,,"$1,850,000"
property-apartment-vic-thornbury-148397844,Thornbury,3071,92/337 Station Street,-37.763439,145.020961,3,2,apartment,2,2025-07-11,,,"$830,000"
property-apartment-vic-thornbury-148329700,Thornbury,3071,8/100 Collins Street,-37.75577641,145.0114142,1,1,apartment,1,2025-07-11,,,"$401,300"
property-house-vic-thornbury-148097472,Thornbury,3071,156A Mansfield Street,-37.75774282,145.0122533,3,2,house,2,2025-07-09,,,"$1,461,000"
property-house-vic-thornbury-147362956,Thornbury,3071,204A Raleigh Street,-37.76038922,145.0144769,4,3,house,2,2025-07-07,,,"$2,010,000"
property-townhouse-vic-thornbury-148251120,Thornbury,3071,2/56 Dundas Street,-37.75308684,145.0071569,3,1,townhouse,1,2025-07-04,,,"$910,000"
property-apartment-vic-thornbury-148218816,Thornbury,3071,6/99 Ballantyne Street,-37.75785431,144.9923537,1,1,apartment,1,2025-07-02,,,"$411,500"
property-house-vic-thornbury-148300360,Thornbury,3071,177 Miller Street,-37.751008,144.986194,2,1,house,1,2025-07-01,,,"$1,170,000"
property-townhouse-vic-thornbury-148209976,Thornbury,3071,3/59 Miller Street,-37.75159316,144.9918712,2,2,townhouse,1,2025-06-28,,,"$900,000"
property-house-vic-thornbury-148271088,Thornbury,3071,403/679 High Street,-37.7602423,145.0001127,2,2,house,2,2025-06-27,,,"$841,000"
property-apartment-vic-thornbury-148030960,Thornbury,3071,109/23-25 Clapham Street,-37.75527914,144.9978433,1,1,apartment,1,2025-06-26,,,"$480,000"
property-house-vic-thornbury-148194272,Thornbury,3071,20 Newman Street,-37.75670552,144.9867468,3,1,house,3,2025-06-21,,,"$1,415,000"
property-apartment-vic-thornbury-148162920,Thornbury,3071,10/4 Dundas Street,-37.75255095,145.00251,1,1,apartment,1,2025-06-18,,,"$370,000"
property-apartment-vic-thornbury-148211356,Thornbury,3071,9/107 Flinders Street,-37.75650571,145.0110514,2,1,apartment,1,2025-06-14,,,"$630,000"
property-apartment-vic-thornbury-148085016,Thornbury,3071,5/295 Rossmoyne Street,-37.75913799,145.0207915,1,1,apartment,1,2025-06-14,,,"$411,000"
property-house-vic-thornbury-147895748,Thornbury,3071,11A Smith Street,-37.75774,144.998894,3,1,house,4,2025-06-13,416,m2,"$1,420,000"
property-apartment-vic-thornbury-148076660,Thornbury,3071,1/37 Collins Street,-37.75488997,145.0039448,2,1,apartment,1,2025-06-12,,,"$826,000"
property-apartment-vic-thornbury-148091000,Thornbury,3071,8/50 Normanby Avenue,-37.758852,144.995425,1,1,apartment,1,2025-06-07,,,"$315,000"
property-house-vic-thornbury-147960428,Thornbury,3071,9 Walsh Avenue,-37.757651,145.023417,3,1,house,2,2025-06-06,265,m2,"$1,063,000"
property-house-vic-thornbury-147738216,Thornbury,3071,169 Clarendon Street,-37.760573,145.011316,3,2,house,2,2025-06-03,700,m2,"$1,880,000"
property-house-vic-thornbury-147965968,Thornbury,3071,82B Collins Street,-37.755513,145.009044,3,2,house,2,2025-06-02,304,m2,"$1,515,000"
property-house-vic-thornbury-147800304,Thornbury,3071,11 Harold Street,-37.756931,144.999529,3,1,house,1,2025-05-31,406,m2,"$1,860,000"
property-townhouse-vic-thornbury-147849724,Thornbury,3071,6/4 Strettle Street,-37.7548845,144.9824562,3,2,townhouse,1,2025-05-31,207,m2,"$1,350,000"
property-house-vic-thornbury-147981556,Thornbury,3071,14 Martin Street,-37.76115555,145.0014231,2,1,house,2,2025-05-31,395,m2,"$1,276,000"
property-townhouse-vic-thornbury-147963472,Thornbury,3071,1C Alston Street,-37.75480882,145.0164298,3,2,townhouse,2,2025-05-31,,,"$1,050,000"
property-house-vic-thornbury-148084980,Thornbury,3071,148 Ballantyne Street,-37.75714574,144.9883668,3,1,house,4,2025-05-31,515,m2,"$1,040,000"
property-house-vic-thornbury-147704764,Thornbury,3071,12 Blythe Street,-37.75394,145.000143,3,1,house,3,2025-05-28,426,m2,"$1,270,000"
property-house-vic-thornbury-147889312,Thornbury,3071,195 Gooch Street,-37.7593232,145.0149513,3,2,house,2,2025-05-24,,,"$1,400,000"
property-apartment-vic-thornbury-147890088,Thornbury,3071,1/86 Flinders Street,-37.756312,145.006629,2,1,apartment,1,2025-05-24,,,"$560,000"
property-house-vic-thornbury-147959604,Thornbury,3071,125 Flinders Street,-37.756777,145.01337,3,1,house,2,2025-05-23,470,m2,"$1,380,000"
property-house-vic-thornbury-147437772,Thornbury,3071,345 Rossmoyne Street,-37.759594,145.024918,2,1,house,2,2025-05-23,,,"$1,020,000"
property-apartment-vic-thornbury-148028816,Thornbury,3071,7/18 Blythe Street,-37.75386,144.999671,1,1,apartment,1,2025-05-22,,,"$447,500"
property-house-vic-thornbury-147889920,Thornbury,3071,5 Strettle Street,-37.755189,144.983038,3,1,house,4,2025-05-21,600,m2,"$1,600,000"
property-unit-vic-thornbury-147835212,Thornbury,3071,9/6 Francis Grove,-37.7633825,145.0077996,1,1,unit,,2025-05-21,,,"$335,000"
property-house-vic-thornbury-147844624,Thornbury,3071,299 Raleigh Street,-37.76095,145.022487,4,2,house,3,2025-05-17,470,m2,"$1,505,000"
property-house-vic-thornbury-147854240,Thornbury,3071,265 Raleigh Street,-37.76048,145.018107,3,1,house,3,2025-05-17,430,m2,"$1,400,000"
property-house-vic-thornbury-147832656,Thornbury,3071,76 Mansfield Street,-37.757112,145.006505,3,1,house,,2025-05-17,,,"$1,320,000"
property-townhouse-vic-thornbury-147849900,Thornbury,3071,2/42 Pender Street,-37.75414034,145.0054634,2,3,townhouse,1,2025-05-17,,,"$900,000"
property-townhouse-vic-thornbury-147840412,Thornbury,3071,1/124 Normanby Avenue,-37.75816688,144.9890425,2,1,townhouse,1,2025-05-17,,,"$820,000"
property-house-vic-thornbury-147967524,Thornbury,3071,300 Gillies Street,-37.765066,145.019108,3,1,house,1,2025-05-14,601,m2,"$1,485,000"
property-unit-vic-thornbury-147880876,Thornbury,3071,6/45 Woolton Avenue,-37.76105,144.99532,1,1,unit,1,2025-05-14,,,"$350,000"
property-apartment-vic-thornbury-147599416,Thornbury,3071,9/274 Mansfield Street,-37.75879686,145.0221823,1,1,apartment,1,2025-05-14,,,"$315,000"
property-apartment-vic-thornbury-147818616,Thornbury,3071,12/87A Clyde Street,-37.7615482,145.0130504,1,1,apartment,1,2025-05-13,,,"$380,000"
property-unit-vic-thornbury-147477964,Thornbury,3071,9/56 Pender Street,-37.754464,145.00947,1,1,unit,1,2025-05-12,1048,m2,"$375,000"
property-house-vic-thornbury-147769956,Thornbury,3071,138 Gooch Street,-37.759069,145.00979,3,1,house,2,2025-05-10,374,m2,"$1,235,000"
property-apartment-vic-thornbury-147778008,Thornbury,3071,5/24 Dundas Street,-37.75267765,145.0036245,2,1,apartment,1,2025-05-02,,,"$785,000"
property-house-vic-thornbury-147431092,Thornbury,3071,19B Newman Street,-37.75700462,144.9868883,3,2,house,1,2025-04-29,,,"$1,100,000"
property-house-vic-thornbury-147485928,Thornbury,3071,177 Gooch Street,-37.759068,145.012378,3,1,house,1,2025-04-24,,,"$1,500,000"
property-unit-vic-thornbury-147152660,Thornbury,3071,2/40 Clarendon Street,-37.759973,145.003046,1,1,unit,1,2025-04-24,,,"$390,000"
property-apartment-vic-thornbury-147620868,Thornbury,3071,15/72 Dundas Street,-37.75332586,145.0091947,1,1,apartment,,2025-04-24,,,"$280,000"
property-house-vic-thornbury-147686052,Thornbury,3071,291 Gooch Street,-37.760353,145.024467,4,2,house,3,2025-04-18,,,"$1,410,000"
property-apartment-vic-thornbury-147560444,Thornbury,3071,2/79 Normanby Avenue,-37.75881775,144.9921989,2,1,apartment,1,2025-04-17,,,"$649,000"
property-apartment-vic-thornbury-147560812,Thornbury,3071,8/30 Kemp Street,-37.76180113,144.9941468,1,1,apartment,1,2025-04-15,,,"$415,990"
property-house-vic-thornbury-147575396,Thornbury,3071,76 Harold Street,-37.75620417,144.9955223,4,2,house,1,2025-04-14,480,m2,"$1,570,000"
property-house-vic-thornbury-147310312,Thornbury,3071,197 Smith Street,-37.756188,144.985554,2,1,house,,2025-04-14,,,"$975,000"
property-house-vic-thornbury-147559408,Thornbury,3071,119a Smith Street,-37.75683599,144.991013,5,4,house,2,2025-04-12,,,"$1,661,000"
property-house-vic-thornbury-147572144,Thornbury,3071,31c Swift Street,-37.76451174,145.0169322,3,2,house,2,2025-04-12,,,"$1,500,000"
property-apartment-vic-thornbury-147545788,Thornbury,3071,1/44 Swift Street,-37.762698,145.017616,2,1,apartment,2,2025-04-12,,,"$615,000"
property-apartment-vic-thornbury-147559892,Thornbury,3071,5/57 Pender Street,-37.753929,145.007476,1,1,apartment,1,2025-04-12,,,"$470,000"
property-unit-vic-thornbury-147146260,Thornbury,3071,2/55 Martin Street,-37.76118746,145.0046381,1,1,unit,1,2025-04-12,,,"$365,000"
property-house-vic-thornbury-147056264,Thornbury,3071,20 Dundas Street,-37.75265893,145.0034849,2,1,house,1,2025-04-11,,,"$860,000"
property-house-vic-thornbury-147562532,Thornbury,3071,29 Newman Street,-37.756875,144.986239,4,2,house,1,2025-04-10,334,m2,"$1,710,000"
property-apartment-vic-thornbury-147605248,Thornbury,3071,303/85 Hutton Street,-37.75538524,144.9935337,2,1,apartment,1,2025-04-10,,,"$600,000"
property-unit-vic-thornbury-147504108,Thornbury,3071,8/8 Murray Street,-37.75425522,144.9955827,1,1,unit,1,2025-04-10,,,"$332,000"
property-house-vic-thornbury-147560852,Thornbury,3071,27A Hobson Street,-37.7522373,144.9923183,3,1,house,2,2025-04-09,,,"$1,270,000"
property-house-vic-thornbury-146980556,Thornbury,3071,214 Dundas Street,-37.754742,145.022028,3,1,house,4,2025-04-09,690,m2,"$1,135,000"
property-house-vic-thornbury-147510836,Thornbury,3071,108 Hutton Street,-37.75456684,144.9887256,3,1,house,1,2025-04-05,,,"$1,493,000"
property-townhouse-vic-thornbury-147503568,Thornbury,3071,174B Gooch Street,-37.7593474,145.0122249,3,2,townhouse,2,2025-04-05,,,"$1,290,000"
property-apartment-vic-thornbury-147478864,Thornbury,3071,8/44 Keon Street,-37.75213537,144.9914848,1,1,apartment,1,2025-04-05,,,"$437,000"
property-apartment-vic-thornbury-147481036,Thornbury,3071,12/30 Strettle Street,-37.75259628,144.9831201,1,1,apartment,1,2025-04-03,,,"$369,500"
property-townhouse-vic-thornbury-147575032,Thornbury,3071,2/180 Dundas Street,-37.754445,145.019346,2,2,townhouse,1,2025-04-02,,,"$980,000"
property-house-vic-thornbury-147503268,Thornbury,3071,106 Collins Street,-37.755826,145.011988,4,2,house,3,2025-03-31,,,"$1,705,000"
property-townhouse-vic-thornbury-147431620,Thornbury,3071,3/42 Pender Street,-37.75414034,145.0054634,2,2,townhouse,1,2025-03-29,,,"$900,000"
property-apartment-vic-thornbury-147424640,Thornbury,3071,10/46 Clarendon Street,-37.76002773,145.0035781,2,1,apartment,1,2025-03-25,,,"$572,000"
property-apartment-vic-thornbury-147350804,Thornbury,3071,17/25-27 Martin Street,-37.76099284,145.002927,2,1,apartment,1,2025-03-19,,,"$567,000"
property-apartment-vic-thornbury-147322360,Thornbury,3071,17/5 Kemp Street,-37.76232281,144.9958249,1,1,apartment,1,2025-03-18,,,"$375,000"
property-apartment-vic-thornbury-147090976,Thornbury,3071,1B/42-44 Clarendon Street,-37.76001565,145.0033671,2,1,apartment,1,2025-03-17,,,"$610,000"
property-house-vic-thornbury-147290288,Thornbury,3071,75 Flinders Street,-37.756074,145.006953,4,2,house,2,2025-03-15,923,m2,"$2,500,000"
property-house-vic-thornbury-147310548,Thornbury,3071,325 Rossmoyne Street,-37.759421,145.023186,2,1,house,2,2025-03-15,470,m2,"$1,170,000"
property-townhouse-vic-thornbury-147096552,Thornbury,3071,1/180 Dundas Street,-37.754445,145.019346,3,2,townhouse,2,2025-03-09,,,"$1,300,000"
property-apartment-vic-thornbury-147307092,Thornbury,3071,8/337 Station Street,-37.763439,145.020961,2,1,apartment,1,2025-03-07,,,"$670,000"
property-apartment-vic-thornbury-147373352,Thornbury,3071,7/17 Kemp Street,-37.76221259,144.9948846,1,1,apartment,1,2025-03-05,,,"$420,100"
property-unit-vic-thornbury-145413212,Thornbury,3071,2/42 Dundas Street,-37.752878,145.005529,1,1,unit,1,2025-03-03,,,"$307,000"
property-house-vic-thornbury-147159416,Thornbury,3071,6 Harold Street,-37.756721,144.999898,3,1,house,2,2025-03-01,625,m2,"$1,630,000"
property-house-vic-thornbury-147166824,Thornbury,3071,77 Rennie Street,-37.75293597,144.9875398,2,1,house,1,2025-03-01,357,m2,"$1,415,000"
property-house-vic-thornbury-147042968,Thornbury,3071,314 Raleigh Street,-37.761331,145.02368,3,1,house,2,2025-02-28,,,"$1,009,000"
property-townhouse-vic-thornbury-147159232,Thornbury,3071,4/71 Miller Street,-37.75171276,144.9911653,2,2,townhouse,1,2025-02-27,,,"$830,000"
property-townhouse-vic-thornbury-147085204,Thornbury,3071,2/236 Collins Street,-37.7569744,145.023932,2,2,townhouse,1,2025-02-26,,,"$920,000"
property-apartment-vic-thornbury-147112580,Thornbury,3071,12/25 Kemp Street,-37.76214069,144.9942711,1,1,apartment,1,2025-02-26,,,"$375,000"
property-townhouse-vic-thornbury-146390840,Thornbury,3071,3/125 Darebin Road,-37.76409609,145.0108816,2,2,townhouse,1,2025-02-25,,,"$763,000"
property-apartment-vic-thornbury-147152964,Thornbury,3071,2/9 Hammond Street,-37.76328695,145.010258,1,1,apartment,1,2025-02-25,,,"$355,000"
property-apartment-vic-thornbury-147093212,Thornbury,3071,10/87A Clyde Street,-37.7615482,145.0130504,1,1,apartment,1,2025-02-24,,,"$321,000"
property-house-vic-thornbury-147100364,Thornbury,3071,48A Newman Street,-37.756512,144.985,2,1,house,1,2025-02-22,,,"$1,060,000"
property-apartment-vic-thornbury-147193056,Thornbury,3071,10/109 Flinders Street,-37.75653332,145.0113025,2,1,apartment,2,2025-02-21,,,"$744,000"
property-apartment-vic-thornbury-147050260,Thornbury,3071,4/109 Flinders Street,-37.75653332,145.0113025,3,1,apartment,2,2025-02-20,,,"$819,000"
property-apartment-vic-thornbury-146960444,Thornbury,3071,203/690 High Street,-37.7583438,145.0008682,1,1,apartment,1,2025-02-20,,,"$390,000"
property-house-vic-thornbury-147055048,Thornbury,3071,94 Collins Street,-37.755678,145.010732,3,1,house,2,2025-02-15,696,m2,"$1,910,000"
property-house-vic-thornbury-147037784,Thornbury,3071,89 Rennie Street,-37.752841,144.986916,3,1,house,1,2025-02-15,,,"$1,510,000"
property-unit-vic-thornbury-146727980,Thornbury,3071,10/14 Ballantyne Street,-37.75837533,144.9990778,1,1,unit,1,2025-02-13,,,"$365,000"
property-unit-vic-thornbury-147043160,Thornbury,3071,1/45 Collins Street,-37.75497368,145.0047088,2,1,unit,2,2025-02-08,,,"$737,000"
property-townhouse-vic-thornbury-146595292,Thornbury,3071,13 Ibis Place,-37.76096376,145.0265751,3,1,townhouse,1,2025-02-08,71,m2,"$730,000"
property-apartment-vic-thornbury-146960440,Thornbury,3071,6/16 Kemp Street,-37.76192107,144.9951383,2,1,apartment,1,2025-02-07,,,"$547,400"
property-residential land-vic-thornbury-204017812,Thornbury,3071,233A Gooch Street,-37.75968982,145.0184043,,,residential land,,2025-02-06,,,"$460,000"
property-apartment-vic-thornbury-146830172,Thornbury,3071,1/73 Flinders Street,-37.75605291,145.0067383,2,1,apartment,1,2025-02-05,,,"$550,000"
property-house-vic-thornbury-147055324,Thornbury,3071,6B Walsh Avenue,-37.757998,145.023769,3,2,house,2,2025-02-04,,,"$1,380,000"
property-townhouse-vic-thornbury-146360920,Thornbury,3071,2 Ibis Place,-37.76088042,145.0262631,3,2,townhouse,2,2025-01-31,,,"$785,000"
property-apartment-vic-thornbury-145919696,Thornbury,3071,1/12 Ballantyne Street,-37.75840136,144.9993006,2,1,apartment,1,2025-01-28,,,"$645,000"
property-house-vic-thornbury-146611244,Thornbury,3071,14 Clarendon Street,-37.759815,145.001665,4,1,house,1,2025-01-17,,,"$1,582,000"
property-house-vic-thornbury-146335192,Thornbury,3071,366 Victoria Road,-37.756047,145.013889,3,1,house,4,2025-01-09,618,m2,"$1,310,000"
property-unit-vic-thornbury-146821332,Thornbury,3071,2/14 Ballantyne Street,-37.75837533,144.9990778,1,1,unit,1,2024-12-27,,,"$445,000"
property-house-vic-thornbury-146820092,Thornbury,3071,76 Hutton Street,-37.75478521,144.9907895,4,3,house,2,2024-12-22,266,m2,"$1,585,000"
property-apartment-vic-thornbury-146685136,Thornbury,3071,9/40 Clarendon Street,-37.759973,145.003046,1,1,apartment,1,2024-12-19,,,"$340,000"
property-apartment-vic-thornbury-146408488,Thornbury,3071,15/37 Woolton Avenue,-37.76114435,144.9959976,2,1,apartment,1,2024-12-18,,,"$574,000"
property-villa-vic-thornbury-146558216,Thornbury,3071,9/73 Darebin Road,-37.76336632,145.0053296,2,1,villa,1,2024-12-16,,,"$615,000"
property-unit-vic-thornbury-146670316,Thornbury,3071,1/66 Dundas Street,-37.753204,145.008312,2,1,unit,1,2024-12-16,,,"$560,000"
property-townhouse-vic-thornbury-146673336,Thornbury,3071,6/24 Dundas Street,-37.75267765,145.0036245,3,1,townhouse,2,2024-12-14,,,"$910,000"
property-apartment-vic-thornbury-146224896,Thornbury,3071,13/5 Kemp Street,-37.76232281,144.9958249,1,1,apartment,1,2024-12-12,,,"$367,000"
property-unit-vic-thornbury-146109552,Thornbury,3071,11/53 St David Street,-37.763426,145.005205,2,1,unit,1,2024-12-11,,,"$648,000"
property-villa-vic-thornbury-146403648,Thornbury,3071,7/200 Dundas Street,-37.7546496,145.0210716,2,1,villa,1,2024-12-07,,,"$665,000"
property-apartment-vic-thornbury-146493636,Thornbury,3071,6/105 Flinders Street,-37.75647731,145.0107931,1,1,apartment,1,2024-12-06,,,"$425,000"
property-house-vic-thornbury-146605692,Thornbury,3071,19 Flinders Street,-37.755628,145.002981,3,2,house,,2024-12-04,,,"$1,996,000"
property-apartment-vic-thornbury-146684760,Thornbury,3071,4/299 Mansfield Street,-37.758712,145.024327,2,1,apartment,1,2024-12-04,,,"$480,500"
property-house-vic-thornbury-146063436,Thornbury,3071,63 Speight Street,-37.762419,145.011766,5,2,house,4,2024-12-03,550,m2,"$3,050,000"
property-unit-vic-thornbury-146557676,Thornbury,3071,4/31 Clapham Street,-37.75485311,144.9979183,2,1,unit,1,2024-12-03,,,"$525,000"
property-house-vic-thornbury-146555296,Thornbury,3071,52 Mansfield Street,-37.75694441,145.0046871,2,1,house,2,2024-11-30,,,"$955,000"
property-house-vic-thornbury-146543076,Thornbury,3071,123 Rennie Street,-37.752591,144.984471,3,1,house,2,2024-11-27,475,m2,"$1,301,000"
property-house-vic-thornbury-146354196,Thornbury,3071,23 Gooch Street,-37.758007,145.00244,3,1,house,3,2024-11-23,381,m2,"$1,150,000"
property-apartment-vic-thornbury-146542872,Thornbury,3071,10/2 Dundas Street,-37.752559,145.002317,2,1,apartment,1,2024-11-22,,,"$527,000"
property-unit-vic-thornbury-146121040,Thornbury,3071,11/14 Ballantyne Street,-37.75837533,144.9990778,1,1,unit,1,2024-11-22,,,"$365,000"
property-villa-vic-thornbury-146539448,Thornbury,3071,2/2 Smith Street,-37.75759161,144.9999409,2,1,villa,1,2024-11-21,,,"$700,000"
property-apartment-vic-thornbury-146475264,Thornbury,3071,9/30 Strettle Street,-37.75259628,144.9831201,2,1,apartment,2,2024-11-21,,,"$570,000"
property-apartment-vic-thornbury-146559928,Thornbury,3071,22/337 Station Street,-37.763439,145.020961,1,1,apartment,1,2024-11-20,,,"$470,000"
property-apartment-vic-thornbury-146265084,Thornbury,3071,8/34 Pender Street,-37.75404619,145.0047831,1,1,apartment,1,2024-11-19,,,"$325,000"
property-house-vic-thornbury-146404640,Thornbury,3071,25 Bradley Avenue,-37.761161,144.990232,3,1,house,3,2024-11-16,,,"$1,180,000"
property-house-vic-thornbury-146409616,Thornbury,3071,52 Fyffe Street,-37.753777,144.990057,3,1,house,1,2024-11-15,357,m2,"$1,290,000"
property-apartment-vic-thornbury-146262760,Thornbury,3071,11/17 Kemp Street,-37.76221259,144.9948846,1,1,apartment,1,2024-11-15,,,"$406,000"
property-house-vic-thornbury-146346020,Thornbury,3071,322 Gillies Street,-37.763655,145.01935,5,2,house,4,2024-11-12,,,"$2,400,000"
property-house-vic-thornbury-146270276,Thornbury,3071,25 Hobson Street,-37.752742,144.992208,2,1,house,1,2024-11-09,,,"$1,020,000"
property-house-vic-thornbury-146202584,Thornbury,3071,39 Newman Street,-37.75679,144.985481,2,1,house,2,2024-11-07,,,"$1,160,000"
property-apartment-vic-thornbury-146353052,Thornbury,3071,85/337 Station Street,-37.763439,145.020961,2,1,apartment,1,2024-11-07,,,"$600,000"
property-apartment-vic-thornbury-146377148,Thornbury,3071,6/9 Kemp Street,-37.76228878,144.9955346,1,1,apartment,1,2024-11-07,,,"$370,000"
property-unit-vic-thornbury-146429844,Thornbury,3071,6/30 Kemp Street,-37.76180113,144.9941468,2,1,unit,1,2024-11-06,828,m2,"$540,000"
property-unit-vic-thornbury-146410824,Thornbury,3071,5/337 Station Street,-37.763439,145.020961,2,1,unit,1,2024-11-05,,,"$680,000"
property-apartment-vic-thornbury-146328476,Thornbury,3071,2/40 Woolton Avenue,-37.7608402,144.995701,1,1,apartment,1,2024-11-01,,,"$376,000"
property-apartment-vic-thornbury-146128376,Thornbury,3071,1/42 Dundas Street,-37.752878,145.005529,2,1,apartment,1,2024-10-31,,,"$530,000"
property-apartment-vic-thornbury-145190376,Thornbury,3071,6/133 Smith Street,-37.756739,144.990173,1,1,apartment,1,2024-10-31,,,"$345,000"
property-house-vic-thornbury-146190688,Thornbury,3071,23 Kemp Street,-37.762153,144.994496,4,2,house,1,2024-10-26,724,m2,"$1,950,000"
property-house-vic-thornbury-146198824,Thornbury,3071,98 Raleigh Street,-37.759549,145.006723,4,3,house,2,2024-10-26,,,"$1,850,000"
property-house-vic-thornbury-146210340,Thornbury,3071,35 Keon Street,-37.752431,144.991433,3,2,house,2,2024-10-26,,,"$1,750,000"
property-townhouse-vic-thornbury-146202956,Thornbury,3071,25A Lewis Street,-37.757487,144.98624,3,2,townhouse,2,2024-10-26,,,"$1,230,000"
property-townhouse-vic-thornbury-146219780,Thornbury,3071,2/442 St Georges Road,-37.75464471,144.9946973,3,2,townhouse,1,2024-10-25,,,"$1,060,000"
property-townhouse-vic-thornbury-146263120,Thornbury,3071,2/76 Speight Street,-37.76298695,145.0141823,2,1,townhouse,1,2024-10-25,,,"$870,000"
property-apartment-vic-thornbury-146198912,Thornbury,3071,2/21-23 Martin Street,-37.76054055,145.0026739,2,1,apartment,1,2024-10-24,,,"$600,000"
property-house-vic-thornbury-146223456,Thornbury,3071,76 Raleigh Street,-37.75946518,145.0057423,3,2,house,,2024-10-23,342,m2,"$1,461,000"
property-apartment-vic-thornbury-146225120,Thornbury,3071,13/30 Strettle Street,-37.75259628,144.9831201,1,1,apartment,2,2024-10-21,,,"$345,000"
property-house-vic-thornbury-146122900,Thornbury,3071,338 Gillies Street,-37.761948,145.019645,4,2,house,3,2024-10-19,,,"$2,896,000"
property-unit-vic-thornbury-146092576,Thornbury,3071,5/37 Martin Street,-37.761106,145.003515,2,1,unit,1,2024-10-19,,,"$567,000"
property-house-vic-thornbury-146133844,Thornbury,3071,5 Agnes Street,-37.76303086,145.0048049,2,1,house,2,2024-10-15,,,"$1,420,000"
property-apartment-vic-thornbury-146051376,Thornbury,3071,4/10-12 Anderson Road,-37.7547015,144.9813609,2,1,apartment,1,2024-10-15,,,"$530,000"
property-apartment-vic-thornbury-146209264,Thornbury,3071,59/337 Station Street,-37.763439,145.020961,3,2,apartment,2,2024-10-12,,,"$850,000"
property-apartment-vic-thornbury-146131692,Thornbury,3071,4/12 Ballantyne Street,-37.75840136,144.9993006,2,2,apartment,1,2024-10-12,,,"$700,000"
property-apartment-vic-thornbury-146066404,Thornbury,3071,3/50 Woolton Avenue,-37.760714,144.994846,1,1,apartment,1,2024-10-12,,,"$545,500"
property-unit-vic-thornbury-146213224,Thornbury,3071,10A Tharratt Street,-37.7549347,145.0086562,2,1,unit,2,2024-10-10,,,"$1,240,000"
property-unit-vic-thornbury-145968068,Thornbury,3071,8/54 Martin Street,-37.76142,145.003892,1,1,unit,1,2024-10-10,,,"$362,500"
property-townhouse-vic-thornbury-146074024,Thornbury,3071,37/85C Clyde Street,-37.76140103,145.0118015,2,2,townhouse,1,2024-10-09,,,"$815,000"
property-townhouse-vic-thornbury-146012852,Thornbury,3071,1A Alston Street,-37.75480882,145.0164298,3,2,townhouse,2,2024-10-05,,,"$1,090,000"
property-unit-vic-thornbury-145991112,Thornbury,3071,3/111 Mansfield Street,-37.75708131,145.0089301,3,1,unit,1,2024-10-05,,,"$930,000"
property-apartment-vic-thornbury-145521388,Thornbury,3071,3/74 Dundas Street,-37.753331,145.009433,1,1,apartment,1,2024-10-03,,,"$350,000"
property-apartment-vic-thornbury-145819204,Thornbury,3071,3/99 Smith Street,-37.756929,144.992015,1,1,apartment,1,2024-10-03,,,"$320,000"
property-apartment-vic-thornbury-146118900,Thornbury,3071,8/167 Darebin Road,-37.7645525,145.013145,2,1,apartment,1,2024-10-01,,,"$785,500"
property-house-vic-thornbury-145689808,Thornbury,3071,19 Ballantyne Street,-37.75864554,144.9990043,4,1,house,2,2024-09-30,,,"$1,500,000"
property-apartment-vic-thornbury-145763692,Thornbury,3071,5/16 Kemp Street,-37.76192107,144.9951383,2,1,apartment,1,2024-09-26,,,"$530,000"
property-apartment-vic-thornbury-145744428,Thornbury,3071,3/112 Ballantyne Street,-37.75742,144.990696,1,1,apartment,1,2024-09-26,,,"$375,000"
property-house-vic-thornbury-145934088,Thornbury,3071,12 Fyffe Street,-37.754068,144.992841,3,1,house,,2024-09-23,355,m2,"$1,675,000"
property-townhouse-vic-thornbury-145941404,Thornbury,3071,3/384 Station Street,-37.76066161,145.0209707,2,1,townhouse,1,2024-09-23,,,"$745,000"
property-house-vic-thornbury-145879192,Thornbury,3071,151 Clarendon Street,-37.760414,145.009947,3,2,house,2,2024-09-22,,,"$1,570,000"
property-house-vic-thornbury-145879324,Thornbury,3071,41 Darebin Road,-37.763478,145.003519,3,1,house,2,2024-09-21,,,"$1,345,000"
property-house-vic-thornbury-145873672,Thornbury,3071,144a Flinders Street,-37.75695,145.0124,3,1,house,,2024-09-21,,,"$1,060,000"
property-house-vic-thornbury-145890920,Thornbury,3071,205 Gooch Street,-37.759411,145.015638,4,3,house,1,2024-09-17,470,m2,"$1,967,500"
property-apartment-vic-thornbury-145950540,Thornbury,3071,7/110 Ballantyne Street,-37.757441,144.990866,1,1,apartment,1,2024-09-17,,,"$331,000"
property-house-vic-thornbury-145827996,Thornbury,3071,8 Fyffe Street,-37.75409,144.993045,4,2,house,1,2024-09-14,,,"$1,795,000"
property-house-vic-thornbury-145810548,Thornbury,3071,103 Rennie Street,-37.75277608,144.9859987,3,1,house,1,2024-09-14,,,"$1,720,000"
property-townhouse-vic-thornbury-145742780,Thornbury,3071,2/149 Ballantyne Street,-37.75770937,144.9890919,2,2,townhouse,1,2024-09-14,,,"$1,000,000"
property-unit-vic-thornbury-144662020,Thornbury,3071,40/337 Station Street,-37.763439,145.020961,1,1,unit,1,2024-09-12,,,"$420,000"
property-house-vic-thornbury-145629364,Thornbury,3071,95 Keon Street,-37.751947,144.986861,3,2,house,1,2024-09-10,371,m2,"$1,795,000"
property-house-vic-thornbury-145751072,Thornbury,3071,170 Rossmoyne Street,-37.758427,145.011283,3,1,house,2,2024-09-07,705,m2,"$1,860,000"
property-apartment-vic-thornbury-145754532,Thornbury,3071,4/31 Woolton Avenue,-37.76116789,144.9963967,2,1,apartment,2,2024-09-07,,,"$608,000"
property-apartment-vic-thornbury-145774468,Thornbury,3071,5/73 Flinders Street,-37.75605291,145.0067383,2,1,apartment,1,2024-09-05,,,"$560,000"
property-apartment-vic-thornbury-145532868,Thornbury,3071,5/360 St Georges Road,-37.758087,144.993879,2,1,apartment,1,2024-09-01,,,"$540,000"
property-house-vic-thornbury-145712208,Thornbury,3071,149 Collins Street,-37.755714,145.017099,3,1,house,3,2024-08-31,526,m2,"$1,275,000"
property-apartment-vic-thornbury-145694912,Thornbury,3071,6/14 Smith Street,-37.75750835,144.9992224,2,1,apartment,1,2024-08-31,,,"$515,000"
property-unitblock-vic-thornbury-144857076,Thornbury,3071,45 Hutton Street,-37.7557249,144.9966633,8,4,unitblock,8,2024-08-27,901,m2,"$2,425,000"
property-house-vic-thornbury-145722204,Thornbury,3071,54 Bradley Avenue,-37.760675,144.988156,3,1,house,3,2024-08-27,,,"$1,610,000"
property-apartment-vic-thornbury-145698960,Thornbury,3071,6/30 Strettle Street,-37.75259628,144.9831201,2,1,apartment,1,2024-08-27,,,"$592,000"
property-unit-vic-thornbury-145353248,Thornbury,3071,6/51 Woolton Avenue,-37.760997,144.994868,2,1,unit,1,2024-08-25,,,"$695,000"
property-house-vic-thornbury-145649344,Thornbury,3071,183 Rossmoyne Street,-37.758309,145.012807,3,1,house,3,2024-08-24,482,m2,"$1,370,000"
property-house-vic-thornbury-145649340,Thornbury,3071,41 Flinders Street,-37.755766,145.00418,3,1,house,1,2024-08-24,,,"$975,000"
property-townhouse-vic-thornbury-145633116,Thornbury,3071,160 Clarendon Street,-37.76140103,145.0118015,2,1,townhouse,1,2024-08-24,,,"$725,000"
property-apartment-vic-thornbury-145645240,Thornbury,3071,6/77 Pender Street,-37.75420607,145.0100223,2,1,apartment,1,2024-08-24,,,"$465,000"
property-townhouse-vic-thornbury-145473916,Thornbury,3071,356 Gooch Street,-37.76094879,145.0273389,3,2,townhouse,2,2024-08-23,,,"$875,000"
property-unit-vic-thornbury-145698728,Thornbury,3071,10/6 Francis Grove,-37.7633825,145.0077996,1,1,unit,1,2024-08-23,,,"$307,500"
property-house-vic-thornbury-145592216,Thornbury,3071,141 Mansfield Street,-37.757293,145.010813,4,1,house,3,2024-08-17,656,m2,"$1,881,000"
property-apartment-vic-thornbury-142787340,Thornbury,3071,4/44 Swift Street,-37.762698,145.017616,1,1,apartment,1,2024-08-16,,,"$280,500"
property-unit-vic-thornbury-145228292,Thornbury,3071,2/11 Kemp Street,-37.76224014,144.9953082,2,1,unit,1,2024-08-12,,,"$495,000"
property-apartment-vic-thornbury-145550076,Thornbury,3071,8/10 Normanby Avenue,-37.759294,144.999413,2,1,apartment,1,2024-08-09,,,"$629,000"
property-apartment-vic-thornbury-145631764,Thornbury,3071,11/57 Pender Street,-37.753929,145.007476,1,1,apartment,1,2024-08-09,,,"$390,000"
property-apartment-vic-thornbury-145252836,Thornbury,3071,5/48 Woolton Avenue,-37.76075636,144.9950109,1,1,apartment,1,2024-08-02,,,"$390,000"
property-apartment-vic-thornbury-145519472,Thornbury,3071,12/40 Clarendon Street,-37.759973,145.003046,1,1,apartment,1,2024-08-02,,,"$360,000"
property-house-vic-thornbury-145411832,Thornbury,3071,3 Kelvin Grove,-37.76299108,145.002259,3,2,house,1,2024-07-27,,,"$1,605,000"
property-townhouse-vic-thornbury-145404640,Thornbury,3071,56 Leinster Grove,-37.75883208,144.9880558,3,2,townhouse,1,2024-07-27,,,"$1,335,000"
property-apartment-vic-thornbury-145288872,Thornbury,3071,102/23-25 Clapham Street,-37.75527914,144.9978433,1,1,apartment,1,2024-07-25,,,"$488,000"
property-house-vic-thornbury-145399680,Thornbury,3071,15 Walsh Avenue,-37.75746376,145.0231244,3,2,house,2,2024-07-19,,,"$1,200,000"
property-house-vic-thornbury-145426296,Thornbury,3071,48 Wilmoth Street,-37.76444,145.01629,3,1,house,1,2024-07-19,,,"$910,000"
property-apartment-vic-thornbury-145028840,Thornbury,3071,401/681 High Street,-37.7602423,145.0001127,2,1,apartment,1,2024-07-12,,,"$571,000"
property-house-vic-thornbury-145298236,Thornbury,3071,2H Newcastle Street,-37.75694722,145.0104872,3,2,house,2,2024-07-11,,,"$1,475,000"
property-townhouse-vic-thornbury-145297964,Thornbury,3071,1/59 Miller Street,-37.75159316,144.9918712,2,2,townhouse,1,2024-07-10,,,"$980,000"
property-apartment-vic-thornbury-145183408,Thornbury,3071,3/90 Harold Street,-37.75613151,144.994916,1,1,apartment,1,2024-07-10,,,"$305,000"
property-unit-vic-thornbury-144874716,Thornbury,3071,3/85 Hutton Street,-37.75538524,144.9935337,1,1,unit,1,2024-07-04,,,"$440,000"
property-apartment-vic-thornbury-145250836,Thornbury,3071,1/14 Hutton Street,-37.75574431,144.9993492,1,1,apartment,1,2024-07-02,,,"$340,000"
property-house-vic-thornbury-145187488,Thornbury,3071,350 Victoria Road,-37.757107,145.013702,3,1,house,1,2024-06-29,480,m2,"$1,055,000"
property-unit-vic-thornbury-145208228,Thornbury,3071,12/45-47 Collins Street,-37.75497368,145.0047088,2,1,unit,2,2024-06-29,,,"$670,000"
property-apartment-vic-thornbury-145121508,Thornbury,3071,74/337 Station Street,-37.763439,145.020961,2,1,apartment,2,2024-06-28,,,"$762,000"
property-villa-vic-thornbury-145240832,Thornbury,3071,2/379 Station Street,-37.75993046,145.0215587,2,1,villa,2,2024-06-28,148,m2,"$630,000"
property-unit-vic-thornbury-145252848,Thornbury,3071,8/3 Watt Street,-37.7536057,144.996233,3,1,unit,2,2024-06-24,,,"$1,160,000"
property-unit-vic-thornbury-145159276,Thornbury,3071,7/42-44 Clarendon Street,-37.76001565,145.0033671,2,1,unit,1,2024-06-21,,,"$650,000"
property-townhouse-vic-thornbury-144783876,Thornbury,3071,4/124 Normanby Avenue,-37.75816688,144.9890425,2,1,townhouse,1,2024-06-19,,,"$782,700"
property-house-vic-thornbury-145114004,Thornbury,3071,49 Bradley Avenue,-37.760959,144.988432,3,1,house,3,2024-06-17,,,"$1,650,000"
property-house-vic-thornbury-145072580,Thornbury,3071,46 Ballantyne Street,-37.75806256,144.996252,3,2,house,3,2024-06-15,613,m2,"$1,800,000"
property-house-vic-thornbury-145072404,Thornbury,3071,66 Newman Street,-37.75616,144.983398,3,1,house,3,2024-06-15,,,"$1,300,000"
property-apartment-vic-thornbury-145137244,Thornbury,3071,8/38 Woolton Avenue,-37.760851,144.995859,2,1,apartment,1,2024-06-14,,,"$582,000"
property-apartment-vic-thornbury-144187604,Thornbury,3071,4/30 Kemp Street,-37.76180113,144.9941468,1,1,apartment,1,2024-06-14,,,"$315,000"
property-house-vic-thornbury-145008592,Thornbury,3071,72 Rennie Street,-37.752698,144.988089,3,1,house,2,2024-06-08,,,"$1,085,000"
property-apartment-vic-thornbury-144718360,Thornbury,3071,2/42-44 Clarendon Street,-37.76001565,145.0033671,2,1,apartment,1,2024-06-08,,,"$645,000"
property-apartment-vic-thornbury-145023036,Thornbury,3071,9/2 Dundas Street,-37.752559,145.002317,1,1,apartment,1,2024-06-08,,,"$372,500"
property-apartment-vic-thornbury-144528512,Thornbury,3071,6/14 Hutton Street,-37.75574431,144.9993492,1,1,apartment,1,2024-06-06,,,"$324,000"
property-apartment-vic-thornbury-145087048,Thornbury,3071,4/14 Ballantyne Street,-37.75837533,144.9990778,1,1,apartment,1,2024-06-05,,,"$450,000"
property-house-vic-thornbury-144867648,Thornbury,3071,17 Aviary Grove,-37.76143796,145.027216,3,2,house,2,2024-06-04,,,"$950,000"
property-apartment-vic-thornbury-144241176,Thornbury,3071,7/112 Ballantyne Street,-37.75742,144.990696,1,1,apartment,1,2024-06-04,,,"$310,000"
property-house-vic-thornbury-144969608,Thornbury,3071,298 Rathmines Street,-37.763438,145.018221,4,3,house,2,2024-06-01,,,"$1,525,000"
property-unit-vic-thornbury-144956348,Thornbury,3071,2/131 Flinders Street,-37.75718249,145.0143726,3,2,unit,1,2024-06-01,,,"$902,000"
property-apartment-vic-thornbury-144938112,Thornbury,3071,8/68 Raleigh Street,-37.75943107,145.0054195,2,1,apartment,1,2024-06-01,,,"$580,000"
property-apartment-vic-thornbury-144959912,Thornbury,3071,20/25 Martin Street,-37.76099284,145.002927,2,1,apartment,1,2024-06-01,,,"$540,000"
property-unit-vic-thornbury-144996332,Thornbury,3071,7/60 Strettle Street,-37.750925,144.983438,1,1,unit,1,2024-05-30,,,"$340,000"
property-townhouse-vic-thornbury-144950996,Thornbury,3071,339B Rathmines Street,-37.76020282,145.0191809,3,2,townhouse,2,2024-05-29,,,"$1,180,000"
property-house-vic-thornbury-144710396,Thornbury,3071,39 Hutton Street,-37.755764,144.997154,2,1,house,2,2024-05-28,,,"$1,255,000"
property-unit-vic-thornbury-144948604,Thornbury,3071,5/64 Collins Street,-37.75528059,145.0069346,1,1,unit,1,2024-05-28,,,"$520,000"
property-apartment-vic-thornbury-144968312,Thornbury,3071,2/299 Mansfield Street,-37.758712,145.024327,1,1,apartment,1,2024-05-28,,,"$428,000"
property-unit-vic-thornbury-144728200,Thornbury,3071,3/5 Normanby Avenue,-37.75956974,144.9994245,1,1,unit,1,2024-05-28,,,"$350,000"
property-apartment-vic-thornbury-145086300,Thornbury,3071,3/305 Rathmines Street,-37.76285095,145.0186955,2,1,apartment,1,2024-05-26,,,"$600,000"
property-house-vic-thornbury-144902548,Thornbury,3071,39 Clyde Street,-37.761023,145.008114,3,2,house,,2024-05-25,,,"$2,040,000"
property-house-vic-thornbury-144871900,Thornbury,3071,326 Victoria Road,-37.758851,145.013405,2,1,house,2,2024-05-18,426,m2,"$950,000"
property-apartment-vic-thornbury-144842288,Thornbury,3071,3/22 Smith Street,-37.757436,144.998579,2,1,apartment,1,2024-05-18,,,"$675,000"
property-townhouse-vic-thornbury-144576516,Thornbury,3071,3/350 Gooch Street,-37.76094879,145.0273389,3,2,townhouse,2,2024-05-17,,,"$850,000"
property-apartment-vic-thornbury-144907716,Thornbury,3071,8/14 Kemp Street,-37.76196,144.995364,2,1,apartment,1,2024-05-17,,,"$643,000"
property-townhouse-vic-thornbury-144115668,Thornbury,3071,2/384 Station Street,-37.76066161,145.0209707,2,1,townhouse,1,2024-05-14,,,"$739,000"
property-house-vic-thornbury-144652328,Thornbury,3071,1/262 Rossmoyne Street,-37.759139,145.017872,3,2,house,2,2024-05-10,,,"$1,285,000"
property-apartment-vic-thornbury-144782920,Thornbury,3071,4/114 Normanby Avenue,-37.75823801,144.9896583,2,1,apartment,1,2024-05-10,,,"$590,000"
property-apartment-vic-thornbury-144722844,Thornbury,3071,6/6 Kemp Street,-37.762035,144.996031,1,1,apartment,1,2024-05-08,,,"$380,000"
property-apartment-vic-thornbury-144726148,Thornbury,3071,5/20 Kemp Street,-37.761899,144.994923,1,1,apartment,1,2024-05-08,,,"$337,000"
property-unit-vic-thornbury-144726060,Thornbury,3071,8/47 Collins Street,-37.75497368,145.0047088,2,1,unit,1,2024-05-05,,,"$674,000"
property-apartment-vic-thornbury-144728112,Thornbury,3071,3/131 Harold Street,-37.75572,144.988745,2,1,apartment,1,2024-05-04,,,"$540,000"
property-apartment-vic-thornbury-144724976,Thornbury,3071,4/73 Flinders Street,-37.75605291,145.0067383,2,1,apartment,1,2024-05-04,,,"$520,000"
property-house-vic-thornbury-144513092,Thornbury,3071,31 Raleigh Street,-37.75884,145.002645,3,1,house,3,2024-05-03,333,m2,"$1,455,000"
property-townhouse-vic-thornbury-144696212,Thornbury,3071,344 Gooch Street,-37.76094879,145.0273389,3,2,townhouse,2,2024-05-02,,,"$882,000"
property-townhouse-vic-thornbury-144716260,Thornbury,3071,6/82 Shaftesbury Parade,-37.75964981,144.9939303,2,2,townhouse,1,2024-05-02,,,"$810,000"
property-apartment-vic-thornbury-143609528,Thornbury,3071,1/187 Mansfield Street,-37.75766785,145.0143114,1,1,apartment,1,2024-04-30,,,"$285,000"
property-house-vic-thornbury-144717588,Thornbury,3071,6 Agnes Street,-37.762786,145.004718,2,1,house,,2024-04-29,,,"$1,150,000"
property-house-vic-thornbury-144656296,Thornbury,3071,9 Flinders Street,-37.755564,145.00237,4,1,house,1,2024-04-27,441,m2,"$1,480,000"
property-house-vic-thornbury-144600548,Thornbury,3071,279 Rathmines Street,-37.764801,145.018354,3,1,house,4,2024-04-22,661,m2,"$1,355,000"
property-apartment-vic-thornbury-144745816,Thornbury,3071,3/265 Rossmoyne Street,-37.75883245,145.0176402,2,1,apartment,1,2024-04-22,,,"$600,000"
property-unit-vic-thornbury-144571172,Thornbury,3071,1/111 Mansfield Street,-37.75708131,145.0089301,3,1,unit,1,2024-04-20,,,"$927,500"
property-unit-vic-thornbury-144603052,Thornbury,3071,1/83 Speight Street,-37.762658,145.014166,2,1,unit,1,2024-04-20,,,"$728,000"
property-apartment-vic-thornbury-144737720,Thornbury,3071,5/85 Hutton Street,-37.75538524,144.9935337,2,2,apartment,1,2024-04-18,95,m2,"$612,000"
property-house-vic-thornbury-144446156,Thornbury,3071,155 Ballantyne Street,-37.757429,144.988585,3,1,house,2,2024-04-14,664,m2,"$1,315,000"
property-house-vic-thornbury-144496784,Thornbury,3071,67 Smith Street,-37.75731587,144.9951444,3,1,house,,2024-04-13,323,m2,"$1,220,000"
property-townhouse-vic-thornbury-144557880,Thornbury,3071,10 Ibis Place,-37.76109244,145.0265522,3,1,townhouse,1,2024-04-11,,,"$740,000"
property-unit-vic-thornbury-144368752,Thornbury,3071,6/55 Martin Street,-37.76118759,145.0046397,1,1,unit,1,2024-04-08,,,"$400,000"
property-house-vic-thornbury-144561688,Thornbury,3071,16 Kelvin Grove,-37.76254035,145.0026596,2,1,house,1,2024-04-06,208,m2,"$1,640,000"
property-house-vic-thornbury-144481160,Thornbury,3071,7 Rossmoyne Street,-37.757184,145.002023,4,1,house,3,2024-04-06,650,m2,"$1,620,000"
property-house-vic-thornbury-144446820,Thornbury,3071,169 Hutton Street,-37.754679,144.986923,3,1,house,1,2024-04-04,355,m2,"$1,143,100"
property-apartment-vic-thornbury-143741544,Thornbury,3071,7/282-284 Mansfield Street,-37.75888887,145.02305,2,1,apartment,1,2024-04-04,,,"$450,000"
property-apartment-vic-thornbury-144496632,Thornbury,3071,8/82 Gooch Street,-37.758734,145.006424,2,1,apartment,1,2024-04-03,,,"$665,000"
property-apartment-vic-thornbury-144498372,Thornbury,3071,103/85 Hutton Street,-37.75538524,144.9935337,2,2,apartment,1,2024-04-03,,,"$585,000"
property-apartment-vic-thornbury-144450420,Thornbury,3071,14/72 Dundas Street,-37.75332586,145.0091947,1,1,apartment,1,2024-04-03,,,"$330,000"
property-townhouse-vic-thornbury-144366356,Thornbury,3071,3/13 Smith Street,-37.75773121,144.9987263,3,1,townhouse,1,2024-03-28,,,"$1,045,000"
property-apartment-vic-thornbury-142842968,Thornbury,3071,2/87A Clyde Street,-37.76157,145.013242,1,1,apartment,1,2024-03-28,,,"$295,000"
property-house-vic-thornbury-144342668,Thornbury,3071,251 Gooch St,-37.759892,145.020143,3,1,house,1,2024-03-26,556,m2,"$1,340,000"
property-house-vic-thornbury-144368732,Thornbury,3071,163 Harold Street,-37.75545885,144.9860459,3,1,house,2,2024-03-23,,,"$1,655,500"
property-apartment-vic-thornbury-144370780,Thornbury,3071,7/37 Collins Street,-37.75488997,145.0039448,2,1,apartment,1,2024-03-23,,,"$683,000"
property-townhouse-vic-thornbury-144362440,Thornbury,3071,10/8-10 Martin Street,-37.761114,145.00121,2,1,townhouse,1,2024-03-20,,,"$720,000"
property-house-vic-thornbury-144307820,Thornbury,3071,188 Harold Street,-37.7552257,144.986524,3,2,house,1,2024-03-16,,,"$2,020,000"
property-apartment-vic-thornbury-144308288,Thornbury,3071,6/79 Normanby Avenue,-37.75881775,144.9921989,2,1,apartment,1,2024-03-16,,,"$686,000"
property-house-vic-thornbury-144378204,Thornbury,3071,46 Johnson Street,-37.762418,144.998961,3,2,house,3,2024-03-15,442,m2,"$1,613,000"
property-apartment-vic-thornbury-142539788,Thornbury,3071,105/23-25 Clapham Street,-37.75527914,144.9978433,2,2,apartment,1,2024-03-13,,,"$640,000"
property-apartment-vic-thornbury-144246668,Thornbury,3071,7/360 St Georges Road,-37.758087,144.993879,2,1,apartment,1,2024-03-13,,,"$580,000"
property-apartment-vic-thornbury-144262380,Thornbury,3071,7/104 Gooch Street,-37.75886094,145.0076216,1,1,apartment,1,2024-03-10,,,"$410,000"
property-apartment-vic-thornbury-144237660,Thornbury,3071,7/9 Hammond Street,-37.763285,145.010256,2,1,apartment,1,2024-03-08,,,"$569,000"
property-unit-vic-thornbury-144386628,Thornbury,3071,10/56 Pender Street,-37.754464,145.00947,1,1,unit,1,2024-03-06,,,"$382,000"
property-apartment-vic-thornbury-144325112,Thornbury,3071,16/74 Dundas Street,-37.753331,145.009433,1,1,apartment,1,2024-03-06,,,"$335,000"
property-house-vic-thornbury-144135892,Thornbury,3071,230 Rossmoyne Street,-37.75875776,145.0146698,2,1,house,4,2024-03-02,780,m2,"$1,800,000"
property-house-vic-thornbury-144180760,Thornbury,3071,158 Mansfield Street,-37.757744,145.012436,3,2,house,1,2024-03-02,,,"$1,800,000"
property-townhouse-vic-thornbury-144135304,Thornbury,3071,3/18 Strettle Street,-37.75398413,144.98289,3,2,townhouse,2,2024-03-02,,,"$1,180,000"
property-townhouse-vic-thornbury-144187088,Thornbury,3071,4/86 Normanby Avenue,-37.75850218,144.9919454,2,1,townhouse,1,2024-03-02,,,"$730,000"
property-apartment-vic-thornbury-144224320,Thornbury,3071,8/30 Strettle Street,-37.7525945,144.9831192,2,1,apartment,1,2024-03-02,,,"$575,000"
property-unit-vic-thornbury-144173940,Thornbury,3071,6/33 Woolton Avenue,-37.761145,144.996169,1,1,unit,1,2024-03-02,,,"$326,500"
property-apartment-vic-thornbury-144184152,Thornbury,3071,13/137-139 Flinders Street,-37.75726305,145.0148898,2,1,apartment,2,2024-02-28,,,"$650,000"
property-house-vic-thornbury-144144348,Thornbury,3071,52 Bradley Avenue,-37.760696,144.988315,3,1,house,4,2024-02-24,,,"$1,600,000"
property-house-vic-thornbury-144131268,Thornbury,3071,1A Woolton Avenue,-37.76150316,144.9994631,3,1,house,2,2024-02-24,,,"$1,375,000"
property-house-vic-thornbury-144115836,Thornbury,3071,5 Jones Street,-37.757845,145.022695,3,1,house,2,2024-02-24,669,m2,"$1,350,000"
property-house-vic-thornbury-144114136,Thornbury,3071,4 Martin Street,-37.761072,145.000859,2,1,house,,2024-02-24,210,m2,"$1,250,000"
property-house-vic-thornbury-144143952,Thornbury,3071,12 Smith Street,-37.757573,144.999423,2,2,house,,2024-02-24,,,"$1,230,000"
property-house-vic-thornbury-144043092,Thornbury,3071,15 Rayment Street,-37.7594,144.996171,3,2,house,1,2024-02-22,,,"$1,020,000"
property-apartment-vic-thornbury-144074904,Thornbury,3071,7/56 Pender Street,-37.754464,145.00947,1,1,apartment,1,2024-02-22,,,"$383,000"
property-house-vic-thornbury-144001472,Thornbury,3071,18B Dundas Street,-37.752838,145.003388,2,1,house,1,2024-02-21,,,"$1,070,000"
property-unit-vic-thornbury-144116184,Thornbury,3071,3/88 Dundas Street,-37.75361941,145.0116311,3,2,unit,2,2024-02-21,,,"$930,000"
property-townhouse-vic-thornbury-144135316,Thornbury,3071,2/31 Mansfield Street,-37.75654774,145.0038918,2,2,townhouse,1,2024-02-21,,,"$825,000"
property-apartment-vic-thornbury-144260788,Thornbury,3071,7/75 Pender Street,-37.75416828,145.0097763,1,1,apartment,1,2024-02-21,,,"$330,000"
property-apartment-vic-thornbury-144062356,Thornbury,3071,4/104 Gooch Street,-37.75886094,145.0076216,2,1,apartment,1,2024-02-17,,,"$615,000"
property-unit-vic-thornbury-144065192,Thornbury,3071,6/99 Smith Street,-37.756929,144.992015,2,1,unit,1,2024-02-17,,,"$447,500"
property-apartment-vic-thornbury-144027340,Thornbury,3071,7/187 Mansfield Street,-37.75766785,145.0143114,1,1,apartment,1,2024-02-15,,,"$310,000"
property-unit-vic-thornbury-141735968,Thornbury,3071,8/4 Dundas Street,-37.75255095,145.00251,1,1,unit,1,2024-02-13,,,"$325,000"
property-house-vic-thornbury-143879692,Thornbury,3071,152 Gooch Street,-37.75917,145.010549,3,1,house,1,2024-02-12,,,"$1,490,000"
property-apartment-vic-thornbury-144011136,Thornbury,3071,101/690 High Street,-37.7583438,145.0008682,2,1,apartment,1,2024-02-12,,,"$605,000"
property-apartment-vic-thornbury-144074916,Thornbury,3071,9/66 Dundas Street,-37.753204,145.008312,1,1,apartment,1,2024-02-07,,,"$329,500"
property-house-vic-thornbury-143897284,Thornbury,3071,42 Keon Street,-37.752172,144.991576,3,2,house,2,2024-02-03,,,"$1,730,000"
property-apartment-vic-thornbury-143999096,Thornbury,3071,8/14 Hutton Street,-37.75574431,144.9993492,1,1,apartment,1,2024-02-01,,,"$330,000"
property-apartment-vic-thornbury-143949920,Thornbury,3071,11/42-44 Clarendon Street,-37.76001565,145.0033671,3,1,apartment,1,2024-01-26,,,"$689,000"
property-apartment-vic-thornbury-144006848,Thornbury,3071,7/101 St David Street,-37.755432,145.005767,1,1,apartment,1,2024-01-26,,,"$380,000"
property-unit-vic-thornbury-143571772,Thornbury,3071,1A/42-44 Clarendon Street,-37.76001565,145.0033671,2,1,unit,1,2024-01-19,,,"$660,000"
property-apartment-vic-thornbury-143207648,Thornbury,3071,5/44 Swift Street,-37.762698,145.017616,2,1,apartment,1,2024-01-19,,,"$450,000"
property-house-vic-thornbury-143208120,Thornbury,3071,304 Gooch Street,-37.760645,145.02472,3,1,house,2,2023-12-21,,,"$1,350,000"
property-apartment-vic-thornbury-143504116,Thornbury,3071,15/87A Clyde Street,-37.76157,145.013242,1,1,apartment,1,2023-12-21,,,"$299,000"
property-unitblock-vic-thornbury-143260140,Thornbury,3071,1-7/10 Murray Street,-37.754247,144.99539,9,7,unitblock,8,2023-12-20,762,m2,"$2,100,000"
property-unit-vic-thornbury-143127884,Thornbury,3071,10/33 Woolton Avenue,-37.761145,144.996169,1,1,unit,1,2023-12-17,,,"$332,000"
property-house-vic-thornbury-143698500,Thornbury,3071,40 Wales Street,-37.76305,145.009149,3,1,house,1,2023-12-16,,,"$1,115,000"
property-house-vic-thornbury-143725084,Thornbury,3071,1 Shaftesbury Parade,-37.760636,144.999645,2,1,house,1,2023-12-16,,,"$1,052,000"
property-unit-vic-thornbury-143719428,Thornbury,3071,403/681 High Street,-37.7602423,145.0001127,2,2,unit,2,2023-12-16,,,"$785,000"
property-apartment-vic-thornbury-143730040,Thornbury,3071,8/99 Ballantyne Street,-37.75785431,144.9923537,1,1,apartment,1,2023-12-15,,,"$310,000"
property-house-vic-thornbury-143678812,Thornbury,3071,94 Smith Street,-37.756771,144.992802,3,1,house,1,2023-12-13,425,m2,"$1,137,000"
property-apartment-vic-thornbury-141872732,Thornbury,3071,104/23-25  Clapham Street,-37.75527914,144.9978433,2,2,apartment,1,2023-12-13,,,"$670,000"
property-house-vic-thornbury-143642720,Thornbury,3071,117A Flinders Street,-37.756671,145.012431,4,2,house,4,2023-12-12,645,m2,"$1,500,000"
property-townhouse-vic-thornbury-143187688,Thornbury,3071,2/8 Ballantyne Street,-37.75842454,144.9994992,3,2,townhouse,2,2023-12-12,,,"$1,050,000"
property-house-vic-thornbury-143640592,Thornbury,3071,71D Pender Street,-37.754132,145.009366,2,1,house,2,2023-12-10,,,"$1,130,000"
property-unit-vic-thornbury-143641148,Thornbury,3071,10/95 Raleigh Street,-37.75924401,145.0066019,1,1,unit,1,2023-12-10,,,"$395,000"
property-house-vic-thornbury-143634852,Thornbury,3071,13 Normanby Avenue,-37.759516,144.998949,3,1,house,2,2023-12-09,349,m2,"$1,480,000"
property-unit-vic-thornbury-143249488,Thornbury,3071,5/112 Dundas Street,-37.75409552,145.0133771,3,2,unit,2,2023-12-07,,,"$820,000"
property-house-vic-thornbury-143526128,Thornbury,3071,16 Bradley Avenue,-37.761013,144.991042,2,1,house,2,2023-12-06,439,m2,"$1,302,500"
property-apartment-vic-thornbury-143315276,Thornbury,3071,6/14 Kemp Street,-37.76196,144.995364,2,1,apartment,1,2023-12-06,,,"$542,000"
property-apartment-vic-thornbury-143507356,Thornbury,3071,4/16-18 Kemp Street,-37.76192107,144.9951383,2,1,apartment,1,2023-12-04,,,"$530,000"
property-house-vic-thornbury-143565604,Thornbury,3071,34 Normanby Avenue,-37.759012,144.996851,3,2,house,1,2023-12-02,,,"$1,370,000"
property-townhouse-vic-thornbury-143590728,Thornbury,3071,4/59 Miller Street,-37.75159316,144.9918712,3,2,townhouse,1,2023-12-02,,,"$1,160,000"
property-apartment-vic-thornbury-143240356,Thornbury,3071,2/39 Rossmoyne Street,-37.7573362,145.0037624,1,1,apartment,1,2023-12-01,,,"$325,000"
property-house-vic-thornbury-143254312,Thornbury,3071,69 Smith Street,-37.757287,144.995047,3,1,house,,2023-11-27,331,m2,"$1,630,000"
property-apartment-vic-thornbury-143496308,Thornbury,3071,11/5 Kemp Street,-37.76232281,144.9958249,1,1,apartment,1,2023-11-26,,,"$410,000"
property-house-vic-thornbury-143527616,Thornbury,3071,25 Plow Street,-37.75447,145.000072,3,1,house,1,2023-11-25,,,"$1,670,000"
property-house-vic-thornbury-143526540,Thornbury,3071,215 Raleigh Street,-37.760276,145.016171,3,1,house,2,2023-11-25,469,m2,"$1,405,000"
property-unit-vic-thornbury-143588132,Thornbury,3071,19/5 Kemp Street,-37.76232281,144.9958249,1,1,unit,1,2023-11-23,,,"$370,000"
property-unit-vic-thornbury-143570312,Thornbury,3071,2/34 Ethel Street,-37.75372848,144.9996068,2,1,unit,2,2023-11-22,,,"$767,000"
property-unit-vic-thornbury-143586268,Thornbury,3071,5/9 Jones Street,-37.75763279,145.0227539,2,1,unit,1,2023-11-22,,,"$765,000"
property-townhouse-vic-thornbury-143072832,Thornbury,3071,3/63 Alston Street,-37.75545569,145.022076,2,1,townhouse,1,2023-11-21,,,"$785,000"
property-apartment-vic-thornbury-143654524,Thornbury,3071,10/11 Kemp Street,-37.76223943,144.9953114,2,1,apartment,1,2023-11-21,,,"$530,000"
property-villa-vic-thornbury-143431388,Thornbury,3071,1/8-10 Martin Street,-37.761114,145.00121,1,1,villa,2,2023-11-19,,,"$602,000"
property-house-vic-thornbury-143101000,Thornbury,3071,320 Gillies Street,-37.76379,145.019324,4,2,house,3,2023-11-18,536,m2,"$2,600,000"
property-house-vic-thornbury-143265908,Thornbury,3071,272 Raleigh Street,-37.760823,145.018688,4,4,house,2,2023-11-18,,,"$2,130,000"
property-house-vic-thornbury-143454684,Thornbury,3071,80 Smith Street,-37.75700216,144.9947036,4,1,house,3,2023-11-18,615,m2,"$2,020,000"
property-townhouse-vic-thornbury-143458888,Thornbury,3071,1/66 Hammond Street,-37.7641051,145.0152773,3,1,townhouse,2,2023-11-18,,,"$1,110,000"
property-unit-vic-thornbury-143441380,Thornbury,3071,3/73 Darebin Road,-37.76336632,145.0053296,2,1,unit,1,2023-11-18,,,"$625,000"
property-apartment-vic-thornbury-143437744,Thornbury,3071,104/85 Hutton Street,-37.75538524,144.9935337,2,1,apartment,1,2023-11-18,,,"$518,000"
property-house-vic-thornbury-143588808,Thornbury,3071,11 Watt Street,-37.753507,144.995413,3,1,house,2,2023-11-17,,,"$1,110,000"
property-apartment-vic-thornbury-143441060,Thornbury,3071,4/77 Pender Street,-37.75420692,145.0100227,2,1,apartment,1,2023-11-17,,,"$420,000"
property-unit-vic-thornbury-143394756,Thornbury,3071,4/37 Clapham Street,-37.75428274,144.9980153,1,1,unit,1,2023-11-11,,,"$440,000"
property-house-vic-thornbury-143368056,Thornbury,3071,36 Harold Street,-37.756437,144.997556,3,2,house,3,2023-11-10,500,m2,"$1,420,000"
property-house-vic-thornbury-143464036,Thornbury,3071,368 Station Street,-37.76189164,145.0207647,3,1,house,2,2023-11-10,383,m2,"$955,000"
property-unit-vic-thornbury-142908556,Thornbury,3071,5/20 Alexandra Street,-37.76285981,145.0069074,2,1,unit,1,2023-11-06,,,"$570,000"
property-apartment-vic-thornbury-142843776,Thornbury,3071,1/2 Dundas Street,-37.752559,145.002317,2,1,apartment,1,2023-11-04,,,"$557,000"
property-apartment-vic-thornbury-143285356,Thornbury,3071,7/30 Kemp Street,-37.76180113,144.9941468,2,1,apartment,1,2023-11-03,,,"$527,500"
property-house-vic-thornbury-142796864,Thornbury,3071,292 Mansfield Street,-37.758933,145.023664,3,1,house,4,2023-11-02,470,m2,"$1,160,000"
property-house-vic-thornbury-143255972,Thornbury,3071,297 Raleigh Street,-37.76094,145.022396,2,1,house,1,2023-10-29,,,"$980,000"
property-house-vic-thornbury-143280520,Thornbury,3071,48 Flinders Street,-37.756076,145.004433,2,1,house,,2023-10-26,306,m2,"$1,382,000"
property-unit-vic-thornbury-143314736,Thornbury,3071,1/64 Collins Street,-37.75528059,145.0069346,2,1,unit,1,2023-10-26,,,"$680,000"
property-apartment-vic-thornbury-143342792,Thornbury,3071,2/143 Smith Street,-37.756621,144.989288,1,1,apartment,1,2023-10-25,,,"$365,000"
property-unit-vic-thornbury-142727512,Thornbury,3071,10/20 Kemp Street,-37.761899,144.994923,1,1,unit,1,2023-10-21,,,"$331,000"
property-unit-vic-thornbury-143195052,Thornbury,3071,3/67 Flinders Street,-37.75594971,145.0060096,2,1,unit,1,2023-10-20,,,"$830,000"
property-unit-vic-thornbury-143124764,Thornbury,3071,50 Rayment Street,-37.75599424,144.9970336,1,1,unit,1,2023-10-20,,,"$665,000"
property-apartment-vic-thornbury-143251248,Thornbury,3071,4/31 Martin Street,-37.761039,145.003187,1,1,apartment,1,2023-10-20,,,"$340,000"
property-townhouse-vic-thornbury-143197804,Thornbury,3071,17A Ethel Street,-37.753245,144.99923,3,1,townhouse,2,2023-10-18,,,"$1,115,000"
property-house-vic-thornbury-143151912,Thornbury,3071,9A Speight Street,-37.76186255,145.0068197,4,2,house,2,2023-10-14,,,"$2,180,000"
property-townhouse-vic-thornbury-143119532,Thornbury,3071,360 Gooch Street,-37.76094879,145.0273389,3,2,townhouse,2,2023-10-12,,,"$1,105,000"
property-unitblock-vic-thornbury-142920416,Thornbury,3071,1-7/79 Harold Street,-37.75615,144.992853,9,7,unitblock,7,2023-10-11,717,m2,"$1,900,000"
property-apartment-vic-thornbury-143201200,Thornbury,3071,6/130 Rossmoyne Street,-37.75814677,145.008464,2,1,apartment,1,2023-10-11,,,"$585,000"
property-house-vic-thornbury-143087368,Thornbury,3071,92 Speight Street,-37.76328,145.016863,2,1,house,1,2023-10-07,,,"$1,150,000"
property-unit-vic-thornbury-143087924,Thornbury,3071,4/2 Strettle Street,-37.75542477,144.9820222,2,1,unit,1,2023-10-07,,,"$822,000"
property-unit-vic-thornbury-143086964,Thornbury,3071,3/379 Station Street,-37.75993046,145.0215587,2,1,unit,1,2023-10-07,,,"$675,000"
property-apartment-vic-thornbury-143037432,Thornbury,3071,2/13 Mansfield Street,-37.75641147,145.0026044,2,1,apartment,3,2023-10-05,,,"$635,000"
property-apartment-vic-thornbury-143080992,Thornbury,3071,3/13 Mansfield Street,-37.75641147,145.0026044,2,1,apartment,1,2023-10-05,,,"$628,500"
property-apartment-vic-thornbury-143027968,Thornbury,3071,15/58 Clarendon Street,-37.7601253,145.0043795,3,2,apartment,2,2023-09-30,114,m2,"$850,000"
property-apartment-vic-thornbury-142805884,Thornbury,3071,6/267 Rossmoyne Street,-37.75883248,145.0178885,2,1,apartment,1,2023-09-29,,,"$620,000"
property-apartment-vic-thornbury-143026912,Thornbury,3071,12/14 Ballantyne Street,-37.75837533,144.9990778,1,1,apartment,1,2023-09-28,,,"$369,000"
property-apartment-vic-thornbury-143086928,Thornbury,3071,8/54 Pender Street,-37.75443305,145.0091914,1,1,apartment,1,2023-09-25,,,"$372,000"
property-house-vic-thornbury-142962340,Thornbury,3071,266 Raleigh Street,-37.760771,145.018235,3,1,house,2,2023-09-23,673,m2,"$1,511,000"
property-house-vic-thornbury-142855892,Thornbury,3071,65  Alston Street,-37.755494,145.022224,3,1,house,3,2023-09-22,685,m2,"$1,280,000"
property-unit-vic-thornbury-142663504,Thornbury,3071,2/365 Victoria Road,-37.75451374,145.0137828,1,1,unit,,2023-09-19,,,"$245,000"
property-townhouse-vic-thornbury-142881576,Thornbury,3071,5/54 Clarendon Street,-37.76009943,145.0041406,2,2,townhouse,1,2023-09-16,97,m2,"$837,500"
property-house-vic-thornbury-143022852,Thornbury,3071,290 Victoria Road,-37.761205,145.013013,3,1,house,4,2023-09-14,760,m2,"$1,780,000"
property-apartment-vic-thornbury-141802156,Thornbury,3071,11/18 Pender Street,-37.753854,145.003063,1,1,apartment,1,2023-09-12,,,"$272,000"
property-unit-vic-thornbury-142749284,Thornbury,3071,2/85 Speight Street,-37.76258561,145.0143191,2,1,unit,1,2023-09-10,,,"$769,000"
property-house-vic-thornbury-142798872,Thornbury,3071,36 Smith Street,-37.75726079,144.9971527,3,1,house,1,2023-09-09,,,"$1,375,000"
property-house-vic-thornbury-142872304,Thornbury,3071,14 Raleigh Street,-37.759044,145.001924,3,1,house,2,2023-09-09,,,"$1,325,000"
property-house-vic-thornbury-142855944,Thornbury,3071,100 Wilmoth Street,-37.75847,145.017294,3,1,house,2,2023-09-09,,,"$1,287,000"
property-townhouse-vic-thornbury-142846104,Thornbury,3071,48 Pender Street,-37.7541849,145.0059674,3,2,townhouse,2,2023-09-09,207,m2,"$1,190,000"
property-apartment-vic-thornbury-142855948,Thornbury,3071,10/137-139 Flinders Street,-37.75726305,145.0148898,2,1,apartment,1,2023-09-09,,,"$695,000"
property-apartment-vic-thornbury-142458356,Thornbury,3071,8/80 Clyde Street,-37.76208256,145.0151179,1,1,apartment,1,2023-09-09,,,"$611,500"
property-apartment-vic-thornbury-142859808,Thornbury,3071,11/56 Pender Street,-37.754464,145.00947,1,1,apartment,1,2023-09-09,,,"$360,000"
property-unit-vic-thornbury-142849252,Thornbury,3071,2/137 Hutton Street,-37.754957,144.989503,2,1,unit,1,2023-09-08,,,"$610,000"
property-house-vic-thornbury-142671524,Thornbury,3071,109 Smith Street,-37.756874,144.991449,2,1,house,1,2023-09-07,300,m2,"$1,272,000"
property-apartment-vic-thornbury-142374376,Thornbury,3071,1/5 Normanby Avenue,-37.75956974,144.9994245,2,1,apartment,1,2023-09-07,,,"$500,000"
property-house-vic-thornbury-142811412,Thornbury,3071,32 Alexandra Street,-37.76218504,145.0070627,3,2,house,1,2023-09-02,,,"$1,875,000"
property-house-vic-thornbury-142793148,Thornbury,3071,344 Victoria Road,-37.757602,145.01362,3,1,house,1,2023-09-02,,,"$1,310,000"
property-house-vic-thornbury-142803712,Thornbury,3071,59 Gooch Street,-37.758211,145.004376,2,1,house,,2023-09-02,,,"$1,291,000"
property-apartment-vic-thornbury-142777008,Thornbury,3071,305/636 High Street,-37.76021562,145.0005471,1,1,apartment,1,2023-09-02,,,"$454,000"
property-apartment-vic-thornbury-142744660,Thornbury,3071,12/45 Woolton Avenue,-37.76105,144.99532,1,1,apartment,1,2023-09-02,,,"$380,000"
property-townhouse-vic-thornbury-142819348,Thornbury,3071,92 Wilmoth Street,-37.75946699,145.0171274,2,2,townhouse,1,2023-08-31,,,"$745,000"
property-house-vic-thornbury-142734428,Thornbury,3071,323 Gillies Street,-37.76321451,145.0198262,4,2,house,2,2023-08-26,,,"$1,310,000"
property-unit-vic-thornbury-142725188,Thornbury,3071,6/187 Mansfield Street,-37.75766785,145.0143114,1,1,unit,1,2023-08-26,,,"$295,000"
property-unit-vic-thornbury-142552192,Thornbury,3071,4/198-200 Dundas Street,-37.7546496,145.0210716,2,1,unit,2,2023-08-23,125,m2,"$600,000"
property-townhouse-vic-thornbury-142254200,Thornbury,3071,83 Alston Court,-37.75577409,145.0237606,3,3,townhouse,2,2023-08-21,181,m2,"$940,000"
property-unit-vic-thornbury-142414764,Thornbury,3071,4/1 Collins Street,-37.75467447,145.0019908,1,1,unit,1,2023-08-21,,,"$362,000"
property-townhouse-vic-thornbury-142679300,Thornbury,3071,1/54 Strettle Street,-37.75128054,144.9833388,3,2,townhouse,2,2023-08-17,,,"$1,255,000"
property-house-vic-thornbury-142680576,Thornbury,3071,199 Rossmoyne Street,-37.758544,145.014969,3,2,house,2,2023-08-12,432,m2,"$1,625,000"
property-house-vic-thornbury-142625904,Thornbury,3071,228 Collins Street,-37.756692,145.023293,2,1,house,4,2023-08-12,,,"$1,100,000"
property-house-vic-thornbury-142551200,Thornbury,3071,2/14 Harry Street,-37.75654,145.016124,3,2,house,4,2023-08-08,,,"$1,358,000"
property-townhouse-vic-thornbury-142641136,Thornbury,3071,21 Aviary Grove,-37.76124051,145.0270881,3,1,townhouse,1,2023-08-04,,,"$780,000"
property-apartment-vic-thornbury-142556160,Thornbury,3071,2/1A Ballantyne Street,-37.75879181,145.0002362,2,1,apartment,1,2023-08-04,,,"$537,000"
property-townhouse-vic-thornbury-142526776,Thornbury,3071,108 Wales Street,-37.757813,145.010022,3,2,townhouse,2,2023-07-29,,,"$1,141,000"
property-apartment-vic-thornbury-142464788,Thornbury,3071,4/112 Ballantyne Street,-37.75742,144.990696,1,1,apartment,1,2023-07-28,,,"$385,000"
property-apartment-vic-thornbury-142637088,Thornbury,3071,2/10 Normanby Avenue,-37.759294,144.999413,1,1,apartment,1,2023-07-27,,,"$457,000"
property-house-vic-thornbury-142108956,Thornbury,3071,318 Victoria Road,-37.759435,145.01331,5,2,house,2,2023-07-19,502,m2,"$1,810,000"
property-house-vic-thornbury-142397612,Thornbury,3071,14 Woolton Avenue,-37.761165,144.998427,4,2,house,3,2023-07-16,603,m2,"$1,757,000"
property-townhouse-vic-thornbury-141999384,Thornbury,3071,19/158 Clarendon Street,-37.76140218,145.0117954,2,2,townhouse,1,2023-07-14,,,"$653,000"
property-house-vic-thornbury-141768804,Thornbury,3071,10 Hutton Street,-37.755796,144.999594,3,1,house,1,2023-07-09,,,"$1,305,000"
property-house-vic-thornbury-142216468,Thornbury,3071,13 Comas Grove,-37.756845,144.984492,3,2,house,2,2023-07-08,570,m2,"$1,901,000"
property-apartment-vic-thornbury-142362700,Thornbury,3071,2/56 Pender Street,-37.754464,145.00947,1,1,apartment,1,2023-07-08,,,"$458,000"
property-house-vic-thornbury-142420060,Thornbury,3071,55 Rennie Street,-37.75309934,144.9890814,3,1,house,1,2023-07-06,,,"$1,494,000"
property-apartment-vic-thornbury-142215376,Thornbury,3071,2/31 Martin Street,-37.761039,145.003187,1,1,apartment,1,2023-07-03,,,"$315,000"
property-house-vic-thornbury-142304092,Thornbury,3071,56 Bradley Avenue,-37.760664,144.98802,3,1,house,3,2023-07-01,,,"$1,485,000"
property-apartment-vic-thornbury-142302496,Thornbury,3071,8/70 Collins Street,-37.755343,145.007502,1,1,apartment,1,2023-07-01,,,"$391,000"
property-apartment-vic-thornbury-142332160,Thornbury,3071,1/15 Rennie Street,-37.7534405,144.992473,1,1,apartment,1,2023-06-29,,,"$364,000"
property-unit-vic-thornbury-142108856,Thornbury,3071,3/44 Hammond Street,-37.76390846,145.0133791,3,1,unit,1,2023-06-28,,,"$950,000"
property-unit-vic-thornbury-142209584,Thornbury,3071,7/337 Station Street,-37.763439,145.020961,3,2,unit,2,2023-06-27,,,"$765,000"
property-house-vic-thornbury-142280060,Thornbury,3071,48 Mansfield Street,-37.75691581,145.0044151,4,2,house,2,2023-06-22,,,"$2,400,000"
property-house-vic-thornbury-142268180,Thornbury,3071,10 Clyde Street,-37.761162,145.006737,5,2,house,2,2023-06-22,454,m2,"$1,485,000"
property-townhouse-vic-thornbury-142315680,Thornbury,3071,2/153 Ballantyne Street,-37.75747012,144.9888446,3,3,townhouse,1,2023-06-20,,,"$990,000"
property-villa-vic-thornbury-142062000,Thornbury,3071,5/196 Clarendon Street,-37.7613439,145.0159358,1,1,villa,1,2023-06-18,,,"$325,000"
property-townhouse-vic-thornbury-142227828,Thornbury,3071,13a Lewis Street,-37.75758212,144.9870602,2,2,townhouse,1,2023-06-17,,,"$1,293,000"
property-apartment-vic-thornbury-142209636,Thornbury,3071,7/7 Smith Street,-37.75781569,144.9994404,1,1,apartment,1,2023-06-17,,,"$348,500"
property-unit-vic-thornbury-142156784,Thornbury,3071,1/70 Clarendon Street,-37.760191,145.004989,2,1,unit,1,2023-06-03,,,"$595,000"
property-townhouse-vic-thornbury-141892404,Thornbury,3071,5/66 Collins Street,-37.75528624,145.0069856,2,1,townhouse,1,2023-05-30,,,"$760,000"
property-apartment-vic-thornbury-141310996,Thornbury,3071,2/139 Hutton Street,-37.75494526,144.9893309,2,1,apartment,1,2023-05-29,,,"$669,000"
property-unit-vic-thornbury-142075344,Thornbury,3071,3/76  Collins Street,-37.75540912,145.0080953,3,1,unit,1,2023-05-28,,,"$1,032,000"
property-house-vic-thornbury-142053712,Thornbury,3071,36B Collins Street,-37.75521895,145.0039511,3,2,house,2,2023-05-27,,,"$1,685,000"
property-apartment-vic-thornbury-142115168,Thornbury,3071,11/105 Flinders Street,-37.75647731,145.0107931,1,1,apartment,1,2023-05-22,,,"$380,000"
property-house-vic-thornbury-142017624,Thornbury,3071,3A Harry Street,-37.75713424,145.0156064,3,2,house,2,2023-05-20,,,"$1,350,500"
property-villa-vic-thornbury-142012468,Thornbury,3071,1/198 Raleigh Street,-37.76042206,145.0138852,1,1,villa,1,2023-05-20,,,"$550,000"
property-apartment-vic-thornbury-139498211,Thornbury,3071,14/87a Clyde Street,-37.76157,145.013242,1,1,apartment,1,2023-05-19,,,"$355,000"
property-house-vic-thornbury-142067072,Thornbury,3071,6 Rossmoyne Street,-37.7574209,145.0015996,3,2,house,2,2023-05-17,,,"$1,240,000"
property-house-vic-thornbury-141657324,Thornbury,3071,345 Station Street,-37.762594,145.02107,3,1,house,3,2023-05-17,519,m2,"$1,170,000"
property-townhouse-vic-thornbury-142024448,Thornbury,3071,35/85C Clyde Street,-37.76140218,145.0117954,4,3,townhouse,2,2023-05-17,,,"$850,000"
property-unit-vic-thornbury-141191476,Thornbury,3071,1/39 Martin Street,-37.76107366,145.0036377,2,1,unit,1,2023-05-15,,,"$650,000"
property-house-vic-thornbury-141981212,Thornbury,3071,497 St Georges Road,-37.754627,144.993882,4,2,house,3,2023-05-13,547,m2,"$1,250,000"
property-house-vic-thornbury-140303551,Thornbury,3071,164 Dundas Street,-37.754306,145.018044,3,2,house,2,2023-05-12,865,m2,"$1,718,000"
property-unit-vic-thornbury-142011672,Thornbury,3071,9/17 Kemp Street,-37.76221259,144.9948846,2,1,unit,1,2023-05-11,,,"$459,000"
property-unit-vic-thornbury-140923684,Thornbury,3071,6/75 Pender Street,-37.75416828,145.0097763,1,1,unit,1,2023-05-11,,,"$300,000"
property-townhouse-vic-thornbury-141927796,Thornbury,3071,9/52 Clyde Street,-37.76174947,145.0119594,2,1,townhouse,1,2023-05-09,,,"$970,000"
property-apartment-vic-thornbury-141928100,Thornbury,3071,1/106 Keon Street,-37.751677,144.986879,2,1,apartment,1,2023-05-09,,,"$535,000"
property-townhouse-vic-thornbury-141936932,Thornbury,3071,18e Swift Street,-37.76475711,145.0173061,3,2,townhouse,2,2023-05-06,,,"$1,083,000"
property-townhouse-vic-thornbury-141921492,Thornbury,3071,6/158 Clarendon Street,-37.76140218,145.0117954,3,2,townhouse,2,2023-05-06,135,m2,"$845,000"
property-unit-vic-thornbury-141932572,Thornbury,3071,2/9 Rennie Street,-37.753505,144.993095,2,1,unit,1,2023-05-06,,,"$614,000"
property-house-vic-thornbury-142010328,Thornbury,3071,175 Mansfield Street,-37.757549,145.013145,3,1,house,,2023-05-04,377,m2,"$1,000,000"
property-townhouse-vic-thornbury-141774952,Thornbury,3071,2/202 Collins Street,-37.7564157,145.0206409,2,1,townhouse,1,2023-05-04,110,m2,"$732,500"
property-apartment-vic-thornbury-141885724,Thornbury,3071,16/33 Woolton Avenue,-37.761145,144.996169,1,1,apartment,1,2023-05-03,,,"$342,500"
property-apartment-vic-thornbury-140916380,Thornbury,3071,6/60 Strettle Street,-37.750925,144.983438,1,1,apartment,1,2023-05-01,,,"$310,000"
property-apartment-vic-thornbury-141868188,Thornbury,3071,5/14 Hutton Street,-37.75574431,144.9993492,1,1,apartment,1,2023-04-30,,,"$410,000"
property-house-vic-thornbury-141827916,Thornbury,3071,14 Hammond Street,-37.76352,145.010272,4,2,house,4,2023-04-29,674,m2,"$2,790,000"
property-house-vic-thornbury-141821404,Thornbury,3071,5 Armadale Street,-37.762631,145.001396,3,1,house,1,2023-04-22,,,"$1,300,000"
property-apartment-vic-thornbury-141299840,Thornbury,3071,5/81 Flinders Street,-37.75613011,145.0076407,2,1,apartment,1,2023-04-21,,,"$520,000"
property-townhouse-vic-thornbury-141773588,Thornbury,3071,25 Aviary Grove,-37.76121704,145.0268699,2,1,townhouse,1,2023-04-20,,,"$705,000"
property-apartment-vic-thornbury-141783956,Thornbury,3071,107/679 High Street,-37.7602423,145.0001127,2,2,apartment,1,2023-04-19,,,"$525,000"
property-house-vic-thornbury-141774380,Thornbury,3071,1 Woolton Avenue,-37.761496,144.999338,3,1,house,1,2023-04-15,,,"$1,210,000"
property-house-vic-thornbury-141355080,Thornbury,3071,260 Raleigh Street,-37.760716,145.01768,3,2,house,3,2023-04-15,,,"$1,185,000"
property-townhouse-vic-thornbury-141305924,Thornbury,3071,1/139 Hutton Street,-37.75494526,144.9893309,2,1,townhouse,1,2023-04-05,,,"$735,000"
property-apartment-vic-thornbury-141760376,Thornbury,3071,7/11 Kemp Street,-37.76223943,144.9953114,2,1,apartment,1,2023-04-04,,,"$520,000"
property-townhouse-vic-thornbury-141663144,Thornbury,3071,6A Newcastle Street,-37.75405745,145.0109926,3,2,townhouse,2,2023-04-01,,,"$960,000"
property-townhouse-vic-thornbury-141580628,Thornbury,3071,9/158 Clarendon Street,-37.76140218,145.0117954,2,2,townhouse,1,2023-04-01,,,"$670,000"
property-house-vic-thornbury-141356836,Thornbury,3071,52 Dundas Street,-37.75300422,145.0065817,4,1,house,2,2023-03-29,,,"$1,430,000"
property-apartment-vic-thornbury-141668604,Thornbury,3071,12/2 Dundas Street,-37.752559,145.002317,1,1,apartment,1,2023-03-29,,,"$330,000"
property-house-vic-thornbury-141588476,Thornbury,3071,34 Speight Street,-37.762609,145.010619,4,3,house,1,2023-03-25,470,m2,"$2,201,000"
property-house-vic-thornbury-141611308,Thornbury,3071,88 Fyffe Street,-37.753454,144.986967,4,3,house,4,2023-03-25,711,m2,"$2,190,000"
property-house-vic-thornbury-141593472,Thornbury,3071,121 Fyffe Street,-37.753302,144.98284,4,1,house,2,2023-03-25,536,m2,"$1,420,000"
property-townhouse-vic-thornbury-141599172,Thornbury,3071,5/139 Normanby Avenue,-37.75835632,144.9882245,2,2,townhouse,1,2023-03-23,,,"$715,000"
property-townhouse-vic-thornbury-141415664,Thornbury,3071,189A Mansfield Street,-37.75766496,145.0144538,3,2,townhouse,2,2023-03-20,,,"$775,000"
property-apartment-vic-thornbury-140688407,Thornbury,3071,2/55 Pender Street,-37.75389889,145.0072614,1,1,apartment,1,2023-03-20,,,"$350,000"
property-house-vic-thornbury-141537876,Thornbury,3071,24a Speight Street,-37.762494,145.0098,4,3,house,2,2023-03-18,605,m2,"$1,850,000"
property-house-vic-thornbury-141484012,Thornbury,3071,1/296 Mansfield Street,-37.75898297,145.0239373,3,2,house,2,2023-03-18,342,m2,"$1,227,000"
property-house-vic-thornbury-141531052,Thornbury,3071,95 Keon Street,-37.751947,144.986861,3,1,house,,2023-03-18,370,m2,"$940,000"
property-apartment-vic-thornbury-141530796,Thornbury,3071,6/70 Collins Street,-37.755343,145.007502,1,1,apartment,1,2023-03-18,,,"$540,000"
property-apartment-vic-thornbury-141523596,Thornbury,3071,4/56 Ballantyne Street,-37.75798145,144.9955852,1,1,apartment,1,2023-03-18,,,"$426,000"
property-apartment-vic-thornbury-141138004,Thornbury,3071,7/82 Gooch Street,-37.758734,145.006424,2,1,apartment,1,2023-03-17,,,"$450,000"
property-house-vic-thornbury-141479172,Thornbury,3071,28B Martin Street,-37.76126587,145.00241,3,2,house,2,2023-03-11,,,"$1,562,000"
property-apartment-vic-thornbury-139370035,Thornbury,3071,103/679-685 High Street,-37.7602423,145.0001127,2,2,apartment,1,2023-03-10,,,"$510,000"
property-townhouse-vic-thornbury-141440276,Thornbury,3071,33 Sparks Avenue,-37.76098258,145.0256493,2,1,townhouse,2,2023-03-04,,,"$730,000"
property-villa-vic-thornbury-141397424,Thornbury,3071,4/198 Raleigh Street,-37.76042206,145.0138852,1,1,villa,1,2023-03-04,,,"$420,000"
property-apartment-vic-thornbury-141327280,Thornbury,3071,7/33 Woolton Avenue,-37.761145,144.996169,1,1,apartment,1,2023-03-03,,,"$287,000"
property-house-vic-thornbury-141358816,Thornbury,3071,74 Martin Street,-37.761548,145.005069,3,1,house,1,2023-02-25,,,"$1,410,000"
property-townhouse-vic-thornbury-141357180,Thornbury,3071,2/63 Alston Street,-37.75545569,145.022076,2,1,townhouse,1,2023-02-25,,,"$820,000"
property-unit-vic-thornbury-141342608,Thornbury,3071,4/24 Dundas Street,-37.75267765,145.0036245,2,1,unit,1,2023-02-25,,,"$665,000"
property-apartment-vic-thornbury-140716323,Thornbury,3071,2/831A High Street,-37.75538265,145.0009276,2,1,apartment,1,2023-02-24,,,"$500,000"
property-house-vic-thornbury-141327656,Thornbury,3071,17A Fyffe Street,-37.754343,144.992613,2,1,house,2,2023-02-22,265,m2,"$1,115,000"
property-house-vic-thornbury-141304868,Thornbury,3071,354 Gooch Street,-37.76094879,145.0273389,3,2,house,2,2023-02-22,,,"$865,000"
property-apartment-vic-thornbury-141353792,Thornbury,3071,10/17 Kemp Street,-37.76221259,144.9948846,2,1,apartment,1,2023-02-22,,,"$467,000"
property-house-vic-thornbury-140906388,Thornbury,3071,211 Gooch Street,-37.759449,145.016156,3,2,house,2,2023-02-17,366,m2,"$1,320,000"
property-apartment-vic-thornbury-141363580,Thornbury,3071,1/282 Mansfield Street,-37.75888887,145.02305,1,1,apartment,1,2023-02-16,,,"$385,000"
property-house-vic-thornbury-141043252,Thornbury,3071,19 Gladhall Avenue,-37.756635,145.019912,3,1,house,2,2023-02-15,531,m2,"$1,150,000"
property-townhouse-vic-thornbury-141249852,Thornbury,3071,2/48A Clyde Street,-37.76171386,145.0114941,2,1,townhouse,1,2023-02-15,152,m2,"$1,087,000"
property-house-vic-thornbury-141246688,Thornbury,3071,39 Lewis Street,-37.757364,144.985295,3,1,house,2,2023-02-11,,,"$1,465,000"
property-house-vic-thornbury-140023187,Thornbury,3071,5 Harry Street,-37.757023,145.015633,3,1,house,2,2023-02-08,446,m2,"$1,250,000"
property-unit-vic-thornbury-140683647,Thornbury,3071,1/136 Smith Street,-37.756418,144.989895,2,1,unit,1,2023-02-02,,,"$461,500"
property-house-vic-thornbury-141257404,Thornbury,3071,109 Clarendon Street,-37.760103,145.00697,2,1,house,1,2023-02-01,,,"$1,375,000"
property-apartment-vic-thornbury-140135435,Thornbury,3071,2A Flinders Street,-37.755795,145.001747,3,2,apartment,1,2023-01-23,,,"$1,100,000"
property-apartment-vic-thornbury-140494831,Thornbury,3071,45/337 Station Street,-37.763439,145.020961,2,1,apartment,1,2023-01-22,,,"$565,000"
property-house-vic-thornbury-140536091,Thornbury,3071,126A Fyffe Street,-37.75314104,144.9841122,4,2,house,1,2023-01-19,358,m2,"$1,290,000"
property-townhouse-vic-thornbury-140657227,Thornbury,3071,4/206 Dundas Street,-37.7550067,145.0214975,2,1,townhouse,2,2023-01-18,,,"$689,000"
property-townhouse-vic-thornbury-140962744,Thornbury,3071,2/174 Dundas Street,-37.75440086,145.0188481,3,2,townhouse,2,2023-01-16,,,"$1,101,375"
property-unit-vic-thornbury-140841604,Thornbury,3071,2/184 Dundas Street,-37.75450001,145.0196959,1,1,unit,1,2022-12-30,,,"$455,000"
property-townhouse-vic-thornbury-141042844,Thornbury,3071,9 Ibis Place,-37.76114024,145.0265383,3,2,townhouse,2,2022-12-24,145,m2,"$820,000"
property-house-vic-thornbury-140996284,Thornbury,3071,37 Hutton Street,-37.755765,144.997222,3,1,house,1,2022-12-23,,,"$1,100,000"
property-unit-vic-thornbury-140377063,Thornbury,3071,3/91 Normanby Avenue,-37.758704,144.991479,2,1,unit,1,2022-12-23,,,"$600,000"
property-house-vic-thornbury-141032320,Thornbury,3071,459 St Georges Road,-37.756197,144.99351,3,1,house,2,2022-12-21,,,"$995,000"
property-unitblock-vic-thornbury-140708455,Thornbury,3071,1-8/74 Collins Street,-37.75537,145.007937,16,8,unitblock,8,2022-12-19,912,m2,"$3,010,000"
property-house-vic-thornbury-140854276,Thornbury,3071,93 Speight Street,-37.762774,145.015173,3,1,house,2,2022-12-17,,,"$1,670,000"
property-house-vic-thornbury-140784047,Thornbury,3071,7 Plow Street,-37.755288,144.999937,3,1,house,2,2022-12-17,,,"$1,495,000"
property-residential land-vic-thornbury-203490484,Thornbury,3071,107 Gooch Street,-37.758542,145.007397,,,residential land,,2022-12-17,528,m2,"$1,350,000"
property-apartment-vic-thornbury-140549847,Thornbury,3071,5/12 Francis Grove,-37.76284701,145.007925,2,1,apartment,2,2022-12-16,,,"$720,000"
property-house-vic-thornbury-140961420,Thornbury,3071,147 Clarendon Street,-37.760392,145.009709,3,1,house,3,2022-12-15,406,m2,"$1,356,000"
property-apartment-vic-thornbury-140469963,Thornbury,3071,Unit 3/37 Clapham St,-37.75428274,144.9980153,1,1,apartment,1,2022-12-11,,,"$425,000"
property-house-vic-thornbury-140906344,Thornbury,3071,29 Harry Street,-37.754813,145.016033,3,1,house,2,2022-12-10,590,m2,"$1,555,000"
property-house-vic-thornbury-140801491,Thornbury,3071,286 Victoria Road,-37.76184006,145.0129304,3,1,house,1,2022-12-10,540,m2,"$1,305,000"
property-house-vic-thornbury-140916480,Thornbury,3071,303 Clarendon Street,-37.762019,145.024967,3,1,house,3,2022-12-10,451,m2,"$1,300,000"
property-townhouse-vic-thornbury-140890148,Thornbury,3071,Address available on request,,,3,2,townhouse,2,2022-12-10,,,"$1,081,000"
property-house-vic-thornbury-140906672,Thornbury,3071,326 Station Street,-37.765049,145.020255,3,1,house,2,2022-12-10,519,m2,"$850,000"
property-house-vic-thornbury-140907620,Thornbury,3071,127 Woolton Avenue,-37.76021625,144.9879813,3,2,house,2,2022-12-08,,,"$1,430,000"
property-house-vic-thornbury-140842204,Thornbury,3071,28 Woolton Avenue,-37.760965,144.996719,4,1,house,2,2022-12-07,630,m2,"$2,087,000"
property-townhouse-vic-thornbury-140726727,Thornbury,3071,3/80 Alston Court,-37.755923,145.023642,4,3,townhouse,2,2022-12-07,,,"$1,445,500"
property-unit-vic-thornbury-139856787,Thornbury,3071,7/50 Woolton Avenue,-37.760714,144.994846,2,1,unit,1,2022-12-06,,,"$405,000"
property-house-vic-thornbury-140844112,Thornbury,3071,48 Swift Street,-37.762455,145.017656,3,2,house,4,2022-12-05,,,"$1,920,288"
property-house-vic-thornbury-140905260,Thornbury,3071,84 Fyffe Street,-37.753485,144.987413,3,2,house,1,2022-12-05,386,m2,"$1,625,000"
property-house-vic-thornbury-140833932,Thornbury,3071,113 Rossmoyne Street,-37.757774,145.007793,4,3,house,5,2022-12-03,755,m2,"$2,553,000"
property-house-vic-thornbury-140817091,Thornbury,3071,183 Miller Street,-37.75098179,144.9858783,3,2,house,,2022-12-03,358,m2,"$1,620,000"
property-townhouse-vic-thornbury-140913236,Thornbury,3071,2/26 Lewis Street,-37.75724933,144.9862503,2,1,townhouse,1,2022-12-03,,,"$735,000"
property-townhouse-vic-thornbury-140850588,Thornbury,3071,6 Aviary Grove,-37.76131354,145.0260721,2,1,townhouse,1,2022-12-03,,,"$715,000"
property-house-vic-thornbury-140688083,Thornbury,3071,91A Flinders Street,-37.75626,145.008819,3,2,house,2,2022-12-02,247,m2,"$1,063,000"
property-townhouse-vic-thornbury-140917300,Thornbury,3071,6 Rosella Walk,-37.76104019,145.0257793,2,1,townhouse,1,2022-11-30,,,"$710,000"
property-house-vic-thornbury-140790083,Thornbury,3071,255 Raleigh Street,-37.760405,145.017427,4,2,house,1,2022-11-26,425,m2,"$1,685,000"
property-house-vic-thornbury-140790859,Thornbury,3071,35 Lewis Street,-37.757396,144.985578,3,2,house,1,2022-11-26,,,"$1,505,000"
property-house-vic-thornbury-140715419,Thornbury,3071,280 Victoria Road,-37.76222665,145.0128747,4,2,house,1,2022-11-19,,,"$1,650,000"
property-house-vic-thornbury-140720899,Thornbury,3071,63 Speight Street,-37.762419,145.011766,3,1,house,1,2022-11-19,550,m2,"$1,330,000"
property-apartment-vic-thornbury-140615363,Thornbury,3071,14/33 Woolton Avenue,-37.761145,144.996169,1,1,apartment,1,2022-11-18,,,"$305,000"
property-house-vic-thornbury-140717935,Thornbury,3071,129 Ballantyne Street,-37.757662,144.99061,3,1,house,2,2022-11-17,531,m2,"$1,500,000"
property-house-vic-thornbury-140720671,Thornbury,3071,26 Plow Street,-37.75436,145.00045,2,1,house,1,2022-11-17,,,"$1,265,000"
property-townhouse-vic-thornbury-140718083,Thornbury,3071,2/125 Fyffe Street,-37.75327648,144.9824233,3,1,townhouse,2,2022-11-17,,,"$970,000"
property-apartment-vic-thornbury-140655439,Thornbury,3071,302/690 High Street,-37.7583438,145.0008682,2,1,apartment,1,2022-11-17,,,"$605,000"
property-apartment-vic-thornbury-140672251,Thornbury,3071,12/56 Pender Street,-37.754464,145.00947,1,1,apartment,1,2022-11-15,,,"$333,000"
property-house-vic-thornbury-140033683,Thornbury,3071,303 Gooch Street,-37.760449,145.02535,3,1,house,2,2022-11-14,,,"$1,130,000"
property-house-vic-thornbury-140657431,Thornbury,3071,17 Hutton Street,-37.755986,144.999123,3,2,house,3,2022-11-12,580,m2,"$1,990,000"
property-apartment-vic-thornbury-139617431,Thornbury,3071,8/50 Normanby Avenue,-37.75885289,144.9954255,1,1,apartment,1,2022-11-10,,,"$295,000"
property-house-vic-thornbury-140590011,Thornbury,3071,23 Normanby Avenue,-37.759432,144.998213,3,2,house,3,2022-11-05,,,"$1,930,000"
property-house-vic-thornbury-140598279,Thornbury,3071,118 Gooch Street,-37.758928,145.008386,3,2,house,1,2022-11-05,,,"$1,710,000"
property-house-vic-thornbury-140566119,Thornbury,3071,13 Rayment Street,-37.759482,144.996157,3,2,house,2,2022-11-05,,,"$1,055,000"
property-house-vic-thornbury-140537587,Thornbury,3071,296 Rathmines Street,-37.763618,145.018193,3,1,house,1,2022-11-04,776,m2,"$1,849,000"
property-house-vic-thornbury-140675947,Thornbury,3071,288 Flinders Street,-37.758086,145.019548,3,2,house,2,2022-11-03,,,"$1,152,500"
property-apartment-vic-thornbury-139680003,Thornbury,3071,3/29 Clyde Street,-37.76095916,145.007492,1,1,apartment,1,2022-11-02,,,"$276,000"
property-apartment-vic-thornbury-140433319,Thornbury,3071,7/41 Ballantyne Street,-37.758439,144.997248,1,1,apartment,1,2022-10-31,,,"$353,000"
property-house-vic-thornbury-140663835,Thornbury,3071,274 Raleigh Street,-37.760899,145.019423,3,1,house,1,2022-10-29,,,"$1,120,229"
property-apartment-vic-thornbury-140535835,Thornbury,3071,10/6 Kemp Street,-37.762035,144.996031,1,1,apartment,1,2022-10-29,,,"$400,000"
property-townhouse-vic-thornbury-140431763,Thornbury,3071,255 Darebin Road,-37.76510466,145.0183564,3,2,townhouse,2,2022-10-27,,,"$995,000"
property-unit-vic-thornbury-139578967,Thornbury,3071,10/75 Pender Street,-37.75416828,145.0097763,1,1,unit,1,2022-10-26,,,"$352,000"
property-apartment-vic-thornbury-140157543,Thornbury,3071,13/74 Dundas Street,-37.753331,145.009433,1,1,apartment,1,2022-10-26,,,"$270,000"
property-house-vic-thornbury-140474299,Thornbury,3071,6/350 Gooch Street,-37.76094879,145.0273389,3,2,house,2,2022-10-25,,,"$860,200"
property-house-vic-thornbury-140480143,Thornbury,3071,5 Clapham Street,-37.758204,144.997554,3,2,house,2,2022-10-22,507,m2,"$1,730,000"
property-house-vic-thornbury-140485831,Thornbury,3071,117 Clarendon Street,-37.760168,145.007604,3,1,house,1,2022-10-22,427,m2,"$1,450,000"
property-house-vic-thornbury-140496863,Thornbury,3071,51 Johnson Street,-37.762152,144.998696,3,1,house,1,2022-10-22,,,"$1,408,500"
property-house-vic-thornbury-140480539,Thornbury,3071,18 Alston Street,-37.75529,145.018177,3,1,house,2,2022-10-22,527,m2,"$1,352,500"
property-house-vic-thornbury-140498667,Thornbury,3071,38 Wales Street,-37.763149,145.009135,2,1,house,1,2022-10-22,,,"$1,190,000"
property-house-vic-thornbury-140438843,Thornbury,3071,174A Gooch Street,-37.75933893,145.0121446,2,2,house,2,2022-10-19,,,"$1,255,000"
property-townhouse-vic-thornbury-140356687,Thornbury,3071,4/1 Normanby Avenue,-37.75961001,144.9997273,2,2,townhouse,1,2022-10-19,,,"$695,000"
property-apartment-vic-thornbury-140489983,Thornbury,3071,6/94 Shaftesbury Parade,-37.759433,144.991936,2,1,apartment,1,2022-10-18,,,"$635,000"
property-house-vic-thornbury-140503759,Thornbury,3071,21 Mansfield Street,-37.756489,145.003253,4,2,house,2,2022-10-15,,,"$2,615,000"
property-house-vic-thornbury-140499391,Thornbury,3071,12 Fyffe Street,-37.754068,144.992841,3,1,house,,2022-10-15,355,m2,"$1,550,000"
property-house-vic-thornbury-140420947,Thornbury,3071,95 Ballantyne Street,-37.757875,144.992568,3,1,house,,2022-10-15,,,"$1,450,000"
property-apartment-vic-thornbury-140215171,Thornbury,3071,4/40 Woolton Avenue,-37.7608402,144.995701,2,1,apartment,1,2022-10-12,,,"$426,000"
property-house-vic-thornbury-140368699,Thornbury,3071,106 Fyffe Street,-37.75327934,144.9854081,3,2,house,6,2022-10-08,480,m2,"$1,361,000"
property-townhouse-vic-thornbury-140375615,Thornbury,3071,1/206 Dundas Street,-37.754689,145.02153,3,2,townhouse,2,2022-10-08,,,"$980,000"
property-unit-vic-thornbury-139722707,Thornbury,3071,63/337 Station Street,-37.763439,145.020961,2,1,unit,1,2022-10-05,,,"$650,000"
property-house-vic-thornbury-140317991,Thornbury,3071,11 Jones Street,-37.75742202,145.0227913,2,1,house,,2022-10-01,294,m2,"$900,000"
property-villa-vic-thornbury-140307035,Thornbury,3071,4/98 Collins Street,-37.75574569,145.0111074,2,1,villa,1,2022-10-01,,,"$820,000"
property-unit-vic-thornbury-140295623,Thornbury,3071,2/429-433 St Georges Road,-37.7571955,144.9932646,2,1,unit,1,2022-10-01,143,m2,"$595,000"
property-apartment-vic-thornbury-140307459,Thornbury,3071,2/77 Pender Street,-37.75420692,145.0100227,2,1,apartment,1,2022-10-01,,,"$515,000"
property-townhouse-vic-thornbury-139926419,Thornbury,3071,2/58 Johnson Street,-37.761771,144.99907,2,1,townhouse,1,2022-09-29,,,"$925,000"
property-apartment-vic-thornbury-139786527,Thornbury,3071,7/10 Dundas Street,-37.75257,145.002791,2,1,apartment,1,2022-09-29,,,"$460,000"
property-unit-vic-thornbury-140246855,Thornbury,3071,2/360 St Georges Road,-37.758087,144.993879,2,1,unit,1,2022-09-27,,,"$510,000"
property-house-vic-thornbury-140201715,Thornbury,3071,2 Alexandra Street,-37.763857,145.006733,2,1,house,2,2022-09-24,389,m2,"$1,100,000"
property-apartment-vic-thornbury-140363207,Thornbury,3071,3/44 Keon Street,-37.7521377,144.9914842,2,1,apartment,1,2022-09-23,,,"$560,000"
property-house-vic-thornbury-140155819,Thornbury,3071,220 Gooch Street,-37.75984,145.017023,4,2,house,1,2022-09-22,,,"$1,687,500"
property-apartment-vic-thornbury-136005430,Thornbury,3071,204/690 High Street,-37.7583438,145.0008682,1,1,apartment,1,2022-09-19,,,"$317,000"
property-townhouse-vic-thornbury-140105627,Thornbury,3071,3/44 Strettle Street,-37.751715,144.983298,2,1,townhouse,1,2022-09-18,,,"$630,000"
property-apartment-vic-thornbury-139486619,Thornbury,3071,208/681 High Street,-37.7602423,145.0001127,2,2,apartment,1,2022-09-18,,,"$550,000"
property-house-vic-thornbury-140189963,Thornbury,3071,95a Pender Street,-37.754429,145.011968,4,2,house,1,2022-09-17,566,m2,"$1,925,000"
property-house-vic-thornbury-140267151,Thornbury,3071,135 Normanby Avenue,-37.75839514,144.98856,3,1,house,1,2022-09-17,,,"$1,210,500"
property-unit-vic-thornbury-140208275,Thornbury,3071,2/51 Clarendon Street,-37.75974879,145.0037516,2,1,unit,1,2022-09-17,114,m2,"$680,000"
property-apartment-vic-thornbury-140144415,Thornbury,3071,7/137 Flinders Street,-37.75726305,145.0148898,2,1,apartment,1,2022-09-11,,,"$780,000"
property-house-vic-thornbury-140148991,Thornbury,3071,5/4 Strettle Street,-37.7548845,144.9824562,3,2,house,2,2022-09-10,,,"$1,440,000"
property-house-vic-thornbury-140154007,Thornbury,3071,52 Ethel Street,-37.752815,144.999685,3,1,house,1,2022-09-10,,,"$1,308,000"
property-house-vic-thornbury-140026807,Thornbury,3071,321 Raleigh Street,-37.761124,145.02423,4,1,house,4,2022-09-10,,,"$940,000"
property-townhouse-vic-thornbury-140098691,Thornbury,3071,113 Speight Street,-37.76328615,145.020121,3,2,townhouse,2,2022-09-10,,,"$908,000"
property-house-vic-thornbury-139917699,Thornbury,3071,112 Woolton Avenue,-37.760036,144.988753,3,1,house,2,2022-09-05,376,m2,"$1,254,000"
property-townhouse-vic-thornbury-140074815,Thornbury,3071,6/8-10 Martin street,-37.76111407,145.0012105,3,1,townhouse,2,2022-09-03,,,"$820,000"
property-house-vic-thornbury-139805243,Thornbury,3071,74 Smith Street,-37.757045,144.995133,3,1,house,2,2022-09-02,,,"$1,230,000"
property-house-vic-thornbury-139736407,Thornbury,3071,1/137 Normanby Avenue,-37.75838005,144.9884302,3,1,house,2,2022-09-01,,,"$1,145,000"
property-house-vic-thornbury-140102671,Thornbury,3071,36 St David Street,-37.763397,145.005644,4,2,house,1,2022-08-26,,,"$1,565,000"
property-townhouse-vic-thornbury-139310963,Thornbury,3071,6/80 Clyde Street,-37.76208256,145.0151179,3,2,townhouse,2,2022-08-25,,,"$1,341,000"
property-apartment-vic-thornbury-139171023,Thornbury,3071,1/267 Rossmoyne Street,-37.75883248,145.0178885,2,1,apartment,1,2022-08-25,,,"$650,000"
property-house-vic-thornbury-140047427,Thornbury,3071,147 Rossmoyne Street,-37.758052,145.010407,4,2,house,2,2022-08-23,630,m2,"$2,280,000"
property-apartment-vic-thornbury-139819203,Thornbury,3071,4/109 Flinders Street,-37.75653332,145.0113025,3,1,apartment,2,2022-08-23,,,"$678,000"
property-apartment-vic-thornbury-140076243,Thornbury,3071,1/219 Raleigh Street,-37.76030999,145.0165451,1,1,apartment,1,2022-08-22,,,"$340,000"
property-house-vic-thornbury-139963487,Thornbury,3071,174 Smith Street,-37.756032,144.986477,3,1,house,1,2022-08-20,,,"$1,517,500"
property-apartment-vic-thornbury-139470523,Thornbury,3071,3/45 Woolton Avenue,-37.76105,144.99532,1,1,apartment,1,2022-08-19,,,"$308,000"
property-villa-vic-thornbury-139514527,Thornbury,3071,2/317 Rossmoyne Street,-37.7593346,145.022638,2,1,villa,2,2022-08-15,,,"$830,000"
property-apartment-vic-thornbury-139016947,Thornbury,3071,16/30 Strettle Street,-37.7525945,144.9831192,2,1,apartment,2,2022-08-15,,,"$500,000"
property-apartment-vic-thornbury-139818523,Thornbury,3071,3/55 Pender Street,-37.75389889,145.0072614,1,1,apartment,1,2022-08-11,,,"$365,000"
property-apartment-vic-thornbury-138964423,Thornbury,3071,5/10-12 Anderson Road,-37.7547015,144.9813609,2,1,apartment,1,2022-08-09,,,"$440,000"
property-house-vic-thornbury-139852927,Thornbury,3071,191 Rossmoyne Street,-37.758469,145.014278,3,2,house,2,2022-08-06,,,"$1,465,000"
property-townhouse-vic-thornbury-139854967,Thornbury,3071,48 Pender Street,-37.7541849,145.0059674,3,2,townhouse,2,2022-08-06,,,"$1,180,000"
property-apartment-vic-thornbury-139873399,Thornbury,3071,4/62 Dundas Street,-37.75316746,145.0078383,1,1,apartment,1,2022-08-05,,,"$290,000"
property-apartment-vic-thornbury-138240906,Thornbury,3071,8/62 Dundas Street,-37.75316746,145.0078383,1,1,apartment,1,2022-08-03,,,"$290,000"
property-townhouse-vic-thornbury-139800571,Thornbury,3071,1/174 Dundas Street,-37.75440086,145.0188481,3,3,townhouse,2,2022-07-30,,,"$1,450,000"
property-house-vic-thornbury-139863295,Thornbury,3071,110A Clarendon Street,-37.76052,145.008002,3,1,house,1,2022-07-28,,,"$1,260,000"
property-apartment-vic-thornbury-138547763,Thornbury,3071,12/1 Collins Street,-37.75467447,145.0019908,1,1,apartment,1,2022-07-26,,,"$309,000"
property-house-vic-thornbury-139740047,Thornbury,3071,77 Fyffe Street,-37.753792,144.987357,3,1,house,2,2022-07-23,502,m2,"$1,455,000"
property-unit-vic-thornbury-139540455,Thornbury,3071,3/137-139 Flinders Street,-37.75726305,145.0148898,2,1,unit,1,2022-07-18,,,"$618,000"
property-unit-vic-thornbury-139375855,Thornbury,3071,4/9 Kemp Street,-37.76228878,144.9955346,1,1,unit,1,2022-07-14,,,"$310,000"
property-apartment-vic-thornbury-139724243,Thornbury,3071,5/109 Flinders Street,-37.75653332,145.0113025,2,1,apartment,2,2022-07-13,,,"$710,000"
property-house-vic-thornbury-139622983,Thornbury,3071,106 Dundas Street,-37.753733,145.012952,3,1,house,2,2022-07-09,596,m2,"$1,500,000"
property-townhouse-vic-thornbury-139642735,Thornbury,3071,4/130 Normanby Avenue,-37.758121,144.988453,3,1,townhouse,1,2022-07-09,,,"$960,000"
property-house-vic-thornbury-139732411,Thornbury,3071,9 Alston Street,-37.754974,145.017572,3,1,house,3,2022-07-08,677,m2,"$1,530,000"
property-apartment-vic-thornbury-139597575,Thornbury,3071,9/90 Harold Street,-37.75613131,144.9948974,1,1,apartment,1,2022-07-08,,,"$299,000"
property-unit-vic-thornbury-139490179,Thornbury,3071,5/14 Ballantyne Street,-37.75837533,144.9990778,1,1,unit,1,2022-07-06,,,"$380,000"
property-house-vic-thornbury-139377111,Thornbury,3071,10 Monash Avenue,-37.762856,145.003502,3,1,house,2,2022-07-04,,,"$1,900,000"
property-house-vic-thornbury-139620699,Thornbury,3071,95 St David Street,-37.755855,145.005699,3,1,house,,2022-07-02,,,"$1,630,000"
property-apartment-vic-thornbury-139501579,Thornbury,3071,1/45 Woolton Avenue,-37.76105,144.99532,1,1,apartment,1,2022-07-01,,,"$322,500"
property-unit-vic-thornbury-139514171,Thornbury,3071,7/12 Francis Grove,-37.76284701,145.007925,2,2,unit,2,2022-06-27,,,"$926,000"
property-townhouse-vic-thornbury-139461139,Thornbury,3071,69D Pender Street,-37.754099,145.009147,3,2,townhouse,2,2022-06-25,,,"$1,220,000"
property-house-vic-thornbury-139520895,Thornbury,3071,81 Rennie Street,-37.752893,144.987334,2,1,house,,2022-06-25,,,"$1,200,000"
property-apartment-vic-thornbury-139648571,Thornbury,3071,9/24 Dundas Street,-37.75267765,145.0036245,2,1,apartment,1,2022-06-23,,,"$665,000"
property-apartment-vic-thornbury-139277211,Thornbury,3071,5/265 Rossmoyne Street,-37.75883245,145.0176402,1,1,apartment,1,2022-06-23,,,"$368,000"
property-house-vic-thornbury-139422379,Thornbury,3071,188 Harold Street,-37.7552257,144.986524,3,1,house,1,2022-06-18,367,m2,"$1,017,000"
property-unit-vic-thornbury-139446951,Thornbury,3071,115A Miller Street,-37.75139308,144.9888881,2,1,unit,2,2022-06-18,,,"$735,000"
property-apartment-vic-thornbury-138894619,Thornbury,3071,5/105 Flinders Street,-37.75647731,145.0107931,1,1,apartment,2,2022-06-09,,,"$455,000"
property-house-vic-thornbury-139319127,Thornbury,3071,80 Harold Street,-37.756183,144.995304,3,2,house,,2022-06-04,,,"$1,490,000"
property-apartment-vic-thornbury-138432855,Thornbury,3071,11/31 Woolton Avenue,-37.761167,144.996396,2,1,apartment,1,2022-06-04,,,"$470,000"
property-house-vic-thornbury-139339443,Thornbury,3071,4 Clyde Street,-37.761118,145.006284,4,2,house,,2022-06-02,325,m2,"$1,610,000"
property-house-vic-thornbury-138764135,Thornbury,3071,331 Victoria Road,-37.758736,145.013045,3,1,house,3,2022-06-02,492,m2,"$1,215,000"
property-apartment-vic-thornbury-139485363,Thornbury,3071,37/337 Station Street,-37.763439,145.020961,1,1,apartment,1,2022-06-02,,,"$430,000"
property-house-vic-thornbury-139171987,Thornbury,3071,38 Leinster Grove,-37.761026,144.987591,2,1,house,1,2022-05-30,411,m2,"$1,390,000"
property-house-vic-thornbury-139271531,Thornbury,3071,24 Speight Street,-37.762482,145.009653,4,2,house,1,2022-05-28,605,m2,"$2,450,000"
property-apartment-vic-thornbury-139258063,Thornbury,3071,9/37 Woolton Avenue,-37.76114435,144.9959976,2,1,apartment,1,2022-05-28,,,"$725,000"
property-townhouse-vic-thornbury-139256171,Thornbury,3071,12/337 Station Street,-37.763439,145.020961,3,2,townhouse,1,2022-05-24,,,"$850,000"
property-house-vic-thornbury-139199371,Thornbury,3071,3 Kemp Street,-37.762333,144.99608,4,2,house,4,2022-05-21,,,"$2,300,000"
property-house-vic-thornbury-138933431,Thornbury,3071,64 Flinders Street,-37.756163,145.005293,2,1,house,1,2022-05-20,275,m2,"$1,140,000"
property-apartment-vic-thornbury-139071783,Thornbury,3071,12/62 Dundas Street,-37.75316746,145.0078383,2,1,apartment,1,2022-05-20,,,"$460,000"
property-house-vic-thornbury-139129783,Thornbury,3071,170 Normanby Avenue,-37.757793,144.985646,3,2,house,1,2022-05-17,340,m2,"$1,290,000"
property-apartment-vic-thornbury-138423975,Thornbury,3071,2/639 High Street,-37.76155053,144.9998895,2,1,apartment,,2022-05-13,,,"$515,000"
property-apartment-vic-thornbury-139128147,Thornbury,3071,3/274 Mansfield Street,-37.75879686,145.0221823,1,1,apartment,1,2022-05-12,,,"$350,000"
property-house-vic-thornbury-139088399,Thornbury,3071,103 Hutton Street,-37.75520535,144.9918152,3,1,house,1,2022-05-07,232,m2,"$975,000"
property-apartment-vic-thornbury-138552559,Thornbury,3071,201/690 High Street,-37.7583438,145.0008682,2,1,apartment,1,2022-05-02,,,"$550,000"
property-house-vic-thornbury-138985903,Thornbury,3071,13 Boyd Street,-37.75650599,145.0154208,3,1,house,2,2022-05-01,252,m2,"$952,000"
property-house-vic-thornbury-139011423,Thornbury,3071,103 Fyffe Street,-37.753573,144.985454,3,1,house,2,2022-04-30,532,m2,"$1,530,000"
property-townhouse-vic-thornbury-139130855,Thornbury,3071,39A Harold Street,-37.756861,144.996927,2,2,townhouse,2,2022-04-30,196,m2,"$1,180,000"
property-townhouse-vic-thornbury-139025711,Thornbury,3071,256 Clarendon Street,-37.76183719,145.0205585,2,2,townhouse,2,2022-04-30,,,"$918,000"
property-townhouse-vic-thornbury-139027035,Thornbury,3071,2/130 Normanby Avenue,-37.758121,144.988453,2,1,townhouse,1,2022-04-30,,,"$797,500"
property-house-vic-thornbury-139044247,Thornbury,3071,306 Rathmines Street,-37.762728,145.018353,3,1,house,2,2022-04-28,,,"$1,820,000"
property-house-vic-thornbury-139025863,Thornbury,3071,24b Swift Street,-37.7644521,145.0173575,2,1,house,2,2022-04-28,,,"$810,000"
property-apartment-vic-thornbury-135943806,Thornbury,3071,4/137-139 Flinders Street,-37.75726305,145.0148898,2,1,apartment,1,2022-04-28,,,"$610,000"
property-apartment-vic-thornbury-139025359,Thornbury,3071,26/337 Station Street,-37.763439,145.020961,1,1,apartment,1,2022-04-28,,,"$414,000"
property-townhouse-vic-thornbury-138918499,Thornbury,3071,32/85C Clyde Street,-37.76140218,145.0117954,3,2,townhouse,2,2022-04-26,,,"$855,000"
property-house-vic-thornbury-139018359,Thornbury,3071,110 Woolton Avenue,-37.760047,144.988854,3,1,house,1,2022-04-23,,,"$1,660,000"
property-house-vic-thornbury-138970507,Thornbury,3071,20 Collins Street,-37.755096,145.002961,4,1,house,1,2022-04-23,362,m2,"$1,475,000"
property-apartment-vic-thornbury-138471503,Thornbury,3071,1/31 Woolton Avenue,-37.761167,144.996396,2,1,apartment,1,2022-04-18,,,"$600,000"
property-townhouse-vic-thornbury-138438483,Thornbury,3071,4/98 Normanby Avenue,-37.75839079,144.9909811,2,2,townhouse,1,2022-04-14,,,"$700,000"
property-apartment-vic-thornbury-138824119,Thornbury,3071,10/39 Rossmoyne Street,-37.7573362,145.0037624,1,1,apartment,1,2022-04-14,,,"$360,000"
property-apartment-vic-thornbury-137925342,Thornbury,3071,5/40 Swift Street,-37.762994,145.017563,2,1,apartment,1,2022-04-13,,,"$500,000"
property-apartment-vic-thornbury-138767115,Thornbury,3071,1/629 High Street,-37.76180881,144.9998453,1,1,apartment,1,2022-04-13,,,"$465,500"
property-townhouse-vic-thornbury-138824203,Thornbury,3071,22 Aviary Grove,-37.76123463,145.0270335,2,1,townhouse,1,2022-04-12,,,"$730,000"
property-apartment-vic-thornbury-138958567,Thornbury,3071,13/2 Dundas Street,-37.752559,145.002317,2,1,apartment,1,2022-04-12,,,"$535,000"
property-apartment-vic-thornbury-139010755,Thornbury,3071,6/66 Dundas Street,-37.753204,145.008312,2,1,apartment,1,2022-04-11,,,"$660,000"
property-apartment-vic-thornbury-138831135,Thornbury,3071,1/95 Raleigh Street,-37.75924401,145.0066019,1,1,apartment,1,2022-04-10,,,"$473,000"
property-house-vic-thornbury-138849979,Thornbury,3071,167 Clarendon Street,-37.760561,145.011135,4,2,house,1,2022-04-09,,,"$2,337,000"
property-house-vic-thornbury-138838767,Thornbury,3071,146 Rossmoyne Street,-37.758234,145.009438,4,2,house,1,2022-04-09,,,"$2,250,000"
property-house-vic-thornbury-138819823,Thornbury,3071,327 Raleigh Street,-37.761167,145.024683,3,1,house,2,2022-04-09,,,"$1,275,000"
property-unit-vic-thornbury-138842779,Thornbury,3071,5/38 Pender Street,-37.7540894,145.0052018,2,1,unit,1,2022-04-09,,,"$727,000"
property-unit-vic-thornbury-138761695,Thornbury,3071,2/104 Normanby Avenue,-37.7583447,144.9905819,2,1,unit,1,2022-04-09,,,"$695,000"
property-house-vic-thornbury-138854919,Thornbury,3071,1/157 Ballantyne Street,-37.75741508,144.9883709,2,2,house,,2022-04-08,,,"$990,000"
property-townhouse-vic-thornbury-138903743,Thornbury,3071,1B/280 Mansfield Street,-37.7588592,145.0227701,2,1,townhouse,1,2022-04-08,,,"$800,000"
property-unit-vic-thornbury-138416123,Thornbury,3071,14/75 Pender Street,-37.75416828,145.0097763,1,1,unit,1,2022-04-08,,,"$348,000"
property-apartment-vic-thornbury-138874291,Thornbury,3071,60/337 Station Street,-37.763439,145.020961,3,2,apartment,2,2022-04-07,,,"$775,000"
property-unit-vic-thornbury-138424071,Thornbury,3071,4/46 Clarendon Street,-37.76002773,145.0035781,2,1,unit,1,2022-04-05,,,"$450,000"
property-apartment-vic-thornbury-136583162,Thornbury,3071,10/74 Dundas Street,-37.753331,145.009433,1,1,apartment,1,2022-04-04,,,"$295,000"
property-house-vic-thornbury-138842511,Thornbury,3071,92 Mansfield Street,-37.757229,145.007569,3,1,house,1,2022-04-02,,,"$1,700,000"
property-house-vic-thornbury-138757767,Thornbury,3071,153 Shaftesbury Parade,-37.759274,144.987933,4,1,house,1,2022-04-02,,,"$1,615,000"
property-house-vic-thornbury-138745855,Thornbury,3071,6 Archbold Street,-37.75328,145.004258,3,1,house,2,2022-04-02,374,m2,"$1,551,000"
property-townhouse-vic-thornbury-138694443,Thornbury,3071,5/53A Pender Street,-37.75386546,145.0069984,2,2,townhouse,1,2022-04-02,,,"$918,000"
property-unit-vic-thornbury-138816087,Thornbury,3071,4/13 Strettle Street,-37.75426824,144.9832334,2,1,unit,1,2022-04-02,,,"$752,000"
property-apartment-vic-thornbury-138671903,Thornbury,3071,3/47 Martin Street,-37.761146,145.004206,1,1,apartment,1,2022-04-02,,,"$365,000"
property-townhouse-vic-thornbury-138730135,Thornbury,3071,17/52 Clyde Street,-37.76174947,145.0119594,3,2,townhouse,2,2022-03-31,,,"$1,300,000"
property-house-vic-thornbury-138689795,Thornbury,3071,523 St Georges Road,-37.753183,144.994341,3,1,house,2,2022-03-31,490,m2,"$1,255,000"
property-house-vic-thornbury-138619975,Thornbury,3071,171A Harold Street,-37.755337,144.985373,4,2,house,2,2022-03-29,435,m2,"$1,975,000"
property-townhouse-vic-thornbury-138421967,Thornbury,3071,27 Sparks Avenue,-37.76121713,145.0256109,2,2,townhouse,1,2022-03-29,108,m2,"$725,000"
property-house-vic-thornbury-138537923,Thornbury,3071,678 High Street,-37.758925,145.000735,5,1,house,2,2022-03-28,555,m2,"$2,955,000"
property-house-vic-thornbury-138670575,Thornbury,3071,34 Hutton Street,-37.755301,144.995362,5,2,house,1,2022-03-28,657,m2,"$1,810,000"
property-house-vic-thornbury-138691511,Thornbury,3071,66 Gooch Street,-37.758576,145.005126,4,1,house,2,2022-03-26,535,m2,"$1,800,000"
property-house-vic-thornbury-138685739,Thornbury,3071,99 Raleigh Street,-37.759281,145.006867,3,1,house,1,2022-03-26,312,m2,"$1,275,000"
property-townhouse-vic-thornbury-138686507,Thornbury,3071,72 Gooch Street,-37.75864303,145.0055653,3,2,townhouse,2,2022-03-26,,,"$1,156,000"
property-unit-vic-thornbury-138690403,Thornbury,3071,1/79 Fyffe Street,-37.75377765,144.9872129,2,1,unit,2,2022-03-26,,,"$825,000"
property-apartment-vic-thornbury-138682803,Thornbury,3071,2/39 Comas Grove,-37.753726,144.984917,2,1,apartment,1,2022-03-26,,,"$658,000"
property-unit-vic-thornbury-138688127,Thornbury,3071,4/64 Collins Street,-37.75528059,145.0069346,1,1,unit,1,2022-03-26,,,"$475,000"
property-townhouse-vic-thornbury-138666899,Thornbury,3071,3/304 Rossmoyne Street,-37.75958374,145.0220531,3,2,townhouse,2,2022-03-22,,,"$1,031,000"
property-townhouse-vic-thornbury-138685107,Thornbury,3071,368a Victoria Road,-37.755067,145.014093,3,2,townhouse,2,2022-03-22,,,"$1,030,000"
property-unit-vic-thornbury-137673902,Thornbury,3071,11/115 Shaftesbury Parade,-37.75961375,144.9907496,1,1,unit,1,2022-03-21,,,"$305,000"
property-townhouse-vic-thornbury-138626455,Thornbury,3071,178 Gooch Street,-37.75937084,145.012447,3,2,townhouse,2,2022-03-19,,,"$1,372,500"
property-house-vic-thornbury-138635567,Thornbury,3071,285 Clarendon Street,-37.761879,145.02362,4,2,house,2,2022-03-19,,,"$1,150,000"
property-townhouse-vic-thornbury-138619007,Thornbury,3071,5/86 Normanby Avenue,-37.75850218,144.9919454,2,1,townhouse,1,2022-03-19,,,"$731,000"
property-apartment-vic-thornbury-138606211,Thornbury,3071,10/109 Flinders Street,-37.75653332,145.0113025,2,1,apartment,2,2022-03-19,,,"$687,000"
property-apartment-vic-thornbury-138547623,Thornbury,3071,8/41 Ballantyne Street,-37.758439,144.997248,2,1,apartment,1,2022-03-18,,,"$580,050"
property-apartment-vic-thornbury-138678395,Thornbury,3071,2/86 Collins Street,-37.75555005,145.0095099,2,1,apartment,1,2022-03-18,,,"$535,000"
property-townhouse-vic-thornbury-138617323,Thornbury,3071,3/80 Pender Street,-37.754811,145.012753,2,2,townhouse,1,2022-03-17,,,"$811,000"
property-apartment-vic-thornbury-137824554,Thornbury,3071,2/9 Kemp Street,-37.76228878,144.9955346,1,1,apartment,1,2022-03-17,,,"$335,000"
property-apartment-vic-thornbury-136648342,Thornbury,3071,403/690 High Street,-37.7583438,145.0008682,2,1,apartment,1,2022-03-15,,,"$615,000"
property-apartment-vic-thornbury-136798918,Thornbury,3071,101/690 High Street,-37.7583438,145.0008682,2,1,apartment,1,2022-03-15,,,"$600,000"
property-house-vic-thornbury-138692315,Thornbury,3071,40 St David Street,-37.763208,145.005672,3,1,house,1,2022-03-13,,,"$1,810,000"
property-townhouse-vic-thornbury-138705207,Thornbury,3071,1/10 Walsh Avenue,-37.75771665,145.0237869,3,2,townhouse,2,2022-03-12,,,"$1,330,000"
property-townhouse-vic-thornbury-138547899,Thornbury,3071,2/53A Pender Street,-37.75386546,145.0069984,2,2,townhouse,1,2022-03-12,,,"$923,000"
property-unit-vic-thornbury-138569403,Thornbury,3071,6/13 Harold Street,-37.75692405,144.9993729,2,1,unit,1,2022-03-12,,,"$614,000"
property-apartment-vic-thornbury-138477875,Thornbury,3071,8/25 Martin Street,-37.76099284,145.002927,2,1,apartment,1,2022-03-12,,,"$450,000"
property-villa-vic-thornbury-138578327,Thornbury,3071,4/75 Speight Street,-37.762556,145.013217,1,1,villa,1,2022-03-12,,,"$383,000"
property-unit-vic-thornbury-137878698,Thornbury,3071,8/115 Shaftesbury Parade,-37.75961375,144.9907496,1,1,unit,1,2022-03-11,,,"$280,000"
property-apartment-vic-thornbury-138698779,Thornbury,3071,3/90 Harold Street,-37.75613131,144.9948974,1,1,apartment,1,2022-03-10,,,"$299,000"
property-apartment-vic-thornbury-138624819,Thornbury,3071,4/14 Kemp Street,-37.76196,144.995364,2,1,apartment,1,2022-03-09,,,"$620,000"
property-house-vic-thornbury-138482643,Thornbury,3071,300 St Georges Road,-37.760816,144.993272,7,5,house,2,2022-03-05,,,"$1,801,840"
property-house-vic-thornbury-138454131,Thornbury,3071,52 Keon Street,-37.752097,144.990863,3,2,house,2,2022-03-05,386,m2,"$1,355,000"
property-house-vic-thornbury-138482367,Thornbury,3071,16 Rossmoyne Street,-37.757462,145.002171,2,1,house,,2022-03-05,,,"$1,301,000"
property-townhouse-vic-thornbury-138404495,Thornbury,3071,109A Clyde Street,-37.76175188,145.0151,3,2,townhouse,1,2022-02-28,,,"$1,470,000"
property-townhouse-vic-thornbury-138403123,Thornbury,3071,54/85C Clyde Street,-37.76140218,145.0117954,3,2,townhouse,1,2022-02-28,,,"$913,000"
property-apartment-vic-thornbury-138547851,Thornbury,3071,16/6 Francis Grove,-37.76339685,145.0077558,1,1,apartment,1,2022-02-28,,,"$365,000"
property-house-vic-thornbury-138420247,Thornbury,3071,47 Rennie Street,-37.75316413,144.9896911,4,2,house,2,2022-02-26,,,"$1,810,000"
property-house-vic-thornbury-138169310,Thornbury,3071,78 Alston Court,-37.75594,145.023412,3,1,house,1,2022-02-26,,,"$1,200,000"
property-apartment-vic-thornbury-138426963,Thornbury,3071,14/37 Woolton Avenue,-37.76114435,144.9959976,2,1,apartment,1,2022-02-26,,,"$635,000"
property-apartment-vic-thornbury-138299178,Thornbury,3071,408/636 High Street,-37.76021562,145.0005471,2,1,apartment,1,2022-02-25,,,"$602,500"
property-house-vic-thornbury-138425383,Thornbury,3071,76 Rossmoyne Street,-37.757774,145.005136,4,2,house,,2022-02-24,,,"$2,342,000"
property-house-vic-thornbury-138373055,Thornbury,3071,105 Rennie Street,-37.752742,144.985897,3,2,house,1,2022-02-20,,,"$1,682,000"
property-apartment-vic-thornbury-138356459,Thornbury,3071,3/360 St Georges Road,-37.758087,144.993879,2,1,apartment,1,2022-02-19,,,"$562,000"
property-house-vic-thornbury-138362927,Thornbury,3071,261 Rossmoyne Street,-37.758811,145.017447,3,1,house,3,2022-02-18,480,m2,"$1,365,000"
property-apartment-vic-thornbury-138304930,Thornbury,3071,6/41 Ballantyne Street,-37.758439,144.997248,2,1,apartment,1,2022-02-18,,,"$638,000"
property-house-vic-thornbury-138144866,Thornbury,3071,32 Newman Street,-37.75662435,144.9861115,2,1,house,,2022-02-17,165,m2,"$1,037,000"
property-house-vic-thornbury-138383983,Thornbury,3071,108 Collins Street,-37.755837,145.012124,5,2,house,4,2022-02-16,640,m2,"$2,110,000"
property-apartment-vic-thornbury-138372815,Thornbury,3071,3/37 Woolton Avenue,-37.76114435,144.9959976,2,1,apartment,1,2022-02-16,,,"$762,000"
property-apartment-vic-thornbury-137841162,Thornbury,3071,12/31 Woolton Avenue,-37.761167,144.996396,2,1,apartment,1,2022-02-16,,,"$505,000"
property-house-vic-thornbury-138303290,Thornbury,3071,34 Hammond Street,-37.763705,145.011641,3,1,house,3,2022-02-12,,,"$1,602,000"
property-unit-vic-thornbury-138296894,Thornbury,3071,2/39 Clapham Street,-37.7541522,144.9980375,2,1,unit,2,2022-02-12,,,"$958,000"
property-townhouse-vic-thornbury-138308374,Thornbury,3071,7/158 Clarendon Street,-37.76140218,145.0117954,2,2,townhouse,2,2022-02-12,195,m2,"$820,000"
property-apartment-vic-thornbury-138291630,Thornbury,3071,73/337 Station Street,-37.763439,145.020961,3,2,apartment,2,2022-02-12,,,"$775,000"
property-house-vic-thornbury-138373063,Thornbury,3071,86 Rennie Street,-37.752558,144.986753,3,1,house,1,2022-02-10,,,"$1,740,000"
property-apartment-vic-thornbury-138445875,Thornbury,3071,25/6 Francis Grove,-37.76339685,145.0077558,1,1,apartment,1,2022-02-10,,,"$350,000"
property-villa-vic-thornbury-137985490,Thornbury,3071,3/308 Rossmoyne Street,-37.759624,145.022454,2,1,villa,1,2022-02-05,,,"$775,000"
property-apartment-vic-thornbury-136186290,Thornbury,3071,8/4 Dundas Street,-37.75255095,145.00251,1,1,apartment,1,2022-02-03,,,"$385,000"
property-townhouse-vic-thornbury-138243862,Thornbury,3071,17/158 Clarendon Street,-37.76140218,145.0117954,2,2,townhouse,1,2022-02-01,,,"$760,000"
property-unit-vic-thornbury-137874278,Thornbury,3071,8/56 Ballantyne Street,-37.75798145,144.9955852,1,1,unit,1,2022-01-29,,,"$365,000"
property-apartment-vic-thornbury-138012162,Thornbury,3071,8/18 Pender Street,-37.753854,145.003063,1,1,apartment,1,2022-01-29,,,"$326,000"
property-townhouse-vic-thornbury-137214946,Thornbury,3071,2/206 Dundas Street,-37.754689,145.02153,3,2,townhouse,2,2022-01-27,,,"$875,000"
property-unit-vic-thornbury-137590846,Thornbury,3071,4/37 Martin Street,-37.761106,145.003515,2,1,unit,1,2022-01-25,,,"$685,000"
property-house-vic-thornbury-137875806,Thornbury,3071,90 Dundas Street,-37.75363758,145.0118785,4,2,house,1,2022-01-17,,,"$1,425,000"
property-house-vic-thornbury-137938686,Thornbury,3071,10 Tharratt Street,-37.75483705,145.0086735,3,1,house,2,2022-01-12,,,"$1,185,000"
property-unit-vic-thornbury-137849842,Thornbury,3071,3/15 Rennie Street,-37.7534405,144.992473,1,1,unit,1,2022-01-04,,,"$340,000"
property-apartment-vic-thornbury-137776214,Thornbury,3071,202/679-685 High Street,-37.7602423,145.0001127,2,2,apartment,1,2022-01-03,,,"$605,000"
property-unit-vic-thornbury-137873850,Thornbury,3071,5/39 Martin Street,-37.76107366,145.0036377,2,1,unit,1,2021-12-27,,,"$690,000"
property-villa-vic-thornbury-137529718,Thornbury,3071,2/45-47 Collins Street,-37.75497368,145.0047088,2,1,villa,1,2021-12-23,,,"$660,000"
property-townhouse-vic-thornbury-138022142,Thornbury,3071,12/158 Clarendon Street,-37.76140218,145.0117954,2,2,townhouse,1,2021-12-22,,,"$750,000"
property-apartment-vic-thornbury-137826310,Thornbury,3071,1/119 Keon Street,-37.751774,144.985151,2,1,apartment,1,2021-12-22,,,"$579,000"
property-house-vic-thornbury-138035454,Thornbury,3071,34A Newman Street,-37.75661619,144.9860404,2,1,house,,2021-12-21,,,"$1,050,000"
property-apartment-vic-thornbury-137983590,Thornbury,3071,1/9 Hammond Street,-37.763285,145.010256,2,1,apartment,1,2021-12-19,,,"$761,500"
property-house-vic-thornbury-137938054,Thornbury,3071,26 Ethel Street,-37.754262,144.999442,3,1,house,1,2021-12-18,,,"$1,480,000"
property-house-vic-thornbury-137970926,Thornbury,3071,10 Clyde Street,-37.761162,145.006737,6,2,house,1,2021-12-18,454,m2,"$1,420,000"
property-house-vic-thornbury-137957434,Thornbury,3071,44/85c Clyde Street,-37.76140218,145.0117954,2,2,house,1,2021-12-18,,,"$898,000"
property-house-vic-thornbury-138015254,Thornbury,3071,93 Clarendon Street,-37.760016,145.006121,3,2,house,2,2021-12-16,379,m2,"$2,311,000"
property-townhouse-vic-thornbury-137950522,Thornbury,3071,40/85C Clyde Street,-37.76140218,145.0117954,2,2,townhouse,1,2021-12-15,,,"$902,000"
property-apartment-vic-thornbury-137827282,Thornbury,3071,10/15 Rennie Street,-37.7534405,144.992473,1,1,apartment,1,2021-12-14,,,"$320,000"
property-house-vic-thornbury-137963598,Thornbury,3071,176 Rossmoyne Street,-37.75847,145.01169,4,2,house,1,2021-12-11,,,"$2,300,000"
property-house-vic-thornbury-137866554,Thornbury,3071,11 Pender Street,-37.753523,145.002651,4,1,house,1,2021-12-11,769,m2,"$2,110,000"
property-house-vic-thornbury-137887470,Thornbury,3071,10 Plow Street,-37.755123,145.000316,3,1,house,,2021-12-11,,,"$1,945,000"
property-house-vic-thornbury-137886346,Thornbury,3071,105 Hutton Street,-37.75513,144.991712,3,1,house,,2021-12-11,,,"$1,483,000"
property-apartment-vic-thornbury-137880590,Thornbury,3071,6/70 Collins Street,-37.755343,145.007502,1,1,apartment,1,2021-12-11,,,"$553,000"
property-apartment-vic-thornbury-137898154,Thornbury,3071,6/109 Flinders Street,-37.75653332,145.0113025,2,1,apartment,2,2021-12-10,,,"$700,000"
property-apartment-vic-thornbury-137877434,Thornbury,3071,8/143 Smith Street,-37.756621,144.989288,1,1,apartment,1,2021-12-08,,,"$372,500"
property-house-vic-thornbury-137840646,Thornbury,3071,160 Collins Street,-37.75598,145.016876,3,1,house,3,2021-12-04,,,"$1,710,000"
property-house-vic-thornbury-137888534,Thornbury,3071,30 Martin Street,-37.761261,145.002477,3,2,house,,2021-12-04,,,"$1,573,000"
property-unit-vic-thornbury-137754586,Thornbury,3071,2/325 Mansfield Street,-37.75893593,145.026428,3,1,unit,2,2021-12-04,,,"$710,000"
property-townhouse-vic-thornbury-137953042,Thornbury,3071,2/90 Dundas Street,-37.75363758,145.0118785,3,2,townhouse,2,2021-12-03,,,"$1,050,000"
property-unit-vic-thornbury-137895506,Thornbury,3071,2/18 Fyffe Street,-37.7538897,144.9923541,2,1,unit,2,2021-12-03,,,"$840,000"
property-unit-vic-thornbury-137894450,Thornbury,3071,1/224 Rossmoyne Street,-37.75875308,145.0141892,2,1,unit,1,2021-12-01,,,"$877,000"
property-house-vic-thornbury-137700690,Thornbury,3071,24 Collins Street,-37.755128,145.00321,4,2,house,3,2021-11-29,,,"$2,175,000"
property-house-vic-thornbury-137705302,Thornbury,3071,131 Ballantyne Street,-37.757651,144.990497,2,1,house,2,2021-11-29,329,m2,"$1,210,000"
property-apartment-vic-thornbury-137721214,Thornbury,3071,7/86 Collins Street,-37.75555005,145.0095099,2,1,apartment,2,2021-11-29,,,"$668,000"
property-apartment-vic-thornbury-137503914,Thornbury,3071,4/30 Strettle Street,-37.7525945,144.9831192,1,1,apartment,1,2021-11-29,,,"$375,000"
property-house-vic-thornbury-137761078,Thornbury,3071,41 Speight Street,-37.76224986,145.0103257,3,3,house,,2021-11-27,,,"$1,630,000"
property-house-vic-thornbury-137736722,Thornbury,3071,94A Harold Street,-37.75585625,144.9933454,3,2,house,,2021-11-27,,,"$1,380,000"
property-townhouse-vic-thornbury-137721966,Thornbury,3071,1/147 Ballantyne Street,-37.75752842,144.9893462,3,2,townhouse,2,2021-11-27,,,"$1,200,000"
property-apartment-vic-thornbury-136923766,Thornbury,3071,4/639 High Street,-37.76155053,144.9998895,1,1,apartment,,2021-11-24,,,"$395,000"
property-house-vic-thornbury-137819214,Thornbury,3071,25 Kelvin Grove,-37.762188,145.002396,2,1,house,,2021-11-23,239,m2,"$1,527,500"
property-house-vic-thornbury-137657806,Thornbury,3071,174 Raleigh Street,-37.760043,145.011444,3,1,house,2,2021-11-20,474,m2,"$1,585,000"
property-house-vic-thornbury-137566994,Thornbury,3071,72 Raleigh Street,-37.75943,145.00558,3,1,house,,2021-11-20,,,"$1,160,000"
property-townhouse-vic-thornbury-137627306,Thornbury,3071,2/3 Watt Street,-37.7536057,144.996233,4,2,townhouse,1,2021-11-20,,,"$1,150,000"
property-apartment-vic-thornbury-137651810,Thornbury,3071,3/84 St David Street,-37.75340119,145.0068235,2,1,apartment,1,2021-11-20,,,"$697,500"
property-house-vic-thornbury-137791394,Thornbury,3071,151 Shaftesbury Parade,-37.759286,144.988069,4,2,house,2,2021-11-18,,,"$2,465,000"
property-apartment-vic-thornbury-137530302,Thornbury,3071,1/75 Pender Street,-37.75416828,145.0097763,1,1,apartment,1,2021-11-17,,,"$380,000"
property-apartment-vic-thornbury-137381398,Thornbury,3071,7/115 Shaftesbury Parade,-37.75961375,144.9907496,1,1,apartment,1,2021-11-17,,,"$335,000"
property-house-vic-thornbury-137755410,Thornbury,3071,21 Fyffe Street,-37.75431391,144.9922806,2,1,house,2,2021-11-15,,,"$1,230,000"
property-house-vic-thornbury-137588618,Thornbury,3071,10 Newman Street,-37.756778,144.987399,3,1,house,2,2021-11-13,596,m2,"$1,727,500"
property-house-vic-thornbury-137639918,Thornbury,3071,107 Harold Street,-37.75593943,144.9906549,3,1,house,,2021-11-12,356,m2,"$1,390,000"
property-unit-vic-thornbury-137626158,Thornbury,3071,78/337  Station street,-37.763439,145.020961,2,1,unit,1,2021-11-11,,,"$675,000"
property-townhouse-vic-thornbury-137450246,Thornbury,3071,31/85C Clyde Street,-37.76140218,145.0117954,3,2,townhouse,2,2021-11-09,,,"$855,000"
property-house-vic-thornbury-137603822,Thornbury,3071,160 Raleigh Street,-37.75992674,145.0103916,3,1,house,2,2021-11-08,,,"$1,475,000"
property-unit-vic-thornbury-137497546,Thornbury,3071,8/45 Woolton Avenue,-37.76105,144.99532,1,1,unit,1,2021-11-08,,,"$378,000"
property-house-vic-thornbury-137500858,Thornbury,3071,24 Rossmoyne Street,-37.757506,145.002635,3,1,house,,2021-11-06,,,"$1,520,000"
property-townhouse-vic-thornbury-137450258,Thornbury,3071,4/354 Station Street,-37.76311431,145.0205579,2,2,townhouse,1,2021-11-04,,,"$750,000"
property-house-vic-thornbury-137477810,Thornbury,3071,14 Rayment Street,-37.7594892,144.9964528,3,2,house,1,2021-11-03,,,"$1,130,000"
property-unit-vic-thornbury-137443234,Thornbury,3071,1/129 Fyffe Street,-37.75325328,144.982205,3,1,unit,2,2021-11-01,245,m2,"$990,000"
property-villa-vic-thornbury-137521038,Thornbury,3071,2/73 Pender Street,-37.75415125,145.009616,2,1,villa,1,2021-10-31,,,"$850,000"
property-apartment-vic-thornbury-137340990,Thornbury,3071,7/61 Harold Street,-37.75643378,144.9951957,1,1,apartment,1,2021-10-30,,,"$426,000"
property-house-vic-thornbury-137471110,Thornbury,3071,75 Collins Street,-37.755306,145.010004,3,2,house,2,2021-10-27,,,"$1,810,000"
property-house-vic-thornbury-137515286,Thornbury,3071,91 Woolton Avenue,-37.76049,144.990522,3,1,house,2,2021-10-27,435,m2,"$1,430,000"
property-apartment-vic-thornbury-137534986,Thornbury,3071,1/195 Mansfield Street,-37.75773414,145.0151074,1,1,apartment,2,2021-10-24,,,"$541,000"
property-villa-vic-thornbury-137380698,Thornbury,3071,37 Ethel Street,-37.752615,144.999338,2,1,villa,1,2021-10-22,,,"$860,000"
property-apartment-vic-thornbury-137117490,Thornbury,3071,7/42 Dundas Street,-37.752878,145.005529,1,1,apartment,1,2021-10-20,,,"$320,250"
property-apartment-vic-thornbury-137367758,Thornbury,3071,2/22 Smith Street,-37.757436,144.998579,1,1,apartment,1,2021-10-19,,,"$500,000"
property-house-vic-thornbury-137386882,Thornbury,3071,84 Pender Street,-37.754864,145.013217,3,1,house,3,2021-10-16,,,"$1,735,000"
property-house-vic-thornbury-137311142,Thornbury,3071,72 Speight Street,-37.762933,145.013932,2,1,house,2,2021-10-16,606,m2,"$1,600,000"
property-house-vic-thornbury-136780634,Thornbury,3071,60 Stott Street,-37.761815,144.997967,2,1,house,,2021-10-15,405,m2,"$1,385,000"
property-apartment-vic-thornbury-137380446,Thornbury,3071,3/8 Kemp Street,-37.762013,144.995816,2,1,apartment,1,2021-10-15,,,"$560,000"
property-unit-vic-thornbury-136671982,Thornbury,3071,7/14-16 Hutton Street,-37.75574431,144.9993492,1,1,unit,1,2021-10-15,,,"$320,000"
property-unit-vic-thornbury-137285090,Thornbury,3071,4/16 Dundas Street,-37.75264066,145.0032984,2,1,unit,1,2021-10-13,,,"$862,000"
property-unit-vic-thornbury-137285358,Thornbury,3071,1/16 Dundas Street,-37.75264066,145.0032984,2,1,unit,2,2021-10-13,,,"$845,000"
property-unit-vic-thornbury-137285354,Thornbury,3071,2/16 Dundas Street,-37.75264066,145.0032984,2,1,unit,1,2021-10-13,,,"$837,000"
property-apartment-vic-thornbury-137298494,Thornbury,3071,11/75 Pender Street,-37.75416828,145.0097763,1,1,apartment,1,2021-10-11,,,"$360,000"
property-unit-vic-thornbury-136940750,Thornbury,3071,6/55 Martin Street,-37.76118759,145.0046397,1,1,unit,1,2021-10-10,,,"$385,000"
property-house-vic-thornbury-137186826,Thornbury,3071,201 Raleigh Street,-37.760149,145.015016,3,2,house,4,2021-10-09,,,"$1,911,000"
property-house-vic-thornbury-137263810,Thornbury,3071,234 Collins Street,-37.7567688,145.0238471,3,1,house,1,2021-10-07,,,"$930,000"
property-apartment-vic-thornbury-137122338,Thornbury,3071,3/31 Woolton Avenue,-37.761167,144.996396,2,1,apartment,1,2021-10-06,,,"$655,000"
property-apartment-vic-thornbury-137234638,Thornbury,3071,202/133 Miller Street,-37.75124853,144.9884747,2,1,apartment,1,2021-10-04,,,"$680,000"
property-villa-vic-thornbury-137287034,Thornbury,3071,7/23 Comas Grove,-37.7553145,144.9846152,2,2,villa,1,2021-09-30,,,"$940,000"
property-house-vic-thornbury-137318774,Thornbury,3071,92 Clarendon Street,-37.760371,145.006849,4,1,house,2,2021-09-28,481,m2,"$1,765,000"
property-townhouse-vic-thornbury-135655566,Thornbury,3071,5/1A Ballantyne Street,-37.75879181,145.0002362,2,1,townhouse,1,2021-09-28,,,"$670,000"
property-townhouse-vic-thornbury-136942726,Thornbury,3071,2/334 Gillies Street,-37.76227568,145.019569,3,2,townhouse,2,2021-09-21,,,"$1,210,000"
property-house-vic-thornbury-137247850,Thornbury,3071,6 Walsh Avenue,-37.757998,145.023769,2,1,house,2,2021-09-20,557,m2,"$1,275,000"
property-apartment-vic-thornbury-136325278,Thornbury,3071,7/66 Dundas Street,-37.753204,145.008312,1,1,apartment,1,2021-09-20,,,"$349,000"
property-townhouse-vic-thornbury-136271914,Thornbury,3071,13/337 Station Street,-37.763439,145.020961,3,2,townhouse,2,2021-09-13,,,"$795,000"
property-apartment-vic-thornbury-136949390,Thornbury,3071,6/5 Normanby Avenue,-37.75956974,144.9994245,2,1,apartment,1,2021-09-08,,,"$515,000"
property-house-vic-thornbury-136895090,Thornbury,3071,115 Clarendon Street,-37.760156,145.007445,6,3,house,3,2021-09-04,534,m2,"$1,681,000"
property-flat-vic-thornbury-136940018,Thornbury,3071,4/305 Rathmines Street,-37.76285148,145.0186908,2,1,flat,1,2021-08-31,,,"$610,000"
property-apartment-vic-thornbury-136800038,Thornbury,3071,3/34 Pender Street,-37.75404619,145.0047831,1,1,apartment,1,2021-08-31,,,"$427,500"
property-house-vic-thornbury-136787314,Thornbury,3071,352 Victoria Road,-37.75701833,145.0137385,3,1,house,2,2021-08-12,,,"$1,125,000"
property-townhouse-vic-thornbury-136159446,Thornbury,3071,3/71 Miller Street,-37.75171276,144.9911653,2,2,townhouse,1,2021-08-10,,,"$785,000"
property-apartment-vic-thornbury-136941110,Thornbury,3071,9/109 Flinders Street,-37.75653332,145.0113025,2,1,apartment,1,2021-08-09,,,"$690,000"
property-house-vic-thornbury-136691206,Thornbury,3071,46 Kemp Street,-37.761688,144.993112,5,3,house,1,2021-08-07,,,"$1,550,000"
property-house-vic-thornbury-136841002,Thornbury,3071,19 Collins Street,-37.754808,145.002946,2,1,house,1,2021-08-05,278,m2,"$1,830,000"
property-townhouse-vic-thornbury-136780498,Thornbury,3071,343 Gillies Street,-37.76190144,145.0200489,2,1,townhouse,1,2021-08-03,,,"$1,031,000"
property-townhouse-vic-thornbury-136670354,Thornbury,3071,1/24 Dundas Street,-37.75267765,145.0036245,3,1,townhouse,1,2021-07-31,,,"$909,000"
property-house-vic-thornbury-136618050,Thornbury,3071,87 Clyde Street,-37.76157,145.013242,3,1,house,3,2021-07-29,,,"$1,295,000"
property-townhouse-vic-thornbury-136725394,Thornbury,3071,19 Aviary Grove,-37.76125227,145.0271975,3,1,townhouse,1,2021-07-28,,,"$773,000"
property-apartment-vic-thornbury-136679222,Thornbury,3071,7/9 Kemp Street,-37.76228878,144.9955346,2,1,apartment,1,2021-07-25,,,"$710,000"
property-house-vic-thornbury-136660918,Thornbury,3071,7 Hammond Street,-37.763273,145.010052,3,1,house,3,2021-07-24,551,m2,"$1,553,000"
property-townhouse-vic-thornbury-136693906,Thornbury,3071,53/85C Clyde Street,-37.76140218,145.0117954,2,2,townhouse,1,2021-07-24,,,"$902,000"
property-townhouse-vic-thornbury-136571234,Thornbury,3071,30/85c Clyde Street,-37.76140218,145.0117954,3,2,townhouse,2,2021-07-17,,,"$870,000"
property-house-vic-thornbury-136568718,Thornbury,3071,115 Hutton Street,-37.755053,144.990897,3,1,house,1,2021-07-15,,,"$1,300,000"
property-house-vic-thornbury-136567114,Thornbury,3071,68 Wilmoth Street,-37.762913,145.016509,4,1,house,2,2021-07-10,,,"$1,517,000"
property-townhouse-vic-thornbury-136615914,Thornbury,3071,12 Aviary Grove,-37.76138021,145.026639,2,1,townhouse,1,2021-07-10,,,"$720,000"
property-apartment-vic-thornbury-136581414,Thornbury,3071,4/85 St David Street,-37.76097922,145.0054822,2,1,apartment,1,2021-07-10,,,"$665,000"
property-apartment-vic-thornbury-135921674,Thornbury,3071,610/636 High Street,-37.76021562,145.0005471,1,1,apartment,1,2021-07-06,,,"$406,000"
property-house-vic-thornbury-136381942,Thornbury,3071,177 Smith Street,-37.756295,144.986538,3,1,house,2,2021-07-03,,,"$1,360,000"
property-townhouse-vic-thornbury-136442162,Thornbury,3071,18/337 Station Street,-37.763439,145.020961,3,2,townhouse,2,2021-07-03,,,"$1,005,000"
property-apartment-vic-thornbury-136372026,Thornbury,3071,6/29 Smith Street,-37.75756168,144.9971689,2,1,apartment,1,2021-07-03,,,"$580,000"
property-apartment-vic-thornbury-136655478,Thornbury,3071,7/39 Rossmoyne Street,-37.7573362,145.0037624,1,1,apartment,1,2021-07-03,,,"$360,000"
property-house-vic-thornbury-136439230,Thornbury,3071,37 Newman Street,-37.756811,144.985616,3,2,house,2,2021-06-29,,,"$1,300,000"
property-townhouse-vic-thornbury-136271710,Thornbury,3071,28 Aviary Grove,-37.76119937,145.0267057,3,1,townhouse,1,2021-06-29,,,"$700,000"
property-apartment-vic-thornbury-136312742,Thornbury,3071,6/114 Normanby Avenue,-37.75823801,144.9896583,2,1,apartment,1,2021-06-29,,,"$531,500"
property-apartment-vic-thornbury-136273342,Thornbury,3071,605/636 High Street,-37.76021562,145.0005471,1,1,apartment,1,2021-06-29,,,"$482,500"
property-apartment-vic-thornbury-136367894,Thornbury,3071,7/13-15 Hutton Street,-37.75600799,144.9993048,1,1,apartment,1,2021-06-29,,,"$366,000"
property-house-vic-thornbury-136254854,Thornbury,3071,6 Woolton Avenue,-37.761231,144.999107,3,2,house,5,2021-06-26,,,"$2,295,000"
property-house-vic-thornbury-136401630,Thornbury,3071,116 Rossmoyne Street,-37.7580655,145.0076949,4,2,house,1,2021-06-26,374,m2,"$2,215,000"
property-house-vic-thornbury-136444294,Thornbury,3071,159 Collins Street,-37.755809,145.017925,3,1,house,2,2021-06-26,529,m2,"$1,535,000"
property-house-vic-thornbury-136256070,Thornbury,3071,180 Dundas Street,-37.754445,145.019346,3,1,house,2,2021-06-26,,,"$1,400,000"
property-villa-vic-thornbury-136407986,Thornbury,3071,6/38-40 Pender Street,-37.7540894,145.0052018,2,1,villa,2,2021-06-26,,,"$746,000"
property-house-vic-thornbury-136389062,Thornbury,3071,171 Darebin Road,-37.764602,145.013524,2,1,house,1,2021-06-24,,,"$1,350,000"
property-apartment-vic-thornbury-136368426,Thornbury,3071,4/26 Dundas Street,-37.75270856,145.0038969,2,1,apartment,1,2021-06-24,,,"$667,000"
property-townhouse-vic-thornbury-136338278,Thornbury,3071,3/20 Woolton Avenue,-37.7610994,144.9981011,2,2,townhouse,1,2021-06-23,,,"$1,060,000"
property-townhouse-vic-thornbury-135760046,Thornbury,3071,24 Aviary Grove,-37.76122291,145.0269244,3,1,townhouse,1,2021-06-23,,,"$735,000"
property-apartment-vic-thornbury-136371294,Thornbury,3071,12/137-139 Flinders Street,-37.75726305,145.0148898,2,1,apartment,1,2021-06-23,,,"$629,000"
property-villa-vic-thornbury-136187058,Thornbury,3071,6/184 Normanby Avenue,-37.75758956,144.98402,2,1,villa,2,2021-06-16,,,"$637,500"
property-apartment-vic-thornbury-136272278,Thornbury,3071,1/77 Pender Street,-37.75420692,145.0100227,1,1,apartment,1,2021-06-11,,,"$335,000"
property-apartment-vic-thornbury-136260930,Thornbury,3071,7/25 Kemp Street,-37.76214069,144.9942711,2,1,apartment,1,2021-06-06,,,"$663,000"
property-house-vic-thornbury-136254782,Thornbury,3071,55 Ballantyne Street,-37.758328,144.996381,3,1,house,2,2021-06-05,,,"$1,609,500"
property-unit-vic-thornbury-136271030,Thornbury,3071,2/76 Collins Street,-37.75540912,145.0080953,2,1,unit,2,2021-06-05,,,"$960,000"
property-townhouse-vic-thornbury-134643734,Thornbury,3071,1/371 Station Street,-37.760634,145.021394,2,2,townhouse,1,2021-05-31,,,"$810,000"
property-house-vic-thornbury-136204586,Thornbury,3071,52 Rossmoyne Street,-37.757656,145.004073,4,2,house,1,2021-05-29,,,"$2,450,000"
property-house-vic-thornbury-136257582,Thornbury,3071,9 Taylor Street,-37.752159,144.987638,4,2,house,3,2021-05-29,485,m2,"$1,742,000"
property-apartment-vic-thornbury-136207202,Thornbury,3071,4/32 Dundas Street,-37.7527945,145.0046449,2,1,apartment,1,2021-05-29,,,"$701,000"
property-townhouse-vic-thornbury-136150066,Thornbury,3071,1/11 Clarendon Street,-37.75953475,145.0017316,2,2,townhouse,2,2021-05-27,,,"$948,000"
property-townhouse-vic-thornbury-136222282,Thornbury,3071,3/59 Miller Street,-37.75159316,144.9918712,2,2,townhouse,1,2021-05-27,,,"$886,000"
property-house-vic-thornbury-136007730,Thornbury,3071,40 Alston Street,-37.755502,145.020021,4,1,house,3,2021-05-26,519,m2,"$1,200,000"
property-apartment-vic-thornbury-136168862,Thornbury,3071,13/115 Shaftesbury Parade,-37.75961375,144.9907496,1,1,apartment,1,2021-05-24,,,"$302,000"
property-apartment-vic-thornbury-136143286,Thornbury,3071,15/8 Kemp Street,-37.762013,144.995816,2,1,apartment,1,2021-05-22,,,"$545,000"
property-house-vic-thornbury-136264910,Thornbury,3071,18A Gladhall Avenue,-37.75683422,145.0202182,3,2,house,2,2021-05-21,,,"$1,800,000"
property-townhouse-vic-thornbury-136200678,Thornbury,3071,129A Collins Street,-37.75548103,145.0152079,4,2,townhouse,2,2021-05-20,,,"$1,787,000"
property-apartment-vic-thornbury-136112994,Thornbury,3071,3/37 Collins Street,-37.75488997,145.0039448,2,1,apartment,1,2021-05-20,,,"$726,000"
property-house-vic-thornbury-136069882,Thornbury,3071,42 Speight Street,-37.762654,145.011306,3,2,house,4,2021-05-15,605,m2,"$2,465,000"
property-unit-vic-thornbury-136070406,Thornbury,3071,1/45-47 Collins Street,-37.75497368,145.0047088,2,1,unit,2,2021-05-15,,,"$663,000"
property-apartment-vic-thornbury-135903706,Thornbury,3071,1/101 Smith Street,-37.75690841,144.9918458,2,1,apartment,1,2021-05-14,,,"$490,000"
property-house-vic-thornbury-136072890,Thornbury,3071,517 St Georges Road,-37.7535884,144.9942129,3,1,house,1,2021-05-12,,,"$1,200,000"
property-townhouse-vic-thornbury-135376098,Thornbury,3071,31 Ethel Street,-37.75283,144.999302,3,1,townhouse,2,2021-05-11,163,m2,"$870,000"
property-house-vic-thornbury-135981318,Thornbury,3071,64-66 Wales Street,-37.76158591,145.0093822,4,2,house,1,2021-05-08,,,"$1,710,000"
property-house-vic-thornbury-136011494,Thornbury,3071,139 Raleigh Street,-37.759506,145.008972,3,1,house,,2021-05-08,,,"$1,660,000"
property-house-vic-thornbury-135971894,Thornbury,3071,61 Ballantyne Street,-37.758286,144.996042,4,1,house,2,2021-05-08,512,m2,"$1,620,000"
property-apartment-vic-thornbury-135989322,Thornbury,3071,8/22 Smith Street,-37.757436,144.998579,2,1,apartment,1,2021-05-08,,,"$595,000"
property-townhouse-vic-thornbury-136061494,Thornbury,3071,11 Ibis Place,-37.76104954,145.0265601,3,2,townhouse,1,2021-05-07,,,"$760,000"
property-townhouse-vic-thornbury-134669602,Thornbury,3071,1/7 Martin Street,-37.760845,145.001308,2,2,townhouse,1,2021-05-06,,,"$950,000"
property-apartment-vic-thornbury-135991722,Thornbury,3071,10/70 Collins Street,-37.755343,145.007502,1,1,apartment,1,2021-05-06,,,"$395,000"
property-house-vic-thornbury-136010778,Thornbury,3071,190A Raleigh Street,-37.76019735,145.0126911,3,2,house,2,2021-05-04,,,"$1,471,000"
property-apartment-vic-thornbury-135942574,Thornbury,3071,202/690 High Street,-37.7583438,145.0008682,2,1,apartment,1,2021-05-03,,,"$662,500"
property-house-vic-thornbury-135933698,Thornbury,3071,8 Keon Street,-37.752409,144.99384,3,1,house,2,2021-05-02,367,m2,"$1,440,000"
property-house-vic-thornbury-135937334,Thornbury,3071,47 Comas Grove,-37.753133,144.985024,2,1,house,2,2021-05-01,,,"$1,670,000"
property-residential land-vic-thornbury-202819358,Thornbury,3071,106 Normanby Avenue,-37.758342,144.990331,,,residential land,,2021-05-01,660,m2,"$1,580,000"
property-house-vic-thornbury-135974386,Thornbury,3071,39 Hutton Street,-37.755764,144.997154,2,1,house,2,2021-05-01,248,m2,"$1,310,000"
property-house-vic-thornbury-136029882,Thornbury,3071,146 Dundas Street,-37.754156,145.016663,2,1,house,1,2021-04-28,,,"$1,399,000"
property-unit-vic-thornbury-136007014,Thornbury,3071,4/125 Fyffe Street,-37.75327648,144.9824233,3,1,unit,2,2021-04-26,,,"$1,100,000"
property-apartment-vic-thornbury-135858902,Thornbury,3071,3/178b Gooch Street,-37.75937084,145.012447,2,1,apartment,1,2021-04-24,,,"$760,000"
property-townhouse-vic-thornbury-135840998,Thornbury,3071,1 Rosella Walk,-37.76106867,145.0260438,2,1,townhouse,1,2021-04-23,,,"$635,000"
property-apartment-vic-thornbury-135731814,Thornbury,3071,4/5 Kemp Street,-37.76232281,144.9958249,1,1,apartment,,2021-04-23,,,"$310,000"
property-apartment-vic-thornbury-135728858,Thornbury,3071,4/133 Miller Street,-37.75124853,144.9884747,2,1,apartment,1,2021-04-21,,,"$670,000"
property-unit-vic-thornbury-135952306,Thornbury,3071,4/135 Raleigh Street,-37.759474,145.008689,1,1,unit,1,2021-04-19,,,"$586,000"
property-house-vic-thornbury-135831602,Thornbury,3071,342 Gillies Street,-37.76172294,145.0196404,3,1,house,1,2021-04-17,,,"$1,345,000"
property-house-vic-thornbury-135782914,Thornbury,3071,13 Riley Street,-37.757209,145.020793,3,1,house,2,2021-04-17,418,m2,"$1,320,000"
property-villa-vic-thornbury-135835054,Thornbury,3071,3/128 Normanby Avenue,-37.75812685,144.9886961,2,1,villa,1,2021-04-17,,,"$775,000"
property-apartment-vic-thornbury-135833306,Thornbury,3071,6/12 Ballantyne Street,-37.75840136,144.9993006,2,1,apartment,1,2021-04-14,,,"$650,000"
property-house-vic-thornbury-135881254,Thornbury,3071,17 Smith Street,-37.757688,144.998498,4,1,house,2,2021-04-12,512,m2,"$1,460,000"
property-apartment-vic-thornbury-135751806,Thornbury,3071,8/5 Normanby Avenue,-37.75956974,144.9994245,1,1,apartment,1,2021-04-10,,,"$418,000"
property-apartment-vic-thornbury-135740382,Thornbury,3071,12/77 Pender Street,-37.75420692,145.0100227,2,1,apartment,1,2021-04-09,,,"$482,000"
property-apartment-vic-thornbury-135688902,Thornbury,3071,5/22 Smith Street,-37.757436,144.998579,1,1,apartment,1,2021-03-31,,,"$380,000"
property-house-vic-thornbury-135649434,Thornbury,3071,42 Alston Street,-37.755522,145.020191,3,1,house,8,2021-03-27,,,"$1,125,000"
property-apartment-vic-thornbury-135653574,Thornbury,3071,1/17 Kemp Street,-37.76221259,144.9948846,1,1,apartment,1,2021-03-27,,,"$475,000"
property-apartment-vic-thornbury-135666030,Thornbury,3071,1/67 Pender Street,-37.75406341,145.008833,1,1,apartment,1,2021-03-24,,,"$480,000"
property-house-vic-thornbury-135584826,Thornbury,3071,50 Johnson Street,-37.762212,144.999001,4,2,house,1,2021-03-21,420,m2,"$1,295,000"
property-apartment-vic-thornbury-135634066,Thornbury,3071,4/45 Clarendon Street,-37.759717,145.003359,2,1,apartment,1,2021-03-20,,,"$640,000"
property-apartment-vic-thornbury-135609898,Thornbury,3071,7/95 Raleigh Street,-37.75924401,145.0066019,1,1,apartment,1,2021-03-15,,,"$385,000"
property-house-vic-thornbury-135659998,Thornbury,3071,70 Mansfield Street,-37.757079,145.006165,3,1,house,1,2021-03-08,470,m2,"$1,715,000"
property-house-vic-thornbury-135414230,Thornbury,3071,90 Rossmoyne Street,-37.75792458,145.0063611,3,1,house,,2021-03-06,,,"$1,420,000"
property-house-vic-thornbury-135414842,Thornbury,3071,90A Rossmoyne Street,-37.7579119,145.0062412,3,1,house,2,2021-03-06,,,"$1,351,000"
property-apartment-vic-thornbury-135465534,Thornbury,3071,20/6 Francis Grove,-37.76339685,145.0077558,1,1,apartment,1,2021-03-06,,,"$329,000"
property-house-vic-thornbury-135515806,Thornbury,3071,13 Hill Street,-37.754833,144.983298,4,2,house,3,2021-03-05,,,"$1,725,000"
property-apartment-vic-thornbury-135401322,Thornbury,3071,199 Mansfield Street,-37.75773414,145.0151074,1,1,apartment,1,2021-03-05,,,"$415,000"
property-apartment-vic-thornbury-135453574,Thornbury,3071,8/187 Mansfield Street,-37.75766785,145.0143114,1,1,apartment,1,2021-03-05,,,"$319,000"
property-unit-vic-thornbury-134485038,Thornbury,3071,1/184 Normanby Avenue,-37.75758956,144.98402,2,1,unit,1,2021-03-02,,,"$625,000"
property-villa-vic-thornbury-135401710,Thornbury,3071,13/184 Normanby Avenue,-37.75758956,144.98402,2,1,villa,1,2021-02-27,,,"$766,000"
property-apartment-vic-thornbury-135398934,Thornbury,3071,8/109 Flinders Street,-37.75653332,145.0113025,2,1,apartment,1,2021-02-27,,,"$661,000"
property-apartment-vic-thornbury-135241474,Thornbury,3071,61/337 Station Street,-37.763439,145.020961,3,2,apartment,2,2021-02-23,,,"$781,100"
property-house-vic-thornbury-135329878,Thornbury,3071,108 Collins Street,-37.755837,145.012124,5,2,house,2,2021-02-20,640,m2,"$1,725,000"
property-house-vic-thornbury-135332334,Thornbury,3071,45 Rossmoyne Street,-37.757397,145.00417,2,1,house,,2021-02-20,,,"$1,092,500"
property-apartment-vic-thornbury-135312546,Thornbury,3071,5/107 Flinders Street,-37.75650571,145.0110514,3,1,apartment,1,2021-02-20,,,"$777,000"
property-apartment-vic-thornbury-135294402,Thornbury,3071,609/636 High Street,-37.76021562,145.0005471,2,2,apartment,1,2021-02-18,,,"$630,000"
property-house-vic-thornbury-135393530,Thornbury,3071,247 Clarendon Street,-37.761464,145.019817,4,2,house,2,2021-02-17,,,"$1,222,000"
property-apartment-vic-thornbury-135155806,Thornbury,3071,301/688 High Street,-37.7583438,145.0008682,2,1,apartment,1,2021-02-15,,,"$560,000"
property-apartment-vic-thornbury-135268998,Thornbury,3071,5/310 Mansfield Street,-37.759143,145.0254469,2,1,apartment,1,2021-02-14,,,"$675,000"
property-house-vic-thornbury-135278078,Thornbury,3071,61 Mansfield Street,-37.756715,145.005392,2,1,house,,2021-02-13,278,m2,"$1,300,000"
property-townhouse-vic-thornbury-135276990,Thornbury,3071,5/120 Dundas Street,-37.75391231,145.0144572,3,2,townhouse,1,2021-02-13,,,"$852,000"
property-unit-vic-thornbury-135315250,Thornbury,3071,3/57 Harold Street,-37.756468,144.995626,2,1,unit,1,2021-02-11,,,"$573,000"
property-apartment-vic-thornbury-135219518,Thornbury,3071,106/636 High Street,-37.76021562,145.0005471,3,2,apartment,2,2021-02-08,,,"$860,000"
property-apartment-vic-thornbury-135082810,Thornbury,3071,5B/42 Clarendon Street,-37.76001565,145.0033671,2,1,apartment,1,2021-02-08,,,"$485,000"
property-house-vic-thornbury-134616594,Thornbury,3071,107 Pender Street,-37.75457842,145.0134539,3,2,house,2,2021-02-05,,,"$1,140,000"
property-apartment-vic-thornbury-134917430,Thornbury,3071,301/679-685 High Street,-37.7602423,145.0001127,1,1,apartment,1,2021-02-02,,,"$420,000"
property-house-vic-thornbury-133898074,Thornbury,3071,14 Walsh Avenue,-37.757448,145.023783,5,3,house,3,2021-01-31,,,"$1,699,999"
property-townhouse-vic-thornbury-135073206,Thornbury,3071,23 Aviary Grove,-37.76122877,145.026979,3,1,townhouse,1,2021-01-28,,,"$735,000"
property-apartment-vic-thornbury-134562154,Thornbury,3071,5/639 High Street,-37.76155053,144.9998895,2,1,apartment,,2021-01-21,,,"$525,000"
property-house-vic-thornbury-135111986,Thornbury,3071,117 Hutton Street,-37.755042,144.990783,2,1,house,1,2021-01-16,,,"$1,300,000"
property-house-vic-thornbury-134692178,Thornbury,3071,75 Ballantyne Street,-37.75819,144.995182,4,1,house,1,2021-01-06,264,m2,"$1,380,000"
property-unit-vic-thornbury-135011530,Thornbury,3071,6/1 Clyde Street,-37.76076975,145.0058852,1,1,unit,1,2021-01-06,,,"$402,000"
property-apartment-vic-thornbury-134921450,Thornbury,3071,6/32 Dundas Street,-37.7527945,145.0046449,2,1,apartment,1,2020-12-30,,,"$630,000"
property-apartment-vic-thornbury-134976534,Thornbury,3071,8/73 Collins Street,-37.755284,145.009812,1,1,apartment,1,2020-12-23,,,"$340,000"
property-house-vic-thornbury-134976702,Thornbury,3071,164 Dundas Street,-37.754306,145.018044,3,2,house,2,2020-12-19,863,m2,"$1,625,000"
property-house-vic-thornbury-134971790,Thornbury,3071,77 Smith Street,-37.757257,144.994628,3,1,house,1,2020-12-19,,,"$1,307,000"
property-house-vic-thornbury-134999142,Thornbury,3071,94 Mansfield Street,-37.75724,145.007693,3,2,house,1,2020-12-19,374,m2,"$1,190,000"
property-house-vic-thornbury-134969878,Thornbury,3071,174B Gooch Street,-37.7593474,145.0122249,3,2,house,2,2020-12-19,,,"$1,132,500"
property-house-vic-thornbury-135009634,Thornbury,3071,41A Normanby Avenue,-37.75923783,144.9964448,2,1,house,1,2020-12-17,,,"$1,120,000"
property-apartment-vic-thornbury-135030942,Thornbury,3071,3/22 Smith Street,-37.757436,144.998579,2,1,apartment,1,2020-12-17,102,m2,"$620,000"
property-apartment-vic-thornbury-134910666,Thornbury,3071,24/6 Francis Grove,-37.763396,145.007755,1,1,apartment,1,2020-12-15,,,"$375,000"
property-house-vic-thornbury-135014438,Thornbury,3071,126 Harold Street,-37.755724,144.991094,3,1,house,,2020-12-14,,,"$1,150,000"
property-unitblock-vic-thornbury-134911518,Thornbury,3071,1-7/56-58 Strettle Street,-37.751077,144.983377,10,7,unitblock,10,2020-12-12,,,"$2,345,000"
property-unit-vic-thornbury-134952082,Thornbury,3071,2/91 Normanby Avenue,-37.758704,144.991479,2,1,unit,1,2020-12-12,,,"$630,000"
property-apartment-vic-thornbury-134906386,Thornbury,3071,6/2 Dundas Street,-37.752559,145.002317,2,1,apartment,1,2020-12-12,,,"$437,500"
property-apartment-vic-thornbury-134976426,Thornbury,3071,6/101 St David Street,-37.755432,145.005767,1,1,apartment,1,2020-12-12,,,"$314,500"
property-house-vic-thornbury-134788770,Thornbury,3071,265 Victoria Road,-37.76376,145.01223,5,3,house,4,2020-12-11,,,"$1,350,000"
property-apartment-vic-thornbury-134902322,Thornbury,3071,5/42 Dundas Street,-37.752878,145.005529,1,1,apartment,1,2020-12-11,,,"$365,000"
property-house-vic-thornbury-133847534,Thornbury,3071,39 Miller Street,-37.751703,144.99311,3,2,house,2,2020-12-10,,,"$1,031,500"
property-house-vic-thornbury-134002810,Thornbury,3071,32A Fenwick Street,-37.76230255,145.0047436,3,3,house,2,2020-12-08,,,"$1,230,000"
property-apartment-vic-thornbury-134569650,Thornbury,3071,502/636 High Street,-37.76021562,145.0005471,2,1,apartment,1,2020-12-07,,,"$484,000"
property-house-vic-thornbury-134867526,Thornbury,3071,87B St David Street,-37.760835,145.005497,4,3,house,2,2020-12-05,,,"$1,670,000"
property-townhouse-vic-thornbury-134854854,Thornbury,3071,12 Ethel Street,-37.75502021,144.999344,3,2,townhouse,2,2020-12-05,,,"$1,150,000"
property-townhouse-vic-thornbury-134865530,Thornbury,3071,67 Comas Grove,-37.75089461,144.9853635,2,1,townhouse,1,2020-12-05,,,"$745,000"
property-apartment-vic-thornbury-134921714,Thornbury,3071,9/33 Woolton Avenue,-37.761145,144.996169,1,1,apartment,1,2020-12-04,,,"$420,000"
property-house-vic-thornbury-134948410,Thornbury,3071,140 Shaftesbury Parade,-37.759094,144.988994,3,1,house,1,2020-12-03,412,m2,"$1,300,000"
property-house-vic-thornbury-134979034,Thornbury,3071,75 St David Street,-37.761953,145.005512,3,1,house,2,2020-12-03,,,"$1,243,000"
property-house-vic-thornbury-134904198,Thornbury,3071,32 Normanby Avenue,-37.759023,144.996964,3,1,house,2,2020-12-02,405,m2,"$1,471,000"
property-house-vic-thornbury-134922858,Thornbury,3071,107 Ballantyne Street,-37.757799,144.991798,3,1,house,2,2020-11-27,,,"$1,505,000"
property-house-vic-thornbury-134853114,Thornbury,3071,7 Taylor Street,-37.752285,144.987612,4,3,house,1,2020-11-27,,,"$1,490,000"
property-apartment-vic-thornbury-134854558,Thornbury,3071,8/24 Dundas Street,-37.75267765,145.0036245,2,1,apartment,1,2020-11-27,,,"$642,000"
property-house-vic-thornbury-134934558,Thornbury,3071,25 Armadale Street,-37.761759,145.001556,4,2,house,2,2020-11-21,,,"$1,800,000"
property-townhouse-vic-thornbury-134731706,Thornbury,3071,4B Newcastle Street,-37.755111,145.010808,3,2,townhouse,2,2020-11-21,,,"$1,042,500"
property-apartment-vic-thornbury-134744202,Thornbury,3071,1/308-310 Rossmoyne Street,-37.759624,145.022454,2,1,apartment,1,2020-11-21,,,"$710,000"
property-unit-vic-thornbury-134681506,Thornbury,3071,9/9 Hammond Street,-37.763285,145.010256,1,1,unit,1,2020-11-16,,,"$361,000"
property-townhouse-vic-thornbury-134622022,Thornbury,3071,51B Pender Street,-37.753864,145.006678,3,2,townhouse,2,2020-11-14,,,"$972,000"
property-house-vic-thornbury-134817034,Thornbury,3071,521 St Georges Road,-37.753282,144.994316,2,1,house,1,2020-11-13,,,"$853,000"
property-apartment-vic-thornbury-134735194,Thornbury,3071,310/636 High Street,-37.76021562,145.0005471,1,1,apartment,1,2020-11-13,,,"$520,000"
property-apartment-vic-thornbury-133325990,Thornbury,3071,2/187 Mansfield Street,-37.75766785,145.0143114,1,1,apartment,1,2020-11-12,,,"$300,000"
property-house-vic-thornbury-134717654,Thornbury,3071,35 Clarendon Street,-37.75966543,145.0029647,3,2,house,2,2020-11-09,,,"$1,403,000"
property-house-vic-thornbury-134602210,Thornbury,3071,79 Pender Street,-37.754237,145.010248,3,1,house,1,2020-11-06,330,m2,"$1,310,000"
property-house-vic-thornbury-134630190,Thornbury,3071,126 Smith Street,-37.756527,144.990641,3,2,house,1,2020-11-05,358,m2,"$1,527,500"
property-house-vic-thornbury-134602274,Thornbury,3071,4 Alston Street,-37.755163,145.017034,3,1,house,2,2020-11-04,526,m2,"$1,105,000"
property-house-vic-thornbury-134598818,Thornbury,3071,48A Wilmoth Street,-37.764384,145.016299,3,1,house,1,2020-10-31,,,"$1,120,000"
property-house-vic-thornbury-134576370,Thornbury,3071,281 Mansfield Street,-37.75853574,145.0226771,3,2,house,2,2020-10-31,,,"$1,100,000"
property-townhouse-vic-thornbury-134313030,Thornbury,3071,5/44-48 Strettle Street,-37.751715,144.983298,2,1,townhouse,1,2020-10-31,,,"$620,000"
property-house-vic-thornbury-134576678,Thornbury,3071,58 Wales Street,-37.761765,145.009354,2,1,house,1,2020-10-30,240,m2,"$980,000"
property-house-vic-thornbury-134123230,Thornbury,3071,50 Mansfield Street,-37.756907,145.004501,3,2,house,1,2020-10-28,,,"$1,380,000"
property-apartment-vic-thornbury-134544814,Thornbury,3071,1/37 Collins Street,-37.75488997,145.0039448,2,1,apartment,1,2020-10-28,,,"$703,000"
property-unit-vic-thornbury-134688874,Thornbury,3071,21/337 Station Street,-37.763439,145.020961,1,1,unit,1,2020-10-28,,,"$443,000"
property-townhouse-vic-thornbury-134595502,Thornbury,3071,11 Aviary Grove,-37.76139219,145.0265432,2,1,townhouse,1,2020-10-22,,,"$685,000"
property-apartment-vic-thornbury-134614694,Thornbury,3071,9/7 Smith Street,-37.75781569,144.9994404,2,1,apartment,1,2020-10-21,,,"$455,000"
property-apartment-vic-thornbury-134030510,Thornbury,3071,2/137-139 Flinders Street,-37.75726305,145.0148898,2,1,apartment,1,2020-10-13,,,"$600,000"
property-apartment-vic-thornbury-134501394,Thornbury,3071,5/110 Ballantyne Street,-37.757441,144.990866,1,1,apartment,1,2020-10-13,,,"$332,500"
property-house-vic-thornbury-134486766,Thornbury,3071,37 Fenwick Street,-37.761987,145.004354,4,2,house,1,2020-10-03,388,m2,"$1,950,000"
property-house-vic-thornbury-134001490,Thornbury,3071,205 Smith Street,-37.756115,144.985011,3,1,house,2,2020-09-09,501,m2,"$1,200,000"
property-house-vic-thornbury-134083990,Thornbury,3071,57 Martin Street,-37.76122,145.004851,4,1,house,4,2020-09-01,,,"$2,070,500"
property-unit-vic-thornbury-134083646,Thornbury,3071,5/9 Jones Street,-37.75763279,145.0227539,2,1,unit,1,2020-08-13,,,"$675,000"
property-townhouse-vic-thornbury-134059054,Thornbury,3071,4/71 Miller Street,-37.75171276,144.9911653,2,2,townhouse,1,2020-08-12,,,"$725,000"
property-townhouse-vic-thornbury-133959474,Thornbury,3071,14/44-48 Strettle Street,-37.751715,144.983298,2,1,townhouse,1,2020-08-12,,,"$665,000"
property-townhouse-vic-thornbury-133999446,Thornbury,3071,348 Gooch Street,-37.76094879,145.0273389,3,2,townhouse,2,2020-08-11,,,"$852,000"
property-apartment-vic-thornbury-134086014,Thornbury,3071,2/32 Gooch Street,-37.758395,145.003206,2,1,apartment,1,2020-08-09,,,"$680,000"
property-townhouse-vic-thornbury-133781982,Thornbury,3071,10/158 Clarendon Street,-37.76140218,145.0117954,2,2,townhouse,1,2020-08-06,,,"$650,000"
property-house-vic-thornbury-134056574,Thornbury,3071,9 Archbold Street,-37.754054,145.003704,3,1,house,2,2020-08-03,,,"$1,231,000"
property-house-vic-thornbury-133995366,Thornbury,3071,8 Raleigh Street,-37.75903473,145.0016387,3,1,house,,2020-08-01,,,"$1,275,000"
property-unit-vic-thornbury-133863214,Thornbury,3071,1/34 Swift Street,-37.76377009,145.0174726,2,1,unit,3,2020-07-28,,,"$765,000"
property-apartment-vic-thornbury-133947534,Thornbury,3071,3/639 High Street,-37.76155053,144.9998895,1,1,apartment,,2020-07-27,,,"$395,000"
property-house-vic-thornbury-133896938,Thornbury,3071,30 Gooch Street,-37.758359,145.003009,4,3,house,1,2020-07-25,,,"$1,760,000"
property-apartment-vic-thornbury-134017914,Thornbury,3071,8/15 Rennie Street,-37.7534405,144.992473,1,1,apartment,1,2020-07-25,,,"$311,000"
property-townhouse-vic-thornbury-133851402,Thornbury,3071,105A St David Street,-37.75444613,145.0059151,2,2,townhouse,2,2020-07-22,,,"$930,000"
property-house-vic-thornbury-133945826,Thornbury,3071,251 Mansfield Street,-37.758202,145.01953,3,1,house,2,2020-07-22,285,m2,"$925,000"
property-townhouse-vic-thornbury-133952278,Thornbury,3071,27 Aviary Grove,-37.7612053,145.0267609,2,1,townhouse,1,2020-07-20,,,"$665,000"
property-house-vic-thornbury-133944362,Thornbury,3071,131 Mansfield Street,-37.75720847,145.0100557,2,1,house,1,2020-07-14,250,m2,"$1,186,000"
property-apartment-vic-thornbury-133875342,Thornbury,3071,7/9 Hammond Street,-37.763285,145.010256,2,1,apartment,1,2020-07-13,,,"$545,000"
property-house-vic-thornbury-133793346,Thornbury,3071,2 Gladhall Avenue,-37.757836,145.020027,4,1,house,3,2020-07-10,529,m2,"$1,450,000"
property-house-vic-thornbury-134013078,Thornbury,3071,14 Agnes Street,-37.762744,145.004345,2,1,house,,2020-07-09,,,"$1,270,000"
property-house-vic-thornbury-133842490,Thornbury,3071,145 Shaftesbury Parade,-37.759338,144.98851,3,1,house,1,2020-07-08,,,"$1,385,000"
property-house-vic-thornbury-133313582,Thornbury,3071,177A Raleigh Street,-37.75979594,145.0118174,4,3,house,2,2020-07-07,355,m2,"$1,746,000"
property-house-vic-thornbury-133752346,Thornbury,3071,155 Raleigh Street,-37.759624,145.010104,2,1,house,2,2020-07-04,,,"$1,196,000"
property-house-vic-thornbury-133730238,Thornbury,3071,102A Collins Street,-37.755794,145.011716,3,1,house,3,2020-07-04,530,m2,"$1,125,500"
property-townhouse-vic-thornbury-133696674,Thornbury,3071,4/112 Dundas Street,-37.75409552,145.0133771,3,2,townhouse,2,2020-07-03,,,"$825,000"
property-house-vic-thornbury-133025390,Thornbury,3071,9B Speight Street,-37.76187066,145.0068916,4,2,house,2,2020-06-30,,,"$1,845,000"
property-apartment-vic-thornbury-133822014,Thornbury,3071,5/37 Collins Street,-37.75488997,145.0039448,2,1,apartment,1,2020-06-27,,,"$625,000"
property-townhouse-vic-thornbury-133662122,Thornbury,3071,7 Aviary Grove,-37.76131965,145.0261289,2,1,townhouse,1,2020-06-17,,,"$627,000"
property-unit-vic-thornbury-133595982,Thornbury,3071,8/20 Kemp Street,-37.761899,144.994923,1,1,unit,1,2020-06-13,,,"$375,000"
property-townhouse-vic-thornbury-133470882,Thornbury,3071,19/337 Station Street,-37.763439,145.020961,3,2,townhouse,2,2020-06-12,,,"$1,010,000"
property-apartment-vic-thornbury-133564614,Thornbury,3071,302/688-690 High Street,-37.7583438,145.0008682,2,1,apartment,1,2020-06-10,,,"$585,000"
property-unit-vic-thornbury-133025258,Thornbury,3071,1/66 Dundas Street,-37.753204,145.008312,2,1,unit,1,2020-06-03,,,"$450,000"
property-apartment-vic-thornbury-133544286,Thornbury,3071,13/58 Clarendon Street,-37.7601253,145.0043795,1,1,apartment,1,2020-06-01,,,"$515,000"
property-apartment-vic-thornbury-133591214,Thornbury,3071,3/305 Rossmoyne Street,-37.7591489,145.0210891,3,1,apartment,,2020-05-30,,,"$615,000"
property-house-vic-thornbury-133510038,Thornbury,3071,15 Gladhall Avenue,-37.756896,145.019859,3,1,house,2,2020-05-22,525,m2,"$1,115,000"
property-house-vic-thornbury-133476718,Thornbury,3071,4 Ethel Street,-37.75540953,144.9992782,4,2,house,2,2020-05-16,,,"$1,615,000"
property-house-vic-thornbury-133359610,Thornbury,3071,25 Alexandra Street,-37.762332,145.006649,3,1,house,2,2020-05-14,,,"$1,280,000"
property-apartment-vic-thornbury-132919798,Thornbury,3071,9/115 Shaftesbury Parade,-37.75961375,144.9907496,2,1,apartment,1,2020-05-14,,,"$400,000"
property-house-vic-thornbury-133328978,Thornbury,3071,15 Newman Street,-37.75698233,144.9872013,2,1,house,2,2020-05-11,,,"$799,000"
property-house-vic-thornbury-133074566,Thornbury,3071,14 Pender Street,-37.753833,145.00287,4,1,house,3,2020-05-01,,,"$1,600,000"
property-house-vic-thornbury-133428254,Thornbury,3071,105 Woolton Avenue,-37.760364,144.989459,2,1,house,1,2020-04-29,428,m2,"$1,095,610"
property-townhouse-vic-thornbury-133079646,Thornbury,3071,5/54 Clarendon Street,-37.76009943,145.0041406,2,2,townhouse,1,2020-04-27,,,"$799,000"
property-unit-vic-thornbury-133456402,Thornbury,3071,2/73 Pender Street,-37.75415125,145.009616,2,1,unit,1,2020-04-27,,,"$713,000"
property-unit-vic-thornbury-133298390,Thornbury,3071,2/26 Dundas Street,-37.75270856,145.0038969,2,1,unit,1,2020-04-24,,,"$401,000"
property-house-vic-thornbury-133306998,Thornbury,3071,348 St Georges Road,-37.758644,144.993773,3,2,house,1,2020-04-19,,,"$750,000"
property-house-vic-thornbury-133371530,Thornbury,3071,48 Hutton Street,-37.754997,144.992884,4,2,house,1,2020-04-16,398,m2,"$1,640,000"
property-apartment-vic-thornbury-133306350,Thornbury,3071,12/8 Kemp Street,-37.762013,144.995816,2,1,apartment,1,2020-04-16,,,"$500,000"
property-unit-vic-thornbury-133196790,Thornbury,3071,7/24 Dundas Street,-37.75267765,145.0036245,3,1,unit,2,2020-04-08,,,"$770,000"
property-house-vic-thornbury-133079878,Thornbury,3071,179 Raleigh Street,-37.759817,145.011938,3,1,house,2,2020-03-28,,,"$1,150,000"
property-apartment-vic-thornbury-133139746,Thornbury,3071,8/82 Gooch Street,-37.758734,145.006424,2,1,apartment,1,2020-03-28,,,"$545,000"
property-apartment-vic-thornbury-133142030,Thornbury,3071,201/681 High Street,-37.7602423,145.0001127,2,2,apartment,1,2020-03-27,,,"$580,000"
property-house-vic-thornbury-133142250,Thornbury,3071,244 Flinders Street,-37.757624,145.015382,3,2,house,1,2020-03-26,,,"$1,230,000"
property-apartment-vic-thornbury-133236278,Thornbury,3071,6/14 Ballantyne Street,-37.75837533,144.9990778,1,1,apartment,1,2020-03-26,,,"$440,000"
property-house-vic-thornbury-133138902,Thornbury,3071,9 Kelvin Grove,-37.76272972,145.0023026,2,1,house,,2020-03-21,253,m2,"$1,030,000"
property-apartment-vic-thornbury-133010662,Thornbury,3071,3/1a Ballantyne Street,-37.75879181,145.0002362,2,1,apartment,1,2020-03-21,,,"$545,000"
property-house-vic-thornbury-133135110,Thornbury,3071,40 St David Street,-37.763208,145.005672,3,1,house,1,2020-03-20,,,"$1,335,000"
property-house-vic-thornbury-133007906,Thornbury,3071,43 Swift Street,-37.763671,145.017079,4,1,house,2,2020-03-16,736,m2,"$1,600,000"
property-apartment-vic-thornbury-133048298,Thornbury,3071,6/18 Pender Street,-37.753854,145.003063,1,1,apartment,1,2020-03-16,,,"$290,000"
property-house-vic-thornbury-133010646,Thornbury,3071,137 Gooch Street,-37.758724,145.009118,3,1,house,3,2020-03-14,340,m2,"$1,151,000"
property-townhouse-vic-thornbury-133003450,Thornbury,3071,351A St Georges Road,-37.75987119,144.9927295,3,2,townhouse,2,2020-03-14,,,"$1,010,000"
property-apartment-vic-thornbury-132895470,Thornbury,3071,3/265 Rossmoyne Street,-37.75883245,145.0176402,2,1,apartment,1,2020-03-11,,,"$526,000"
property-house-vic-thornbury-132810414,Thornbury,3071,138a Collins Street,-37.75577261,145.0148655,4,3,house,2,2020-03-03,347,m2,"$1,555,000"
property-apartment-vic-thornbury-132891150,Thornbury,3071,9/42 Dundas Street,-37.752878,145.005529,1,1,apartment,1,2020-03-02,,,"$350,000"
property-villa-vic-thornbury-132925874,Thornbury,3071,18 Tharratt Street,-37.75592607,145.0084835,3,1,villa,1,2020-03-01,,,"$1,047,000"
property-house-vic-thornbury-132918106,Thornbury,3071,199 Rossmoyne Street,-37.758544,145.014969,3,2,house,2,2020-02-29,432,m2,"$1,480,000"
property-house-vic-thornbury-132916142,Thornbury,3071,14 Bradley Avenue,-37.761033,144.9912,3,1,house,3,2020-02-29,,,"$1,390,000"
property-house-vic-thornbury-132920862,Thornbury,3071,47 Ballantyne Street,-37.758392,144.99697,3,2,house,,2020-02-29,,,"$1,360,000"
property-house-vic-thornbury-132505874,Thornbury,3071,43 Clyde Street,-37.761077,145.008601,4,2,house,1,2020-02-29,,,"$1,050,000"
property-townhouse-vic-thornbury-131852750,Thornbury,3071,2/53A Pender Street,-37.75386546,145.0069984,2,2,townhouse,1,2020-02-28,,,"$820,000"
property-house-vic-thornbury-132852314,Thornbury,3071,2/99 St David Street,-37.75555722,145.0054139,3,3,house,1,2020-02-24,,,"$1,240,000"
property-apartment-vic-thornbury-132834314,Thornbury,3071,5/110 Normanby Avenue,-37.7583,144.990003,2,1,apartment,1,2020-02-23,,,"$585,000"
property-house-vic-thornbury-132856778,Thornbury,3071,84 Ballantyne Street,-37.757653,144.992745,3,2,house,3,2020-02-22,617,m2,"$1,600,000"
property-house-vic-thornbury-132865626,Thornbury,3071,132 Flinders Street,-37.756738,145.010522,2,1,house,1,2020-02-22,,,"$1,054,000"
property-townhouse-vic-thornbury-132861090,Thornbury,3071,160 Clarendon Street,-37.76140218,145.0117954,2,1,townhouse,1,2020-02-22,,,"$707,000"
property-townhouse-vic-thornbury-132833282,Thornbury,3071,1/56 Pender Street,-37.754464,145.00947,1,1,townhouse,1,2020-02-22,,,"$506,000"
property-apartment-vic-thornbury-132859446,Thornbury,3071,401/636 High Street,-37.76021562,145.0005471,2,1,apartment,1,2020-02-18,,,"$615,000"
property-house-vic-thornbury-132810354,Thornbury,3071,138 Collins Street,-37.755757,145.014827,4,3,house,2,2020-02-15,348,m2,"$1,530,000"
property-house-vic-thornbury-132808766,Thornbury,3071,98 Ballantyne Street,-37.757537,144.991726,5,2,house,2,2020-02-15,,,"$1,500,000"
property-house-vic-thornbury-132810334,Thornbury,3071,145 Rossmoyne Street,-37.75802,145.010124,3,1,house,2,2020-02-15,,,"$1,300,000"
property-house-vic-thornbury-132860882,Thornbury,3071,206 Clarendon Street,-37.76157085,145.0180441,3,2,house,2,2020-02-14,,,"$980,000"
property-house-vic-thornbury-132761554,Thornbury,3071,343A St Georges Road,-37.76025106,144.992655,3,2,house,1,2020-02-12,,,"$1,050,000"
property-apartment-vic-thornbury-132763078,Thornbury,3071,6/85 Hutton Street,-37.75541467,144.9936602,2,1,apartment,1,2020-02-06,,,"$610,000"
property-townhouse-vic-thornbury-132821246,Thornbury,3071,94 Wilmoth Street,-37.75946699,145.0171274,2,2,townhouse,2,2020-01-30,,,"$872,000"
property-house-vic-thornbury-132437218,Thornbury,3071,3 Speight Street,-37.761824,145.006435,5,3,house,3,2020-01-24,617,m2,"$1,975,000"
property-apartment-vic-thornbury-132471670,Thornbury,3071,3/87A Clyde Street,-37.76157,145.013242,1,1,apartment,1,2020-01-23,,,"$350,000"
property-house-vic-thornbury-132127626,Thornbury,3071,100 Normanby Avenue,-37.758396,144.990863,3,3,house,2,2020-01-06,663,m2,"$1,460,000"
property-townhouse-vic-thornbury-132217478,Thornbury,3071,1/112 Dundas Street,-37.753786,145.013427,3,2,townhouse,2,2019-12-24,,,"$902,000"
property-unit-vic-thornbury-132561498,Thornbury,3071,4/80 Collins Street,-37.75548841,145.0088133,2,2,unit,1,2019-12-21,,,"$760,000"
property-house-vic-thornbury-131852778,Thornbury,3071,75A Fyffe Street,-37.7538284,144.9877026,4,3,house,1,2019-12-15,,,"$1,470,000"
property-house-vic-thornbury-132535958,Thornbury,3071,158 Mansfield Street,-37.757744,145.012436,2,1,house,,2019-12-15,,,"$940,000"
property-house-vic-thornbury-132512134,Thornbury,3071,182 Smith Street,-37.755948,144.985765,3,1,house,2,2019-12-14,359,m2,"$1,438,000"
property-house-vic-thornbury-132503246,Thornbury,3071,279 Rossmoyne Street,-37.758919,145.0185,3,1,house,2,2019-12-14,,,"$1,117,000"
property-townhouse-vic-thornbury-132615766,Thornbury,3071,339a Rathmines Street,-37.7602868,145.0191668,3,2,townhouse,2,2019-12-14,,,"$950,000"
property-apartment-vic-thornbury-132442730,Thornbury,3071,4/40 Swift Street,-37.762994,145.017563,2,1,apartment,1,2019-12-11,,,"$610,000"
property-house-vic-thornbury-132237678,Thornbury,3071,177 Raleigh Street,-37.759796,145.011757,4,3,house,2,2019-12-10,,,"$1,920,000"
property-house-vic-thornbury-132348190,Thornbury,3071,102 Rennie Street,-37.752471,144.985836,3,1,house,2,2019-12-07,,,"$1,250,000"
property-house-vic-thornbury-132439522,Thornbury,3071,81 Keon Street,-37.7521148,144.9882868,2,1,house,1,2019-12-07,,,"$947,000"
property-apartment-vic-thornbury-132439210,Thornbury,3071,6/87A Clyde Street,-37.76157,145.013242,1,1,apartment,1,2019-12-07,,,"$338,500"
property-house-vic-thornbury-132052470,Thornbury,3071,6 Rosella Walk,-37.76104019,145.0257793,2,1,house,1,2019-12-05,,,"$602,000"
property-apartment-vic-thornbury-132495782,Thornbury,3071,6/14 Kemp Street,-37.76196,144.995364,2,1,apartment,1,2019-12-02,,,"$485,000"
property-house-vic-thornbury-132389726,Thornbury,3071,51 Newman Street,-37.75668,144.984326,3,1,house,2,2019-11-30,,,"$1,310,000"
property-house-vic-thornbury-132387098,Thornbury,3071,205A Smith Street,-37.756043,144.984468,2,1,house,3,2019-11-30,,,"$1,220,000"
property-townhouse-vic-thornbury-132329318,Thornbury,3071,2E Hill Street,-37.7546492,144.9842245,2,3,townhouse,1,2019-11-30,,,"$985,000"
property-apartment-vic-thornbury-132301046,Thornbury,3071,3/85 St David Street,-37.76097922,145.0054822,2,1,apartment,1,2019-11-24,,,"$567,500"
property-house-vic-thornbury-132389858,Thornbury,3071,234A Rossmoyne Street,-37.75885755,145.0151823,4,3,house,3,2019-11-23,350,m2,"$1,660,000"
property-apartment-vic-thornbury-132213750,Thornbury,3071,5/2 Dundas Street,-37.752559,145.002317,2,1,apartment,1,2019-11-19,,,"$436,000"
property-house-vic-thornbury-129815870,Thornbury,3071,30 Fenwick Street,-37.762362,145.004561,4,2,house,2,2019-11-16,,,"$1,380,000"
property-house-vic-thornbury-132270086,Thornbury,3071,260 Mansfield Street,-37.758642,145.020834,4,1,house,2,2019-11-16,,,"$1,370,000"
property-townhouse-vic-thornbury-132261866,Thornbury,3071,3/139 Normanby Avenue,-37.75835632,144.9882245,2,2,townhouse,1,2019-11-16,,,"$683,000"
property-townhouse-vic-thornbury-131771558,Thornbury,3071,3/2A Murray Street,-37.75450708,144.9977672,3,2,townhouse,2,2019-11-15,,,"$1,150,000"
property-apartment-vic-thornbury-132273534,Thornbury,3071,3/40 Woolton Avenue,-37.7608402,144.995701,1,1,apartment,1,2019-11-15,,,"$317,600"
property-house-vic-thornbury-132274862,Thornbury,3071,112 Clarendon Street,-37.7605,145.008083,3,2,house,1,2019-11-12,,,"$1,660,000"
property-townhouse-vic-thornbury-132218790,Thornbury,3071,4/9 Jones Street,-37.75763279,145.0227539,2,1,townhouse,1,2019-11-09,,,"$730,000"
property-unit-vic-thornbury-131538918,Thornbury,3071,7/86 Flinders Street,-37.756312,145.006629,1,1,unit,1,2019-11-01,,,"$368,000"
property-house-vic-thornbury-132107238,Thornbury,3071,22 Rennie Street,-37.753128,144.99214,4,2,house,2,2019-10-30,429,m2,"$1,500,000"
property-house-vic-thornbury-132109498,Thornbury,3071,9 Gladhall Avenue,-37.757273,145.019793,3,1,house,4,2019-10-26,528,m2,"$1,178,000"
property-house-vic-thornbury-132109474,Thornbury,3071,6 Kelvin Grove,-37.762984,145.002545,2,1,house,1,2019-10-26,186,m2,"$1,151,000"
property-townhouse-vic-thornbury-132101830,Thornbury,3071,18e Swift Street,-37.76475711,145.0173061,3,2,townhouse,2,2019-10-26,,,"$920,000"
property-apartment-vic-thornbury-132104918,Thornbury,3071,5/267 Rossmoyne Street,-37.75883248,145.0178885,2,1,apartment,1,2019-10-26,,,"$625,000"
property-house-vic-thornbury-132110118,Thornbury,3071,187 Clarendon Street,-37.760875,145.014248,5,3,house,4,2019-10-25,632,m2,"$1,820,000"
property-house-vic-thornbury-131658678,Thornbury,3071,119A Smith Street,-37.75683599,144.991013,4,3,house,2,2019-10-19,,,"$1,365,000"
property-house-vic-thornbury-132051686,Thornbury,3071,24a Lewis Street,-37.7572645,144.9863831,3,1,house,2,2019-10-19,,,"$1,080,000"
property-house-vic-thornbury-131889830,Thornbury,3071,109 Clyde Street,-37.761773,145.015166,3,2,house,1,2019-10-17,,,"$1,625,000"
property-house-vic-thornbury-132141298,Thornbury,3071,284 Rossmoyne Street,-37.759338,145.019862,3,1,house,2,2019-10-14,,,"$1,060,000"
property-house-vic-thornbury-132000078,Thornbury,3071,77 Alston Court,-37.755524,145.023483,3,2,house,3,2019-10-12,,,"$1,020,000"
property-apartment-vic-thornbury-132004462,Thornbury,3071,4/31 Woolton Avenue,-37.761167,144.996396,2,1,apartment,2,2019-10-12,,,"$557,000"
property-house-vic-thornbury-132051906,Thornbury,3071,184 Raleigh Street,-37.760119,145.012191,4,2,house,2,2019-10-11,464,m2,"$1,588,000"
property-house-vic-thornbury-132042814,Thornbury,3071,225 Mansfield Street,-37.757978,145.017231,3,1,house,,2019-10-11,,,"$1,150,000"
property-townhouse-vic-thornbury-131217566,Thornbury,3071,4/56 Shaftesbury Parade,-37.759888,144.995885,3,2,townhouse,1,2019-10-10,,,"$1,195,000"
property-flat-vic-thornbury-131664110,Thornbury,3071,3/274 Mansfield Street,-37.75879686,145.0221823,1,1,flat,1,2019-10-09,,,"$329,000"
property-house-vic-thornbury-131946462,Thornbury,3071,130 Smith Street,-37.75646029,144.9902539,3,1,house,1,2019-10-05,,,"$1,500,000"
property-house-vic-thornbury-131900650,Thornbury,3071,228 Mansfield Street,-37.758367,145.018148,3,1,house,,2019-10-05,408,m2,"$1,375,000"
property-apartment-vic-thornbury-131943626,Thornbury,3071,4/107 Flinders Street,-37.75650571,145.0110514,2,1,apartment,1,2019-10-05,,,"$510,000"
property-apartment-vic-thornbury-131147050,Thornbury,3071,6/81 Flinders Street,-37.755979,145.007609,2,1,apartment,1,2019-10-05,,,"$475,000"
property-townhouse-vic-thornbury-131988334,Thornbury,3071,10 Aviary Grove,-37.76138324,145.026452,2,2,townhouse,1,2019-10-04,,,"$707,000"
property-apartment-vic-thornbury-131405238,Thornbury,3071,6/113 Darebin Road,-37.764055,145.009684,1,1,apartment,1,2019-10-01,,,"$305,000"
property-apartment-vic-thornbury-131752038,Thornbury,3071,4/114 Normanby Avenue,-37.75823801,144.9896583,2,1,apartment,1,2019-09-25,,,"$500,000"
property-house-vic-thornbury-131862542,Thornbury,3071,95 Mansfield Street,-37.75694029,145.007603,4,3,house,2,2019-09-21,,,"$1,550,000"
property-house-vic-thornbury-131846078,Thornbury,3071,69 Woolton Avenue,-37.760681,144.99222,2,1,house,2,2019-09-21,,,"$1,217,000"
property-apartment-vic-thornbury-131851538,Thornbury,3071,4/79 Normanby Avenue,-37.75881775,144.9921989,2,1,apartment,1,2019-09-21,,,"$543,000"
property-apartment-vic-thornbury-131957078,Thornbury,3071,7/59 Keon Street,-37.75226185,144.9896894,2,1,apartment,1,2019-09-19,,,"$610,000"
property-house-vic-thornbury-131699102,Thornbury,3071,59 Alston Street,-37.75544,145.021737,3,1,house,2,2019-09-17,642,m2,"$1,020,000"
property-townhouse-vic-thornbury-129935398,Thornbury,3071,2/64A Dundas Street,-37.753352,145.008095,3,2,townhouse,2,2019-09-14,,,"$892,500"
property-apartment-vic-thornbury-131752962,Thornbury,3071,4/25 - 27 Kemp Street,-37.76214069,144.9942711,1,1,apartment,1,2019-09-14,,,"$400,000"
property-apartment-vic-thornbury-131406346,Thornbury,3071,10/18 Blythe Street,-37.753843,144.999676,2,1,apartment,1,2019-09-13,,,"$491,000"
property-apartment-vic-thornbury-131268118,Thornbury,3071,1/59 Keon Street,-37.75226185,144.9896894,1,1,apartment,1,2019-09-12,,,"$427,000"
property-house-vic-thornbury-131761202,Thornbury,3071,205 Miller Street,-37.75078235,144.9838924,3,2,house,2,2019-09-11,,,"$1,060,000"
property-house-vic-thornbury-131751270,Thornbury,3071,12 Jones Street,-37.757452,145.022398,4,1,house,3,2019-09-09,622,m2,"$1,060,000"
property-house-vic-thornbury-131754658,Thornbury,3071,26 Speight Street,-37.762514,145.009947,4,1,house,2,2019-09-07,605,m2,"$1,580,000"
property-house-vic-thornbury-130670242,Thornbury,3071,24 Swift Street,-37.764419,145.017515,3,2,house,2,2019-09-05,,,"$950,000"
property-apartment-vic-thornbury-131699314,Thornbury,3071,7/15 Rennie Street,-37.7534405,144.992473,1,1,apartment,1,2019-09-02,,,"$340,000"
property-house-vic-thornbury-131694550,Thornbury,3071,53 Raleigh Street,-37.758947,145.003663,4,1,house,2,2019-08-31,,,"$1,440,000"
property-house-vic-thornbury-131705466,Thornbury,3071,17 Alexandra Street,-37.762853,145.006555,2,1,house,,2019-08-31,,,"$1,100,000"
property-house-vic-thornbury-131667602,Thornbury,3071,160 Dundas Street,-37.754273,145.017716,3,1,house,3,2019-08-27,,,"$1,100,000"
property-unit-vic-thornbury-131634794,Thornbury,3071,1/6 Kemp Street,-37.762035,144.996031,2,1,unit,,2019-08-25,,,"$730,000"
property-house-vic-thornbury-131667434,Thornbury,3071,25 Smith Street,-37.757571,144.997457,5,2,house,1,2019-08-24,,,"$1,610,000"
property-house-vic-thornbury-131661234,Thornbury,3071,108 Fyffe Street,-37.753281,144.985292,2,1,house,2,2019-08-24,357,m2,"$1,130,000"
property-house-vic-thornbury-131141726,Thornbury,3071,132 Raleigh Street,-37.759834,145.008415,4,2,house,1,2019-08-22,,,"$1,560,000"
property-house-vic-thornbury-131628746,Thornbury,3071,131 Gooch Street,-37.75868,145.008665,4,1,house,2,2019-08-17,,,"$1,165,000"
property-house-vic-thornbury-131613390,Thornbury,3071,23 Miller Street,-37.751801,144.994106,3,1,house,1,2019-08-17,499,m2,"$975,000"
property-apartment-vic-thornbury-131268114,Thornbury,3071,6/59 Keon Street,-37.75237,144.989672,2,1,apartment,1,2019-08-15,,,"$595,000"
property-unit-vic-thornbury-131049182,Thornbury,3071,9/45 Collins Street,-37.754793,145.004712,2,1,unit,1,2019-08-15,,,"$515,000"
property-townhouse-vic-thornbury-131579402,Thornbury,3071,2/153 Ballantyne Street,-37.75747012,144.9888446,3,3,townhouse,1,2019-08-10,,,"$865,000"
property-house-vic-thornbury-131526534,Thornbury,3071,91 Ballantyne Street,-37.758045,144.992725,3,1,house,1,2019-08-03,,,"$1,235,000"
property-apartment-vic-thornbury-131533634,Thornbury,3071,15/25-27 Martin Street,-37.760786,145.002961,2,1,apartment,1,2019-08-03,,,"$486,000"
property-house-vic-thornbury-131534582,Thornbury,3071,148 Harold Street,-37.75546,144.989796,3,1,house,1,2019-07-30,,,"$1,155,000"
property-house-vic-thornbury-131489946,Thornbury,3071,24 Raleigh Street,-37.759207,145.002469,3,1,house,1,2019-07-27,,,"$1,460,000"
property-unit-vic-thornbury-131468466,Thornbury,3071,1/429 St Georges Road,-37.757191,144.993164,2,1,unit,1,2019-07-27,133,m2,"$515,500"
property-apartment-vic-thornbury-129136698,Thornbury,3071,4/42 Clarendon Street,-37.760211,145.003265,2,1,apartment,1,2019-07-22,,,"$485,000"
property-unit-vic-thornbury-131447746,Thornbury,3071,1/60 Hutton Street,-37.754653,144.991851,2,1,unit,2,2019-07-20,,,"$805,000"
property-villa-vic-thornbury-131405574,Thornbury,3071,5/196 Clarendon Street,-37.761433,145.01592,1,1,villa,1,2019-07-13,,,"$323,000"
property-house-vic-thornbury-131356230,Thornbury,3071,113 Hutton Street,-37.75523,144.991022,3,1,house,1,2019-07-06,457,m2,"$1,000,000"
property-house-vic-thornbury-131381102,Thornbury,3071,295 Gooch Street,-37.760274,145.024699,3,1,house,2,2019-07-06,518,m2,"$935,000"
property-house-vic-thornbury-130301398,Thornbury,3071,120 Woolton Avenue,-37.759857,144.988326,3,1,house,,2019-07-02,,,"$930,000"
property-house-vic-thornbury-131274066,Thornbury,3071,121 Ballantyne Street,-37.757864,144.991157,3,2,house,1,2019-06-29,,,"$1,500,000"
property-house-vic-thornbury-131324762,Thornbury,3071,80 Normanby Avenue,-37.758419,144.992299,2,1,house,1,2019-06-29,,,"$880,000"
property-apartment-vic-thornbury-131124250,Thornbury,3071,10/10 Dundas Street,-37.752769,145.002735,2,1,apartment,1,2019-06-27,,,"$425,000"
property-townhouse-vic-thornbury-130816214,Thornbury,3071,2/71 Miller Street,-37.751661,144.991196,2,2,townhouse,1,2019-06-26,,,"$662,000"
property-unit-vic-thornbury-130970074,Thornbury,3071,8/14 Kemp Street,-37.761773,144.995406,2,1,unit,1,2019-06-26,,,"$480,000"
property-apartment-vic-thornbury-131283702,Thornbury,3071,5/109 Flinders Street,-37.756387,145.011279,2,1,apartment,2,2019-06-24,,,"$656,000"
property-house-vic-thornbury-131260662,Thornbury,3071,29 Kelvin Grove,-37.762038,145.002334,3,1,house,2,2019-06-22,,,"$1,265,000"
property-apartment-vic-thornbury-131177374,Thornbury,3071,10/26 Normanby Avenue,-37.758946,144.997384,1,1,apartment,1,2019-06-18,,,"$270,000"
property-house-vic-thornbury-131214918,Thornbury,3071,31 Gooch Street,-37.75797,145.002951,4,1,house,1,2019-06-17,,,"$1,551,000"
property-house-vic-thornbury-131249066,Thornbury,3071,204 Raleigh Street,-37.760481,145.014519,3,1,house,4,2019-06-15,,,"$1,350,000"
property-house-vic-thornbury-127678346,Thornbury,3071,294B Mansfield Street,-37.759058,145.023829,3,2,house,3,2019-06-13,,,"$1,185,000"
property-apartment-vic-thornbury-131002790,Thornbury,3071,15/5 Kemp Street,-37.762494,144.995818,1,1,apartment,1,2019-06-12,,,"$355,000"
property-house-vic-thornbury-131230554,Thornbury,3071,82 Normanby Avenue,-37.758409,144.992213,3,2,house,2,2019-06-04,,,"$1,085,000"
property-house-vic-thornbury-131273370,Thornbury,3071,143 Ballantyne Street,-37.757683,144.989601,4,2,house,2,2019-06-01,,,"$1,844,000"
property-house-vic-thornbury-131140026,Thornbury,3071,178 Dundas Street,-37.754577,145.019171,4,2,house,3,2019-06-01,,,"$1,501,000"
property-house-vic-thornbury-131145538,Thornbury,3071,23 Newman Street,-37.756993,144.986642,2,1,house,1,2019-06-01,,,"$1,218,000"
property-house-vic-thornbury-131069534,Thornbury,3071,236 Mansfield Street,-37.758509,145.018665,4,2,house,2,2019-05-31,,,"$1,950,000"
property-house-vic-thornbury-131141718,Thornbury,3071,23 Keon Street,-37.752552,144.992253,2,1,house,,2019-05-30,,,"$910,000"
property-house-vic-thornbury-131043146,Thornbury,3071,30 Normanby Avenue,-37.758911,144.997071,3,1,house,1,2019-05-29,412,m2,"$875,000"
property-townhouse-vic-thornbury-130114310,Thornbury,3071,3/350 Gooch Street,-37.761193,145.027475,3,2,townhouse,2,2019-05-28,,,"$790,000"
property-townhouse-vic-thornbury-130285114,Thornbury,3071,318 Gooch Street,-37.760796,145.025932,2,1,townhouse,1,2019-05-28,,,"$565,000"
property-house-vic-thornbury-131087258,Thornbury,3071,138 Clarendon Street,-37.760807,145.010014,3,1,house,2,2019-05-25,400,m2,"$1,105,000"
property-apartment-vic-thornbury-130912702,Thornbury,3071,5/99 Ballantyne Street,-37.758001,144.99234,1,1,apartment,,2019-05-14,,,"$355,000"
property-apartment-vic-thornbury-131071994,Thornbury,3071,12/74 Dundas Street,-37.753501,145.009397,1,1,apartment,1,2019-05-11,,,"$305,000"
property-house-vic-thornbury-130612758,Thornbury,3071,86 Raleigh Street,-37.759593,145.006124,2,1,house,,2019-05-04,187,m2,"$840,000"
property-house-vic-thornbury-130665118,Thornbury,3071,203 Darebin Road,-37.764609,145.014906,3,2,house,4,2019-05-03,,,"$980,000"
property-unitblock-vic-thornbury-130897282,Thornbury,3071,1-6/289 Mansfield Street,-37.758549,145.023246,8,6,unitblock,6,2019-05-02,,,"$2,200,000"
property-apartment-vic-thornbury-130878242,Thornbury,3071,26/337 Station Street,-37.763934,145.021416,1,1,apartment,1,2019-05-02,,,"$380,000"
property-apartment-vic-thornbury-130878246,Thornbury,3071,7/45 Clarendon Street,-37.759622,145.003379,1,1,apartment,1,2019-05-02,,,"$280,000"
property-house-vic-thornbury-130842322,Thornbury,3071,108 Smith Street,-37.756622,144.991955,4,1,house,2,2019-04-30,,,"$1,140,000"
property-apartment-vic-thornbury-131011054,Thornbury,3071,66/337 Station Street,-37.763934,145.021416,2,1,apartment,1,2019-04-29,,,"$610,000"
property-house-vic-thornbury-130727202,Thornbury,3071,130 Normanby Avenue,-37.757978,144.988487,3,1,house,2,2019-04-27,668,m2,"$1,000,000"
property-house-vic-thornbury-130746810,Thornbury,3071,3 Bradley Avenue,-37.761462,144.991928,3,2,house,2,2019-04-18,,,"$940,500"
property-house-vic-thornbury-130638574,Thornbury,3071,1 Gladhall Avenue,-37.757772,145.019576,3,1,house,2,2019-04-16,541,m2,"$940,000"
property-apartment-vic-thornbury-130766314,Thornbury,3071,12/9 Hammond Street,-37.763115,145.01028,1,1,apartment,1,2019-04-16,,,"$312,000"
property-house-vic-thornbury-130791314,Thornbury,3071,142 Smith Street,-37.756252,144.989347,3,2,house,1,2019-04-13,,,"$1,382,500"
property-house-vic-thornbury-130788350,Thornbury,3071,20 Jones Street,-37.756912,145.022305,3,1,house,2,2019-04-13,,,"$1,020,000"
property-house-vic-thornbury-130496582,Thornbury,3071,39 Raleigh Street,-37.758795,145.003072,3,2,house,,2019-04-11,,,"$1,460,000"
property-apartment-vic-thornbury-130734122,Thornbury,3071,2/48 Woolton Avenue,-37.760632,144.995042,1,1,apartment,1,2019-04-08,,,"$435,000"
property-house-vic-thornbury-130722390,Thornbury,3071,1 Newman Street,-37.757155,144.988054,2,1,house,1,2019-04-06,215,m2,"$675,000"
property-villa-vic-thornbury-130734018,Thornbury,3071,8/38-40 Pender Street,-37.754519,145.005225,2,1,villa,1,2019-04-06,,,"$615,000"
property-apartment-vic-thornbury-130729226,Thornbury,3071,4/131 Harold Street,-37.755839,144.988738,2,1,apartment,1,2019-04-06,,,"$530,000"
property-apartment-vic-thornbury-130751634,Thornbury,3071,4/12 Ballantyne Street,-37.758291,144.99932,2,2,apartment,1,2019-04-05,,,"$717,500"
property-house-vic-thornbury-130434834,Thornbury,3071,40 Ethel Street,-37.753505,144.999732,3,1,house,2,2019-04-04,,,"$1,060,000"
property-house-vic-thornbury-130552394,Thornbury,3071,39 Lewis Street,-37.757433,144.985307,4,1,house,3,2019-04-03,,,"$1,215,000"
property-house-vic-thornbury-130668854,Thornbury,3071,49 Pender Street,-37.753674,145.005865,6,2,house,4,2019-04-01,848,m2,"$1,630,000"
property-house-vic-thornbury-130641062,Thornbury,3071,2/66 Collins Street,-37.755441,145.007053,3,2,house,2,2019-03-31,,,"$850,000"
property-flat-vic-thornbury-130553150,Thornbury,3071,2/105 Flinders Street,-37.756337,145.01085,2,1,flat,1,2019-03-31,,,"$540,000"
property-apartment-vic-thornbury-130615234,Thornbury,3071,14/8 Kemp Street,-37.761825,144.995854,1,1,apartment,1,2019-03-28,,,"$393,000"
property-house-vic-thornbury-130606930,Thornbury,3071,104 Hutton Street,-37.754527,144.989216,3,1,house,1,2019-03-23,330,m2,"$1,270,000"
property-apartment-vic-thornbury-130668738,Thornbury,3071,4/81 Flinders Street,-37.755979,145.007609,2,1,apartment,1,2019-03-22,,,"$535,000"
property-house-vic-thornbury-130552406,Thornbury,3071,16 Harry Street,-37.756437,145.016304,3,2,house,4,2019-03-16,,,"$2,000,000"
property-townhouse-vic-thornbury-130491826,Thornbury,3071,3/56 Dundas Street,-37.753244,145.007043,3,1,townhouse,1,2019-03-09,,,"$740,000"
property-townhouse-vic-thornbury-130359210,Thornbury,3071,2/70 Harold Street,-37.756118,144.995881,3,2,townhouse,1,2019-03-08,,,"$940,000"
property-apartment-vic-thornbury-130504030,Thornbury,3071,6/30-34 Strettle Street,-37.752572,144.983006,2,1,apartment,1,2019-03-08,,,"$540,000"
property-house-vic-thornbury-130392522,Thornbury,3071,61 Clarendon Street,-37.759735,145.004443,2,1,house,1,2019-03-07,,,"$1,045,000"
property-house-vic-thornbury-130411042,Thornbury,3071,190A Mansfield Street,-37.758108,145.014904,2,2,house,2,2019-03-04,,,"$1,090,000"
property-house-vic-thornbury-130410842,Thornbury,3071,244 Flinders Street,-37.757609,145.015387,3,3,house,1,2019-03-04,,,"$965,000"
property-house-vic-thornbury-130320826,Thornbury,3071,96 Shaftesbury Parade,-37.759291,144.991797,4,3,house,1,2019-03-02,,,"$2,000,000"
property-house-vic-thornbury-130434490,Thornbury,3071,81 Darebin Road,-37.763656,145.005846,4,2,house,1,2019-03-02,,,"$1,715,000"
property-house-vic-thornbury-130434706,Thornbury,3071,1A Hutton Street,-37.75625,145.000334,3,2,house,1,2019-03-02,,,"$1,085,000"
property-apartment-vic-thornbury-130433646,Thornbury,3071,1/299 Mansfield Street,-37.758666,145.024304,2,1,apartment,1,2019-03-02,,,"$535,000"
property-house-vic-thornbury-130319570,Thornbury,3071,71 Normanby Avenue,-37.759025,144.994127,3,1,house,,2019-03-01,,,"$1,080,000"
property-house-vic-thornbury-129974842,Thornbury,3071,58 Hutton Street,-37.754871,144.992211,3,1,house,1,2019-02-27,372,m2,"$820,000"
property-house-vic-thornbury-130345730,Thornbury,3071,104 Collins Street,-37.755971,145.011843,3,1,house,1,2019-02-25,627,m2,"$1,100,000"
property-apartment-vic-thornbury-130453154,Thornbury,3071,11/2 Dundas Street,-37.752718,145.002276,2,1,apartment,1,2019-02-25,,,"$425,000"
property-apartment-vic-thornbury-130343326,Thornbury,3071,11/25 Kemp Street,-37.762311,144.99424,1,1,apartment,1,2019-02-23,,,"$400,000"
property-townhouse-vic-thornbury-130370758,Thornbury,3071,42/85c Clyde Street,-37.761167,145.011806,2,2,townhouse,1,2019-02-22,,,"$805,000"
property-apartment-vic-thornbury-130446694,Thornbury,3071,9/137-139 Flinders Street,-37.757119,145.015025,2,1,apartment,2,2019-02-21,,,"$635,000"
property-house-vic-thornbury-130442870,Thornbury,3071,103 St David Street,-37.754716,145.005793,3,1,house,3,2019-02-19,457,m2,"$1,110,000"
property-house-vic-thornbury-130351094,Thornbury,3071,9 Murray Street,-37.754706,144.995431,3,1,house,3,2019-02-18,,,"$1,300,000"
property-townhouse-vic-thornbury-130266030,Thornbury,3071,2/26 Lewis Street,-37.757194,144.986222,2,1,townhouse,1,2019-02-15,,,"$670,000"
property-townhouse-vic-thornbury-129877082,Thornbury,3071,316 Gooch Street,-37.760791,145.025879,2,1,townhouse,1,2019-02-04,,,"$560,000"
property-apartment-vic-thornbury-129855230,Thornbury,3071,6/187 Mansfield Street,-37.757581,145.014347,1,1,apartment,1,2019-01-24,,,"$300,000"
property-apartment-vic-thornbury-129891870,Thornbury,3071,7/37 Woolton Avenue,-37.761312,144.995928,2,2,apartment,1,2019-01-19,,,"$677,000"
property-apartment-vic-thornbury-130011686,Thornbury,3071,1/40 Woolton Avenue,-37.760711,144.995725,2,1,apartment,2,2019-01-14,,,"$505,000"
property-house-vic-thornbury-129884086,Thornbury,3071,2 Harold Street,-37.756634,145.00029,3,1,house,1,2019-01-08,,,"$1,298,000"
property-house-vic-thornbury-129949358,Thornbury,3071,142 Harold Street,-37.755504,144.990221,3,1,house,3,2018-12-19,481,m2,"$1,290,000"
property-house-vic-thornbury-129821990,Thornbury,3071,138 Shaftesbury Parade,-37.758982,144.989144,4,2,house,1,2018-12-18,,,"$1,600,000"
property-house-vic-thornbury-129819650,Thornbury,3071,8 Rossmoyne Street,-37.757513,145.001745,3,2,house,2,2018-12-17,222,m2,"$990,000"
property-apartment-vic-thornbury-129755542,Thornbury,3071,24/337 Station Street,-37.763934,145.021416,1,1,apartment,1,2018-12-15,,,"$411,000"
property-house-vic-thornbury-129821906,Thornbury,3071,15 Mansfield Street,-37.756347,145.002805,3,1,house,2,2018-12-14,460,m2,"$1,305,000"
property-apartment-vic-thornbury-129948018,Thornbury,3071,11/37 Clapham Street,-37.754225,144.997855,2,1,apartment,1,2018-12-14,,,"$560,000"
property-apartment-vic-thornbury-129978182,Thornbury,3071,12/14 Hutton Street,-37.75568,144.999328,2,1,apartment,1,2018-12-14,,,"$375,000"
property-townhouse-vic-thornbury-129682986,Thornbury,3071,342 Gooch Street,-37.761171,145.02742,3,2,townhouse,2,2018-12-10,,,"$799,000"
property-apartment-vic-thornbury-129929554,Thornbury,3071,110/636 High Street,-37.760231,145.000645,2,1,apartment,1,2018-12-10,,,"$508,000"
property-house-vic-thornbury-129877770,Thornbury,3071,18 Strettle Street,-37.753931,144.982629,4,2,house,2,2018-12-08,280,m2,"$845,000"
property-townhouse-vic-thornbury-129897350,Thornbury,3071,11/44 Strettle Street,-37.751691,144.983153,2,1,townhouse,1,2018-12-08,,,"$603,000"
property-house-vic-thornbury-129745026,Thornbury,3071,59 Darebin Road,-37.763436,145.004341,3,1,house,3,2018-12-04,,,"$1,160,000"
property-house-vic-thornbury-129817510,Thornbury,3071,97 Clarendon Street,-37.759941,145.006402,3,2,house,1,2018-12-01,312,m2,"$1,360,000"
property-house-vic-thornbury-129814606,Thornbury,3071,110A Clarendon Street,-37.760593,145.007989,3,1,house,1,2018-12-01,,,"$908,000"
property-house-vic-thornbury-129820450,Thornbury,3071,6 Agnes Street,-37.762702,145.004743,2,1,house,,2018-12-01,,,"$851,000"
property-apartment-vic-thornbury-129815374,Thornbury,3071,3/88 Normanby Avenue,-37.758355,144.991741,2,1,apartment,2,2018-12-01,,,"$530,000"
property-townhouse-vic-thornbury-129815050,Thornbury,3071,2/125 Fyffe Street,-37.75379,144.982412,3,1,townhouse,2,2018-11-28,,,"$900,000"
property-house-vic-thornbury-129744782,Thornbury,3071,302 Gillies Street,-37.764881,145.018993,3,1,house,3,2018-11-24,,,"$1,530,000"
property-house-vic-thornbury-129747614,Thornbury,3071,51 Comas Grove,-37.752861,144.984984,2,1,house,3,2018-11-24,,,"$1,125,000"
property-villa-vic-thornbury-129735154,Thornbury,3071,2/184 Normanby Avenue,-37.757395,144.98412,2,1,villa,1,2018-11-24,,,"$580,000"
property-unit-vic-thornbury-129687630,Thornbury,3071,3/18 Fyffe Street,-37.753907,144.99243,2,1,unit,1,2018-11-21,,,"$670,000"
property-apartment-vic-thornbury-129637134,Thornbury,3071,3/143 Smith Street,-37.756743,144.989284,1,1,apartment,1,2018-11-18,,,"$403,000"
property-house-vic-thornbury-129632958,Thornbury,3071,57 St David Street,-37.763169,145.005198,4,2,house,1,2018-11-17,408,m2,"$1,785,000"
property-townhouse-vic-thornbury-128720030,Thornbury,3071,26 Sparks Avenue,-37.761113,145.025225,2,2,townhouse,1,2018-11-17,,,"$675,500"
property-apartment-vic-thornbury-129655094,Thornbury,3071,10/137-139 Flinders  Street,-37.757119,145.015025,2,1,apartment,1,2018-11-17,,,"$624,000"
property-apartment-vic-thornbury-129114342,Thornbury,3071,19/42-44 Clarendon Street,-37.760211,145.003265,2,1,apartment,2,2018-11-13,,,"$545,000"
property-house-vic-thornbury-129613622,Thornbury,3071,128 Hutton Street,-37.754301,144.987311,3,1,house,2,2018-11-10,,,"$1,488,000"
property-house-vic-thornbury-129420806,Thornbury,3071,279 Mansfield Street,-37.758479,145.022621,2,1,house,1,2018-11-07,,,"$770,000"
property-townhouse-vic-thornbury-129047118,Thornbury,3071,2/236 Collins Street,-37.756881,145.023987,2,2,townhouse,1,2018-11-05,,,"$726,000"
property-house-vic-thornbury-129696402,Thornbury,3071,147 Shaftesbury Parade,-37.759455,144.988366,5,2,house,1,2018-11-02,500,m2,"$1,828,000"
property-apartment-vic-thornbury-129249994,Thornbury,3071,12/9 Kemp Street,-37.76246,144.995503,1,1,apartment,2,2018-10-31,,,"$300,000"
property-house-vic-thornbury-129483238,Thornbury,3071,209 Rossmoyne Street,-37.758515,145.01571,3,1,house,2,2018-10-27,,,"$1,340,000"
property-house-vic-thornbury-128823034,Thornbury,3071,19 Miller St,-37.752327,144.999782,4,1,house,,2018-10-27,,,"$920,000"
property-townhouse-vic-thornbury-129359674,Thornbury,3071,2/54 Strettle Street,-37.751224,144.983231,3,2,townhouse,2,2018-10-22,131,m2,"$850,000"
property-apartment-vic-thornbury-129394778,Thornbury,3071,3/6 Kemp Street,-37.761762,144.996097,2,1,apartment,,2018-10-21,,,"$566,000"
property-house-vic-thornbury-129409006,Thornbury,3071,7 Hutton Street,-37.756198,144.999793,4,1,house,1,2018-10-20,,,"$1,565,000"
property-apartment-vic-thornbury-129420634,Thornbury,3071,3/130 Rossmoyne Street,-37.758232,145.00845,2,1,apartment,1,2018-10-20,,,"$525,000"
property-unit-vic-thornbury-129339922,Thornbury,3071,1/101 St David Street,-37.755412,145.005633,1,1,unit,1,2018-10-17,,,"$340,000"
property-townhouse-vic-thornbury-129123066,Thornbury,3071,324 Gooch Street,-37.760809,145.026093,2,1,townhouse,1,2018-10-16,,,"$580,000"
property-house-vic-thornbury-129388446,Thornbury,3071,1/224 Gooch Street,-37.759973,145.017325,2,1,house,2,2018-10-10,,,"$800,000"
property-apartment-vic-thornbury-128818394,Thornbury,3071,51/337 Station Street,-37.763934,145.021416,2,1,apartment,1,2018-10-10,,,"$635,000"
property-townhouse-vic-thornbury-129315502,Thornbury,3071,3/149 Ballantyne Street,-37.757623,144.989087,2,2,townhouse,1,2018-10-08,,,"$800,000"
property-house-vic-thornbury-129306290,Thornbury,3071,113 Clyde Street,-37.761722,145.015642,2,1,house,4,2018-10-06,,,"$1,521,000"
property-townhouse-vic-thornbury-129306978,Thornbury,3071,366C Victoria Road,-37.755815,145.013979,2,1,townhouse,1,2018-10-06,,,"$736,000"
property-apartment-vic-thornbury-129060102,Thornbury,3071,1/89 Ballantyne Street,-37.758226,144.994419,1,1,apartment,1,2018-10-04,,,"$369,000"
property-house-vic-thornbury-129141042,Thornbury,3071,100 Ballantyne Street,-37.7574,144.991622,3,1,house,,2018-10-02,,,"$1,065,000"
property-apartment-vic-thornbury-129193430,Thornbury,3071,1/267 Rossmoyne Street,-37.758747,145.017904,2,1,apartment,1,2018-09-28,,,"$585,000"
property-apartment-vic-thornbury-129142618,Thornbury,3071,111/636 High Street,-37.760231,145.000645,3,2,apartment,2,2018-09-25,,,"$810,000"
property-apartment-vic-thornbury-129275202,Thornbury,3071,5/9 Kemp Street,-37.76246,144.995503,1,1,apartment,1,2018-09-24,,,"$359,000"
property-unit-vic-thornbury-129264446,Thornbury,3071,2/37 Woolton Avenue,-37.761312,144.995928,2,1,unit,1,2018-09-22,,,"$670,000"
property-apartment-vic-thornbury-129159778,Thornbury,3071,1/301 Mansfield Street,-37.758695,145.02454,2,1,apartment,1,2018-09-18,,,"$531,000"
property-house-vic-thornbury-129136678,Thornbury,3071,25 Wales Street,-37.763718,145.008562,3,2,house,1,2018-09-15,,,"$1,510,000"
property-house-vic-thornbury-129138066,Thornbury,3071,44 Harold Street,-37.756266,144.997177,2,1,house,1,2018-09-15,,,"$1,260,000"
property-house-vic-thornbury-129134302,Thornbury,3071,54 Leinster Grove,-37.758934,144.988121,3,2,house,1,2018-09-15,,,"$1,080,000"
property-house-vic-thornbury-129141126,Thornbury,3071,277A Rossmoyne Street,-37.758801,145.018413,3,1,house,1,2018-09-15,,,"$892,500"
property-villa-vic-thornbury-129137914,Thornbury,3071,4/13 Strettle Street,-37.754336,144.983418,2,1,villa,1,2018-09-15,,,"$615,000"
property-apartment-vic-thornbury-128603298,Thornbury,3071,4/14 Mansfield Street,-37.756775,145.002274,2,1,apartment,1,2018-09-11,,,"$600,000"
property-townhouse-vic-thornbury-128927958,Thornbury,3071,4/149 Ballantyne Street,-37.757623,144.989087,2,2,townhouse,1,2018-09-10,,,"$830,000"
property-townhouse-vic-thornbury-129062630,Thornbury,3071,4/73 Ballantyne Street,-37.758331,144.995318,2,1,townhouse,1,2018-09-10,,,"$820,000"
property-house-vic-thornbury-129082030,Thornbury,3071,51 Miller Street,-37.751754,144.992342,3,2,house,1,2018-09-08,,,"$1,121,000"
property-house-vic-thornbury-129081738,Thornbury,3071,159 Gooch Street,-37.758801,145.010831,3,2,house,1,2018-09-07,,,"$1,300,000"
property-house-vic-thornbury-129079754,Thornbury,3071,250 Victoria Road,-37.763914,145.012705,3,1,house,1,2018-09-06,,,"$1,080,000"
property-house-vic-thornbury-129023290,Thornbury,3071,36 Gooch Street,-37.758498,145.003375,4,2,house,2,2018-09-01,,,"$1,410,000"
property-apartment-vic-thornbury-128923802,Thornbury,3071,8/167 Darebin Road,-37.764439,145.013167,2,2,apartment,1,2018-08-28,,,"$706,000"
property-apartment-vic-thornbury-128967270,Thornbury,3071,3/135 Raleigh Street,-37.759382,145.00872,2,1,apartment,1,2018-08-27,,,"$530,000"
property-apartment-vic-thornbury-129047058,Thornbury,3071,6/66 Dundas Street,-37.753371,145.008265,2,1,apartment,1,2018-08-21,,,"$500,000"
property-residential land-vic-thornbury-202098018,Thornbury,3071,31 Pender Street,-37.753612,145.004283,,,residential land,,2018-08-20,455,m2,"$1,150,000"
property-unit-vic-thornbury-128896530,Thornbury,3071,2/57 Pender Street,-37.75377,145.007502,1,1,unit,1,2018-08-20,,,"$408,000"
property-unit-vic-thornbury-128897958,Thornbury,3071,2/76 Speight Street,-37.763123,145.014215,2,2,unit,1,2018-08-18,,,"$790,000"
property-apartment-vic-thornbury-128840418,Thornbury,3071,7/4 Dundas Street,-37.752744,145.002508,1,1,apartment,1,2018-08-15,,,"$338,000"
property-apartment-vic-thornbury-128856258,Thornbury,3071,5/13 Harold Street,-37.757036,144.999353,1,1,apartment,1,2018-08-07,,,"$333,850"
property-apartment-vic-thornbury-128737054,Thornbury,3071,10/9 Kemp Street,-37.76246,144.995503,1,1,apartment,1,2018-08-07,,,"$309,000"
property-unit-vic-thornbury-128802910,Thornbury,3071,1/88 Dundas Street,-37.753744,145.011533,3,2,unit,2,2018-08-04,,,"$796,000"
property-apartment-vic-thornbury-128721906,Thornbury,3071,5/7 Smith Street,-37.757929,144.999419,1,1,apartment,1,2018-08-03,,,"$350,000"
property-townhouse-vic-thornbury-128755274,Thornbury,3071,2/31 Mansfield Street,-37.756453,145.003816,2,2,townhouse,1,2018-07-28,,,"$760,000"
property-townhouse-vic-thornbury-128755470,Thornbury,3071,54/85C Clyde Street,-37.761167,145.011806,3,2,townhouse,1,2018-07-27,,,"$861,000"
property-unit-vic-thornbury-128488390,Thornbury,3071,4/383 Station Street,-37.759634,145.021719,2,1,unit,1,2018-07-27,,,"$610,000"
property-apartment-vic-thornbury-128084578,Thornbury,3071,3/282 Mansfield Street,-37.758974,145.023036,2,1,apartment,1,2018-07-24,,,"$550,000"
property-townhouse-vic-thornbury-128135642,Thornbury,3071,58E Leinster Grove,-37.75875,144.988154,2,2,townhouse,1,2018-07-23,,,"$700,000"
property-house-vic-thornbury-128700662,Thornbury,3071,42 Gooch Street,-37.758537,145.003735,3,1,house,,2018-07-21,,,"$972,000"
property-apartment-vic-thornbury-128648106,Thornbury,3071,2/15 Rennie Street,-37.753556,144.992462,1,1,apartment,1,2018-07-21,,,"$325,000"
property-townhouse-vic-thornbury-128678626,Thornbury,3071,1/149 Ballantyne Street,-37.757623,144.989087,2,2,townhouse,1,2018-07-18,,,"$935,000"
property-house-vic-thornbury-128646414,Thornbury,3071,77 Smith Street,-37.757363,144.994605,3,1,house,1,2018-07-14,,,"$1,200,000"
property-house-vic-thornbury-128594474,Thornbury,3071,176 Clarendon Street,-37.761217,145.013867,3,1,house,2,2018-07-14,,,"$1,155,000"
property-apartment-vic-thornbury-128618362,Thornbury,3071,5/48 Woolton Avenue,-37.760632,144.995042,1,1,apartment,1,2018-07-14,,,"$410,000"
property-apartment-vic-thornbury-128594254,Thornbury,3071,109/679-685 High Street,-37.760191,144.999998,2,2,apartment,1,2018-07-11,,,"$608,100"
property-house-vic-thornbury-128570482,Thornbury,3071,54 Raleigh Street,-37.759412,145.0044,3,1,house,2,2018-07-07,,,"$1,450,000"
property-apartment-vic-thornbury-128670234,Thornbury,3071,2/38 Woolton Avenue,-37.760733,144.995913,2,1,apartment,1,2018-07-07,,,"$482,000"
property-house-vic-thornbury-128484154,Thornbury,3071,18 Alexandra Street,-37.763102,145.007023,3,2,house,2,2018-06-24,,,"$1,420,000"
property-house-vic-thornbury-128548030,Thornbury,3071,277 Rossmoyne Street,-37.758789,145.018301,3,1,house,1,2018-06-24,320,m2,"$1,055,200"
property-house-vic-thornbury-128480314,Thornbury,3071,43 Clyde Street,-37.760978,145.008612,4,1,house,,2018-06-23,385,m2,"$915,000"
property-townhouse-vic-thornbury-128431854,Thornbury,3071,4/124 Normanby Avenue,-37.758038,144.989003,2,1,townhouse,1,2018-06-23,,,"$715,000"
property-house-vic-thornbury-128431674,Thornbury,3071,39 Newman Street,-37.756859,144.985478,2,1,house,1,2018-06-20,,,"$1,055,000"
property-townhouse-vic-thornbury-128267130,Thornbury,3071,52 Leinster Grove,-37.759026,144.988104,3,2,townhouse,2,2018-06-19,,,"$1,200,000"
property-house-vic-thornbury-128410094,Thornbury,3071,7 Shaftesbury Parade,-37.760728,144.999361,2,1,house,1,2018-06-18,314,m2,"$1,010,000"
property-house-vic-thornbury-128441830,Thornbury,3071,55 Clyde Street,-37.761079,145.009568,2,1,house,,2018-06-16,,,"$970,000"
property-house-vic-thornbury-127728590,Thornbury,3071,267 Clarendon Street,-37.761599,145.022061,3,1,house,2,2018-06-15,,,"$915,000"
property-house-vic-thornbury-128487274,Thornbury,3071,17 Monash Avenue,-37.762453,145.003181,3,2,house,2,2018-06-12,,,"$1,425,000"
property-house-vic-thornbury-128025050,Thornbury,3071,249 Raleigh Street,-37.760266,145.017085,3,1,house,2,2018-06-07,376,m2,"$1,120,000"
property-townhouse-vic-thornbury-127932294,Thornbury,3071,3/236 Collins Street,-37.756881,145.023987,2,2,townhouse,2,2018-06-05,,,"$809,500"
property-apartment-vic-thornbury-128305034,Thornbury,3071,2/40 Swift Street,-37.763014,145.017724,1,1,apartment,1,2018-06-04,,,"$354,500"
property-house-vic-thornbury-128316210,Thornbury,3071,130 Ballantyne Street,-37.757157,144.989531,3,1,house,2,2018-06-02,,,"$1,440,000"
property-house-vic-thornbury-128316870,Thornbury,3071,33 Rossmoyne Street,-37.75721,145.003385,3,1,house,1,2018-06-02,,,"$1,180,000"
property-townhouse-vic-thornbury-128316250,Thornbury,3071,3/153 Ballantyne Street,-37.757583,144.988745,3,2,townhouse,1,2018-06-02,,,"$885,000"
property-apartment-vic-thornbury-128312802,Thornbury,3071,3/30 Strettle Street,-37.752572,144.983006,1,1,apartment,1,2018-06-02,,,"$393,000"
property-apartment-vic-thornbury-128253722,Thornbury,3071,10/39 Rossmoyne Street,-37.757251,145.003777,1,1,apartment,1,2018-05-30,,,"$340,000"
property-house-vic-thornbury-128265530,Thornbury,3071,99 Rossmoyne Street,-37.7576,145.007042,2,1,house,,2018-05-26,,,"$957,000"
property-apartment-vic-thornbury-128316262,Thornbury,3071,2/58 Clarendon Street,-37.760329,145.004336,2,1,apartment,1,2018-05-25,,,"$730,000"
property-unit-vic-thornbury-128142638,Thornbury,3071,6/84 St David Street,-37.753387,145.006654,2,1,unit,1,2018-05-23,,,"$735,200"
property-apartment-vic-thornbury-127824762,Thornbury,3071,3/274 Mansfield Street,-37.758881,145.022168,1,1,apartment,1,2018-05-22,,,"$269,000"
property-house-vic-thornbury-128172998,Thornbury,3071,154 Harold Street,-37.755411,144.989329,4,1,house,5,2018-05-19,,,"$1,365,000"
property-house-vic-thornbury-128165230,Thornbury,3071,6 Martin Street,-37.761179,145.000919,2,1,house,,2018-05-19,228,m2,"$1,150,000"
property-townhouse-vic-thornbury-127544026,Thornbury,3071,260A Gooch Street,-37.759406,145.014248,2,1,townhouse,1,2018-05-19,,,"$700,000"
property-house-vic-thornbury-127734214,Thornbury,3071,46 Speight Street,-37.762853,145.01167,3,1,house,,2018-05-18,580,m2,"$1,300,000"
property-apartment-vic-thornbury-128186658,Thornbury,3071,102/690 High Street,-37.75835,145.000956,2,1,apartment,1,2018-05-15,,,"$595,000"
property-house-vic-thornbury-128222386,Thornbury,3071,132 Mansfield Street,-37.757623,145.010295,4,1,house,2,2018-05-14,,,"$1,435,000"
property-house-vic-thornbury-128142446,Thornbury,3071,97 Clyde Street,-37.761563,145.014131,3,1,house,2,2018-05-12,696,m2,"$1,502,000"
property-house-vic-thornbury-127910022,Thornbury,3071,46 Collins Street,-37.75538,145.004664,3,1,house,1,2018-05-11,396,m2,"$1,075,000"
property-house-vic-thornbury-128024434,Thornbury,3071,12 Strettle Street,-37.7543,144.982538,4,4,house,6,2018-05-09,,,"$1,800,000"
property-townhouse-vic-thornbury-127917130,Thornbury,3071,3/226 Rossmoyne Street,-37.758854,145.014327,3,2,townhouse,1,2018-05-09,,,"$915,000"
property-house-vic-thornbury-128102550,Thornbury,3071,298 Raleigh Street,-37.761286,145.022114,2,1,house,,2018-05-07,,,"$875,000"
property-house-vic-thornbury-127995074,Thornbury,3071,8 Smith Street,-37.757453,144.999761,6,2,house,6,2018-05-06,825,m2,"$2,100,000"
property-apartment-vic-thornbury-128097194,Thornbury,3071,2/184 Rossmoyne Street,-37.758627,145.012186,1,1,apartment,1,2018-05-05,,,"$357,500"
property-apartment-vic-thornbury-128060446,Thornbury,3071,3/34 Pender Street,-37.754244,145.004751,1,1,apartment,1,2018-05-03,,,"$391,000"
property-house-vic-thornbury-128025566,Thornbury,3071,330 Rathmines Street,-37.760539,145.01863,3,2,house,2,2018-04-28,,,"$1,512,000"
property-unitblock-vic-thornbury-127905262,Thornbury,3071,1-7/59 Keon Street,-37.75237,144.989672,10,7,unitblock,7,2018-04-23,735,m2,"$2,195,000"
property-house-vic-thornbury-127915614,Thornbury,3071,9 Taylor Street,-37.752144,144.987517,4,2,house,1,2018-04-21,,,"$1,400,250"
property-apartment-vic-thornbury-127969462,Thornbury,3071,1/167 Darebin Road,-37.764439,145.013167,2,1,apartment,1,2018-04-21,,,"$494,000"
property-apartment-vic-thornbury-127665066,Thornbury,3071,32/337 Station Street,-37.763934,145.021416,1,1,apartment,1,2018-04-20,,,"$410,000"
property-townhouse-vic-thornbury-127917082,Thornbury,3071,28 Sparks Avenue,-37.761022,145.025246,2,2,townhouse,1,2018-04-14,,,"$735,000"
property-apartment-vic-thornbury-127729430,Thornbury,3071,3/14 Smith Street,-37.757402,144.999288,2,1,apartment,1,2018-04-13,,,"$520,000"
property-house-vic-thornbury-127868766,Thornbury,3071,25 Hammond Street,-37.763286,145.011894,3,2,house,2,2018-04-07,,,"$1,750,000"
property-apartment-vic-thornbury-127854910,Thornbury,3071,6/95 Raleigh Street,-37.759157,145.006592,1,1,apartment,1,2018-04-07,,,"$370,000"
property-unit-vic-thornbury-127780190,Thornbury,3071,8/54 Martin Street,-37.761509,145.003875,1,1,unit,1,2018-04-07,,,"$335,000"
property-apartment-vic-thornbury-127838134,Thornbury,3071,9/8 Kemp Street,-37.761825,144.995854,1,1,apartment,1,2018-04-06,,,"$345,398"
property-house-vic-thornbury-127729230,Thornbury,3071,27 Harry Street,-37.754872,145.015838,3,1,house,2,2018-03-29,,,"$1,135,000"
property-house-vic-thornbury-127730790,Thornbury,3071,99 Collins Street,-37.755422,145.012501,4,2,house,2,2018-03-24,680,m2,"$1,830,000"
property-house-vic-thornbury-127684038,Thornbury,3071,88 Clarendon Street,-37.760439,145.006535,3,2,house,2,2018-03-24,,,"$1,425,000"
property-house-vic-thornbury-127668854,Thornbury,3071,14 Harry Street,-37.756572,145.016281,4,2,house,2,2018-03-24,,,"$1,160,000"
property-unit-vic-thornbury-127749114,Thornbury,3071,9/77 Pender Street,-37.754052,145.010048,2,1,unit,1,2018-03-24,,,"$485,000"
property-apartment-vic-thornbury-127736446,Thornbury,3071,3/44 Swift Street,-37.762657,145.017809,2,1,apartment,1,2018-03-24,,,"$475,000"
property-apartment-vic-thornbury-127730574,Thornbury,3071,5/114 Normanby Avenue,-37.758117,144.989688,2,1,apartment,1,2018-03-24,,,"$470,000"
property-house-vic-thornbury-127644506,Thornbury,3071,33 Miller Street,-37.751864,144.993422,4,2,house,1,2018-03-23,,,"$1,170,000"
property-villa-vic-thornbury-127529958,Thornbury,3071,2/310 Mansfield Street,-37.759229,145.025428,2,1,villa,1,2018-03-22,,,"$550,000"
property-apartment-vic-thornbury-127780006,Thornbury,3071,4/167 Darebin Road,-37.764439,145.013167,2,1,apartment,1,2018-03-22,,,"$497,500"
property-house-vic-thornbury-127637462,Thornbury,3071,172A Normanby Avenue,-37.757689,144.985387,2,1,house,2,2018-03-19,,,"$816,000"
property-house-vic-thornbury-127601262,Thornbury,3071,2 Bradley Avenue,-37.761062,144.992164,3,1,house,2,2018-03-17,,,"$1,530,000"
property-house-vic-thornbury-127670350,Thornbury,3071,8 Monash Avenue,-37.762972,145.003624,3,1,house,1,2018-03-17,,,"$1,190,000"
property-villa-vic-thornbury-127659082,Thornbury,3071,9/184 Normanby Avenue,-37.757395,144.98412,2,1,villa,1,2018-03-17,,,"$597,000"
property-apartment-vic-thornbury-127623694,Thornbury,3071,12/87a Clyde Street,-37.76145,145.013048,1,1,apartment,1,2018-03-17,,,"$341,000"
property-house-vic-thornbury-127528174,Thornbury,3071,92 Flinders Street,-37.756462,145.006983,2,1,house,,2018-03-13,300,m2,"$1,100,000"
property-townhouse-vic-thornbury-127664562,Thornbury,3071,54A Leinster Grove,-37.758888,144.988129,3,2,townhouse,2,2018-03-10,,,"$1,200,000"
property-house-vic-thornbury-127462662,Thornbury,3071,68 Wales Street,-37.761543,145.009518,3,1,house,1,2018-03-09,,,"$1,120,000"
property-townhouse-vic-thornbury-127528054,Thornbury,3071,1 Ibis Place,-37.760812,145.026292,3,2,townhouse,2,2018-03-08,,,"$735,000"
property-house-vic-thornbury-127404234,Thornbury,3071,98 Hutton Street,-37.754542,144.98963,3,1,house,1,2018-03-06,,,"$1,250,000"
property-house-vic-thornbury-127537558,Thornbury,3071,211 Mansfield Street,-37.757767,145.016061,3,2,house,2,2018-03-03,,,"$1,430,000"
property-house-vic-thornbury-127525986,Thornbury,3071,335 Rossmoyne Street,-37.75939,145.023968,3,1,house,2,2018-03-03,,,"$1,192,000"
property-house-vic-thornbury-127529962,Thornbury,3071,213 Raleigh Street,-37.760157,145.016056,3,1,house,1,2018-03-03,,,"$1,140,000"
property-house-vic-thornbury-127529982,Thornbury,3071,63 Miller Street,-37.751682,144.991672,3,1,house,1,2018-03-03,,,"$990,000"
property-house-vic-thornbury-127533986,Thornbury,3071,3/53 Collins Street,-37.754859,145.005336,2,1,house,1,2018-03-03,,,"$970,000"
property-townhouse-vic-thornbury-127522666,Thornbury,3071,76B St David Street,-37.758844,145.005486,2,1,townhouse,1,2018-03-03,,,"$885,000"
property-apartment-vic-thornbury-127533774,Thornbury,3071,2/100 Collins Street,-37.75592,145.011385,1,1,apartment,1,2018-03-03,,,"$370,000"
property-apartment-vic-thornbury-127535742,Thornbury,3071,12/74 Dundas Street,-37.753501,145.009397,1,1,apartment,1,2018-03-02,,,"$305,000"
property-villa-vic-thornbury-127613426,Thornbury,3071,3/76 Collins Street,-37.755558,145.008115,3,1,villa,2,2018-02-28,,,"$845,000"
property-residential land-vic-thornbury-201892638,Thornbury,3071,626-628 High Street,-37.760622,145.000706,,,residential land,,2018-02-26,2409,m2,"$9,000,000"
property-house-vic-thornbury-127462630,Thornbury,3071,111 Keon Street,-37.751965,144.985821,3,2,house,2,2018-02-24,,,"$1,605,500"
property-house-vic-thornbury-127457430,Thornbury,3071,41 Gooch Street,-37.758044,145.003649,2,1,house,,2018-02-24,,,"$1,105,000"
property-house-vic-thornbury-127447458,Thornbury,3071,146 Mansfield Street,-37.757734,145.011356,3,1,house,1,2018-02-24,,,"$1,000,000"
property-apartment-vic-thornbury-127457850,Thornbury,3071,83/337 Station Street,-37.763934,145.021416,2,1,apartment,2,2018-02-24,,,"$575,000"
property-apartment-vic-thornbury-127459010,Thornbury,3071,9/37 Woolton Avenue,-37.761312,144.995928,2,1,apartment,1,2018-02-21,,,"$682,000"
property-house-vic-thornbury-127352970,Thornbury,3071,3 Kelvin Grove,-37.762982,145.002176,3,2,house,1,2018-02-20,,,"$1,320,000"
property-house-vic-thornbury-127352974,Thornbury,3071,4 Raleigh Street,-37.759099,145.001451,3,2,house,,2018-02-19,,,"$1,475,000"
property-apartment-vic-thornbury-127463566,Thornbury,3071,9/42-44 Clarendon Street,-37.760211,145.003265,3,1,apartment,1,2018-02-16,,,"$756,000"
property-apartment-vic-thornbury-127400018,Thornbury,3071,7/135 Raleigh Street,-37.759382,145.00872,2,1,apartment,1,2018-02-14,,,"$540,000"
property-house-vic-thornbury-127465274,Thornbury,3071,44 Wales Street,-37.762852,145.009318,3,1,house,1,2018-02-13,,,"$1,390,000"
property-apartment-vic-thornbury-127338486,Thornbury,3071,10/167 Darebin road,-37.764439,145.013167,2,1,apartment,1,2018-02-13,,,"$505,000"
property-townhouse-vic-thornbury-126536214,Thornbury,3071,3/11 Clarendon Street,-37.759448,145.001741,2,2,townhouse,1,2018-02-12,,,"$835,000"
property-house-vic-thornbury-127346270,Thornbury,3071,82 Mansfield Street,-37.757266,145.006908,4,1,house,4,2018-02-10,,,"$1,850,000"
property-townhouse-vic-thornbury-127304314,Thornbury,3071,6 Aviary Grove,-37.7613,145.026076,2,1,townhouse,1,2018-02-10,,,"$585,000"
property-unit-vic-thornbury-126771834,Thornbury,3071,3/44 Hammond Street,-37.764043,145.013437,3,1,unit,2,2018-02-08,,,"$929,000"
property-house-vic-thornbury-127401674,Thornbury,3071,142 Normanby Avenue,-37.757951,144.98764,2,1,house,1,2018-02-07,,,"$903,000"
property-townhouse-vic-thornbury-127226762,Thornbury,3071,260B Gooch Street,-37.759406,145.014248,2,1,townhouse,1,2018-02-03,,,"$832,000"
property-apartment-vic-thornbury-126605962,Thornbury,3071,103/679-685 High Street,-37.760191,144.999998,2,2,apartment,1,2018-02-03,,,"$500,000"
property-house-vic-thornbury-127338202,Thornbury,3071,85 Mansfield Street,-37.756784,145.006956,2,1,house,,2018-01-31,,,"$1,225,000"
property-house-vic-thornbury-126972934,Thornbury,3071,50 Leinster Grove,-37.760216,144.987884,4,3,house,2,2018-01-23,309,m2,"$1,400,000"
property-flat-vic-thornbury-126982450,Thornbury,3071,5/123 Shaftesbury Parade,-37.759659,144.990129,1,1,flat,1,2018-01-03,,,"$302,000"
property-house-vic-thornbury-127045498,Thornbury,3071,181 Hutton Street,-37.754881,144.986075,3,1,house,1,2017-12-29,482,m2,"$1,087,000"
property-house-vic-thornbury-126238674,Thornbury,3071,119A Harold Street,-37.755921,144.989506,4,2,house,2,2017-12-21,,,"$1,605,000"
property-townhouse-vic-thornbury-126467058,Thornbury,3071,94 Wilmoth Street,-37.763287,145.01628,2,2,townhouse,2,2017-12-21,,,"$795,000"
property-townhouse-vic-thornbury-127029906,Thornbury,3071,352A Victoria Road,-37.756946,145.013854,3,2,townhouse,2,2017-12-16,285,m2,"$950,500"
property-house-vic-thornbury-127034978,Thornbury,3071,34 Rossmoyne Street,-37.757672,145.003164,3,1,house,,2017-12-16,,,"$920,000"
property-townhouse-vic-thornbury-127033186,Thornbury,3071,18 Aviary Grove,-37.76125,145.027328,3,2,townhouse,2,2017-12-14,,,"$905,000"
property-house-vic-thornbury-126732022,Thornbury,3071,46 Pender Street,-37.754291,145.00578,6,3,house,2,2017-12-13,616,m2,"$1,515,000"
property-house-vic-thornbury-126968042,Thornbury,3071,87 St David Street,-37.760828,145.005291,3,1,house,1,2017-12-09,,,"$1,250,000"
property-house-vic-thornbury-126973370,Thornbury,3071,141 Harold Street,-37.755705,144.987486,2,1,house,1,2017-12-09,338,m2,"$1,250,000"
property-house-vic-thornbury-126934734,Thornbury,3071,58 Johnson Street,-37.761763,144.999235,2,1,house,1,2017-12-09,410,m2,"$1,234,500"
property-house-vic-thornbury-126969502,Thornbury,3071,31 Normanby Avenue,-37.759439,144.997058,3,2,house,2,2017-12-09,,,"$1,211,000"
property-unit-vic-thornbury-126982406,Thornbury,3071,4/59 Pender Street,-37.753767,145.007651,2,1,unit,1,2017-12-09,,,"$705,000"
property-apartment-vic-thornbury-126971098,Thornbury,3071,4/61 Harold Street,-37.756547,144.995162,2,1,apartment,1,2017-12-09,,,"$572,000"
property-apartment-vic-thornbury-126964302,Thornbury,3071,7/20 Kemp Street,-37.76172,144.994949,1,1,apartment,1,2017-12-04,,,"$374,060"
property-townhouse-vic-thornbury-126906430,Thornbury,3071,1/76 Speight Street,-37.763123,145.014215,2,1,townhouse,1,2017-12-02,,,"$890,000"
property-unit-vic-thornbury-126844394,Thornbury,3071,3/379 Station Street,-37.759944,145.021637,2,1,unit,1,2017-12-02,,,"$590,000"
property-villa-vic-thornbury-126985086,Thornbury,3071,3/184 Normanby Avenue,-37.757395,144.98412,2,1,villa,1,2017-11-30,,,"$665,000"
property-apartment-vic-thornbury-126791354,Thornbury,3071,12/44 Clarendon Street,-37.760211,145.003265,3,1,apartment,2,2017-11-28,,,"$620,000"
property-house-vic-thornbury-126843846,Thornbury,3071,25 Rennie Street,-37.753454,144.991484,3,1,house,1,2017-11-25,,,"$1,265,000"
property-villa-vic-thornbury-126845346,Thornbury,3071,1/15 Ballantyne Street,-37.758792,144.99926,2,1,villa,1,2017-11-25,,,"$835,000"
property-townhouse-vic-thornbury-121516714,Thornbury,3071,1/25 Wilmoth Street,-37.764325,145.015778,2,2,townhouse,1,2017-11-22,,,"$830,000"
property-apartment-vic-thornbury-126820058,Thornbury,3071,6/139-141 Normanby Avenue,-37.758475,144.988266,1,1,apartment,,2017-11-21,,,"$210,000"
property-house-vic-thornbury-126753866,Thornbury,3071,58 Pender Street,-37.754627,145.009628,4,1,house,1,2017-11-20,614,m2,"$1,840,000"
property-house-vic-thornbury-126707118,Thornbury,3071,119 Collins Street,-37.755268,145.014412,4,2,house,2,2017-11-20,,,"$1,395,000"
property-apartment-vic-thornbury-126756326,Thornbury,3071,402/685 High Street,-37.760184,145.000119,2,2,apartment,1,2017-11-18,,,"$655,000"
property-residential land-vic-thornbury-201937806,Thornbury,3071,16-18 Clarendon Street,-37.759941,145.001779,,,residential land,,2017-11-17,675,m2,"$2,175,000"
property-apartment-vic-thornbury-126793862,Thornbury,3071,10/66 Dundas Street,-37.753371,145.008265,1,1,apartment,1,2017-11-16,,,"$373,333"
property-townhouse-vic-thornbury-126609102,Thornbury,3071,333 Raleigh Street,-37.76122,145.025187,3,2,townhouse,2,2017-11-15,,,"$854,000"
property-house-vic-thornbury-126711970,Thornbury,3071,63B Clyde Street,-37.761125,145.009999,3,1,house,1,2017-11-14,,,"$1,171,000"
property-townhouse-vic-thornbury-125132126,Thornbury,3071,332-342 Gooch Street,-37.761041,145.027543,3,2,townhouse,2,2017-11-14,,,"$803,500"
property-apartment-vic-thornbury-126661038,Thornbury,3071,7/50 Normanby Avenue,-37.758722,144.995457,1,1,apartment,1,2017-11-13,,,"$285,000"
property-house-vic-thornbury-126707438,Thornbury,3071,47 Comas Grove,-37.753119,144.984837,2,1,house,2,2017-11-11,585,m2,"$1,260,000"
property-house-vic-thornbury-126640326,Thornbury,3071,25 Hobson Street,-37.752731,144.992223,2,1,house,1,2017-11-11,,,"$830,000"
property-unit-vic-thornbury-126706026,Thornbury,3071,7/33 Pender Street,-37.753525,145.004532,1,1,unit,1,2017-11-11,,,"$290,000"
property-apartment-vic-thornbury-126748622,Thornbury,3071,3/37 Collins Street,-37.754785,145.003964,2,1,apartment,1,2017-11-09,,,"$594,000"
property-apartment-vic-thornbury-126790054,Thornbury,3071,1/143 Smith Street,-37.756743,144.989284,1,1,apartment,1,2017-11-09,,,"$315,000"
property-house-vic-thornbury-126406962,Thornbury,3071,19 Kelvin Grove,-37.762388,145.002259,2,1,house,1,2017-11-08,,,"$992,500"
property-townhouse-vic-thornbury-126403346,Thornbury,3071,14 Ibis Place,-37.760916,145.026574,3,2,townhouse,2,2017-11-08,,,"$750,000"
property-house-vic-thornbury-126596934,Thornbury,3071,253 Gooch Street,-37.75981,145.020349,4,2,house,5,2017-11-04,555,m2,"$1,400,000"
property-apartment-vic-thornbury-126639802,Thornbury,3071,6/85 St David Street,-37.760962,145.005268,2,1,apartment,1,2017-11-04,,,"$541,000"
property-apartment-vic-thornbury-126691962,Thornbury,3071,8/4 Dundas Street,-37.752744,145.002508,1,1,apartment,1,2017-11-03,,,"$331,000"
property-house-vic-thornbury-126405814,Thornbury,3071,74 Clarendon Street,-37.760322,145.005363,3,1,house,6,2017-11-01,,,"$1,720,000"
property-apartment-vic-thornbury-126466694,Thornbury,3071,68/337 Station Street,-37.763934,145.021416,3,2,apartment,2,2017-10-30,,,"$681,000"
property-house-vic-thornbury-126573578,Thornbury,3071,15 Alston Street,-37.754874,145.018103,2,1,house,3,2017-10-28,,,"$1,170,000"
property-house-vic-thornbury-126574862,Thornbury,3071,275A Gooch Street,-37.760109,145.023178,3,1,house,2,2017-10-28,,,"$860,000"
property-apartment-vic-thornbury-126574846,Thornbury,3071,4/99 Ballantyne Street,-37.758001,144.99234,1,1,apartment,1,2017-10-28,,,"$372,000"
property-house-vic-thornbury-126469346,Thornbury,3071,33 Clarendon Street,-37.759569,145.002871,3,1,house,1,2017-10-27,,,"$1,430,000"
property-apartment-vic-thornbury-126638258,Thornbury,3071,5/360 St Georges Road,-37.758092,144.994081,2,1,apartment,1,2017-10-26,,,"$505,000"
property-house-vic-thornbury-126578370,Thornbury,3071,182 Normanby Avenue,-37.757615,144.984712,2,1,house,1,2017-10-25,,,"$972,000"
property-townhouse-vic-thornbury-126136898,Thornbury,3071,51/85c Clyde Street,-37.761167,145.011806,3,2,townhouse,1,2017-10-23,,,"$895,000"
property-house-vic-thornbury-126519906,Thornbury,3071,11 Gladhall Avenue,-37.757131,145.019688,4,2,house,2,2017-10-21,,,"$1,516,000"
property-house-vic-thornbury-126519154,Thornbury,3071,144B Flinders Street,-37.75707,145.012523,3,1,house,2,2017-10-21,,,"$1,215,000"
property-house-vic-thornbury-126529034,Thornbury,3071,207 Collins Street,-37.756139,145.02194,2,1,house,2,2017-10-21,,,"$1,025,000"
property-house-vic-thornbury-126083842,Thornbury,3071,399 St Georges Road,-37.758127,144.992981,2,1,house,1,2017-10-21,,,"$805,000"
property-townhouse-vic-thornbury-126464034,Thornbury,3071,92 Wilmoth Street,-37.763287,145.01628,2,2,townhouse,1,2017-10-21,,,"$790,000"
property-house-vic-thornbury-126638098,Thornbury,3071,113A Harold Street,-37.755988,144.990127,5,3,house,1,2017-10-18,,,"$1,700,000"
property-house-vic-thornbury-126439498,Thornbury,3071,70 Hutton Street,-37.754708,144.991224,3,1,house,2,2017-10-14,776,m2,"$1,500,000"
property-house-vic-thornbury-126404506,Thornbury,3071,1 Speight Street,-37.761806,145.006276,2,2,house,1,2017-10-14,256,m2,"$1,105,000"
property-townhouse-vic-thornbury-126409854,Thornbury,3071,192B Raleigh Street,-37.760296,145.012792,2,2,townhouse,1,2017-10-14,,,"$885,000"
property-villa-vic-thornbury-126435142,Thornbury,3071,2/39 Martin Street,-37.760872,145.003727,2,1,villa,1,2017-10-14,,,"$669,000"
property-apartment-vic-thornbury-126434882,Thornbury,3071,6/86 Flinders Street,-37.75642,145.006614,1,1,apartment,1,2017-10-14,,,"$377,000"
property-apartment-vic-thornbury-126433074,Thornbury,3071,10/87A Clyde Street,-37.76145,145.013048,1,1,apartment,1,2017-10-14,,,"$336,000"
property-house-vic-thornbury-126404062,Thornbury,3071,290 St Georges Road,-37.761078,144.993394,3,1,house,1,2017-10-12,,,"$900,000"
property-townhouse-vic-thornbury-126519190,Thornbury,3071,1/33 Swift Street,-37.764381,145.016836,2,2,townhouse,2,2017-10-11,,,"$1,095,000"
property-apartment-vic-thornbury-126516490,Thornbury,3071,4/13 Mansfield Street,-37.756332,145.002618,2,1,apartment,1,2017-10-09,,,"$545,000"
property-house-vic-thornbury-124983882,Thornbury,3071,125 Hutton Street,-37.755139,144.990158,2,1,house,,2017-10-07,,,"$1,266,000"
property-unit-vic-thornbury-126422654,Thornbury,3071,4/282 Mansfield Street,-37.758974,145.023036,1,1,unit,1,2017-10-07,,,"$433,000"
property-apartment-vic-thornbury-126071618,Thornbury,3071,14/6 Francis Grove,-37.76344,145.008123,1,1,apartment,1,2017-10-06,,,"$295,000"
property-townhouse-vic-thornbury-126076914,Thornbury,3071,2/40 Shaftesbury Parade,-37.759916,144.997386,3,2,townhouse,1,2017-10-01,,,"$930,000"
property-house-vic-thornbury-126224630,Thornbury,3071,446 St Georges Road,-37.754186,144.994879,4,1,house,2,2017-09-28,,,"$895,000"
property-house-vic-thornbury-126266382,Thornbury,3071,106 Ballantyne Street,-37.757356,144.99124,3,1,house,1,2017-09-23,601,m2,"$1,435,000"
property-apartment-vic-thornbury-126270498,Thornbury,3071,1/37 Clapham Street,-37.754225,144.997855,2,1,apartment,1,2017-09-23,,,"$650,000"
property-apartment-vic-thornbury-126292990,Thornbury,3071,4/2 Dundas Street,-37.752718,145.002276,2,1,apartment,1,2017-09-23,,,"$540,000"
property-apartment-vic-thornbury-126263606,Thornbury,3071,6/2 Hutton Street,-37.755778,145.00041,2,1,apartment,1,2017-09-23,,,"$522,000"
property-townhouse-vic-thornbury-125611670,Thornbury,3071,219B Gooch Street,-37.759466,145.017125,3,2,townhouse,2,2017-09-20,,,"$903,000"
property-apartment-vic-thornbury-126217686,Thornbury,3071,8/57 Pender Street,-37.75377,145.007502,1,1,apartment,1,2017-09-20,,,"$340,000"
property-house-vic-thornbury-126241326,Thornbury,3071,15 Smith Street,-37.757834,144.998613,4,1,house,1,2017-09-16,,,"$1,310,000"
property-house-vic-thornbury-126229150,Thornbury,3071,108 Normanby Avenue,-37.758176,144.990201,3,1,house,2,2017-09-14,,,"$1,300,000"
property-apartment-vic-thornbury-126190990,Thornbury,3071,94/337 Station Street,-37.763934,145.021416,3,2,apartment,2,2017-09-14,,,"$680,000"
property-house-vic-thornbury-126202350,Thornbury,3071,207 Gooch Street,-37.759332,145.015851,2,1,house,2,2017-09-09,704,m2,"$1,547,000"
property-house-vic-thornbury-125611666,Thornbury,3071,316 Rossmoyne Street,-37.759774,145.023033,4,2,house,3,2017-09-06,,,"$1,375,000"
property-apartment-vic-thornbury-126183970,Thornbury,3071,12/18 Pender Street,-37.754054,145.00302,1,1,apartment,1,2017-09-05,,,"$285,000"
property-house-vic-thornbury-126128414,Thornbury,3071,12 Harold Street,-37.756551,144.999591,3,1,house,2,2017-09-02,,,"$1,530,000"
property-townhouse-vic-thornbury-126241166,Thornbury,3071,16/337 Station Street,-37.763934,145.021416,3,2,townhouse,2,2017-08-31,,,"$900,000"
property-house-vic-thornbury-126067350,Thornbury,3071,7 Ballantyne Street,-37.758837,144.999642,3,1,house,1,2017-08-26,312,m2,"$1,450,000"
property-house-vic-thornbury-126075030,Thornbury,3071,201 Gooch Street,-37.75928,145.015361,3,1,house,2,2017-08-26,,,"$1,271,000"
property-townhouse-vic-thornbury-126028002,Thornbury,3071,323 Gillies Street,-37.76326,145.019831,4,2,townhouse,2,2017-08-26,,,"$1,257,000"
property-townhouse-vic-thornbury-126083826,Thornbury,3071,111 Pender Street,-37.754284,145.01355,2,2,townhouse,1,2017-08-26,,,"$858,000"
property-apartment-vic-thornbury-126044110,Thornbury,3071,2/1 Collins Street,-37.754494,145.002022,1,1,apartment,1,2017-08-26,,,"$428,000"
property-apartment-vic-thornbury-126014874,Thornbury,3071,7/42 Pender Street,-37.754321,145.005431,2,2,apartment,1,2017-08-21,,,"$625,000"
property-house-vic-thornbury-126024506,Thornbury,3071,27 Gooch Street,-37.75794,145.002672,2,1,house,1,2017-08-19,,,"$1,200,000"
property-apartment-vic-thornbury-126005434,Thornbury,3071,4/198 Raleigh Street,-37.760416,145.013906,1,1,apartment,1,2017-08-19,,,"$351,000"
property-house-vic-thornbury-125604494,Thornbury,3071,19 Alston Street,-37.754912,145.018434,3,1,house,2,2017-08-18,,,"$1,350,000"
property-townhouse-vic-thornbury-125968234,Thornbury,3071,6/24 Dundas Street,-37.752866,145.003639,3,1,townhouse,2,2017-08-13,,,"$806,000"
property-townhouse-vic-thornbury-125981914,Thornbury,3071,189A Miller Street,-37.750885,144.985259,2,1,townhouse,1,2017-08-12,,,"$675,000"
property-house-vic-thornbury-126022790,Thornbury,3071,126 Rossmoyne Street,-37.758202,145.008166,4,2,house,,2017-08-11,,,"$1,202,000"
property-house-vic-thornbury-125917746,Thornbury,3071,236 Rossmoyne Street,-37.758972,145.015451,3,1,house,2,2017-08-09,,,"$1,350,000"
property-house-vic-thornbury-125896202,Thornbury,3071,57 Mansfield Street,-37.756603,145.005226,2,1,house,,2017-08-07,,,"$1,255,000"
property-house-vic-thornbury-125922618,Thornbury,3071,156 Raleigh Street,-37.760021,145.010166,3,1,house,,2017-08-05,,,"$1,275,000"
property-house-vic-thornbury-125864434,Thornbury,3071,13 Rayment Street,-37.759485,144.996145,3,2,house,2,2017-07-29,,,"$891,000"
property-townhouse-vic-thornbury-125865562,Thornbury,3071,105C St David Street,-37.754288,145.005955,3,2,townhouse,2,2017-07-26,,,"$1,050,000"
property-house-vic-thornbury-125732626,Thornbury,3071,54 Swift Street,-37.762027,145.017891,3,1,house,1,2017-07-15,508,m2,"$1,236,000"
property-villa-vic-thornbury-125738546,Thornbury,3071,7/47 Collins Street,-37.754793,145.004762,2,1,villa,1,2017-07-15,,,"$580,000"
property-apartment-vic-thornbury-125763986,Thornbury,3071,12/45 Woolton Avenue,-37.761237,144.995283,1,1,apartment,1,2017-07-15,,,"$328,000"
property-apartment-vic-thornbury-125656118,Thornbury,3071,1/119 Keon Street,-37.751836,144.985155,2,1,apartment,1,2017-07-08,,,"$468,000"
property-apartment-vic-thornbury-125685402,Thornbury,3071,1/54 Pender Street,-37.75458,145.009202,1,1,apartment,1,2017-07-08,,,"$415,000"
property-villa-vic-thornbury-125654258,Thornbury,3071,1/383 Station Street,-37.759634,145.021719,2,1,villa,1,2017-07-01,,,"$590,000"
property-house-vic-thornbury-125600018,Thornbury,3071,29 Speight Street,-37.76205,145.00971,2,1,house,2,2017-06-29,,,"$1,005,000"
property-townhouse-vic-thornbury-125756282,Thornbury,3071,43/85c Clyde Street,-37.761167,145.011806,3,2,townhouse,1,2017-06-29,,,"$724,000"
property-house-vic-thornbury-125249746,Thornbury,3071,21 Aviary Grove,-37.761222,145.027093,2,1,house,1,2017-06-27,,,"$596,000"
property-house-vic-thornbury-125561038,Thornbury,3071,3 Tharratt Street,-37.753801,145.008419,3,1,house,2,2017-06-26,,,"$1,420,000"
property-house-vic-thornbury-125576878,Thornbury,3071,93 St David Street,-37.755926,145.005545,3,1,house,1,2017-06-26,,,"$1,135,000"
property-house-vic-thornbury-125599482,Thornbury,3071,243 Darebin Road,-37.764882,145.017266,2,1,house,2,2017-06-24,508,m2,"$1,460,000"
property-house-vic-thornbury-125609662,Thornbury,3071,106 Normanby Avenue,-37.758196,144.990372,4,1,house,3,2017-06-24,,,"$1,320,000"
property-house-vic-thornbury-125561938,Thornbury,3071,206 Clarendon Street,-37.761588,145.018042,3,2,house,2,2017-06-24,,,"$920,000"
property-townhouse-vic-thornbury-125606474,Thornbury,3071,33/85c Clyde Street,-37.761167,145.011806,3,2,townhouse,2,2017-06-24,,,"$726,000"
property-unit-vic-thornbury-125557750,Thornbury,3071,3/308-310 Rossmoyne Street,-37.759705,145.022384,2,1,unit,1,2017-06-22,,,"$745,000"
property-house-vic-thornbury-125662542,Thornbury,3071,329 Gillies Street,-37.762834,145.020027,4,3,house,2,2017-06-21,,,"$2,070,000"
property-townhouse-vic-thornbury-125526650,Thornbury,3071,1/24 Dundas Street,-37.752866,145.003639,2,1,townhouse,1,2017-06-19,,,"$756,000"
property-house-vic-thornbury-125553922,Thornbury,3071,55 Rennie Street,-37.7532,144.989058,2,1,house,1,2017-06-17,,,"$1,205,500"
property-house-vic-thornbury-125544366,Thornbury,3071,170 Normanby Avenue,-37.757725,144.985671,3,2,house,1,2017-06-17,,,"$1,100,000"
property-house-vic-thornbury-125544354,Thornbury,3071,371 Station Street,-37.760659,145.021544,3,1,house,2,2017-06-17,,,"$1,031,000"
property-townhouse-vic-thornbury-125550750,Thornbury,3071,1/98 Normanby Avenue,-37.758275,144.991058,2,2,townhouse,1,2017-06-17,,,"$700,000"
property-townhouse-vic-thornbury-125263326,Thornbury,3071,6/54 Clarendon Street,-37.760312,145.004169,2,2,townhouse,1,2017-06-13,,,"$775,000"
property-apartment-vic-thornbury-125289794,Thornbury,3071,2/60 Strettle Street,-37.750902,144.983284,1,1,apartment,1,2017-06-10,,,"$270,000"
property-house-vic-thornbury-125410250,Thornbury,3071,3 Gooch Street,-37.757801,145.001387,2,1,house,,2017-06-07,,,"$1,102,500"
property-house-vic-thornbury-125409570,Thornbury,3071,150  Gooch Street,-37.759248,145.01049,3,1,house,1,2017-06-05,,,"$1,240,000"
property-house-vic-thornbury-125438382,Thornbury,3071,53 Keon Street,-37.752387,144.990209,4,1,house,2,2017-06-03,495,m2,"$1,626,000"
property-apartment-vic-thornbury-125411806,Thornbury,3071,6/10 Dundas Street,-37.752769,145.002735,2,1,apartment,1,2017-06-03,,,"$493,000"
property-house-vic-thornbury-125385882,Thornbury,3071,118 Rossmoyne Street,-37.758163,145.007798,4,2,house,,2017-05-27,,,"$1,400,000"
property-townhouse-vic-thornbury-125264078,Thornbury,3071,1/54 Clarendon Street,-37.760312,145.004169,3,2,townhouse,1,2017-05-27,,,"$990,000"
property-unit-vic-thornbury-125370186,Thornbury,3071,2/124 Flinders Street,-37.756743,145.009485,2,1,unit,1,2017-05-27,,,"$745,000"
property-unit-vic-thornbury-125297854,Thornbury,3071,3/31 Clapham Street,-37.754835,144.99775,2,1,unit,1,2017-05-22,,,"$600,000"
property-apartment-vic-thornbury-125351666,Thornbury,3071,4/37 Collins Street,-37.754785,145.003964,1,1,apartment,,2017-05-22,,,"$402,000"
property-house-vic-thornbury-125318742,Thornbury,3071,171 Mansfield Street,-37.757413,145.012802,3,1,house,1,2017-05-20,381,m2,"$1,130,000"
property-house-vic-thornbury-125266246,Thornbury,3071,221 Mansfield Street,-37.75786,145.016917,4,2,house,2,2017-05-13,464,m2,"$1,635,000"
property-apartment-vic-thornbury-125273070,Thornbury,3071,1/73 Flinders Street,-37.755885,145.006756,2,1,apartment,1,2017-05-13,,,"$462,000"
property-townhouse-vic-thornbury-125265430,Thornbury,3071,3/1 Smith Street,-37.757993,144.999962,3,2,townhouse,1,2017-05-08,,,"$998,000"
property-house-vic-thornbury-125162490,Thornbury,3071,177 Raleigh Street,-37.759705,145.011774,3,1,house,3,2017-05-06,,,"$1,750,000"
property-house-vic-thornbury-125165902,Thornbury,3071,154 Normanby Avenue,-37.757855,144.986824,3,1,house,2,2017-05-04,,,"$765,250"
property-townhouse-vic-thornbury-125142786,Thornbury,3071,4/21-23 Collins Street,-37.75462,145.003155,2,1,townhouse,1,2017-05-01,,,"$870,000"
property-unit-vic-thornbury-123462442,Thornbury,3071,6/89 Ballantyne Street,-37.758226,144.994419,1,1,unit,1,2017-05-01,,,"$280,000"
property-townhouse-vic-thornbury-125169490,Thornbury,3071,58 Leinster Grove,-37.75875,144.988154,2,2,townhouse,2,2017-04-29,,,"$960,000"
property-apartment-vic-thornbury-124867774,Thornbury,3071,199C Mansfield Street,-37.757732,145.015244,1,1,apartment,1,2017-04-26,,,"$300,000"
property-house-vic-thornbury-125085422,Thornbury,3071,140 Dundas Street,-37.754183,145.015979,2,1,house,1,2017-04-24,,,"$915,000"
property-house-vic-thornbury-125053878,Thornbury,3071,147 Shaftesbury Parade,-37.759455,144.988366,5,2,house,1,2017-04-22,,,"$1,614,000"
property-apartment-vic-thornbury-125045570,Thornbury,3071,14/77 Pender Street,-37.754052,145.010048,2,1,apartment,1,2017-04-22,,,"$411,000"
property-apartment-vic-thornbury-125103626,Thornbury,3071,4/114 Normanby Avenue,-37.758117,144.989688,2,1,apartment,1,2017-04-21,,,"$421,000"
property-unit-vic-thornbury-125162502,Thornbury,3071,1/44 Hammond Street,-37.764043,145.013437,3,1,unit,2,2017-04-20,,,"$880,000"
property-house-vic-thornbury-124989726,Thornbury,3071,145 Shaftesbury Parade,-37.75947,144.988495,3,1,house,2,2017-04-10,,,"$1,190,000"
property-house-vic-thornbury-124627814,Thornbury,3071,68 Wilmoth Street,-37.762931,145.016684,3,1,house,1,2017-04-10,,,"$1,100,000"
property-unit-vic-thornbury-124981038,Thornbury,3071,4/2 Strettle Street,-37.755229,144.982059,2,1,unit,1,2017-04-10,,,"$716,000"
property-house-vic-thornbury-124979934,Thornbury,3071,129 Collins Street,-37.755363,145.015266,3,2,house,4,2017-04-08,584,m2,"$1,345,000"
property-house-vic-thornbury-124953682,Thornbury,3071,104 Mansfield Street,-37.757832,145.014631,3,1,house,1,2017-04-08,,,"$1,080,000"
property-unit-vic-thornbury-124951818,Thornbury,3071,2/73 Flinders Street,-37.755885,145.006756,2,1,unit,1,2017-04-08,,,"$435,000"
property-house-vic-thornbury-124895410,Thornbury,3071,22 Mansfield Street,-37.756836,145.002851,2,1,house,,2017-04-01,,,"$1,260,000"
property-villa-vic-thornbury-124927326,Thornbury,3071,7/39 Martin Street,-37.760872,145.003727,2,1,villa,1,2017-04-01,,,"$550,000"
property-unit-vic-thornbury-124847054,Thornbury,3071,6/99 Ballantyne Street,-37.758001,144.99234,1,1,unit,1,2017-04-01,,,"$370,500"
property-apartment-vic-thornbury-125055934,Thornbury,3071,13/15 Kemp Street,-37.762396,144.994986,1,1,apartment,1,2017-03-31,,,"$282,500"
property-townhouse-vic-thornbury-125027074,Thornbury,3071,"4/66 Collins Street,",-37.755441,145.007053,2,1,townhouse,1,2017-03-28,,,"$670,000"
property-house-vic-thornbury-124909458,Thornbury,3071,76 Woolton Avenue,-37.760193,144.991224,4,1,house,2,2017-03-27,,,"$1,651,118"
property-house-vic-thornbury-124853590,Thornbury,3071,77 Gooch Street,-37.758243,145.005541,4,3,house,2,2017-03-27,,,"$1,550,000"
property-house-vic-thornbury-124833430,Thornbury,3071,7 Fenwick Street,-37.761746,145.003029,2,2,house,1,2017-03-26,,,"$1,425,000"
property-house-vic-thornbury-124866578,Thornbury,3071,31 Shaftesbury Parade,-37.760592,144.998161,3,1,house,1,2017-03-25,,,"$1,282,000"
property-house-vic-thornbury-124867198,Thornbury,3071,66 Rennie Street,-37.752607,144.988433,3,1,house,1,2017-03-25,,,"$918,000"
property-house-vic-thornbury-124866954,Thornbury,3071,360 Station Street,-37.762534,145.020527,3,1,house,3,2017-03-25,,,"$865,000"
property-house-vic-thornbury-124816670,Thornbury,3071,214 Gooch Street,-37.759853,145.016187,3,2,house,2,2017-03-20,,,"$1,550,000"
property-house-vic-thornbury-124769734,Thornbury,3071,33 Wales Street,-37.763291,145.008617,3,1,house,1,2017-03-18,409,m2,"$1,245,000"
property-house-vic-thornbury-124812526,Thornbury,3071,6 Fyffe Street,-37.753997,144.993276,2,1,house,1,2017-03-18,,,"$1,030,000"
property-house-vic-thornbury-124809466,Thornbury,3071,39 Keon Street,-37.752533,144.991218,3,1,house,1,2017-03-18,,,"$1,020,000"
property-townhouse-vic-thornbury-124812334,Thornbury,3071,12/44 Strettle Street,-37.751691,144.983153,2,1,townhouse,1,2017-03-18,,,"$623,000"
property-apartment-vic-thornbury-124593558,Thornbury,3071,6/109 Flinders Street,-37.756387,145.011279,2,1,apartment,2,2017-03-01,,,"$670,000"
property-house-vic-thornbury-124615994,Thornbury,3071,39 Smith Street,-37.757614,144.996786,3,2,house,2,2017-02-25,,,"$1,913,000"
property-house-vic-thornbury-124624618,Thornbury,3071,45A Harold Street,-37.756729,144.996465,3,1,house,1,2017-02-25,,,"$1,280,000"
property-house-vic-thornbury-124585422,Thornbury,3071,29 Collins Street,-37.754759,145.003472,2,1,house,,2017-02-25,263,m2,"$1,211,000"
property-apartment-vic-thornbury-124625010,Thornbury,3071,3/110 Normanby Avenue,-37.758157,144.990029,2,2,apartment,1,2017-02-25,,,"$490,000"
property-apartment-vic-thornbury-124607558,Thornbury,3071,7/9 Hammond Street,-37.763115,145.01028,2,1,apartment,1,2017-02-25,,,"$466,000"
property-house-vic-thornbury-124564906,Thornbury,3071,390 Station Street,-37.759967,145.021075,3,1,house,2,2017-02-24,,,"$795,000"
property-apartment-vic-thornbury-124728126,Thornbury,3071,1/45 Woolton Avenue,-37.761237,144.995283,1,1,apartment,1,2017-02-24,,,"$345,000"
property-apartment-vic-thornbury-124746950,Thornbury,3071,9/55 Pender Street,-37.753745,145.007276,1,1,apartment,2,2017-02-24,,,"$311,100"
property-house-vic-thornbury-124615922,Thornbury,3071,172 Rossmoyne Street,-37.758549,145.011451,3,2,house,2,2017-02-23,,,"$1,280,000"
property-townhouse-vic-thornbury-123633190,Thornbury,3071,1/165 Darebin Road,-37.764427,145.013073,2,1,townhouse,1,2017-02-22,,,"$709,000"
property-house-vic-thornbury-124512534,Thornbury,3071,42 Mansfield Street,-37.756969,145.004109,4,2,house,,2017-02-18,,,"$1,478,000"
property-house-vic-thornbury-124512402,Thornbury,3071,126 Hutton Street,-37.754334,144.987618,4,2,house,1,2017-02-18,,,"$1,472,000"
property-house-vic-thornbury-124566170,Thornbury,3071,250 Raleigh Street,-37.760625,145.016538,3,2,house,2,2017-02-18,,,"$1,160,000"
property-house-vic-thornbury-124570434,Thornbury,3071,107 Hutton Street,-37.755289,144.991599,2,1,house,1,2017-02-18,,,"$1,010,000"
property-house-vic-thornbury-124556878,Thornbury,3071,2/58 Dundas Street,-37.753269,145.007359,2,1,house,1,2017-02-13,,,"$670,000"
property-residential land-vic-thornbury-201706834,Thornbury,3071,236 Collins Street,-37.756881,145.023987,,,residential land,,2017-02-03,,,"$1,070,000"
property-townhouse-vic-thornbury-124512538,Thornbury,3071,2/125 Fyffe Street,-37.75379,144.982412,3,1,townhouse,2,2017-01-30,,,"$980,000"
property-apartment-vic-thornbury-124043126,Thornbury,3071,4/21 Martin Street,-37.760747,145.00264,2,1,apartment,1,2017-01-30,,,"$480,000"
property-apartment-vic-thornbury-124051558,Thornbury,3071,10/11 Kemp Street,-37.762434,144.995286,2,1,apartment,1,2017-01-25,,,"$450,000"
property-apartment-vic-thornbury-124069010,Thornbury,3071,40/337 Station Street,-37.763934,145.021416,1,1,apartment,1,2017-01-22,,,"$389,000"
property-house-vic-thornbury-123809930,Thornbury,3071,19 Hobson Street,-37.753626,144.992086,2,1,house,1,2016-12-27,,,"$733,500"
property-apartment-vic-thornbury-123977118,Thornbury,3071,201/679-685 High Street,-37.760191,145.000023,2,2,apartment,1,2016-12-22,,,"$558,000"
property-apartment-vic-thornbury-123594754,Thornbury,3071,184 Dundas Street,-37.754592,145.01968,2,2,apartment,1,2016-12-22,,,"$500,000"
property-apartment-vic-thornbury-124189762,Thornbury,3071,6/37 Collins Street,-37.754785,145.003964,2,1,apartment,1,2016-12-20,,,"$556,000"
property-apartment-vic-thornbury-123665366,Thornbury,3071,5/70 Collins Street,-37.755488,145.007477,1,1,apartment,1,2016-12-17,,,"$401,000"
property-townhouse-vic-thornbury-123758934,Thornbury,3071,4/86 Normanby Avenue,-37.758374,144.991913,2,1,townhouse,1,2016-12-15,,,"$630,000"
property-apartment-vic-thornbury-124196862,Thornbury,3071,9/42 Dundas Street,-37.753077,145.005477,1,1,apartment,1,2016-12-15,,,"$275,000"
property-unitblock-vic-thornbury-124140310,Thornbury,3071,1-8/104 Gooch  Street,-37.758946,145.007607,8,8,unitblock,8,2016-12-10,,,"$2,220,000"
property-house-vic-thornbury-124132990,Thornbury,3071,402 St Georges Road,-37.756654,144.994285,4,1,house,1,2016-12-10,,,"$1,288,000"
property-house-vic-thornbury-124061282,Thornbury,3071,13B Hammond Street,-37.763175,145.010849,3,2,house,2,2016-12-03,,,"$1,450,000"
property-apartment-vic-thornbury-124069566,Thornbury,3071,4/37 Woolton Avenue,-37.761312,144.995928,2,1,apartment,1,2016-12-03,,,"$520,000"
property-apartment-vic-thornbury-124052298,Thornbury,3071,2/6 Kemp Street,-37.761762,144.996097,1,1,apartment,,2016-12-03,,,"$517,500"
property-apartment-vic-thornbury-122811726,Thornbury,3071,2/54 Pender Street,-37.75458,145.009202,1,1,apartment,1,2016-11-30,,,"$365,000"
property-house-vic-thornbury-123944414,Thornbury,3071,129 Clarendon Street,-37.760153,145.008416,3,2,house,3,2016-11-26,,,"$1,370,000"
property-apartment-vic-thornbury-123842102,Thornbury,3071,6/75 Pender Street,-37.754025,145.009802,1,1,apartment,1,2016-11-25,,,"$290,000"
property-apartment-vic-thornbury-123976066,Thornbury,3071,8/77 Pender Street,-37.754052,145.010048,1,1,apartment,1,2016-11-24,,,"$303,500"
property-house-vic-thornbury-123916354,Thornbury,3071,314A  Gillies Street,-37.764133,145.019143,2,1,house,2,2016-11-21,,,"$874,000"
property-apartment-vic-thornbury-123924130,Thornbury,3071,3/57 Pender Street,-37.75377,145.007502,1,1,apartment,1,2016-11-21,,,"$383,000"
property-house-vic-thornbury-123937942,Thornbury,3071,152 Gooch Street,-37.759268,145.010651,3,1,house,1,2016-11-19,,,"$1,427,000"
property-house-vic-thornbury-123927794,Thornbury,3071,36 Rossmoyne Street,-37.757679,145.003229,2,2,house,,2016-11-19,,,"$1,164,000"
property-apartment-vic-thornbury-123937030,Thornbury,3071,8/14 Hutton Street,-37.75568,144.999328,1,1,apartment,1,2016-11-19,,,"$295,000"
property-townhouse-vic-thornbury-123758870,Thornbury,3071,1/86 Normanby Avenue,-37.758374,144.991913,3,2,townhouse,2,2016-11-17,,,"$730,000"
property-townhouse-vic-thornbury-123799686,Thornbury,3071,72 Gooch Street,-37.758656,145.005562,3,2,townhouse,2,2016-11-14,,,"$888,000"
property-house-vic-thornbury-123853422,Thornbury,3071,51 Alston Street,-37.755252,145.021078,3,2,house,2,2016-11-14,,,"$887,000"
property-house-vic-thornbury-123858190,Thornbury,3071,120 Normanby Avenue,-37.758068,144.989261,3,1,house,3,2016-11-12,440,m2,"$1,265,000"
property-unit-vic-thornbury-123874742,Thornbury,3071,5/383 Station Street,-37.759634,145.021719,2,1,unit,1,2016-11-11,,,"$655,000"
property-apartment-vic-thornbury-123864786,Thornbury,3071,2/38 Woolton Avenue,-37.760733,144.995913,2,1,apartment,1,2016-11-11,,,"$422,000"
property-apartment-vic-thornbury-123801750,Thornbury,3071,3/5 Kemp Street,-37.762494,144.995818,1,1,apartment,1,2016-11-07,,,"$325,050"
property-townhouse-vic-thornbury-123789778,Thornbury,3071,4B Newcastle Street,-37.755119,145.010825,3,2,townhouse,1,2016-11-05,,,"$910,000"
property-apartment-vic-thornbury-123810698,Thornbury,3071,2/110 Normanby Avenue,-37.758157,144.990029,2,1,apartment,1,2016-11-05,,,"$491,000"
property-house-vic-thornbury-123697178,Thornbury,3071,24 Swift Street,-37.764419,145.017515,3,2,house,2,2016-11-04,,,"$920,000"
property-house-vic-thornbury-123934382,Thornbury,3071,13A Hammond Street,-37.763175,145.010849,3,2,house,2,2016-10-31,,,"$1,470,000"
property-townhouse-vic-thornbury-123728310,Thornbury,3071,7/3 Watt Street,-37.753728,144.996117,3,1,townhouse,1,2016-10-31,,,"$865,000"
property-townhouse-vic-thornbury-123758886,Thornbury,3071,5/86 Normanby Avenue,-37.758374,144.991913,2,1,townhouse,1,2016-10-31,,,"$625,000"
property-apartment-vic-thornbury-123758922,Thornbury,3071,4/105 Flinders Street,-37.756337,145.01085,1,1,apartment,1,2016-10-29,,,"$324,000"
property-townhouse-vic-thornbury-123676258,Thornbury,3071,111B Darebin Road,-37.76403,145.009444,3,1,townhouse,1,2016-10-24,,,"$845,000"
property-apartment-vic-thornbury-123291838,Thornbury,3071,3/20 Kemp Street,-37.76172,144.994949,1,1,apartment,1,2016-10-24,,,"$300,000"
property-house-vic-thornbury-123703274,Thornbury,3071,11 Archbold Street,-37.75393,145.003638,3,1,house,1,2016-10-22,,,"$1,310,000"
property-apartment-vic-thornbury-123699250,Thornbury,3071,1/20 Alexandra Street,-37.762879,145.007087,2,1,apartment,1,2016-10-22,,,"$627,500"
property-apartment-vic-thornbury-123643250,Thornbury,3071,2/79 Normanby Avenue,-37.758927,144.992156,2,1,apartment,1,2016-10-22,,,"$515,000"
property-apartment-vic-thornbury-123665370,Thornbury,3071,7/17 Kemp Street,-37.762396,144.994936,1,1,apartment,1,2016-10-22,,,"$371,000"
property-apartment-vic-thornbury-123691346,Thornbury,3071,2/130 Rossmoyne Street,-37.758232,145.00845,1,1,apartment,1,2016-10-22,,,"$341,500"
property-apartment-vic-thornbury-123617070,Thornbury,3071,6/31 Clapham Street,-37.754835,144.99775,2,1,apartment,1,2016-10-17,,,"$510,000"
property-house-vic-thornbury-123643106,Thornbury,3071,126 Keon Street,-37.751424,144.9857,3,2,house,2,2016-10-15,,,"$1,265,000"
property-house-vic-thornbury-123636730,Thornbury,3071,28 Bradley Avenue,-37.76083,144.990165,3,1,house,1,2016-10-15,,,"$1,200,000"
property-house-vic-thornbury-123638106,Thornbury,3071,111 Smith Street,-37.756983,144.991359,2,1,house,2,2016-10-15,,,"$1,085,000"
property-unit-vic-thornbury-123560802,Thornbury,3071,9/32 Clarendon Street,-37.760156,145.002755,2,1,unit,1,2016-10-10,,,"$532,000"
property-house-vic-thornbury-123554638,Thornbury,3071,125 Keon Street,-37.75183,144.98449,3,2,house,2,2016-10-09,736,m2,"$1,390,000"
property-house-vic-thornbury-123580518,Thornbury,3071,45 Fenwick Street,-37.761943,145.004781,3,1,house,2,2016-10-08,,,"$1,258,000"
property-house-vic-thornbury-123580154,Thornbury,3071,52 Gooch Street,-37.758585,145.004178,3,1,house,1,2016-10-08,,,"$1,135,000"
property-apartment-vic-thornbury-123642826,Thornbury,3071,3/13-15 Hutton Street,-37.756138,144.999285,1,1,apartment,2,2016-10-06,,,"$395,000"
property-apartment-vic-thornbury-123479706,Thornbury,3071,4/295 Rossmoyne Street,-37.759055,145.020812,1,1,apartment,1,2016-09-29,,,"$359,000"
property-apartment-vic-thornbury-123179886,Thornbury,3071,6/14 Hutton Street,-37.75568,144.999328,1,1,apartment,1,2016-09-28,,,"$300,000"
property-house-vic-thornbury-123296334,Thornbury,3071,2/305 Rossmoyne Street,-37.758957,145.021261,3,1,house,,2016-09-25,,,"$539,000"
property-townhouse-vic-thornbury-123468530,Thornbury,3071,56a Leinster Grove,-37.758796,144.988146,3,2,townhouse,2,2016-09-24,,,"$1,070,000"
property-unit-vic-thornbury-123487842,Thornbury,3071,4/85 St David Street,-37.760962,145.005268,2,1,unit,1,2016-09-24,,,"$486,000"
property-apartment-vic-thornbury-107247118,Thornbury,3071,9/86 Collins Street,-37.755711,145.009494,1,1,apartment,1,2016-09-23,,,"$310,000"
property-apartment-vic-thornbury-123400426,Thornbury,3071,9/30 Kemp Street,-37.761631,144.994179,1,1,apartment,1,2016-09-22,,,"$297,500"
property-unit-vic-thornbury-123399282,Thornbury,3071,4/304 Rossmoyne Street,-37.759668,145.022039,2,1,unit,1,2016-09-19,,,"$646,000"
property-house-vic-thornbury-123420534,Thornbury,3071,55 Comas Grove,-37.75203,144.985123,3,2,house,2,2016-09-17,,,"$1,200,000"
property-house-vic-thornbury-123414042,Thornbury,3071,50 Leinster Grove,-37.760216,144.987884,3,1,house,2,2016-09-17,555,m2,"$1,110,000"
property-house-vic-thornbury-123413874,Thornbury,3071,48 Leinster Grove,-37.760358,144.987856,3,1,house,2,2016-09-17,411,m2,"$920,000"
property-apartment-vic-thornbury-123414962,Thornbury,3071,1/295 Rossmoyne Street,-37.759055,145.020812,2,1,apartment,2,2016-09-17,,,"$560,000"
property-house-vic-thornbury-123660298,Thornbury,3071,109 Rossmoyne Street,-37.757661,145.007638,4,2,house,1,2016-09-16,,,"$1,570,000"
property-apartment-vic-thornbury-123308822,Thornbury,3071,6/112 Ballantyne Street,-37.757297,144.990728,1,1,apartment,1,2016-09-14,,,"$320,000"
property-house-vic-thornbury-123346962,Thornbury,3071,111A Darebin Road,-37.76403,145.009444,3,2,house,2,2016-09-10,,,"$1,010,000"
property-apartment-vic-thornbury-123343042,Thornbury,3071,6/18 Blythe Street,-37.753843,144.999676,1,1,apartment,1,2016-09-08,,,"$296,100"
property-house-vic-thornbury-123420802,Thornbury,3071,11 Clarendon Street,-37.759448,145.001741,3,2,house,1,2016-09-06,,,"$1,400,000"
property-apartment-vic-thornbury-123360182,Thornbury,3071,5/1 Clyde Street,-37.760699,145.005915,2,1,apartment,1,2016-09-02,,,"$505,000"
property-apartment-vic-thornbury-123223054,Thornbury,3071,2/16-18 Kemp Street,-37.761745,144.995166,2,1,apartment,1,2016-08-29,,,"$450,000"
property-house-vic-thornbury-123257962,Thornbury,3071,46 Rennie Street,-37.752822,144.990322,3,2,house,2,2016-08-27,,,"$1,430,000"
property-house-vic-thornbury-123202406,Thornbury,3071,51 Martin Street,-37.760961,145.004512,3,2,house,2,2016-08-20,,,"$1,620,000"
property-house-vic-thornbury-123208466,Thornbury,3071,138 Raleigh Street,-37.759877,145.008827,2,1,house,2,2016-08-20,,,"$1,143,000"
property-house-vic-thornbury-123204642,Thornbury,3071,279 Mansfield Street,-37.758479,145.022621,2,1,house,1,2016-08-20,,,"$900,000"
property-townhouse-vic-thornbury-123153002,Thornbury,3071,15/44 Strettle Street,-37.751691,144.983153,2,1,townhouse,1,2016-08-13,,,"$596,000"
property-townhouse-vic-thornbury-122362886,Thornbury,3071,3/20 Woolton Avenue,-37.760988,144.998113,2,2,townhouse,1,2016-08-11,,,"$750,000"
property-apartment-vic-thornbury-122907930,Thornbury,3071,3/114 Smith Street,-37.75648,144.99135,2,1,apartment,1,2016-08-10,,,"$419,000"
property-apartment-vic-thornbury-123192458,Thornbury,3071,7/67 Pender Street,-37.75392,145.008858,2,1,apartment,1,2016-08-09,,,"$438,000"
property-house-vic-thornbury-123088026,Thornbury,3071,5 Newman Street,-37.756941,144.98784,2,2,house,,2016-08-08,,,"$942,000"
property-apartment-vic-thornbury-123054386,Thornbury,3071,4/74 Dundas Street,-37.753501,145.009397,1,1,apartment,1,2016-08-06,,,"$299,000"
property-house-vic-thornbury-123257070,Thornbury,3071,126 Smith Street,-37.756404,144.990683,3,2,house,1,2016-08-04,,,"$1,380,000"
property-house-vic-thornbury-123061606,Thornbury,3071,31 Newman Street,-37.75693,144.986093,3,2,house,1,2016-08-04,,,"$1,320,000"
property-apartment-vic-thornbury-123043074,Thornbury,3071,17/25 Martin Street,-37.760786,145.002961,2,1,apartment,1,2016-07-30,,,"$452,500"
property-apartment-vic-thornbury-122857214,Thornbury,3071,25/337 Station Street,-37.763934,145.021416,1,1,apartment,2,2016-07-26,,,"$395,000"
property-house-vic-thornbury-123010018,Thornbury,3071,11 Martin Street,-37.760787,145.001622,3,1,house,,2016-07-23,305,m2,"$1,272,000"
property-house-vic-thornbury-123009990,Thornbury,3071,6 Martin Street,-37.761179,145.000919,2,1,house,,2016-07-23,228,m2,"$972,000"
property-house-vic-thornbury-123006858,Thornbury,3071,337 Rossmoyne Street,-37.759407,145.02413,4,2,house,4,2016-07-23,,,"$928,500"
property-townhouse-vic-thornbury-122981238,Thornbury,3071,11/158 Clarendon Street,-37.761141,145.011809,2,2,townhouse,1,2016-07-23,,,"$612,500"
property-house-vic-thornbury-122952550,Thornbury,3071,219 Collins Street,-37.756265,145.023178,3,1,house,1,2016-07-16,,,"$840,000"
property-house-vic-thornbury-122581382,Thornbury,3071,206 Dundas Street,-37.754842,145.02149,5,2,house,6,2016-07-15,,,"$1,030,000"
property-apartment-vic-thornbury-122987490,Thornbury,3071,8/32 Gooch Street,-37.758479,145.003186,1,1,apartment,1,2016-07-14,,,"$295,000"
property-unit-vic-thornbury-122904870,Thornbury,3071,3/128 Normanby Avenue,-37.75785,144.988679,2,1,unit,1,2016-07-09,,,"$600,000"
property-apartment-vic-thornbury-122864286,Thornbury,3071,37/337 Station Street,-37.763934,145.021416,1,1,apartment,1,2016-07-09,,,"$370,000"
property-apartment-vic-thornbury-122898002,Thornbury,3071,7/99 Smith Street,-37.757057,144.991998,1,1,apartment,1,2016-07-09,,,"$320,000"
property-townhouse-vic-thornbury-122907990,Thornbury,3071,4/9 Jones Street,-37.757584,145.022933,2,1,townhouse,1,2016-07-08,,,"$626,000"
property-unit-vic-thornbury-122797066,Thornbury,3071,3/32-34 Clarendon Street,-37.760156,145.002755,2,1,unit,1,2016-06-27,,,"$530,000"
property-apartment-vic-thornbury-121711082,Thornbury,3071,6/187 Mansfield Street,-37.757581,145.014347,1,1,apartment,1,2016-06-27,,,"$260,000"
property-house-vic-thornbury-122347866,Thornbury,3071,63 Newman Street,-37.756552,144.9833,4,2,house,4,2016-06-25,,,"$1,160,000"
property-house-vic-thornbury-122827002,Thornbury,3071,535 St Georges Road,-37.752253,144.994486,2,1,house,1,2016-06-25,229,m2,"$745,000"
property-apartment-vic-thornbury-122818054,Thornbury,3071,5/82 Gooch Street,-37.758819,145.006405,2,1,apartment,1,2016-06-25,,,"$432,500"
property-house-vic-thornbury-122448234,Thornbury,3071,34A Newman Street,-37.756558,144.985981,2,1,house,,2016-06-21,,,"$750,000"
property-house-vic-thornbury-122697566,Thornbury,3071,327 Gillies Street,-37.762983,145.020001,3,2,house,3,2016-06-15,,,"$1,270,000"
property-apartment-vic-thornbury-122755446,Thornbury,3071,6/267 Rossmoyne Street,-37.758747,145.017904,2,1,apartment,1,2016-06-15,,,"$571,750"
property-house-vic-thornbury-122701266,Thornbury,3071,92 Speight Street,-37.763377,145.016866,2,1,house,3,2016-06-11,,,"$970,000"
property-townhouse-vic-thornbury-122374298,Thornbury,3071,2/66 Collins Street,-37.755441,145.007053,3,2,townhouse,1,2016-06-03,,,"$807,500"
property-apartment-vic-thornbury-122527730,Thornbury,3071,8/30 Strettle Street,-37.752572,144.983006,2,1,apartment,1,2016-06-03,,,"$500,000"
property-house-vic-thornbury-122584674,Thornbury,3071,119 Rennie Street,-37.75275,144.984754,3,1,house,3,2016-05-28,705,m2,"$1,210,000"
property-townhouse-vic-thornbury-122562778,Thornbury,3071,76A St David Street,-37.758772,145.005497,2,1,townhouse,1,2016-05-28,,,"$840,000"