URL,Suburb ,Postcode,Address,Latitude,Longitude,Bedroom,Bathroom ,Type ,Car Park space,Last sold date,Land size,Land size unit,Y = Sold price
property-unit-vic-reservoir-150929348,Reservoir,3073,1/25 Cheddar Road,-37.71138665,145.0108136,2,1,unit,1,2026-05-07,250,m2,"$633,000"
property-house-vic-reservoir-150803804,Reservoir,3073,29 Claremont Crescent,-37.695243,144.979402,4,2,house,4,2026-05-02,615,m2,"$1,000,000"
property-house-vic-reservoir-150805848,Reservoir,3073,28 Strathmerton Street,-37.716167,145.019674,3,1,house,2,2026-05-02,611,m2,"$820,000"
property-townhouse-vic-reservoir-150769292,Reservoir,3073,3/35 Whitelaw Street,-37.71405477,145.0153858,3,3,townhouse,2,2026-05-02,160,m2,"$715,000"
property-unit-vic-reservoir-150801444,Reservoir,3073,5/18 George Street,-37.71783575,145.0003534,2,1,unit,1,2026-05-02,,,"$700,000"
property-unit-vic-reservoir-150820508,Reservoir,3073,6/75 Barton Street,-37.71149473,145.0013691,1,1,unit,1,2026-05-02,,,"$540,000"
property-house-vic-reservoir-150971924,Reservoir,3073,13 Mccasker Avenue,-37.703853,145.003986,4,2,house,4,2026-05-01,928,m2,"$2,292,000"
property-unit-vic-reservoir-150774552,Reservoir,3073,2/3 View Street,-37.71960838,144.9921267,2,1,unit,1,2026-04-29,169,m2,"$705,000"
property-unit-vic-reservoir-150835456,Reservoir,3073,3/37-39 George Street,-37.716517,145.000185,2,1,unit,1,2026-04-28,,,"$553,000"
property-house-vic-reservoir-150812904,Reservoir,3073,48 Powell Street,-37.726159,144.999246,3,2,house,2,2026-04-27,,,"$1,573,000"
property-house-vic-reservoir-150833152,Reservoir,3073,5 Pratt Street,-37.710988,145.010215,3,1,house,8,2026-04-27,635,m2,"$1,070,000"
property-townhouse-vic-reservoir-150547404,Reservoir,3073,1B/1 Liston Avenue,-37.697852,145.020037,4,3,townhouse,2,2026-04-27,,,"$1,065,000"
property-house-vic-reservoir-150879368,Reservoir,3073,160 Broadway,-37.717457,145.015476,3,1,house,2,2026-04-27,636,m2,"$950,000"
property-house-vic-reservoir-150801260,Reservoir,3073,22 Merrilands Road,-37.695442,145.007013,3,1,house,2,2026-04-25,888,m2,"$900,500"
property-townhouse-vic-reservoir-150751148,Reservoir,3073,2/3 Mack Street,-37.70348073,145.0129038,3,2,townhouse,2,2026-04-25,,,"$765,000"
property-house-vic-reservoir-150712416,Reservoir,3073,2/8 Loddon Avenue,-37.72319274,145.0268308,3,1,house,2,2026-04-25,299,m2,"$730,000"
property-unit-vic-reservoir-150502544,Reservoir,3073,4/146 St Vigeons Road,-37.70558821,145.0176673,2,1,unit,1,2026-04-25,,,"$590,000"
property-townhouse-vic-reservoir-150817032,Reservoir,3073,4/957 High Street,-37.70957498,145.008259,2,2,townhouse,1,2026-04-23,,,"$560,000"
property-apartment-vic-reservoir-150769780,Reservoir,3073,304/76 Tyler Street,-37.73275397,145.0307221,2,2,apartment,1,2026-04-23,,,"$496,382"
property-unit-vic-reservoir-150613148,Reservoir,3073,6/165 Edwardes Street,-37.71562686,144.9979781,1,1,unit,1,2026-04-23,,,"$385,000"
property-apartment-vic-reservoir-150709088,Reservoir,3073,2/833 High Street,-37.72716233,145.0057124,2,1,apartment,1,2026-04-22,,,"$500,000"
property-unit-vic-reservoir-150547448,Reservoir,3073,3/1A Wilkinson Street,-37.72754663,145.0191632,1,1,unit,1,2026-04-21,,,"$375,000"
property-apartment-vic-reservoir-150405436,Reservoir,3073,8/289 Broadway,-37.71708115,145.0088459,1,1,apartment,,2026-04-20,441,m2,"$300,000"
property-house-vic-reservoir-150689828,Reservoir,3073,12 Crispe Street,-37.728197,144.994528,3,1,house,2,2026-04-18,627,m2,"$1,180,000"
property-house-vic-reservoir-150682008,Reservoir,3073,19 Pershing Street,-37.725492,144.993965,3,1,house,4,2026-04-18,789,m2,"$1,150,000"
property-townhouse-vic-reservoir-150659016,Reservoir,3073,3/107 Barton Street,-37.71115635,144.998162,2,2,townhouse,2,2026-04-18,,,"$785,000"
property-house-vic-reservoir-150682004,Reservoir,3073,34 Andrews Avenue,-37.72984871,145.0332991,2,1,house,1,2026-04-18,220,m2,"$607,000"
property-apartment-vic-reservoir-150742448,Reservoir,3073,3/31 Kenilworth Street,-37.71408547,145.0044183,1,1,apartment,1,2026-04-18,,,"$390,000"
property-house-vic-reservoir-150276536,Reservoir,3073,11 Rathcown Road,-37.710946,145.033482,5,2,house,2,2026-04-17,650,m2,"$1,068,000"
property-townhouse-vic-reservoir-150084512,Reservoir,3073,3/154 Broadway,-37.71752974,145.0159805,3,2,townhouse,2,2026-04-17,,,"$715,000"
property-house-vic-reservoir-150467472,Reservoir,3073,82 Broadhurst Avenue,-37.707676,144.99718,3,1,house,3,2026-04-16,,,"$1,122,500"
property-house-vic-reservoir-150900888,Reservoir,3073,39 Miranda Road,-37.707521,145.022683,3,1,house,2,2026-04-15,892,m2,"$1,120,000"
property-house-vic-reservoir-150619712,Reservoir,3073,26 Lloyd Avenue,-37.698187,145.018009,3,1,house,3,2026-04-15,544,m2,"$790,000"
property-unit-vic-reservoir-150629704,Reservoir,3073,3/10 Acheron Avenue,-37.72373986,145.0170335,1,1,unit,1,2026-04-15,,,"$427,000"
property-house-vic-reservoir-150576088,Reservoir,3073,92 Arundel Avenue,-37.695945,145.013283,2,2,house,4,2026-04-14,652,m2,"$900,000"
property-townhouse-vic-reservoir-150624764,Reservoir,3073,2A Wilkinson Street,-37.72746721,145.0195913,2,1,townhouse,1,2026-04-14,,,"$570,000"
property-apartment-vic-reservoir-150181808,Reservoir,3073,10/853 High Street,-37.72623403,145.0058793,1,1,apartment,1,2026-04-14,,,"$368,000"
property-townhouse-vic-reservoir-150504728,Reservoir,3073,2/75 Barton Street,-37.71149473,145.0013691,2,1,townhouse,1,2026-04-13,121,m2,"$615,000"
property-house-vic-reservoir-150613056,Reservoir,3073,745 Gilbert Road,-37.720265,144.992858,3,1,house,5,2026-04-11,664,m2,"$975,000"
property-house-vic-reservoir-150589060,Reservoir,3073,2 Loddon Avenue,-37.723584,145.02718,3,1,house,2,2026-04-11,758,m2,"$915,500"
property-house-vic-reservoir-150581004,Reservoir,3073,52 Allenby Avenue,-37.701511,145.005513,3,2,house,3,2026-04-11,667,m2,"$910,000"
property-townhouse-vic-reservoir-150614708,Reservoir,3073,3/68 Northernhay Street,-37.72423595,145.0082527,2,1,townhouse,1,2026-04-11,,,"$767,000"
property-unit-vic-reservoir-150693416,Reservoir,3073,2/41A Broadhurst Avenue,-37.70845225,145.0024483,2,1,unit,1,2026-04-11,,,"$668,000"
property-unit-vic-reservoir-150614288,Reservoir,3073,3/81 Rathcown Road,-37.70978329,145.0242379,2,1,unit,1,2026-04-11,198,m2,"$610,000"
property-unit-vic-reservoir-150559124,Reservoir,3073,3/963 High Street,-37.70915031,145.0086498,2,1,unit,1,2026-04-11,,,"$490,000"
property-unit-vic-reservoir-150612936,Reservoir,3073,3/20 O'connor Street,-37.71055278,145.0056534,2,1,unit,1,2026-04-11,,,"$470,000"
property-townhouse-vic-reservoir-150675032,Reservoir,3073,1/37 O'Connor Street,-37.710406,145.0013255,2,1,townhouse,1,2026-04-09,,,"$800,000"
property-unit-vic-reservoir-150365404,Reservoir,3073,8 Reservoir Street,-37.7218137,145.0032991,2,1,unit,1,2026-04-09,,,"$625,000"
property-unit-vic-reservoir-150620876,Reservoir,3073,3/80c Rathcown Road,-37.70947308,145.024104,2,1,unit,2,2026-04-08,,,"$620,000"
property-house-vic-reservoir-150102708,Reservoir,3073,1 Jenkin Street,-37.72194253,144.9879894,2,1,house,1,2026-04-07,327,m2,"$670,000"
property-unit-vic-reservoir-150175432,Reservoir,3073,1/15 Evans Crescent,-37.71490721,145.0206423,3,1,unit,1,2026-04-07,,,"$590,000"
property-house-vic-reservoir-150478708,Reservoir,3073,20 Daventry Street,-37.714141,145.001588,2,1,house,1,2026-04-02,613,m2,"$952,000"
property-villa-vic-reservoir-150569676,Reservoir,3073,1/17 Olive Street,-37.7181415,145.0038199,2,1,villa,1,2026-04-02,,,"$722,000"
property-unit-vic-reservoir-150303444,Reservoir,3073,4/34 Barton Street,-37.71140824,145.0033091,2,1,unit,1,2026-04-02,118,m2,"$530,000"
property-house-vic-reservoir-150553152,Reservoir,3073,73 Burbank Drive,-37.69895,145.027505,3,1,house,4,2026-04-01,585,m2,"$1,027,000"
property-unit-vic-reservoir-150315372,Reservoir,3073,604 Gilbert Road,-37.7258357,144.9923567,3,1,unit,1,2026-04-01,,,"$770,000"
property-townhouse-vic-reservoir-150422988,Reservoir,3073,2/54 Chaleyer Street,-37.72741161,145.0220364,2,1,townhouse,1,2026-04-01,,,"$665,000"
property-house-vic-reservoir-150451628,Reservoir,3073,53 Newton Street,-37.731295,145.022652,5,2,house,3,2026-03-28,508,m2,"$1,050,000"
property-house-vic-reservoir-150485576,Reservoir,3073,1/37 Shand Road,-37.72082752,145.0196812,3,1,house,3,2026-03-28,,,"$809,500"
property-townhouse-vic-reservoir-150473200,Reservoir,3073,1C Mack Street,-37.70373985,145.0127304,3,1,townhouse,2,2026-03-28,,,"$795,000"
property-house-vic-reservoir-149999900,Reservoir,3073,10 Lucas Street,-37.726013,144.99015,4,1,house,1,2026-03-27,,,"$985,000"
property-townhouse-vic-reservoir-150421048,Reservoir,3073,10A Dumbarton Street,-37.70135381,145.0242823,3,2,townhouse,2,2026-03-27,220,m2,"$873,000"
property-residential land-vic-reservoir-204456456,Reservoir,3073,13 Cuthbert Road,-37.717266,145.019111,,,residential land,,2026-03-27,663,m2,"$832,500"
property-townhouse-vic-reservoir-150602852,Reservoir,3073,3/9 Tambo Avenue,-37.72256818,145.0181045,2,2,townhouse,1,2026-03-27,,,"$760,000"
property-townhouse-vic-reservoir-150148228,Reservoir,3073,2/13 Erskine Avenue,-37.72349354,145.0249988,2,2,townhouse,1,2026-03-27,89,m2,"$630,000"
property-house-vic-reservoir-150486552,Reservoir,3073,27 Moira Avenue,-37.69464,144.980008,4,2,house,2,2026-03-26,544,m2,"$960,000"
property-house-vic-reservoir-150486416,Reservoir,3073,68 Dumbarton Street,-37.70214999,145.030841,3,1,house,1,2026-03-26,478,m2,"$752,000"
property-unit-vic-reservoir-150404956,Reservoir,3073,6/32-34 Kelsby Street,-37.7129309,144.9987522,2,1,unit,1,2026-03-26,,,"$600,000"
property-house-vic-reservoir-150500476,Reservoir,3073,25a Moore Crescent,-37.719686,145.000691,5,3,house,2,2026-03-25,324,m2,"$1,509,000"
property-house-vic-reservoir-150244996,Reservoir,3073,5 Joffre Street,-37.730213,145.012492,3,1,house,2,2026-03-25,538,m2,"$1,300,000"
property-townhouse-vic-reservoir-150473140,Reservoir,3073,1/73 Crookston Road,-37.70993514,145.0170091,3,2,townhouse,2,2026-03-25,215,m2,"$870,000"
property-house-vic-reservoir-149375492,Reservoir,3073,87 McFadzean Avenue,-37.703249,144.997049,3,1,house,2,2026-03-24,866,m2,"$1,065,000"
property-townhouse-vic-reservoir-149738012,Reservoir,3073,2/199 Purinuan Road,-37.70761896,145.0121,3,2,townhouse,2,2026-03-24,,,"$740,000"
property-unit-vic-reservoir-150595056,Reservoir,3073,14/47-49 Rathcown Road,-37.71181615,145.0295865,2,1,unit,1,2026-03-24,,,"$541,000"
property-house-vic-reservoir-150472952,Reservoir,3073,16 Dawson Street,-37.700315,144.987748,3,2,house,4,2026-03-23,658,m2,"$1,325,000"
property-house-vic-reservoir-150380872,Reservoir,3073,15 Clinnick Street,-37.72004,144.998741,3,1,house,4,2026-03-21,505,m2,"$1,130,000"
property-house-vic-reservoir-150399296,Reservoir,3073,13 Amery Street,-37.698665,144.988235,3,2,house,4,2026-03-21,558,m2,"$1,115,000"
property-townhouse-vic-reservoir-150188196,Reservoir,3073,4/4 Kelsby Street,-37.71513725,144.9983845,3,2,townhouse,2,2026-03-21,,,"$910,000"
property-townhouse-vic-reservoir-150189320,Reservoir,3073,1/158 Broadway,-37.71748889,145.0156433,4,2,townhouse,2,2026-03-21,,,"$830,000"
property-house-vic-reservoir-150471028,Reservoir,3073,51A Drysdale Street,-37.72943381,145.0206439,3,2,house,2,2026-03-21,,,"$775,000"
property-house-vic-reservoir-149186228,Reservoir,3073,13 Anstey Avenue,-37.692513,144.976811,3,1,house,3,2026-03-21,530,m2,"$732,000"
property-townhouse-vic-reservoir-150399660,Reservoir,3073,2/39 Purinuan Road,-37.70956137,145.0308175,2,1,townhouse,1,2026-03-21,,,"$580,000"
property-unit-vic-reservoir-150399572,Reservoir,3073,3/34 Barton Street,-37.71140824,145.0033091,1,1,unit,1,2026-03-21,,,"$415,000"
property-townhouse-vic-reservoir-150478692,Reservoir,3073,4/84-86 Pine Street,-37.71666659,144.998603,3,1,townhouse,2,2026-03-20,,,"$800,000"
property-unit-vic-reservoir-150164488,Reservoir,3073,2/23 Southernhay Street,-37.72572049,145.011921,2,1,unit,1,2026-03-20,,,"$676,000"
property-townhouse-vic-reservoir-150553452,Reservoir,3073,3/39 Fordham Road,-37.71413604,145.019633,2,1,townhouse,1,2026-03-20,,,"$660,000"
property-unit-vic-reservoir-150189648,Reservoir,3073,1/945 High Street,-37.7107019,145.0083799,2,1,unit,1,2026-03-20,,,"$410,000"
property-unit-vic-reservoir-150402940,Reservoir,3073,1/18 Winter Crescent,-37.71920448,145.02818,2,1,unit,1,2026-03-19,312,m2,"$735,000"
property-house-vic-reservoir-150327504,Reservoir,3073,10 Tivey Street,-37.706073,145.002009,4,2,house,2,2026-03-18,769,m2,"$1,670,000"
property-house-vic-reservoir-150472884,Reservoir,3073,10 Verdun Grove,-37.727984,145.001625,2,1,house,2,2026-03-18,,,"$1,162,000"
property-townhouse-vic-reservoir-150380864,Reservoir,3073,2/15 Daventry Street,-37.714205,145.001144,2,2,townhouse,1,2026-03-18,,,"$805,000"
property-unit-vic-reservoir-150337008,Reservoir,3073,5/13 Fyfe Street,-37.705773,145.011892,2,1,unit,1,2026-03-18,,,"$611,888"
property-house-vic-reservoir-150418112,Reservoir,3073,33 Charlton Crescent,-37.71847,145.023685,3,2,house,2,2026-03-17,590,m2,"$948,000"
property-house-vic-reservoir-150401364,Reservoir,3073,47 Lane Crescent,-37.713431,145.018794,3,1,house,5,2026-03-17,636,m2,"$840,000"
property-unit-vic-reservoir-150489000,Reservoir,3073,2/10 Acheron Avenue,-37.72373986,145.0170335,2,1,unit,1,2026-03-17,109,m2,"$601,000"
property-townhouse-vic-reservoir-149991008,Reservoir,3073,1/11 Elsey Road,-37.70552565,145.0137967,3,2,townhouse,2,2026-03-16,187,m2,"$745,000"
property-unit-vic-reservoir-150518832,Reservoir,3073,5/58 Miranda Road,-37.70700767,145.0208621,2,1,unit,1,2026-03-15,,,"$570,000"
property-house-vic-reservoir-150345500,Reservoir,3073,27 Marchant Avenue,-37.714821,145.012529,3,2,house,4,2026-03-14,650,m2,"$1,220,000"
property-house-vic-reservoir-150265668,Reservoir,3073,27 Broadhurst Avenue,-37.708709,145.005478,3,1,house,5,2026-03-14,836,m2,"$1,002,000"
property-house-vic-reservoir-150330628,Reservoir,3073,45 Frankston Street,-37.724709,144.997696,2,1,house,2,2026-03-14,309,m2,"$975,000"
property-house-vic-reservoir-150336580,Reservoir,3073,47 Kelsby Street,-37.712249,144.998463,2,1,house,1,2026-03-14,498,m2,"$883,000"
property-house-vic-reservoir-150348004,Reservoir,3073,17 Colthur Street,-37.70957,144.990368,3,1,house,2,2026-03-14,418,m2,"$818,000"
property-house-vic-reservoir-150339168,Reservoir,3073,35 Erskine Avenue,-37.72211,145.02419,2,1,house,1,2026-03-14,656,m2,"$813,000"
property-house-vic-reservoir-150257260,Reservoir,3073,32 Cheddar Road,-37.711741,145.011579,2,1,house,2,2026-03-14,585,m2,"$775,000"
property-townhouse-vic-reservoir-150304388,Reservoir,3073,10/10 Crevelli Street,-37.73196557,145.0298152,3,2,townhouse,2,2026-03-14,,,"$725,000"
property-unit-vic-reservoir-150228492,Reservoir,3073,1/11 Erskine Avenue,-37.72351912,145.0251691,2,1,unit,2,2026-03-14,279,m2,"$696,000"
property-unit-vic-reservoir-150332400,Reservoir,3073,3/43 Byfield Street,-37.71322544,145.0040292,2,1,unit,1,2026-03-14,,,"$651,000"
property-house-vic-reservoir-150244488,Reservoir,3073,203 Spring Street,-37.721493,145.002571,3,1,house,2,2026-03-14,579,m2,"$650,000"
property-unit-vic-reservoir-150333724,Reservoir,3073,4/165 Broadhurst Avenue,-37.70726065,144.9888327,2,1,unit,2,2026-03-14,,,"$627,000"
property-unit-vic-reservoir-150340060,Reservoir,3073,2/52 Miranda Road,-37.70709661,145.0215694,2,1,unit,1,2026-03-14,,,"$590,000"
property-house-vic-reservoir-146109304,Reservoir,3073,26 Spratling Street,-37.716421,144.995242,3,1,house,2,2026-03-13,892,m2,"$1,390,000"
property-house-vic-reservoir-150409200,Reservoir,3073,74 Strathmerton Street,-37.71259471,145.0163473,3,2,house,2,2026-03-13,284,m2,"$880,000"
property-townhouse-vic-reservoir-150406104,Reservoir,3073,2/173A Spring Street,-37.72345528,145.001182,2,1,townhouse,1,2026-03-13,,,"$783,000"
property-townhouse-vic-reservoir-150037304,Reservoir,3073,3 Elinda Place,-37.696795,145.022543,3,2,townhouse,2,2026-03-13,,,"$690,000"
property-unit-vic-reservoir-149673340,Reservoir,3073,2/22 Dumbarton Street,-37.701487,145.025588,2,1,unit,6,2026-03-13,388,m2,"$670,000"
property-house-vic-reservoir-150406964,Reservoir,3073,1/90 Purinuan Road,-37.70827385,145.0228137,3,1,house,2,2026-03-12,,,"$860,000"
property-unit-vic-reservoir-150252580,Reservoir,3073,4/1067 High Street,-37.69823113,145.0106278,2,1,unit,1,2026-03-10,83,m2,"$450,000"
property-house-vic-reservoir-150244980,Reservoir,3073,25 Locksley Avenue,-37.722974,144.994249,3,1,house,3,2026-03-07,555,m2,"$1,162,000"
property-house-vic-reservoir-150242556,Reservoir,3073,27 Newton Street,-37.731726,145.02634,3,1,house,2,2026-03-07,612,m2,"$862,000"
property-house-vic-reservoir-150254732,Reservoir,3073,14 Clements Grove,-37.714059,145.023462,3,1,house,2,2026-03-07,697,m2,"$846,000"
property-unit-vic-reservoir-150248844,Reservoir,3073,2/21 Dumbarton Street,-37.70181936,145.0257717,3,1,unit,1,2026-03-07,371,m2,"$800,000"
property-townhouse-vic-reservoir-150100096,Reservoir,3073,3/17-19 Barwon Avenue,-37.723491,145.023779,2,1,townhouse,1,2026-03-06,,,"$678,000"
property-townhouse-vic-reservoir-150333684,Reservoir,3073,3/62 Cheddar Road,-37.707844,145.014576,3,2,townhouse,1,2026-03-05,,,"$800,000"
property-townhouse-vic-reservoir-149914000,Reservoir,3073,7/32 Lane Crescent,-37.71489594,145.0171027,2,1,townhouse,1,2026-03-05,,,"$600,000"
property-townhouse-vic-reservoir-150254204,Reservoir,3073,5/3 Barry Street,-37.70992602,145.0069971,2,1,townhouse,1,2026-03-05,,,"$585,000"
property-townhouse-vic-reservoir-150056260,Reservoir,3073,2/50 Chaleyer Street,-37.72747846,145.0226028,2,1,townhouse,1,2026-03-04,,,"$690,000"
property-house-vic-reservoir-150214448,Reservoir,3073,5A Bonview Street,-37.71876837,144.9902447,4,3,house,2,2026-03-03,,,"$1,420,000"
property-house-vic-reservoir-150285584,Reservoir,3073,773 Plenty Road,-37.726843,145.020524,2,1,house,4,2026-03-03,706,m2,"$987,500"
property-house-vic-reservoir-149999896,Reservoir,3073,1/6 Aberdeen Street,-37.7034477,145.0186282,3,1,house,2,2026-03-03,392,m2,"$715,000"
property-unit-vic-reservoir-149248204,Reservoir,3073,5/13 Elsey Road,-37.70537006,145.013551,1,1,unit,1,2026-03-02,,,"$430,000"
property-house-vic-reservoir-150205692,Reservoir,3073,9 Mack Street,-37.70202,145.013869,4,1,house,2,2026-02-28,774,m2,"$1,465,000"
property-house-vic-reservoir-150179128,Reservoir,3073,56 Tambo Avenue,-37.719545,145.019028,3,1,house,7,2026-02-28,637,m2,"$1,325,000"
property-house-vic-reservoir-150156872,Reservoir,3073,42 Drysdale Street,-37.729087,145.02051,4,2,house,2,2026-02-28,748,m2,"$1,317,000"
property-house-vic-reservoir-150133956,Reservoir,3073,8 Bray Street,-37.699446,144.988555,4,2,house,4,2026-02-28,766,m2,"$1,220,000"
property-house-vic-reservoir-150208376,Reservoir,3073,35 Elliot Street,-37.706126,144.997709,3,1,house,4,2026-02-28,502,m2,"$930,000"
property-house-vic-reservoir-150190592,Reservoir,3073,20 Suffolk Street,-37.7072077,145.0115205,4,2,house,2,2026-02-28,282,m2,"$908,000"
property-house-vic-reservoir-150194024,Reservoir,3073,42 Moira Avenue,-37.69638,144.981084,3,1,house,2,2026-02-28,534,m2,"$887,000"
property-house-vic-reservoir-150179760,Reservoir,3073,157 Spring Street,-37.724735,145.001338,2,1,house,2,2026-02-28,,,"$875,000"
property-house-vic-reservoir-150179560,Reservoir,3073,159 Henty Street,-37.717949,144.989166,3,1,house,3,2026-02-28,558,m2,"$833,000"
property-unit-vic-reservoir-150277848,Reservoir,3073,3/63 Kinsale Street,-37.71942935,144.9954495,1,1,unit,1,2026-02-27,106,m2,"$478,750"
property-house-vic-reservoir-150122764,Reservoir,3073,10 Wattlebird Crescent,-37.69362511,144.984943,6,4,house,4,2026-02-26,557,m2,"$1,500,000"
property-house-vic-reservoir-150174580,Reservoir,3073,40 Mason Street,-37.728008,145.007309,3,1,house,3,2026-02-26,763,m2,"$1,350,000"
property-house-vic-reservoir-150104572,Reservoir,3073,102 Massey Avenue,-37.69691525,144.990967,3,2,house,2,2026-02-26,571,m2,"$987,500"
property-house-vic-reservoir-150244972,Reservoir,3073,11 Tunaley Parade,-37.697099,145.024559,3,1,house,3,2026-02-26,586,m2,"$940,000"
property-house-vic-reservoir-150174588,Reservoir,3073,16 Nisbett Street,-37.727894,145.03376,3,1,house,4,2026-02-26,581,m2,"$780,000"
property-townhouse-vic-reservoir-150179360,Reservoir,3073,2/44 Storey Road,-37.723299,145.011826,3,2,townhouse,2,2026-02-25,182,m2,"$860,000"
property-unit-vic-reservoir-150113616,Reservoir,3073,2/24 Best Street,-37.71321629,144.9973453,2,1,unit,2,2026-02-25,,,"$695,000"
property-house-vic-reservoir-150086528,Reservoir,3073,7 Barwon Avenue,-37.724101,145.024148,4,3,house,3,2026-02-23,708,m2,"$1,530,000"
property-house-vic-reservoir-149653136,Reservoir,3073,23 Lloyd Avenue,-37.698159,145.015276,3,1,house,4,2026-02-23,564,m2,"$950,000"
property-house-vic-reservoir-150103124,Reservoir,3073,60 Winter Crescent,-37.716982,145.02579,3,1,house,2,2026-02-23,586,m2,"$880,000"
property-townhouse-vic-reservoir-150192436,Reservoir,3073,3/4 Mccrae Street,-37.70661048,145.0107996,3,3,townhouse,2,2026-02-23,,,"$790,000"
property-townhouse-vic-reservoir-150004988,Reservoir,3073,3/853 High Street,-37.72623403,145.0058793,2,2,townhouse,1,2026-02-23,,,"$713,000"
property-apartment-vic-reservoir-150185452,Reservoir,3073,6/767 High Street,-37.72919825,145.0053345,2,1,apartment,1,2026-02-23,,,"$545,000"
property-unit-vic-reservoir-150178972,Reservoir,3073,1/30 Ashley Street,-37.71713453,145.0024269,2,1,unit,1,2026-02-23,91,m2,"$502,355"
property-house-vic-reservoir-150102720,Reservoir,3073,39 Gellibrand Crescent,-37.705442,145.004125,3,1,house,2,2026-02-21,916,m2,"$1,220,000"
property-house-vic-reservoir-150128404,Reservoir,3073,3 Best Street,-37.714518,144.996734,4,1,house,2,2026-02-21,624,m2,"$1,177,000"
property-house-vic-reservoir-150114016,Reservoir,3073,15 Grimwade Street,-37.703167,145.004957,3,2,house,2,2026-02-21,891,m2,"$1,170,000"
property-house-vic-reservoir-150136284,Reservoir,3073,12 Verdun Grove,-37.727964,145.0015,2,1,house,3,2026-02-21,,,"$1,060,000"
property-house-vic-reservoir-150136412,Reservoir,3073,9 Faye Street,-37.726528,145.027011,3,2,house,2,2026-02-21,,,"$920,000"
property-house-vic-reservoir-150119204,Reservoir,3073,2 Lawley Street,-37.706924,144.992152,2,1,house,3,2026-02-21,,,"$755,000"
property-unit-vic-reservoir-150113248,Reservoir,3073,2/121 Broadhurst Avenue,-37.7076669,144.9934257,2,1,unit,1,2026-02-21,,,"$710,000"
property-house-vic-reservoir-150099180,Reservoir,3073,60 Seston Street,-37.728275,145.034708,3,1,house,2,2026-02-21,329,m2,"$640,000"
property-unit-vic-reservoir-150113484,Reservoir,3073,4/75 Barton Street,-37.71149473,145.0013691,1,1,unit,1,2026-02-21,,,"$450,000"
property-house-vic-reservoir-149632504,Reservoir,3073,31A Locksley Avenue,-37.722912,144.993785,4,3,house,2,2026-02-20,280,m2,"$1,400,000"
property-unit-vic-reservoir-150100920,Reservoir,3073,1A Wattlebrae Street,-37.719234,144.989119,1,1,unit,1,2026-02-19,,,"$486,000"
property-townhouse-vic-reservoir-150134024,Reservoir,3073,1/13 McCrae Street,-37.70523348,145.0102049,2,1,townhouse,1,2026-02-18,190,m2,"$770,000"
property-unit-vic-reservoir-150058012,Reservoir,3073,4/66 Dundee Street,-37.70266923,145.0249278,2,1,unit,1,2026-02-18,,,"$445,000"
property-unit-vic-reservoir-149669004,Reservoir,3073,2/10 Dorrington Avenue,-37.7267195,145.0258468,2,1,unit,2,2026-02-17,240,m2,"$645,000"
property-townhouse-vic-reservoir-150188940,Reservoir,3073,1/83-85 Howard Street,-37.71910791,145.0088772,2,1,townhouse,1,2026-02-16,,,"$738,000"
property-house-vic-reservoir-149920528,Reservoir,3073,43 Seston Street,-37.72923413,145.034169,4,2,house,2,2026-02-14,,,"$870,000"
property-townhouse-vic-reservoir-150113256,Reservoir,3073,1/148 Boldrewood Parade,-37.71213058,145.0229625,3,2,townhouse,2,2026-02-14,248,m2,"$840,000"
property-townhouse-vic-reservoir-149920776,Reservoir,3073,3/146 North Road,-37.72208732,145.0125527,2,2,townhouse,2,2026-02-14,,,"$810,000"
property-unit-vic-reservoir-150048888,Reservoir,3073,3/13 Nisbett Street,-37.72833412,145.0351972,2,1,unit,1,2026-02-14,,,"$595,000"
property-unit-vic-reservoir-150025236,Reservoir,3073,1/17 Dundee Street,-37.70346674,145.0199192,1,1,unit,1,2026-02-13,,,"$445,000"
property-unit-vic-reservoir-149713588,Reservoir,3073,3/5 Smith Street,-37.70298618,145.0116185,3,1,unit,1,2026-02-12,,,"$630,000"
property-house-vic-reservoir-149416788,Reservoir,3073,44A Crispe Street,-37.72576385,144.9949482,4,3,house,2,2026-02-10,,,"$1,468,000"
property-house-vic-reservoir-150190836,Reservoir,3073,64 Strathmerton Street,-37.71332484,145.0170159,3,2,house,2,2026-02-10,,,"$900,000"
property-townhouse-vic-reservoir-149994216,Reservoir,3073,2/1 Maritana Avenue,-37.72945479,144.9972639,3,2,townhouse,2,2026-02-07,173,m2,"$1,078,000"
property-townhouse-vic-reservoir-149935252,Reservoir,3073,3/7 Odowd Street,-37.71887753,145.0157084,2,2,townhouse,2,2026-02-07,144,m2,"$850,000"
property-house-vic-reservoir-149942724,Reservoir,3073,125 Darebin Boulevard,-37.702484,145.032935,3,1,house,3,2026-02-07,976,m2,"$845,000"
property-house-vic-reservoir-150003744,Reservoir,3073,59 Mahoneys Road,-37.69391,144.999569,3,1,house,2,2026-02-07,828,m2,"$838,000"
property-townhouse-vic-reservoir-149766860,Reservoir,3073,2/62 Cheddar Road,-37.707844,145.014576,3,2,townhouse,2,2026-02-07,,,"$800,000"
property-unit-vic-reservoir-149966120,Reservoir,3073,1/32 O'Connor Street,-37.7104169,145.004534,2,1,unit,1,2026-02-07,134,m2,"$650,000"
property-townhouse-vic-reservoir-149934436,Reservoir,3073,4/146-148 Hickford Street,-37.70181983,145.0130169,2,1,townhouse,1,2026-02-07,,,"$590,000"
property-house-vic-reservoir-150102684,Reservoir,3073,7 Gloucester Street,-37.722141,144.996154,2,1,house,1,2026-02-06,632,m2,"$1,000,000"
property-unit-vic-reservoir-149996572,Reservoir,3073,3/4 Faye Street,-37.72758065,145.0271822,2,1,unit,1,2026-02-05,,,"$725,000"
property-townhouse-vic-reservoir-150063828,Reservoir,3073,2/2 Cool Street,-37.7261039,144.986977,2,1,townhouse,1,2026-02-04,,,"$826,000"
property-townhouse-vic-reservoir-150055008,Reservoir,3073,2/26 York Street,-37.7273067,144.989064,2,2,townhouse,1,2026-02-04,,,"$790,000"
property-house-vic-reservoir-148666596,Reservoir,3073,130 Hughes Parade,-37.697135,144.993086,4,3,house,4,2026-02-03,533,m2,"$1,180,000"
property-unit-vic-reservoir-150009496,Reservoir,3073,2/61 Barton Street,-37.71189381,145.0023605,3,2,unit,1,2026-02-03,303,m2,"$875,000"
property-house-vic-reservoir-149668996,Reservoir,3073,16 Frankston Street,-37.724637,144.999854,2,1,house,2,2026-02-03,311,m2,"$810,000"
property-townhouse-vic-reservoir-149968860,Reservoir,3073,4/24 Leamington Street,-37.71272222,145.0057409,2,1,townhouse,1,2026-02-01,,,"$730,000"
property-house-vic-reservoir-149910644,Reservoir,3073,54 Acheron Avenue,-37.719551,145.017791,4,2,house,4,2026-01-31,682,m2,"$1,060,000"
property-house-vic-reservoir-149942916,Reservoir,3073,18 Gisborne Crescent,-37.719834,145.02391,3,1,house,3,2026-01-31,601,m2,"$908,000"
property-house-vic-reservoir-149951852,Reservoir,3073,2C Thrower Street,-37.7116301,144.9888912,3,2,house,2,2026-01-31,,,"$836,000"
property-unit-vic-reservoir-149942908,Reservoir,3073,3/3 Gladstone Street,-37.71180103,145.0095023,2,1,unit,2,2026-01-31,871,m2,"$633,500"
property-unit-vic-reservoir-149951832,Reservoir,3073,2/42 Harbury Street,-37.71248546,145.0003102,2,1,unit,1,2026-01-31,67,m2,"$455,000"
property-unit-vic-reservoir-149935648,Reservoir,3073,1/78 Strathmerton Street,-37.7124047,145.0161666,2,1,unit,1,2026-01-29,239,m2,"$580,000"
property-townhouse-vic-reservoir-149921580,Reservoir,3073,1/2 White Street,-37.70971401,145.0114194,3,1,townhouse,2,2026-01-28,,,"$707,000"
property-townhouse-vic-reservoir-149684136,Reservoir,3073,3/6 Horton Street,-37.72306463,144.9875157,3,2,townhouse,2,2026-01-26,,,"$885,000"
property-townhouse-vic-reservoir-149659404,Reservoir,3073,2 Pickett Street,-37.70173035,145.0165694,3,1,townhouse,2,2026-01-24,,,"$720,000"
property-house-vic-reservoir-149802544,Reservoir,3073,25A Dwyer Avenue,-37.72395774,144.9888224,4,3,house,2,2026-01-23,,,"$1,400,000"
property-house-vic-reservoir-149553000,Reservoir,3073,8 Marchant Avenue,-37.715699,145.011666,4,3,house,2,2026-01-21,650,m2,"$1,380,000"
property-house-vic-reservoir-148412780,Reservoir,3073,1055 High Street,-37.699501,145.010409,3,1,house,4,2026-01-21,955,m2,"$965,000"
property-unit-vic-reservoir-149683976,Reservoir,3073,1/215 Spring Street,-37.72067687,145.0034743,2,1,unit,1,2026-01-21,320,m2,"$630,000"
property-unit-vic-reservoir-149611124,Reservoir,3073,2/110 North Road,-37.72264548,145.0153113,2,1,unit,1,2026-01-21,697,m2,"$455,000"
property-house-vic-reservoir-149881432,Reservoir,3073,51 Blake Street,-37.732068,145.036033,3,1,house,2,2026-01-20,,,"$835,600"
property-unit-vic-reservoir-149789588,Reservoir,3073,2/215 Spring Street,-37.72067687,145.0034743,3,1,unit,2,2026-01-20,,,"$600,000"
property-townhouse-vic-reservoir-143532864,Reservoir,3073,3/121 Cheddar Road,-37.7028757,145.0172002,2,1,townhouse,1,2026-01-19,,,"$585,000"
property-house-vic-reservoir-149780548,Reservoir,3073,39 Frankston Street,-37.724752,144.998138,3,1,house,2,2026-01-16,472,m2,"$930,000"
property-unit-vic-reservoir-149720024,Reservoir,3073,3/943 High Street,-37.7108502,145.0083554,2,1,unit,1,2026-01-16,,,"$600,000"
property-house-vic-reservoir-149597648,Reservoir,3073,49 Lawley Street,-37.702015,144.990742,3,2,house,5,2026-01-08,,,"$1,050,000"
property-house-vic-reservoir-149677144,Reservoir,3073,1093 High Street,-37.695717,145.010487,4,2,house,1,2026-01-05,575,m2,"$825,000"
property-townhouse-vic-reservoir-149704088,Reservoir,3073,2/746 High Street,-37.72656246,145.0062904,2,1,townhouse,1,2026-01-03,,,"$680,000"
property-house-vic-reservoir-149151092,Reservoir,3073,19 Keon Parade,-37.696064,145.019835,3,1,house,4,2025-12-31,575,m2,"$756,000"
property-unit-vic-reservoir-149842616,Reservoir,3073,1/29-31 Kenilworth Street,-37.71408547,145.0044183,1,1,unit,1,2025-12-30,,,"$390,000"
property-house-vic-reservoir-149251600,Reservoir,3073,1/64 Seston Street,-37.72781187,145.034795,2,2,house,1,2025-12-24,266,m2,"$600,000"
property-other-vic-reservoir-145738008,Reservoir,3073,218 Broadway,-37.716958,145.011485,4,2,other,4,2025-12-23,,,"$742,000"
property-townhouse-vic-reservoir-149600352,Reservoir,3073,2/3 Loddon Avenue,-37.72372915,145.0266231,3,2,townhouse,1,2025-12-23,784,m2,"$718,000"
property-house-vic-reservoir-149677136,Reservoir,3073,4 Lloyd Avenue,-37.698388,145.019739,3,1,house,2,2025-12-22,,,"$930,000"
property-house-vic-reservoir-149685480,Reservoir,3073,22 Liston Avenue,-37.69743549,145.018986,2,1,house,1,2025-12-22,,,"$775,000"
property-house-vic-reservoir-149867840,Reservoir,3073,2/7 St Vigeons Road,-37.7075698,145.0315758,3,2,house,2,2025-12-21,251,m2,"$675,000"
property-house-vic-reservoir-149517384,Reservoir,3073,71 Powell Street,-37.726172,144.996806,5,3,house,3,2025-12-20,592,m2,"$1,225,000"
property-residential land-vic-reservoir-204310684,Reservoir,3073,47 Fordham Road,-37.713883,145.021005,,,residential land,,2025-12-20,802,m2,"$1,020,000"
property-house-vic-reservoir-147493392,Reservoir,3073,8 Moore Crescent,-37.720774,145.002125,3,2,house,4,2025-12-20,488,m2,"$950,000"
property-house-vic-reservoir-149668936,Reservoir,3073,109 St Vigeons Road,-37.706076,145.019262,3,1,house,3,2025-12-19,747,m2,"$880,000"
property-house-vic-reservoir-148364288,Reservoir,3073,6 Kyneton Avenue,-37.71831,145.024904,3,1,house,1,2025-12-19,594,m2,"$847,500"
property-townhouse-vic-reservoir-149607096,Reservoir,3073,3/785 Plenty Road,-37.72630288,145.0212894,2,1,townhouse,1,2025-12-19,,,"$590,000"
property-unit-vic-reservoir-149467940,Reservoir,3073,8/544 Gilbert Road,-37.728324,144.991926,1,1,unit,1,2025-12-19,622,m2,"$387,000"
property-unit-vic-reservoir-149719148,Reservoir,3073,4/70 Purinuan Road,-37.70858045,145.0255303,1,1,unit,1,2025-12-19,66,m2,"$341,000"
property-house-vic-reservoir-149803320,Reservoir,3073,78 Miranda Road,-37.706755,145.018926,4,1,house,2,2025-12-18,743,m2,"$950,000"
property-unit-vic-reservoir-149607292,Reservoir,3073,2/95 Cuthbert Road,-37.71637067,145.0116686,2,1,unit,1,2025-12-18,,,"$720,000"
property-house-vic-reservoir-149450204,Reservoir,3073,8 Taylor Avenue,-37.721959,144.999234,3,1,house,5,2025-12-17,547,m2,"$1,241,000"
property-house-vic-reservoir-148866764,Reservoir,3073,75 Rathcown Road,-37.71002,145.026043,3,2,house,4,2025-12-17,586,m2,"$1,150,000"
property-house-vic-reservoir-149708388,Reservoir,3073,6 Mais Street,-37.708184,145.027804,4,1,house,1,2025-12-17,743,m2,"$905,000"
property-townhouse-vic-reservoir-149669152,Reservoir,3073,3/165 Rathcown Road,-37.708675,145.015189,2,2,townhouse,1,2025-12-17,,,"$635,000"
property-house-vic-reservoir-149642500,Reservoir,3073,Address available on request,,,2,1,house,1,2025-12-17,,,"$470,000"
property-townhouse-vic-reservoir-149812976,Reservoir,3073,1/64 Hickford Street,-37.7053027,145.0241577,2,1,townhouse,1,2025-12-16,234,m2,"$650,000"
property-townhouse-vic-reservoir-149385448,Reservoir,3073,1A Macartney Street,-37.71440529,145.0086411,3,2,townhouse,2,2025-12-15,,,"$790,000"
property-house-vic-reservoir-149653148,Reservoir,3073,57 Dredge Street,-37.69621,144.993303,4,2,house,8,2025-12-13,855,m2,"$1,500,000"
property-house-vic-reservoir-149677224,Reservoir,3073,13 McColl Street,-37.7294343,145.0190425,3,1,house,4,2025-12-13,,,"$1,164,000"
property-house-vic-reservoir-149668984,Reservoir,3073,19 Keely Street,-37.697612,144.999991,3,2,house,5,2025-12-13,818,m2,"$1,022,500"
property-house-vic-reservoir-149680444,Reservoir,3073,87 Cheddar Road,-37.706533,145.014327,3,1,house,2,2025-12-13,568,m2,"$811,000"
property-townhouse-vic-reservoir-149669064,Reservoir,3073,12/47-53 Edwardes Street,-37.71622843,145.003646,3,2,townhouse,1,2025-12-13,144,m2,"$755,000"
property-unit-vic-reservoir-149668968,Reservoir,3073,4/51 St Vigeons Road,-37.70684838,145.0256476,3,1,unit,1,2025-12-13,,,"$632,000"
property-townhouse-vic-reservoir-149065028,Reservoir,3073,13/957-961 High Street,-37.709635,145.00855,2,2,townhouse,1,2025-12-13,,,"$550,000"
property-unit-vic-reservoir-149673492,Reservoir,3073,2/43 Byfield Street,-37.71322544,145.0040292,1,1,unit,1,2025-12-13,608,m2,"$446,000"
property-house-vic-reservoir-149700428,Reservoir,3073,37 Home Street,-37.725923,145.019947,3,1,house,4,2025-12-12,744,m2,"$1,155,000"
property-house-vic-reservoir-149689640,Reservoir,3073,77 Cheddar Road,-37.707165,145.013856,3,1,house,1,2025-12-12,640,m2,"$870,000"
property-house-vic-reservoir-149598640,Reservoir,3073,32 Andrews Avenue,-37.72986894,145.0334603,4,2,house,2,2025-12-12,399,m2,"$850,000"
property-house-vic-reservoir-149782784,Reservoir,3073,36 Cheddar Road,-37.7111932,145.0119187,3,1,house,4,2025-12-12,,,"$770,000"
property-townhouse-vic-reservoir-149365848,Reservoir,3073,2/8 Evans Crescent,-37.715362,145.020036,3,2,townhouse,2,2025-12-12,,,"$710,000"
property-townhouse-vic-reservoir-143214292,Reservoir,3073,6/224 Spring Street,-37.71983952,145.0048997,2,1,townhouse,1,2025-12-11,,,"$592,000"
property-townhouse-vic-reservoir-149765708,Reservoir,3073,3/81 Arundel Avenue,-37.69630637,145.0139811,2,1,townhouse,1,2025-12-11,114,m2,"$585,000"
property-house-vic-reservoir-149673532,Reservoir,3073,70 Queen Street,-37.726979,145.007767,3,2,house,2,2025-12-10,486,m2,"$1,413,000"
property-unit-vic-reservoir-149520428,Reservoir,3073,6/27 Lake Street,-37.7170524,144.9897248,2,1,unit,1,2025-12-10,146,m2,"$518,500"
property-house-vic-reservoir-149237396,Reservoir,3073,5 Kelverne Street,-37.7148,144.982626,3,1,house,3,2025-12-09,492,m2,"$882,500"
property-apartment-vic-reservoir-149663040,Reservoir,3073,8/755 Plenty Road,-37.72774522,145.0191686,3,2,apartment,1,2025-12-09,,,"$545,000"
property-house-vic-reservoir-149735384,Reservoir,3073,14 Hillcroft Street,-37.719225,144.988972,3,1,house,2,2025-12-08,554,m2,"$950,000"
property-unit-vic-reservoir-149648216,Reservoir,3073,5/66 Pine Street,-37.717979,144.998381,2,1,unit,1,2025-12-08,,,"$710,000"
property-house-vic-reservoir-149617224,Reservoir,3073,10 Locksley Avenue,-37.723185,144.998713,4,2,house,3,2025-12-06,516,m2,"$1,470,000"
property-house-vic-reservoir-149626024,Reservoir,3073,17 Ameily Crescent,-37.70963,144.994427,3,2,house,2,2025-12-06,,,"$1,070,000"
property-house-vic-reservoir-149643188,Reservoir,3073,6 Butters Street,-37.725436,145.000162,3,1,house,2,2025-12-06,,,"$1,050,000"
property-house-vic-reservoir-149581928,Reservoir,3073,90 Broadhurst Avenue,-37.7076,144.99641,3,1,house,2,2025-12-06,841,m2,"$1,015,000"
property-house-vic-reservoir-149598656,Reservoir,3073,19 Royal Parade,-37.7155615,145.0093671,2,2,house,2,2025-12-06,581,m2,"$1,010,000"
property-house-vic-reservoir-149598628,Reservoir,3073,44 Hobbs Crescent,-37.707485,145.003457,3,1,house,3,2025-12-06,845,m2,"$1,000,000"
property-townhouse-vic-reservoir-149602648,Reservoir,3073,36A Lane Crescent,-37.71414661,145.0181731,4,3,townhouse,2,2025-12-06,199,m2,"$840,000"
property-townhouse-vic-reservoir-149602336,Reservoir,3073,21 Eisenhower Street,-37.72908381,145.0270262,2,2,townhouse,4,2025-12-06,337,m2,"$813,000"
property-house-vic-reservoir-149601960,Reservoir,3073,12 Churchill Avenue,-37.692926,144.976222,3,1,house,4,2025-12-06,532,m2,"$730,000"
property-townhouse-vic-reservoir-149461492,Reservoir,3073,3/84 Rathcown Road,-37.70922312,145.0238943,4,3,townhouse,2,2025-12-05,,,"$890,000"
property-townhouse-vic-reservoir-149709524,Reservoir,3073,3/1 McPherson Street,-37.72922715,144.9999981,2,1,townhouse,1,2025-12-05,,,"$828,000"
property-house-vic-reservoir-149593892,Reservoir,3073,31 Drysdale Street,-37.729726,145.023171,3,1,house,1,2025-12-05,535,m2,"$825,000"
property-townhouse-vic-reservoir-149172540,Reservoir,3073,1/96 Whitelaw Street,-37.71246515,145.0219973,3,2,townhouse,1,2025-12-05,,,"$800,000"
property-unit-vic-reservoir-149619852,Reservoir,3073,3/14 Goulburn Avenue,-37.72420827,145.0220363,2,2,unit,1,2025-12-05,175,m2,"$720,000"
property-house-vic-reservoir-149602684,Reservoir,3073,35 Fordham Road,-37.714252,145.019362,3,1,house,2,2025-12-04,711,m2,"$893,000"
property-unit-vic-reservoir-149680512,Reservoir,3073,62/2 Gremel Road,-37.72423704,145.0303681,2,1,unit,1,2025-12-04,,,"$165,000"
property-unit-vic-reservoir-149607312,Reservoir,3073,3/56 Thackeray Road,-37.72110268,145.0111867,2,1,unit,1,2025-12-03,,,"$690,000"
property-unit-vic-reservoir-149483876,Reservoir,3073,2/29 Kirby Street,-37.73089755,145.0330738,3,1,unit,1,2025-12-03,205,m2,"$610,000"
property-unit-vic-reservoir-149628284,Reservoir,3073,6/13 Fyfe Street,-37.705773,145.011892,2,1,unit,1,2025-12-03,,,"$580,000"
property-townhouse-vic-reservoir-149167320,Reservoir,3073,2/36 Seston Street,-37.73046203,145.0342949,2,1,townhouse,1,2025-12-03,,,"$550,000"
property-unit-vic-reservoir-149127968,Reservoir,3073,1/26 Cheddar Road,-37.71241374,145.0112285,2,1,unit,1,2025-12-03,,,"$430,000"
property-house-vic-reservoir-149168880,Reservoir,3073,3B Clark Street,-37.718537,145.011113,4,2,house,2,2025-12-02,,,"$1,280,000"
property-house-vic-reservoir-149700548,Reservoir,3073,61 Powell Street,-37.726285,144.99762,3,1,house,4,2025-12-02,605,m2,"$1,030,000"
property-unit-vic-reservoir-148929812,Reservoir,3073,6/6-8 Box Street,-37.70765789,145.0214333,1,1,unit,1,2025-12-02,,,"$482,000"
property-house-vic-reservoir-149504064,Reservoir,3073,39 Crispe Street,-37.725836,144.994557,4,2,house,2,2025-11-29,625,m2,"$1,400,000"
property-house-vic-reservoir-149575672,Reservoir,3073,7 Best Street,-37.714266,144.996786,4,2,house,4,2025-11-29,699,m2,"$1,310,000"
property-house-vic-reservoir-149457144,Reservoir,3073,17A Monash Street,-37.728798,144.9938249,4,2,house,3,2025-11-29,,,"$1,300,000"
property-house-vic-reservoir-149462372,Reservoir,3073,49 Hobbs Crescent,-37.707056,145.004184,3,1,house,2,2025-11-29,877,m2,"$1,000,000"
property-house-vic-reservoir-149540900,Reservoir,3073,29 Cuthbert Road,-37.71711274,145.0177453,3,2,house,2,2025-11-29,302,m2,"$916,000"
property-unit-vic-reservoir-149498960,Reservoir,3073,4/47 Barton Street,-37.71203514,145.0034023,3,2,unit,2,2025-11-29,232,m2,"$818,000"
property-townhouse-vic-reservoir-149542720,Reservoir,3073,3/6 Thackeray Road,-37.72162743,145.0154819,3,2,townhouse,2,2025-11-29,,,"$770,000"
property-unit-vic-reservoir-149559180,Reservoir,3073,1/12 Willoughby Street,-37.71801081,144.9962993,2,1,unit,1,2025-11-29,132,m2,"$718,000"
property-townhouse-vic-reservoir-149614784,Reservoir,3073,2E Best Street,-37.71498203,144.9970543,2,2,townhouse,1,2025-11-29,,,"$710,000"
property-unit-vic-reservoir-149535712,Reservoir,3073,19/47 Rathcown Road,-37.71181615,145.0295865,2,1,unit,1,2025-11-29,151,m2,"$495,000"
property-unit-vic-reservoir-149532136,Reservoir,3073,6/36 Willoughby Street,-37.71633326,144.9966093,2,1,unit,1,2025-11-29,90,m2,"$486,000"
property-house-vic-reservoir-149735408,Reservoir,3073,57 Glasgow Avenue,-37.704347,145.000695,3,1,house,3,2025-11-28,592,m2,"$781,000"
property-house-vic-reservoir-149610000,Reservoir,3073,53b Southernhay Street,-37.72562237,145.00948,3,2,house,2,2025-11-27,,,"$1,335,000"
property-unit-vic-reservoir-149506660,Reservoir,3073,15A Nisbett Street,-37.72819485,145.0340589,1,1,unit,1,2025-11-27,147,m2,"$530,000"
property-townhouse-vic-reservoir-147608580,Reservoir,3073,2/45 St Vigeons Road,-37.70692355,145.0262684,2,1,townhouse,1,2025-11-27,96,m2,"$515,000"
property-unit-vic-reservoir-149607284,Reservoir,3073,3/6 Storey Road,-37.7237147,145.015063,2,1,unit,1,2025-11-27,,,"$511,500"
property-unit-vic-reservoir-149596156,Reservoir,3073,6/4 Leamington Street,-37.71286685,145.0071189,1,1,unit,1,2025-11-27,116,m2,"$448,000"
property-house-vic-reservoir-149126260,Reservoir,3073,61 St Vigeons Road,-37.70672358,145.024472,3,2,house,2,2025-11-26,,,"$840,000"
property-unit-vic-reservoir-149191092,Reservoir,3073,1/27 Whitelaw Street,-37.71466095,145.0147457,2,1,unit,1,2025-11-26,149,m2,"$660,000"
property-unit-vic-reservoir-149484072,Reservoir,3073,2/5 Capri Court,-37.70164362,144.9831803,3,2,unit,2,2025-11-25,,,"$687,000"
property-house-vic-reservoir-149057660,Reservoir,3073,23 Loddon Avenue,-37.722472,145.025894,3,1,house,3,2025-11-24,715,m2,"$1,000,000"
property-apartment-vic-reservoir-149489680,Reservoir,3073,204/76 Tyler Street,-37.73275397,145.0307221,2,2,apartment,1,2025-11-24,1502,m2,"$470,000"
property-townhouse-vic-reservoir-149516696,Reservoir,3073,10/87-93 Radford Road,-37.70161018,144.9841283,3,2,townhouse,2,2025-11-23,,,"$722,000"
property-house-vic-reservoir-149401824,Reservoir,3073,58 Lawley Street,-37.701293,144.991193,3,1,house,4,2025-11-22,747,m2,"$1,150,000"
property-house-vic-reservoir-149489276,Reservoir,3073,2 Compton Street,-37.715412,145.002677,3,2,house,1,2025-11-22,536,m2,"$1,095,000"
property-house-vic-reservoir-149465784,Reservoir,3073,74 Lloyd Avenue,-37.697724,145.014074,3,2,house,2,2025-11-22,,,"$910,250"
property-house-vic-reservoir-149430076,Reservoir,3073,5 Hobbs Crescent,-37.705608,145.008589,3,1,house,4,2025-11-22,819,m2,"$816,000"
property-house-vic-reservoir-149458852,Reservoir,3073,36 Charlton Crescent,-37.717612,145.023073,3,1,house,4,2025-11-22,651,m2,"$810,000"
property-townhouse-vic-reservoir-149365652,Reservoir,3073,18B Haig Street,-37.72743314,144.9940932,2,1,townhouse,2,2025-11-22,145,m2,"$782,500"
property-unit-vic-reservoir-149447352,Reservoir,3073,3/31-33 Purinuan Road,-37.709626,145.031345,3,2,unit,1,2025-11-22,,,"$600,000"
property-unit-vic-reservoir-149458792,Reservoir,3073,2/89 Whitelaw Street,-37.71205355,145.0209349,2,1,unit,2,2025-11-22,243,m2,"$425,000"
property-house-vic-reservoir-149640356,Reservoir,3073,12 Johnson Street,-37.701485,145.010991,3,2,house,2,2025-11-21,806,m2,"$870,000"
property-house-vic-reservoir-149149764,Reservoir,3073,7 Mendip Road,-37.723056,145.015588,2,2,house,2,2025-11-20,,,"$995,000"
property-unit-vic-reservoir-149592604,Reservoir,3073,3/17 Olive Street,-37.7181415,145.0038199,2,1,unit,1,2025-11-20,126,m2,"$610,000"
property-house-vic-reservoir-149458828,Reservoir,3073,5 Caddy Court,-37.729415,145.032006,3,1,house,3,2025-11-19,620,m2,"$751,000"
property-townhouse-vic-reservoir-149140096,Reservoir,3073,9/10 Crevelli Street,-37.73196557,145.0298152,4,2,townhouse,2,2025-11-19,,,"$680,000"
property-townhouse-vic-reservoir-149463052,Reservoir,3073,2/13 Newton Street,-37.73209746,145.0277001,2,1,townhouse,1,2025-11-19,180,m2,"$630,000"
property-apartment-vic-reservoir-149323144,Reservoir,3073,7/99 Barton Street,-37.71123832,144.9989387,2,1,apartment,1,2025-11-19,54,m2,"$420,000"
property-house-vic-reservoir-148810388,Reservoir,3073,3A Kerang Avenue,-37.72046377,145.0256446,4,3,house,2,2025-11-18,301,m2,"$1,080,000"
property-townhouse-vic-reservoir-149542680,Reservoir,3073,3 Lane Crescent,-37.71580108,145.0147381,2,2,townhouse,2,2025-11-18,,,"$891,000"
property-house-vic-reservoir-149551936,Reservoir,3073,8 Crawley Street,-37.725834,145.005075,3,1,house,4,2025-11-17,,,"$1,431,000"
property-house-vic-reservoir-149200404,Reservoir,3073,5A Tambo Avenue,-37.72380243,145.0178662,2,1,house,3,2025-11-16,340,m2,"$770,000"
property-house-vic-reservoir-149394244,Reservoir,3073,7 Excelsior Street,-37.725278,144.99725,5,2,house,8,2025-11-15,545,m2,"$1,555,000"
property-house-vic-reservoir-149394348,Reservoir,3073,4 Alamo Road,-37.723021,144.989108,4,2,house,8,2025-11-15,494,m2,"$1,361,000"
property-house-vic-reservoir-149179880,Reservoir,3073,3 Ballan Street,-37.695415,144.989503,6,3,house,4,2025-11-15,832,m2,"$1,335,000"
property-house-vic-reservoir-149207416,Reservoir,3073,32 Merrilands Road,-37.695398,145.006016,5,2,house,2,2025-11-15,945,m2,"$1,161,000"
property-townhouse-vic-reservoir-149397876,Reservoir,3073,3/18A Beatty Street,-37.72629988,144.9938453,3,2,townhouse,1,2025-11-15,,,"$1,055,000"
property-townhouse-vic-reservoir-149398264,Reservoir,3073,1/33 Kelsby Street,-37.71305317,144.9983391,3,2,townhouse,2,2025-11-15,,,"$930,000"
property-house-vic-reservoir-149323332,Reservoir,3073,95 Royal Parade,-37.712548,145.014541,3,2,house,3,2025-11-15,650,m2,"$900,000"
property-townhouse-vic-reservoir-149374524,Reservoir,3073,2/8 Cuthbert Road,-37.71656291,145.0155865,3,2,townhouse,2,2025-11-15,202,m2,"$846,000"
property-townhouse-vic-reservoir-149394216,Reservoir,3073,1/8 Barton Street,-37.71158541,145.0052166,3,2,townhouse,2,2025-11-15,747,m2,"$831,000"
property-townhouse-vic-reservoir-149394072,Reservoir,3073,3/44 Storey Road,-37.723299,145.011826,2,2,townhouse,1,2025-11-15,,,"$797,500"
property-house-vic-reservoir-149394156,Reservoir,3073,63 Winter Crescent,-37.71777252,145.0261482,2,1,house,4,2025-11-15,350,m2,"$790,000"
property-unit-vic-reservoir-149398112,Reservoir,3073,3/169 Broadway,-37.71811309,145.0173176,2,2,unit,1,2025-11-15,,,"$780,000"
property-house-vic-reservoir-148621104,Reservoir,3073,1 Eisenhower Street,-37.73149646,145.0271298,4,2,house,2,2025-11-15,463,m2,"$770,000"
property-unit-vic-reservoir-149423328,Reservoir,3073,1/17 Henderson Street,-37.69783541,145.0017482,2,1,unit,1,2025-11-15,,,"$591,000"
property-unit-vic-reservoir-149369452,Reservoir,3073,1/102 Crookston Road,-37.70925481,145.0137673,2,1,unit,1,2025-11-15,64,m2,"$382,500"
property-house-vic-reservoir-148915276,Reservoir,3073,26 Erskine Avenue,-37.722692,145.025025,3,1,house,6,2025-11-14,700,m2,"$982,000"
property-townhouse-vic-reservoir-149390568,Reservoir,3073,4/13 McCrae Street,-37.70523348,145.0102049,3,1,townhouse,2,2025-11-14,881,m2,"$722,500"
property-house-vic-reservoir-148668720,Reservoir,3073,83 Crookston Road,-37.709863,145.016155,3,1,house,4,2025-11-13,636,m2,"$906,500"
property-house-vic-reservoir-149186400,Reservoir,3073,60 Radford Road,-37.705606,144.983567,3,2,house,8,2025-11-13,719,m2,"$800,000"
property-unit-vic-reservoir-149329428,Reservoir,3073,2/143 Rathcown Road,-37.70891793,145.0171233,3,2,unit,1,2025-11-11,,,"$805,000"
property-unit-vic-reservoir-149428296,Reservoir,3073,3/46 Chaleyer Street,-37.72750875,145.0228596,1,1,unit,1,2025-11-11,,,"$470,000"
property-townhouse-vic-reservoir-149252688,Reservoir,3073,4/13 Dundee Street,-37.70357235,145.0196387,3,2,townhouse,2,2025-11-10,1001,m2,"$805,000"
property-house-vic-reservoir-149288856,Reservoir,3073,104 Massey Avenue,-37.69677783,144.9910273,4,2,house,4,2025-11-09,534,m2,"$1,355,000"
property-unit-vic-reservoir-149441712,Reservoir,3073,1/71 Crookston Road,-37.70996021,145.0172563,2,1,unit,2,2025-11-09,,,"$625,000"
property-house-vic-reservoir-149319248,Reservoir,3073,43 Delaware Street,-37.720551,145.012398,4,1,house,2,2025-11-08,743,m2,"$1,310,000"
property-house-vic-reservoir-149280852,Reservoir,3073,16 Robinson Road,-37.7262289,145.003935,3,2,house,3,2025-11-08,,,"$1,189,000"
property-house-vic-reservoir-149330672,Reservoir,3073,6 Gladstone Street,-37.711561,145.009961,4,1,house,6,2025-11-08,636,m2,"$1,072,000"
property-house-vic-reservoir-149322864,Reservoir,3073,1 Dumbarton Street,-37.701481,145.023093,3,1,house,10,2025-11-08,533,m2,"$1,045,000"
property-house-vic-reservoir-149319236,Reservoir,3073,12 Thrower Street,-37.711521,144.987978,3,1,house,2,2025-11-08,534,m2,"$822,000"
property-house-vic-reservoir-149302112,Reservoir,3073,20 Pallant Avenue,-37.696989,144.993509,3,1,house,2,2025-11-08,544,m2,"$821,000"
property-house-vic-reservoir-149326700,Reservoir,3073,2/2 Kinsale Street,-37.72359413,144.9951062,3,1,house,2,2025-11-08,237,m2,"$821,000"
property-house-vic-reservoir-149319252,Reservoir,3073,90 Lloyd Avenue,-37.697574,145.012638,2,1,house,3,2025-11-08,552,m2,"$795,000"
property-townhouse-vic-reservoir-149319272,Reservoir,3073,1/24 Miranda Road,-37.707409,145.024441,3,1,townhouse,2,2025-11-08,280,m2,"$730,000"
property-house-vic-reservoir-149237440,Reservoir,3073,16 Elizabeth Court,-37.699104,145.021058,3,1,house,3,2025-11-08,534,m2,"$730,000"
property-townhouse-vic-reservoir-149308840,Reservoir,3073,2E Carrol Street,-37.71405855,145.013124,2,1,townhouse,2,2025-11-08,,,"$677,000"
property-townhouse-vic-reservoir-149346240,Reservoir,3073,3/96 Whitelaw Street,-37.71246515,145.0219973,2,2,townhouse,2,2025-11-08,,,"$650,000"
property-townhouse-vic-reservoir-149240196,Reservoir,3073,2/14 Sturdee Street,-37.70168741,145.0091022,3,2,townhouse,2,2025-11-07,,,"$800,000"
property-unit-vic-reservoir-149340736,Reservoir,3073,8/211 Edwardes Street,-37.71634464,144.991372,2,1,unit,1,2025-11-07,,,"$485,000"
property-unit-vic-reservoir-149307840,Reservoir,3073,10/25 Ashley Street,-37.71756915,145.0019617,2,1,unit,1,2025-11-07,,,"$445,000"
property-townhouse-vic-reservoir-149477760,Reservoir,3073,6/744 High Street,-37.72672103,145.0064956,2,2,townhouse,1,2025-11-06,,,"$705,000"
property-house-vic-reservoir-149366088,Reservoir,3073,20 McFadzean Avenue,-37.706928,144.998232,5,2,house,8,2025-11-05,965,m2,"$1,730,000"
property-unit-vic-reservoir-149316720,Reservoir,3073,2/82 Howard Street,-37.71870135,145.008262,3,1,unit,3,2025-11-05,,,"$920,000"
property-townhouse-vic-reservoir-147820776,Reservoir,3073,6/26-28 Boldrewood Pde,-37.72309873,145.0226421,3,2,townhouse,4,2025-11-04,232,m2,"$720,000"
property-townhouse-vic-reservoir-141961472,Reservoir,3073,8/8-10 Thackeray Road,-37.72159951,145.0152673,2,1,townhouse,1,2025-11-03,,,"$640,000"
property-townhouse-vic-reservoir-149249504,Reservoir,3073,1/82 Leamington Street,-37.71221706,145.0009436,2,2,townhouse,1,2025-11-01,190,m2,"$735,000"
property-unit-vic-reservoir-149252148,Reservoir,3073,3/17 Seston Street,-37.73173504,145.0333441,2,1,unit,2,2025-11-01,211,m2,"$671,000"
property-unit-vic-reservoir-149179824,Reservoir,3073,3/6 Mccrae Street,-37.70632709,145.0108539,2,1,unit,1,2025-11-01,230,m2,"$625,000"
property-house-vic-reservoir-149206492,Reservoir,3073,10A Barton Street,-37.711547,145.004868,3,1,house,2,2025-10-29,,,"$1,090,000"
property-townhouse-vic-reservoir-148574704,Reservoir,3073,2/23 Crookston Road,-37.7105611,145.0221592,3,2,townhouse,1,2025-10-29,,,"$738,000"
property-townhouse-vic-reservoir-149242660,Reservoir,3073,1/853 High Street,-37.72623403,145.0058793,3,2,townhouse,1,2025-10-29,,,"$738,000"
property-house-vic-reservoir-149121536,Reservoir,3073,15 Locksley Avenue,-37.723158,144.99607,4,3,house,4,2025-10-27,531,m2,"$1,450,000"
property-house-vic-reservoir-149099052,Reservoir,3073,9 Pedersen Avenue,-37.698972,145.032052,3,1,house,1,2025-10-27,534,m2,"$775,000"
property-townhouse-vic-reservoir-149197508,Reservoir,3073,7/7 Chaleyer Street,-37.728535,145.029,2,2,townhouse,1,2025-10-27,,,"$680,000"
property-unit-vic-reservoir-149336128,Reservoir,3073,1/8 Macartney Street,-37.71325316,145.0088467,2,1,unit,1,2025-10-27,,,"$670,000"
property-house-vic-reservoir-149330720,Reservoir,3073,5 Hewitt Street,-37.726126,145.01327,3,2,house,2,2025-10-25,,,"$1,700,000"
property-house-vic-reservoir-149192148,Reservoir,3073,3 Ethel Grove,-37.728512,145.01686,3,2,house,3,2025-10-25,,,"$1,300,000"
property-house-vic-reservoir-149195064,Reservoir,3073,39 Merrilands Road,-37.695871,145.00521,3,1,house,1,2025-10-25,861,m2,"$1,210,000"
property-house-vic-reservoir-149167612,Reservoir,3073,787 Gilbert Road,-37.717786,144.992823,3,1,house,2,2025-10-25,800,m2,"$1,206,000"
property-house-vic-reservoir-149166920,Reservoir,3073,56 Locksley Avenue,-37.722641,144.993781,3,1,house,2,2025-10-25,524,m2,"$1,190,000"
property-house-vic-reservoir-149211060,Reservoir,3073,19 Massey Avenue,-37.705486,144.98973,4,1,house,4,2025-10-25,863,m2,"$1,190,000"
property-house-vic-reservoir-149184732,Reservoir,3073,4 Lindsay Street,-37.718872,145.013873,3,1,house,2,2025-10-25,678,m2,"$1,130,000"
property-house-vic-reservoir-149180408,Reservoir,3073,29 Corben Street,-37.724599,144.987556,3,2,house,4,2025-10-25,507,m2,"$1,115,000"
property-house-vic-reservoir-149178440,Reservoir,3073,15 Glasgow Avenue,-37.707817,145.007101,3,1,house,2,2025-10-25,965,m2,"$950,000"
property-house-vic-reservoir-149186612,Reservoir,3073,136a Darebin Boulevard,-37.70130603,145.0346133,4,2,house,2,2025-10-25,,,"$906,000"
property-house-vic-reservoir-149203808,Reservoir,3073,27 Morris Street,-37.699811,145.00313,3,1,house,2,2025-10-25,585,m2,"$831,000"
property-house-vic-reservoir-149206132,Reservoir,3073,54B Orrong Avenue,-37.71273175,145.012887,3,2,house,2,2025-10-25,,,"$782,000"
property-unit-vic-reservoir-149151104,Reservoir,3073,92a Miranda Road,-37.70630848,145.0177869,3,1,unit,1,2025-10-25,216,m2,"$760,000"
property-house-vic-reservoir-149168088,Reservoir,3073,47 Orrong Avenue,-37.71186383,145.0137613,3,1,house,1,2025-10-25,375,m2,"$728,000"
property-townhouse-vic-reservoir-149179848,Reservoir,3073,2/35 Leamington Street,-37.71314986,145.0049776,2,1,townhouse,1,2025-10-25,,,"$720,000"
property-unit-vic-reservoir-149150760,Reservoir,3073,4/128 Rathcown Road,-37.7088494,145.01889,2,1,unit,1,2025-10-25,,,"$524,000"
property-townhouse-vic-reservoir-149203288,Reservoir,3073,6/3 Barry Street,-37.70992602,145.0069971,1,1,townhouse,1,2025-10-25,,,"$485,000"
property-unit-vic-reservoir-149186268,Reservoir,3073,1/43 Byfield Street,-37.71322544,145.0040292,1,1,unit,1,2025-10-25,,,"$467,500"
property-townhouse-vic-reservoir-149148632,Reservoir,3073,5/83-85 Edwardes Street,-37.716015,145.001637,3,2,townhouse,2,2025-10-24,134,m2,"$770,000"
property-house-vic-reservoir-149339104,Reservoir,3073,26 Kerang Avenue,-37.71979325,145.0280265,2,1,house,1,2025-10-24,238,m2,"$735,000"
property-house-vic-reservoir-149150004,Reservoir,3073,8A Ameily Crescent,-37.71045192,144.9946528,3,2,house,2,2025-10-21,,,"$1,100,000"
property-townhouse-vic-reservoir-148994356,Reservoir,3073,5/62 Northernhay Street,-37.7242888,145.0087251,2,1,townhouse,1,2025-10-20,142,m2,"$635,000"
property-house-vic-reservoir-149266736,Reservoir,3073,60 Tracey Street,-37.699809,144.995089,3,2,house,2,2025-10-19,632,m2,"$900,000"
property-house-vic-reservoir-149127536,Reservoir,3073,18 Kennedy Street,-37.722384,144.986606,4,2,house,2,2025-10-18,,,"$1,935,000"
property-house-vic-reservoir-149133316,Reservoir,3073,6 Verdun Grove,-37.728006,145.001851,3,2,house,1,2025-10-18,,,"$1,430,000"
property-house-vic-reservoir-149121472,Reservoir,3073,150 Glasgow Avenue,-37.704781,144.984883,7,2,house,4,2025-10-18,978,m2,"$1,351,000"
property-house-vic-reservoir-149112180,Reservoir,3073,1 Knox Street,-37.72563,144.990921,3,1,house,2,2025-10-18,476,m2,"$1,240,000"
property-house-vic-reservoir-149090648,Reservoir,3073,100 Radford Road,-37.701969,144.984845,3,2,house,4,2025-10-18,1103,m2,"$1,105,000"
property-house-vic-reservoir-149044712,Reservoir,3073,85 Arundel Avenue,-37.696238,145.013581,3,1,house,1,2025-10-18,650,m2,"$960,000"
property-house-vic-reservoir-149128176,Reservoir,3073,41 Byfield Street,-37.713298,145.003971,2,1,house,1,2025-10-18,614,m2,"$940,000"
property-house-vic-reservoir-149119624,Reservoir,3073,1 Bogong Court,-37.708702,144.99021,3,1,house,2,2025-10-18,435,m2,"$731,000"
property-unit-vic-reservoir-149146352,Reservoir,3073,3/15 Suffolk Street,-37.70778379,145.0109776,2,1,unit,1,2025-10-18,182,m2,"$700,000"
property-unit-vic-reservoir-149188496,Reservoir,3073,6/35 Storey Road,-37.72417391,145.0123262,2,1,unit,1,2025-10-18,,,"$673,000"
property-townhouse-vic-reservoir-149093196,Reservoir,3073,2F Best Street,-37.71493934,144.9970613,2,2,townhouse,1,2025-10-18,66,m2,"$655,000"
property-townhouse-vic-reservoir-149022088,Reservoir,3073,1/8 Chaleyer Street,-37.72806194,145.0275381,2,1,townhouse,1,2025-10-18,250,m2,"$631,000"
property-unit-vic-reservoir-149119640,Reservoir,3073,3/39 Boldrewood Parade,-37.72190777,145.021144,2,1,unit,1,2025-10-18,219,m2,"$547,500"
property-townhouse-vic-reservoir-149186596,Reservoir,3073,1/111 Hickford Street,-37.70480546,145.0181008,3,2,townhouse,2,2025-10-17,250,m2,"$765,000"
property-apartment-vic-reservoir-149116084,Reservoir,3073,9/696 Plenty Road,-37.73036665,145.0158163,1,1,apartment,1,2025-10-16,,,"$320,000"
property-house-vic-reservoir-149023468,Reservoir,3073,44 Lane Crescent,-37.71372,145.018854,2,1,house,4,2025-10-15,636,m2,"$817,500"
property-townhouse-vic-reservoir-149183400,Reservoir,3073,36 Barwon Avenue,-37.72229726,145.0234541,3,1,townhouse,2,2025-10-15,,,"$702,000"
property-townhouse-vic-reservoir-149189496,Reservoir,3073,2/44 Clingin Street,-37.72852912,145.0323013,2,1,townhouse,1,2025-10-15,,,"$670,000"
property-house-vic-reservoir-147833588,Reservoir,3073,1 Lake Street,-37.717435,144.992322,5,2,house,10,2025-10-14,924,m2,"$1,580,000"
property-house-vic-reservoir-149066600,Reservoir,3073,169 Spring Street,-37.723809,145.001487,3,1,house,1,2025-10-14,585,m2,"$875,000"
property-townhouse-vic-reservoir-148810204,Reservoir,3073,2/4 Clements Grove,-37.71449861,145.0228483,2,1,townhouse,1,2025-10-14,,,"$642,500"
property-unit-vic-reservoir-143359224,Reservoir,3073,3/26 Cheddar Road,-37.71241374,145.0112285,2,1,unit,1,2025-10-14,,,"$425,500"
property-unit-vic-reservoir-149151804,Reservoir,3073,3/43 St Vigeons Road,-37.70695864,145.0265583,1,1,unit,1,2025-10-13,138,m2,"$470,000"
property-unit-vic-reservoir-149168260,Reservoir,3073,1/811 Plenty Road,-37.724526,145.024795,3,1,unit,2,2025-10-12,,,"$700,000"
property-house-vic-reservoir-149059320,Reservoir,3073,57 Howard Street,-37.719416,145.011396,3,1,house,4,2025-10-11,720,m2,"$1,435,000"
property-house-vic-reservoir-149043952,Reservoir,3073,61 Glasgow Avenue,-37.703579,144.999468,3,1,house,4,2025-10-11,855,m2,"$1,122,000"
property-house-vic-reservoir-149090896,Reservoir,3073,51 Fordham Road,-37.713898,145.021357,3,2,house,3,2025-10-11,652,m2,"$1,010,000"
property-house-vic-reservoir-149021996,Reservoir,3073,27 Tivey Street,-37.705696,145.000488,3,1,house,4,2025-10-11,536,m2,"$930,000"
property-house-vic-reservoir-148966632,Reservoir,3073,36 Daventry Street,-37.713277,145.00168,4,1,house,2,2025-10-11,613,m2,"$860,000"
property-house-vic-reservoir-149037096,Reservoir,3073,80 Tunaley Parade,-37.697302,145.029692,3,1,house,3,2025-10-11,590,m2,"$830,000"
property-house-vic-reservoir-149060932,Reservoir,3073,10 Gisborne Crescent,-37.7203087,145.0241909,2,1,house,1,2025-10-11,164,m2,"$750,000"
property-unit-vic-reservoir-149057440,Reservoir,3073,4/12 View Street,-37.7192823,144.9915543,2,1,unit,1,2025-10-11,159,m2,"$730,000"
property-unit-vic-reservoir-149208372,Reservoir,3073,3/58 Miranda Road,-37.70700767,145.0208621,2,1,unit,1,2025-10-11,,,"$565,750"
property-house-vic-reservoir-149132996,Reservoir,3073,13 Pickett Street,-37.702541,145.01643,3,1,house,4,2025-10-10,655,m2,"$810,000"
property-townhouse-vic-reservoir-149036140,Reservoir,3073,1/123 Boldrewood Parade,-37.71467114,145.0219856,3,1,townhouse,2,2025-10-08,249,m2,"$690,000"
property-townhouse-vic-reservoir-148701044,Reservoir,3073,4/18 Gourock Street,-37.70202205,145.0317761,2,1,townhouse,2,2025-10-08,,,"$680,000"
property-unit-vic-reservoir-148916788,Reservoir,3073,3/18 Barry Street,-37.70958921,145.006718,2,1,unit,1,2025-10-07,88,m2,"$516,000"
property-flat-vic-reservoir-148934200,Reservoir,3073,8/833 High Street,-37.72716233,145.0057124,2,1,flat,1,2025-10-07,,,"$500,000"
property-house-vic-reservoir-149116896,Reservoir,3073,9 Chaleyer Street,-37.728514,145.028831,3,2,house,2,2025-10-06,,,"$810,000"
property-house-vic-reservoir-148978624,Reservoir,3073,34 Hobbs Crescent,-37.706745,145.003908,3,1,house,2,2025-10-04,970,m2,"$1,150,000"
property-house-vic-reservoir-148994344,Reservoir,3073,21 Borrie Street,-37.705245,145.020214,3,1,house,3,2025-10-04,588,m2,"$1,095,000"
property-house-vic-reservoir-149000796,Reservoir,3073,4 Ethel Grove,-37.728151,145.016348,2,1,house,1,2025-10-04,617,m2,"$970,000"
property-house-vic-reservoir-148994364,Reservoir,3073,7 Tunaley Parade,-37.697048,145.024209,3,1,house,4,2025-10-04,591,m2,"$890,000"
property-house-vic-reservoir-148994368,Reservoir,3073,32 Banbury Road,-37.71136624,144.9897726,4,1,house,2,2025-10-04,363,m2,"$827,000"
property-house-vic-reservoir-149119612,Reservoir,3073,2 Pratt Street,-37.710753,145.01072,2,1,house,2,2025-10-04,405,m2,"$823,000"
property-unit-vic-reservoir-148973632,Reservoir,3073,2/10 Goulburn Avenue,-37.72461979,145.0220219,2,1,unit,1,2025-10-04,,,"$512,000"
property-unit-vic-reservoir-148978604,Reservoir,3073,6/23 Ashley Street,-37.71771101,145.0019512,2,1,unit,1,2025-10-04,,,"$430,000"
property-house-vic-reservoir-148881488,Reservoir,3073,85 Marchant Avenue,-37.711782,145.017726,2,1,house,2,2025-10-03,,,"$850,000"
property-townhouse-vic-reservoir-148782080,Reservoir,3073,2/35 Whitelaw Street,-37.71405477,145.0153858,2,2,townhouse,1,2025-10-03,,,"$645,000"
property-townhouse-vic-reservoir-149023428,Reservoir,3073,2/45 Edwardes Street,-37.7162551,145.0039046,2,1,townhouse,2,2025-10-03,822,m2,"$500,000"
property-house-vic-reservoir-148824300,Reservoir,3073,170 Hughes Parade,-37.693562,144.991288,4,1,house,2,2025-10-02,1137,m2,"$1,100,000"
property-house-vic-reservoir-149075120,Reservoir,3073,101 Barry Street,-37.708891,144.997045,4,2,house,2,2025-10-02,564,m2,"$1,032,000"
property-apartment-vic-reservoir-148930424,Reservoir,3073,10/26 Ashley Street,-37.71737041,145.0023874,2,1,apartment,1,2025-10-02,1521,m2,"$400,000"
property-house-vic-reservoir-144879100,Reservoir,3073,17A Myrtle Grove,-37.72957177,144.9983485,3,2,house,2,2025-10-01,,,"$1,520,000"
property-house-vic-reservoir-148876532,Reservoir,3073,120 Rathcown Road,-37.708972,145.019979,4,2,house,2,2025-10-01,860,m2,"$1,180,000"
property-house-vic-reservoir-149070384,Reservoir,3073,41 St Vigeons Road,-37.707005,145.026826,3,1,house,4,2025-10-01,,,"$960,000"
property-townhouse-vic-reservoir-148140452,Reservoir,3073,2/12 Delaware Street,-37.72059084,145.0151814,2,1,townhouse,1,2025-09-30,,,"$650,000"
property-unit-vic-reservoir-148934340,Reservoir,3073,2/88 Purinuan Road,-37.70829691,145.0230035,2,1,unit,1,2025-09-30,108,m2,"$563,000"
property-unit-vic-reservoir-148916812,Reservoir,3073,2/15 Evans Crescent,-37.71490721,145.0206423,2,1,unit,1,2025-09-27,,,"$620,000"
property-unit-vic-reservoir-148992980,Reservoir,3073,5A/2 Gremel Road,-37.72423704,145.0303681,1,1,unit,1,2025-09-27,,,"$125,000"
property-house-vic-reservoir-148817680,Reservoir,3073,5 Frankston Street,-37.725022,145.000729,2,1,house,1,2025-09-26,466,m2,"$960,000"
property-unit-vic-reservoir-148780448,Reservoir,3073,3/166 Leamington Street,-37.7111552,144.9914743,1,1,unit,1,2025-09-25,624,m2,"$334,000"
property-house-vic-reservoir-148784536,Reservoir,3073,2/47 Burbank Drive,-37.69972908,145.0253849,3,2,house,2,2025-09-24,260,m2,"$740,000"
property-townhouse-vic-reservoir-148626600,Reservoir,3073,1/61 North Road,-37.72325406,145.0203624,3,2,townhouse,2,2025-09-23,240,m2,"$835,000"
property-apartment-vic-reservoir-148836764,Reservoir,3073,108a/51 Johnson Street,-37.69516226,145.0122019,2,2,apartment,1,2025-09-23,,,"$432,000"
property-unit-vic-reservoir-148675472,Reservoir,3073,3/206 Spring Street,-37.72107458,145.003588,2,1,unit,1,2025-09-22,134,m2,"$523,000"
property-townhouse-vic-reservoir-149066368,Reservoir,3073,3/62 Andrews Avenue,-37.72889733,145.0286545,2,2,townhouse,1,2025-09-21,,,"$673,500"
property-townhouse-vic-reservoir-148844680,Reservoir,3073,1/2 Trudgeon Avenue,-37.73033543,145.0042644,2,1,townhouse,2,2025-09-21,,,"$645,100"
property-house-vic-reservoir-148878728,Reservoir,3073,14 Cool Street,-37.726005,144.985964,4,2,house,4,2025-09-20,715,m2,"$1,512,000"
property-house-vic-reservoir-148866196,Reservoir,3073,33 Tambo Avenue,-37.720734,145.01844,3,1,house,4,2025-09-20,,,"$1,215,000"
property-house-vic-reservoir-148886600,Reservoir,3073,28 Fordham Road,-37.714192,145.021201,3,1,house,4,2025-09-20,692,m2,"$1,166,000"
property-house-vic-reservoir-148859588,Reservoir,3073,42 Botha Avenue,-37.703391,145.001151,3,1,house,4,2025-09-20,892,m2,"$1,037,500"
property-house-vic-reservoir-148873648,Reservoir,3073,29 Marshall Drive,-37.70062948,145.0269582,4,2,house,2,2025-09-20,,,"$1,020,000"
property-house-vic-reservoir-148871492,Reservoir,3073,67 Kirby Street,-37.730417,145.028905,3,2,house,3,2025-09-20,558,m2,"$825,000"
property-house-vic-reservoir-148843764,Reservoir,3073,29 Burbank Drive,-37.69872,145.024528,3,1,house,6,2025-09-20,585,m2,"$819,000"
property-house-vic-reservoir-148874148,Reservoir,3073,11/2A Crookston Road,-37.71053544,145.0244011,3,1,house,1,2025-09-20,,,"$775,000"
property-unit-vic-reservoir-148877800,Reservoir,3073,20A Cuthbert Road,-37.71642643,145.0144803,2,1,unit,2,2025-09-20,,,"$755,000"
property-townhouse-vic-reservoir-148903628,Reservoir,3073,5/15 Chenies Street,-37.71084443,145.0289197,3,2,townhouse,2,2025-09-20,148,m2,"$722,000"
property-unit-vic-reservoir-148813452,Reservoir,3073,6/34 Ashley Street,-37.71677276,145.0024875,2,1,unit,1,2025-09-20,,,"$640,000"
property-unit-vic-reservoir-148882132,Reservoir,3073,11/20 Sharpe Street,-37.72437835,145.002802,2,1,unit,2,2025-09-20,224,m2,"$620,000"
property-unit-vic-reservoir-148866144,Reservoir,3073,5/115 Rathcown Road,-37.7092018,145.0194504,1,1,unit,1,2025-09-20,193,m2,"$479,000"
property-house-vic-reservoir-148914296,Reservoir,3073,8 Locksley Avenue,-37.723205,144.998849,4,1,house,4,2025-09-18,515,m2,"$1,380,000"
property-house-vic-reservoir-148230544,Reservoir,3073,40 Purinuan Road,-37.709017,145.028938,3,1,house,1,2025-09-18,359,m2,"$675,000"
property-unit-vic-reservoir-148993076,Reservoir,3073,4/20 O'Connor Street,-37.71055278,145.0056534,2,1,unit,1,2025-09-18,,,"$537,000"
property-house-vic-reservoir-148866768,Reservoir,3073,690 Gilbert Road,-37.720533,144.993271,3,1,house,2,2025-09-17,601,m2,"$1,150,000"
property-townhouse-vic-reservoir-147671248,Reservoir,3073,1/6 Lambassa Grove,-37.699038,145.018769,3,2,townhouse,2,2025-09-16,,,"$815,000"
property-townhouse-vic-reservoir-148929532,Reservoir,3073,5/5 Ashley Street,-37.71884252,145.0017467,1,1,townhouse,1,2025-09-16,,,"$508,000"
property-townhouse-vic-reservoir-148795296,Reservoir,3073,6/82 Tyler Street,-37.73257208,145.0304101,3,2,townhouse,2,2025-09-15,,,"$695,000"
property-house-vic-reservoir-148813280,Reservoir,3073,16 Cameron Street,-37.727081,144.999425,3,2,house,2,2025-09-13,612,m2,"$1,490,000"
property-house-vic-reservoir-148825092,Reservoir,3073,50 Rubicon Street,-37.724443,145.01605,3,1,house,3,2025-09-13,784,m2,"$1,465,000"
property-house-vic-reservoir-148823100,Reservoir,3073,2 Arlington Street,-37.72981584,145.0079232,3,1,house,3,2025-09-13,725,m2,"$1,410,000"
property-house-vic-reservoir-148816688,Reservoir,3073,2A Frankston Street,-37.72477749,145.0009936,4,2,house,2,2025-09-13,,,"$1,055,000"
property-house-vic-reservoir-148780236,Reservoir,3073,12 O'Connor Street,-37.710616,145.006334,2,2,house,5,2025-09-13,595,m2,"$965,000"
property-house-vic-reservoir-148781840,Reservoir,3073,26 Hughes Parade,-37.697719,145.007871,3,1,house,5,2025-09-13,750,m2,"$965,000"
property-townhouse-vic-reservoir-148768836,Reservoir,3073,5/19-21 Haig Street,-37.72761123,144.9931076,3,2,townhouse,2,2025-09-13,213,m2,"$951,000"
property-unit-vic-reservoir-148800068,Reservoir,3073,2/74 Delaware Street,-37.71992841,145.0097453,3,1,unit,2,2025-09-13,,,"$945,000"
property-house-vic-reservoir-148794016,Reservoir,3073,27 Burbank Drive,-37.698602,145.024463,3,1,house,5,2025-09-13,593,m2,"$880,000"
property-townhouse-vic-reservoir-148810272,Reservoir,3073,2/106 Crookston Road,-37.70907848,145.0123415,3,2,townhouse,2,2025-09-13,216,m2,"$850,000"
property-townhouse-vic-reservoir-148817784,Reservoir,3073,1A Taylor Avenue,-37.72295198,145.0013366,2,2,townhouse,2,2025-09-13,,,"$803,000"
property-townhouse-vic-reservoir-148780336,Reservoir,3073,4/610 Gilbert Road,-37.72536514,144.9928326,2,2,townhouse,1,2025-09-13,,,"$765,000"
property-unit-vic-reservoir-148731116,Reservoir,3073,1/19-21 George Street,-37.71769634,144.9999871,2,1,unit,1,2025-09-13,938,m2,"$674,000"
property-townhouse-vic-reservoir-148351080,Reservoir,3073,1/60 Clingin Street,-37.72836035,145.0309116,2,1,townhouse,1,2025-09-13,,,"$635,000"
property-townhouse-vic-reservoir-148754056,Reservoir,3073,2/47 St Vigeons Road,-37.70689849,145.0260614,2,1,townhouse,1,2025-09-13,,,"$620,000"
property-house-vic-reservoir-148807504,Reservoir,3073,60 O'connor Street,-37.710074,145.000926,3,1,house,4,2025-09-11,461,m2,"$850,000"
property-house-vic-reservoir-148826764,Reservoir,3073,23 Charlton Crescent,-37.7192,145.024233,3,1,house,2,2025-09-11,,,"$820,000"
property-unit-vic-reservoir-147666984,Reservoir,3073,3/209 Purinuan Road,-37.70705969,145.0106745,2,1,unit,1,2025-09-11,148,m2,"$570,000"
property-unit-vic-reservoir-148867996,Reservoir,3073,4/76 Darebin Boulevard,-37.70422551,145.028985,2,1,unit,1,2025-09-09,,,"$666,500"
property-unit-vic-reservoir-148782136,Reservoir,3073,3/840 High Street,-37.7213595,145.0071239,1,1,unit,1,2025-09-09,103,m2,"$456,000"
property-house-vic-reservoir-148844124,Reservoir,3073,3 Butters Street,-37.725784,145.000538,4,2,house,4,2025-09-08,,,"$1,720,000"
property-house-vic-reservoir-148484520,Reservoir,3073,13 Dorrington Avenue,-37.727049,145.024751,3,1,house,2,2025-09-07,583,m2,"$800,000"
property-house-vic-reservoir-148761860,Reservoir,3073,18 Inverness Street,-37.703018,145.029824,4,2,house,4,2025-09-06,,,"$1,110,000"
property-house-vic-reservoir-148728576,Reservoir,3073,33 Fordham Road,-37.714321,145.019201,2,1,house,5,2025-09-06,692,m2,"$869,000"
property-house-vic-reservoir-148885296,Reservoir,3073,14 Marshall Drive,-37.700476,145.02709,3,1,house,3,2025-09-06,557,m2,"$851,000"
property-house-vic-reservoir-148774944,Reservoir,3073,79 Darebin Boulevard,-37.703792,145.028147,3,1,house,2,2025-09-06,459,m2,"$844,000"
property-townhouse-vic-reservoir-148747836,Reservoir,3073,2/2 Borrie Street,-37.70868651,145.0203002,3,1,townhouse,2,2025-09-06,,,"$772,000"
property-house-vic-reservoir-148750512,Reservoir,3073,14 Anstey Avenue,-37.692138,144.975982,3,1,house,4,2025-09-06,531,m2,"$720,000"
property-residential land-vic-reservoir-204280304,Reservoir,3073,10 Autumndale Avenue,-37.727809,145.036225,,,residential land,,2025-09-06,584,m2,"$670,000"
property-townhouse-vic-reservoir-148709928,Reservoir,3073,2/6 Miranda Road,-37.70769547,145.0265131,2,1,townhouse,2,2025-09-06,77,m2,"$510,000"
property-unit-vic-reservoir-148870084,Reservoir,3073,5/22 Epstein Street,-37.70931135,144.9937139,1,1,unit,1,2025-09-06,,,"$440,000"
property-house-vic-reservoir-148838740,Reservoir,3073,20 Odonnell Street,-37.706505,144.995589,3,1,house,2,2025-09-05,817,m2,"$1,072,000"
property-unit-vic-reservoir-148755728,Reservoir,3073,3/112 Darebin Blvd,-37.70333336,145.0325693,3,2,unit,2,2025-09-05,,,"$740,000"
property-unit-vic-reservoir-148782208,Reservoir,3073,3/17 Dundee Street,-37.70346674,145.0199192,1,1,unit,1,2025-09-05,,,"$440,000"
property-townhouse-vic-reservoir-148872528,Reservoir,3073,7/26 Harbury Street,-37.713432,145.000167,3,2,townhouse,2,2025-09-04,,,"$861,000"
property-house-vic-reservoir-148751080,Reservoir,3073,1095 High Street,-37.695565,145.010548,3,1,house,2,2025-09-04,,,"$860,000"
property-house-vic-reservoir-148743200,Reservoir,3073,5 Kilmore Ave,-37.718774,145.025198,4,1,house,3,2025-09-03,592,m2,"$808,000"
property-house-vic-reservoir-148535776,Reservoir,3073,47 Summerhill Road,-37.727009,145.030981,3,1,house,2,2025-09-03,580,m2,"$786,000"
property-unit-vic-reservoir-144177184,Reservoir,3073,6/36 Maclagan Crescent,-37.70764541,145.0053518,2,1,unit,1,2025-09-03,,,"$620,000"
property-unit-vic-reservoir-148813840,Reservoir,3073,5/24 Elsey Road,-37.70499474,145.0127841,1,1,unit,1,2025-09-03,,,"$468,000"
property-house-vic-reservoir-148704064,Reservoir,3073,4 Merrilands Road,-37.695651,145.009775,3,1,house,5,2025-09-01,768,m2,"$900,000"
property-townhouse-vic-reservoir-148816580,Reservoir,3073,2/17 McComas Street,-37.72922942,145.0239278,2,1,townhouse,1,2025-09-01,,,"$680,000"
property-house-vic-reservoir-148153024,Reservoir,3073,20 Rodman Street,-37.701244,145.00688,3,2,house,6,2025-08-30,950,m2,"$1,355,000"
property-house-vic-reservoir-148673608,Reservoir,3073,6 Henty Street,-37.719091,145.001228,3,1,house,3,2025-08-30,675,m2,"$1,181,000"
property-house-vic-reservoir-148674772,Reservoir,3073,25 Clinnick Street,-37.7193408,144.9988978,3,2,house,2,2025-08-30,,,"$976,500"
property-townhouse-vic-reservoir-148689832,Reservoir,3073,6C Corben Street,-37.72730451,144.9875011,3,1,townhouse,2,2025-08-30,169,m2,"$903,000"
property-house-vic-reservoir-148647612,Reservoir,3073,133 Boldrewood Parade,-37.71374,145.022178,3,1,house,4,2025-08-30,504,m2,"$662,500"
property-unit-vic-reservoir-148662008,Reservoir,3073,2/101 Purinuan Road,-37.70866075,145.0234149,2,1,unit,1,2025-08-30,,,"$652,000"
property-unit-vic-reservoir-148713356,Reservoir,3073,1/2 Daventry Street,-37.71525645,145.001341,2,1,unit,2,2025-08-30,,,"$611,000"
property-unit-vic-reservoir-146403260,Reservoir,3073,3/2 Mack Street,-37.70341574,145.0133493,2,1,unit,,2025-08-30,,,"$570,000"
property-townhouse-vic-reservoir-148689212,Reservoir,3073,3/84-86 Howard Street,-37.71868918,145.0081663,3,2,townhouse,1,2025-08-29,171,m2,"$825,000"
property-townhouse-vic-reservoir-148627752,Reservoir,3073,2/62 Rathcown Road,-37.70972341,145.0286535,2,1,townhouse,1,2025-08-29,,,"$670,000"
property-unit-vic-reservoir-148282748,Reservoir,3073,2/1A Wilkinson Street,-37.72754663,145.0191632,2,2,unit,1,2025-08-29,,,"$568,500"
property-townhouse-vic-reservoir-148557900,Reservoir,3073,14/957-961 High Street,-37.709635,145.00855,2,2,townhouse,1,2025-08-27,,,"$585,000"
property-house-vic-reservoir-146483424,Reservoir,3073,1/23 Invermay Street,-37.70330643,145.028378,3,1,house,2,2025-08-25,389,m2,"$810,000"
property-house-vic-reservoir-148677928,Reservoir,3073,5 Strathmerton Street,-37.717477,145.020376,3,2,house,1,2025-08-25,658,m2,"$800,000"
property-townhouse-vic-reservoir-147080948,Reservoir,3073,2/7 Loddon Avenue,-37.72355007,145.0263269,2,2,townhouse,1,2025-08-25,104,m2,"$660,000"
property-house-vic-reservoir-148642172,Reservoir,3073,10a Clough Parade,-37.69849815,145.0368859,4,2,house,1,2025-08-24,677,m2,"$1,030,000"
property-house-vic-reservoir-148632488,Reservoir,3073,10 Alcock Street,-37.69396,144.989259,4,2,house,4,2025-08-23,803,m2,"$1,210,000"
property-house-vic-reservoir-148640320,Reservoir,3073,11 Boldrewood Parade,-37.724185,145.022717,2,1,house,2,2025-08-23,,,"$880,000"
property-unit-vic-reservoir-148541448,Reservoir,3073,4/8 Hobbs Crescent,-37.70513716,145.0072208,2,1,unit,1,2025-08-23,192,m2,"$720,100"
property-townhouse-vic-reservoir-148644652,Reservoir,3073,1/54 Newton Street,-37.73091797,145.0219917,2,2,townhouse,1,2025-08-23,,,"$696,000"
property-townhouse-vic-reservoir-148630768,Reservoir,3073,3/149 Hickford Street,-37.70243692,145.0133627,2,2,townhouse,1,2025-08-23,837,m2,"$663,000"
property-unit-vic-reservoir-148604824,Reservoir,3073,2/31-33 Olive Street,-37.7171426,145.0039862,1,1,unit,1,2025-08-23,,,"$456,000"
property-unit-vic-reservoir-148587032,Reservoir,3073,7/3-5 Whitelaw Street,-37.7156767,145.0130263,1,1,unit,1,2025-08-23,,,"$351,650"
property-house-vic-reservoir-148151868,Reservoir,3073,68 Darebin Boulevard,-37.704132,145.027991,3,1,house,5,2025-08-22,459,m2,"$735,000"
property-house-vic-reservoir-148718484,Reservoir,3073,7 Mccasker Avenue,-37.704302,145.004371,4,2,house,2,2025-08-21,873,m2,"$1,655,000"
property-house-vic-reservoir-148017044,Reservoir,3073,1/69 Boldrewood Parade,-37.71979811,145.0206305,3,2,house,2,2025-08-21,295,m2,"$720,000"
property-unit-vic-reservoir-148710696,Reservoir,3073,3/6 Griffiths Street,-37.71364789,144.995925,2,1,unit,1,2025-08-21,,,"$455,000"
property-apartment-vic-reservoir-148410284,Reservoir,3073,106B/58 Johnson Street,-37.69612286,145.0120604,2,2,apartment,1,2025-08-20,,,"$410,000"
property-townhouse-vic-reservoir-148703064,Reservoir,3073,5/24 Barry Street,-37.70948395,145.0059679,3,2,townhouse,2,2025-08-19,,,"$920,000"
property-house-vic-reservoir-148584140,Reservoir,3073,31 Joffre Street,-37.72829286,145.0128386,3,2,house,2,2025-08-18,,,"$1,470,000"
property-house-vic-reservoir-147902628,Reservoir,3073,65 Massey Avenue,-37.701479,144.98943,5,3,house,10,2025-08-18,892,m2,"$1,035,000"
property-house-vic-reservoir-148580084,Reservoir,3073,16 Goulburn Avenue,-37.724188,145.02182,8,2,house,2,2025-08-16,697,m2,"$1,198,000"
property-unit-vic-reservoir-148578712,Reservoir,3073,2/135 North Road,-37.7226503,145.0133171,3,1,unit,4,2025-08-16,249,m2,"$978,000"
property-unit-vic-reservoir-148589240,Reservoir,3073,1/46-48 Orrong Avenue,-37.71299361,145.0124392,3,2,unit,2,2025-08-16,,,"$955,000"
property-house-vic-reservoir-148576752,Reservoir,3073,7 Gourock Street,-37.702793,145.031486,3,1,house,4,2025-08-16,609,m2,"$850,000"
property-townhouse-vic-reservoir-148279952,Reservoir,3073,2/43 Clingin Street,-37.72907256,145.0325765,2,2,townhouse,1,2025-08-15,,,"$560,000"
property-house-vic-reservoir-144716220,Reservoir,3073,133 Hickford Street,-37.703263,145.014913,3,1,house,1,2025-08-14,891,m2,"$1,090,000"
property-house-vic-reservoir-148550640,Reservoir,3073,8 Muriel Court,-37.700092,145.028937,3,2,house,4,2025-08-14,534,m2,"$800,000"
property-townhouse-vic-reservoir-148532532,Reservoir,3073,5/97-99 Hickford Street,-37.7050288,145.0193278,3,1,townhouse,1,2025-08-14,,,"$685,000"
property-townhouse-vic-reservoir-148568732,Reservoir,3073,1/19 Arundel Avenue,-37.69690208,145.0192034,3,1,townhouse,1,2025-08-11,273,m2,"$750,000"
property-house-vic-reservoir-148532056,Reservoir,3073,10 Royal Parade,-37.715913,145.00938,3,1,house,2,2025-08-09,,,"$1,085,000"
property-townhouse-vic-reservoir-148529000,Reservoir,3073,4/103-105 St Vigeons Road,-37.70635747,145.0194506,3,2,townhouse,2,2025-08-09,193,m2,"$782,000"
property-unit-vic-reservoir-148487940,Reservoir,3073,1/15 Kennedy Street,-37.72292533,144.986669,2,2,unit,1,2025-08-09,,,"$725,000"
property-unit-vic-reservoir-148502272,Reservoir,3073,1/3 Fordham Road,-37.716201,145.016263,2,1,unit,1,2025-08-09,,,"$659,000"
property-house-vic-reservoir-147499608,Reservoir,3073,45 Hughes Parade,-37.700255,145.002234,4,1,house,1,2025-08-08,836,m2,"$900,000"
property-unit-vic-reservoir-148652904,Reservoir,3073,2A White Street,-37.70971401,145.0114194,2,1,unit,1,2025-08-07,,,"$720,000"
property-townhouse-vic-reservoir-148578732,Reservoir,3073,2/77 Rathcown Road,-37.70999243,145.0258201,2,1,townhouse,1,2025-08-06,118,m2,"$655,000"
property-townhouse-vic-reservoir-148240484,Reservoir,3073,2/127 St Vigeons Road,-37.70588029,145.0177231,2,1,townhouse,1,2025-08-04,746,m2,"$730,000"
property-house-vic-reservoir-148470212,Reservoir,3073,44 Goulburn Avenue,-37.721978,145.020642,3,2,house,3,2025-08-02,700,m2,"$1,010,000"
property-house-vic-reservoir-148442384,Reservoir,3073,16 Ryan Street,-37.701667,144.998362,3,1,house,4,2025-08-02,766,m2,"$920,000"
property-unit-vic-reservoir-148482608,Reservoir,3073,5/188 Broadway,-37.7171776,145.0130961,2,2,unit,1,2025-08-02,110,m2,"$470,000"
property-house-vic-reservoir-147967148,Reservoir,3073,28 Alcock Street,-37.694002,144.986445,5,5,house,4,2025-08-01,525,m2,"$1,395,000"
property-unit-vic-reservoir-148237576,Reservoir,3073,5C Colthur Street,-37.70979955,144.9925757,2,1,unit,2,2025-08-01,123,m2,"$515,000"
property-townhouse-vic-reservoir-148526552,Reservoir,3073,1E Carrington Road,-37.72227038,144.9923229,3,2,townhouse,2,2025-07-31,,,"$880,000"
property-unit-vic-reservoir-148537176,Reservoir,3073,1/16 Crookston Road,-37.7103347,145.0226307,3,2,unit,2,2025-07-31,,,"$825,000"
property-house-vic-reservoir-148537532,Reservoir,3073,1 Nisbett Street,-37.72844436,145.0361034,2,1,house,1,2025-07-31,145,m2,"$600,000"
property-unit-vic-reservoir-148532668,Reservoir,3073,4/64 Andrews Avenue,-37.72895365,145.0283562,2,1,unit,1,2025-07-31,,,"$562,000"
property-townhouse-vic-reservoir-148521764,Reservoir,3073,2/16 Grimwade Street,-37.70297916,145.0052282,4,2,townhouse,2,2025-07-30,,,"$887,000"
property-townhouse-vic-reservoir-147954284,Reservoir,3073,4/93 Arundel Avenue,-37.69617027,145.0128679,2,2,townhouse,1,2025-07-28,65,m2,"$590,000"
property-unit-vic-reservoir-147777948,Reservoir,3073,3/32 Banff Street,-37.7045468,145.0258898,2,1,unit,1,2025-07-28,,,"$511,000"
property-house-vic-reservoir-148420300,Reservoir,3073,20 Lindenow Street,-37.696579,145.005508,4,1,house,1,2025-07-26,832,m2,"$1,075,000"
property-house-vic-reservoir-148412856,Reservoir,3073,12 Manoel Avenue,-37.701234,145.033115,5,2,house,4,2025-07-26,581,m2,"$1,020,000"
property-townhouse-vic-reservoir-148416016,Reservoir,3073,3/196 Edwardes Street,-37.71509525,144.9960606,3,1,townhouse,2,2025-07-26,266,m2,"$784,000"
property-unit-vic-reservoir-148423792,Reservoir,3073,2/14 Allenby Avenue,-37.7042313,145.0081127,3,2,unit,2,2025-07-26,,,"$758,800"
property-unit-vic-reservoir-148423656,Reservoir,3073,2/9 Orrong Avenue,-37.7136795,145.0106664,2,1,unit,1,2025-07-26,,,"$714,000"
property-unit-vic-reservoir-148438728,Reservoir,3073,1/47 Boldrewood Parade,-37.72129486,145.0212039,2,1,unit,2,2025-07-26,,,"$507,000"
property-house-vic-reservoir-148408316,Reservoir,3073,2 Davidson Street,-37.695985,144.990122,4,2,house,6,2025-07-25,890,m2,"$1,025,000"
property-house-vic-reservoir-148545072,Reservoir,3073,127 Mahoneys Road,-37.693169,144.992013,3,1,house,2,2025-07-25,864,m2,"$854,000"
property-unit-vic-reservoir-148421860,Reservoir,3073,3/46 Barton Street,-37.71120612,145.0015856,3,1,unit,2,2025-07-25,233,m2,"$845,000"
property-unit-vic-reservoir-148547256,Reservoir,3073,4/37 Thackeray Road,-37.7217068,145.0127469,2,2,unit,1,2025-07-25,,,"$800,000"
property-house-vic-reservoir-147707844,Reservoir,3073,5 Godley Street,-37.706258,144.988506,5,2,house,2,2025-07-24,854,m2,"$1,026,000"
property-unit-vic-reservoir-148472128,Reservoir,3073,1/80 Purinuan Road,-37.70837586,145.0236719,3,1,unit,2,2025-07-24,,,"$747,500"
property-unit-vic-reservoir-148412868,Reservoir,3073,2/1-3 McFadzean Avenue,-37.71137045,144.9971328,2,1,unit,1,2025-07-24,144,m2,"$657,000"
property-townhouse-vic-reservoir-148552744,Reservoir,3073,7/845 Plenty Road,-37.72350402,145.0281636,2,1,townhouse,1,2025-07-24,,,"$480,000"
property-townhouse-vic-reservoir-148427540,Reservoir,3073,19B Liston Avenue,-37.69768542,145.0184973,3,2,townhouse,2,2025-07-23,262,m2,"$975,000"
property-house-vic-reservoir-148343532,Reservoir,3073,16 Broadhurst Avenue,-37.708493,145.00655,3,1,house,3,2025-07-23,743,m2,"$880,000"
property-house-vic-reservoir-148428612,Reservoir,3073,10 Greenock Street,-37.703131,145.02204,3,1,house,2,2025-07-23,235,m2,"$820,000"
property-townhouse-vic-reservoir-148495248,Reservoir,3073,4/5 Willoughby Street,-37.71782846,144.9955094,3,1,townhouse,2,2025-07-23,,,"$820,000"
property-unit-vic-reservoir-148423664,Reservoir,3073,5/70 Yarra Avenue,-37.71884255,145.0169788,3,1,unit,1,2025-07-22,,,"$670,000"
property-unit-vic-reservoir-148472084,Reservoir,3073,3/72 Lane Crescent,-37.71335932,145.0218029,2,1,unit,1,2025-07-22,,,"$655,000"
property-house-vic-reservoir-148456652,Reservoir,3073,20 York Street,-37.727652,144.989539,3,1,house,1,2025-07-21,666,m2,"$1,451,000"
property-townhouse-vic-reservoir-148257520,Reservoir,3073,3/89 Thackeray Road,-37.72100738,145.007957,2,1,townhouse,1,2025-07-21,193,m2,"$650,000"
property-house-vic-reservoir-148287320,Reservoir,3073,31 Willoughby Street,-37.716221,144.996223,3,2,house,4,2025-07-19,668,m2,"$1,402,000"
property-house-vic-reservoir-148332056,Reservoir,3073,7 Mason Street,-37.72904901,145.0104966,2,1,house,2,2025-07-19,775,m2,"$1,280,000"
property-house-vic-reservoir-148364792,Reservoir,3073,52 Lindenow Street,-37.6981627,145.0026978,3,1,house,3,2025-07-19,902,m2,"$930,000"
property-house-vic-reservoir-148078612,Reservoir,3073,149 Spring Street,-37.725966,145.001134,3,1,house,1,2025-07-19,500,m2,"$925,000"
property-townhouse-vic-reservoir-148365976,Reservoir,3073,1/76 Orrong Avenue,-37.711799,145.014493,4,2,townhouse,2,2025-07-19,,,"$880,000"
property-unit-vic-reservoir-148140392,Reservoir,3073,6/2 Whitby Street,-37.711959,145.003167,3,1,unit,1,2025-07-19,,,"$830,000"
property-house-vic-reservoir-148354200,Reservoir,3073,89 Burbank Drive,-37.698493,145.028696,3,1,house,3,2025-07-19,584,m2,"$810,000"
property-townhouse-vic-reservoir-147608624,Reservoir,3073,3/54 Cheddar Road,-37.708851,145.013711,2,1,townhouse,1,2025-07-19,100,m2,"$637,500"
property-unit-vic-reservoir-148371020,Reservoir,3073,4/6-8 Cleeland Street,-37.71724576,145.0049281,2,1,unit,1,2025-07-19,,,"$637,000"
property-townhouse-vic-reservoir-148295928,Reservoir,3073,3/59 Whitelaw Street,-37.71274048,145.0180628,2,1,townhouse,1,2025-07-19,140,m2,"$562,000"
property-townhouse-vic-reservoir-148359640,Reservoir,3073,1/24 Barry Street,-37.70948395,145.0059679,3,2,townhouse,1,2025-07-18,,,"$940,000"
property-residential land-vic-reservoir-204166044,Reservoir,3073,54 Lawley Street,-37.701642,144.991024,,,residential land,,2025-07-18,805,m2,"$820,000"
property-unit-vic-reservoir-148091940,Reservoir,3073,2/2 Aberdeen Street,-37.70408679,145.0181417,2,1,unit,1,2025-07-18,204,m2,"$601,000"
property-house-vic-reservoir-148210236,Reservoir,3073,1/129 Boldrewood Parade,-37.71404119,145.0221211,2,1,house,1,2025-07-18,345,m2,"$520,000"
property-house-vic-reservoir-148240452,Reservoir,3073,10-12 Nisbett Street,-37.728064,145.035333,4,2,house,6,2025-07-17,1182,m2,"$1,550,000"
property-house-vic-reservoir-146595340,Reservoir,3073,13 Borrie Street,-37.70661,145.019962,3,1,house,5,2025-07-17,633,m2,"$775,000"
property-house-vic-reservoir-147559280,Reservoir,3073,88 Massey Avenue,-37.699196,144.990274,3,1,house,2,2025-07-16,930,m2,"$1,025,000"
property-townhouse-vic-reservoir-148292360,Reservoir,3073,8/63 O'Connor Street,-37.71024219,144.9990402,2,2,townhouse,1,2025-07-16,,,"$620,000"
property-unit-vic-reservoir-148364284,Reservoir,3073,2/19 Mccomas Street,-37.72899291,145.0238192,2,1,unit,1,2025-07-16,,,"$572,000"
property-house-vic-reservoir-148421388,Reservoir,3073,43 Liston Avenue,-37.697459,145.016509,4,2,house,2,2025-07-15,,,"$1,164,000"
property-house-vic-reservoir-148364952,Reservoir,3073,1/198 Spring Street,-37.72150037,145.0031348,3,1,house,3,2025-07-15,333,m2,"$790,000"
property-townhouse-vic-reservoir-147949288,Reservoir,3073,6/923 High Street,-37.71265724,145.0080625,2,1,townhouse,1,2025-07-15,740,m2,"$651,000"
property-townhouse-vic-reservoir-148083744,Reservoir,3073,2/90 Arundel Avenue,-37.695952,145.0133858,2,1,townhouse,1,2025-07-15,,,"$568,000"
property-unit-vic-reservoir-148302020,Reservoir,3073,1/17 Newton Street,-37.73183888,145.0273832,2,1,unit,1,2025-07-14,,,"$590,000"
property-unit-vic-reservoir-148286660,Reservoir,3073,2/17 Lake Street,-37.71721491,144.9909116,2,1,unit,1,2025-07-13,,,"$565,000"
property-townhouse-vic-reservoir-148294412,Reservoir,3073,3/11-13 Olive Street,-37.71845658,145.0035509,3,2,townhouse,2,2025-07-12,350,m2,"$855,000"
property-unit-vic-reservoir-148331660,Reservoir,3073,2/5 Delaware Street,-37.7209399,145.0157057,3,2,unit,2,2025-07-12,219,m2,"$805,500"
property-townhouse-vic-reservoir-148281604,Reservoir,3073,3/107 St Vigeons Road,-37.70608398,145.0193748,2,1,townhouse,1,2025-07-12,745,m2,"$633,500"
property-unit-vic-reservoir-148126136,Reservoir,3073,1/146 St Vigeons Road,-37.70558821,145.0176673,2,1,unit,1,2025-07-12,222,m2,"$605,000"
property-villa-vic-reservoir-148300620,Reservoir,3073,2/16-18 Compton Street,-37.71455675,145.0028403,2,1,villa,1,2025-07-12,,,"$424,000"
property-house-vic-reservoir-147476180,Reservoir,3073,24 Legh Street,-37.702837,144.985548,4,2,house,4,2025-07-11,772,m2,"$1,010,000"
property-apartment-vic-reservoir-148058876,Reservoir,3073,8/11 George Street,-37.71822493,144.9999361,1,1,apartment,1,2025-07-11,,,"$395,000"
property-house-vic-reservoir-147480428,Reservoir,3073,3 Armstrong Street,-37.724038,144.99852,4,2,house,4,2025-07-09,504,m2,"$1,520,000"
property-unit-vic-reservoir-148394116,Reservoir,3073,3/115 Cuthbert Road,-37.71611774,145.0098712,3,1,unit,2,2025-07-09,,,"$730,000"
property-house-vic-reservoir-147890896,Reservoir,3073,25 Rosenthal Crescent,-37.700953,145.005686,5,2,house,4,2025-07-08,,,"$1,150,000"
property-house-vic-reservoir-147910804,Reservoir,3073,50 Nisbett Street,-37.727503,145.030888,3,1,house,1,2025-07-08,581,m2,"$750,000"
property-unit-vic-reservoir-148118564,Reservoir,3073,5/26 Harbury Street,-37.713432,145.000167,2,1,unit,1,2025-07-08,865,m2,"$725,000"
property-unit-vic-reservoir-148091064,Reservoir,3073,3/14 White Street,-37.709794,145.010169,2,1,unit,2,2025-07-07,,,"$650,000"
property-townhouse-vic-reservoir-147952652,Reservoir,3073,2B Whitelaw Street,-37.71696492,145.013028,2,1,townhouse,2,2025-07-07,92,m2,"$610,000"
property-unit-vic-reservoir-145800664,Reservoir,3073,5/62 Pine Street,-37.71846118,144.9982986,2,1,unit,1,2025-07-07,,,"$520,000"
property-house-vic-reservoir-148025060,Reservoir,3073,12B Landy Street,-37.710166,144.992019,4,3,house,2,2025-07-05,,,"$1,520,000"
property-house-vic-reservoir-148229132,Reservoir,3073,166 Purinuan Road,-37.707161,145.013607,3,2,house,5,2025-07-05,743,m2,"$1,193,500"
property-house-vic-reservoir-148242888,Reservoir,3073,38 Frankston Street,-37.724454,144.998055,3,1,house,1,2025-07-05,,,"$1,190,000"
property-townhouse-vic-reservoir-148253164,Reservoir,3073,1/86 Tyler Street,-37.73235795,145.0299542,3,2,townhouse,2,2025-07-05,,,"$888,000"
property-house-vic-reservoir-148217636,Reservoir,3073,13A Ramleh Road,-37.7085974,145.03158,3,2,house,4,2025-07-05,438,m2,"$800,000"
property-townhouse-vic-reservoir-148220116,Reservoir,3073,1/35 Whitelaw Street,-37.71405477,145.0153858,3,2,townhouse,2,2025-07-05,,,"$785,000"
property-townhouse-vic-reservoir-148188376,Reservoir,3073,1/1 Box Street,-37.7087397,145.0208704,2,2,townhouse,1,2025-07-05,204,m2,"$755,000"
property-house-vic-reservoir-148220120,Reservoir,3073,8 Banbury Road,-37.71378,144.989369,2,1,house,2,2025-07-05,446,m2,"$755,000"
property-unit-vic-reservoir-148225788,Reservoir,3073,2/30 Goulburn Avenue,-37.723306,145.021333,2,2,unit,1,2025-07-05,,,"$695,000"
property-house-vic-reservoir-148300708,Reservoir,3073,8 Royal Parade,-37.716,145.009219,3,1,house,2,2025-07-04,569,m2,"$1,270,000"
property-townhouse-vic-reservoir-148049504,Reservoir,3073,1/44 Rathcown Road,-37.71024321,145.0303321,3,2,townhouse,2,2025-07-03,230,m2,"$780,000"
property-house-vic-reservoir-148160048,Reservoir,3073,34 Massey Avenue,-37.703787,144.990002,3,1,house,4,2025-07-02,836,m2,"$865,000"
property-townhouse-vic-reservoir-148037368,Reservoir,3073,2/54 Newton Street,-37.73091797,145.0219917,2,1,townhouse,1,2025-07-02,,,"$677,500"
property-house-vic-reservoir-148285024,Reservoir,3073,8 Crookston Road,-37.710441,145.02374,3,1,house,4,2025-07-01,706,m2,"$925,000"
property-house-vic-reservoir-145888344,Reservoir,3073,1/43 Barton Street,-37.71177024,145.0039805,3,1,house,1,2025-07-01,,,"$720,000"
property-house-vic-reservoir-147962800,Reservoir,3073,4 Rose Court,-37.722397,145.000073,4,2,house,3,2025-06-30,510,m2,"$1,299,500"
property-townhouse-vic-reservoir-147789028,Reservoir,3073,2/79 Winter Crescent,-37.71682903,145.0251091,2,2,townhouse,1,2025-06-30,,,"$630,000"
property-house-vic-reservoir-148212204,Reservoir,3073,34 Ludeman Court,-37.698308,144.997976,3,1,house,4,2025-06-28,661,m2,"$878,500"
property-house-vic-reservoir-148188324,Reservoir,3073,5 Ludeman Court,-37.69895882,145.0007543,3,1,house,1,2025-06-28,382,m2,"$835,000"
property-house-vic-reservoir-148152440,Reservoir,3073,23 Croft Crescent,-37.719636,145.001656,3,2,house,2,2025-06-28,,,"$785,000"
property-house-vic-reservoir-148183848,Reservoir,3073,41 Andrews Avenue,-37.729984,145.032116,3,1,house,2,2025-06-28,555,m2,"$710,500"
property-unit-vic-reservoir-148160628,Reservoir,3073,3/44 Barry Street,-37.70934834,145.0045313,3,1,unit,2,2025-06-28,,,"$667,000"
property-unit-vic-reservoir-148192212,Reservoir,3073,3/153 Rathcown Road,-37.7088152,145.0162691,2,1,unit,1,2025-06-28,,,"$650,000"
property-unit-vic-reservoir-148183808,Reservoir,3073,2/16 Jinghi Road,-37.70608912,145.0133314,2,1,unit,2,2025-06-28,102,m2,"$537,500"
property-unit-vic-reservoir-148011904,Reservoir,3073,4/9 Asquith Street,-37.69712584,145.0081027,2,1,unit,4,2025-06-28,166,m2,"$490,000"
property-townhouse-vic-reservoir-148111972,Reservoir,3073,3/57 Yarra Avenue,-37.71933846,145.0179661,2,3,townhouse,2,2025-06-27,121,m2,"$782,500"
property-townhouse-vic-reservoir-148172912,Reservoir,3073,5/83-85 Howard Street,-37.71910791,145.0088772,2,1,townhouse,1,2025-06-27,,,"$775,000"
property-house-vic-reservoir-148258984,Reservoir,3073,1 Romsey Street,-37.69614181,145.0183715,2,2,house,2,2025-06-26,,,"$773,000"
property-apartment-vic-reservoir-148071428,Reservoir,3073,214/76 Tyler Street,-37.73275187,145.0307233,2,2,apartment,1,2025-06-26,,,"$457,500"
property-house-vic-reservoir-148193432,Reservoir,3073,28 Burbank Drive,-37.699439,145.025461,3,1,house,2,2025-06-24,,,"$775,000"
property-unit-vic-reservoir-148238404,Reservoir,3073,3/14 Drysdale Street,-37.72959286,145.0243933,2,1,unit,1,2025-06-23,,,"$430,000"
property-house-vic-reservoir-148094992,Reservoir,3073,11A Army Avenue,-37.722439,144.991393,4,3,house,2,2025-06-21,,,"$1,622,000"
property-house-vic-reservoir-148136776,Reservoir,3073,22 Jinghi Road,-37.706012,145.012787,3,2,house,2,2025-06-21,,,"$1,301,500"
property-house-vic-reservoir-148144664,Reservoir,3073,2 Bray Street,-37.699591,144.989152,4,2,house,4,2025-06-21,1117,m2,"$1,110,000"
property-house-vic-reservoir-148126124,Reservoir,3073,778 Plenty Road,-37.726377,145.021762,3,1,house,2,2025-06-21,835,m2,"$1,100,000"
property-house-vic-reservoir-148121060,Reservoir,3073,46 Botha Avenue,-37.703134,145.001419,3,1,house,4,2025-06-21,907,m2,"$970,000"
property-house-vic-reservoir-148103784,Reservoir,3073,41 Hughes Parade,-37.700307,145.002618,3,1,house,4,2025-06-21,836,m2,"$935,000"
property-townhouse-vic-reservoir-148126152,Reservoir,3073,2/15 Lucille Avenue,-37.69997416,145.0216852,3,1,townhouse,2,2025-06-21,140,m2,"$720,000"
property-unit-vic-reservoir-148136316,Reservoir,3073,1/27 Grimwade Street,-37.70236166,145.004208,2,1,unit,1,2025-06-21,149,m2,"$615,000"
property-townhouse-vic-reservoir-148085048,Reservoir,3073,3/4 Clingin Street,-37.72871676,145.0360576,2,1,townhouse,1,2025-06-21,150,m2,"$588,888"
property-apartment-vic-reservoir-148152252,Reservoir,3073,102a/59 Johnson Street,-37.69612286,145.0120604,2,2,apartment,1,2025-06-21,,,"$470,000"
property-townhouse-vic-reservoir-148183728,Reservoir,3073,3/105 Barton Street,-37.71145572,144.9981709,2,1,townhouse,2,2025-06-20,186,m2,"$690,000"
property-townhouse-vic-reservoir-147362600,Reservoir,3073,2/853 High Street,-37.72623403,145.0058793,2,2,townhouse,1,2025-06-20,,,"$689,000"
property-apartment-vic-reservoir-148132908,Reservoir,3073,204A/59 Johnson Street,-37.69612286,145.0120604,2,2,apartment,1,2025-06-20,,,"$395,000"
property-unit-vic-reservoir-147508104,Reservoir,3073,60/2 Gremel Road,-37.72423704,145.0303681,1,1,unit,1,2025-06-20,,,"$137,500"
property-house-vic-reservoir-148051104,Reservoir,3073,15 Shand Road,-37.722505,145.019255,2,1,house,1,2025-06-19,673,m2,"$850,000"
property-townhouse-vic-reservoir-148173312,Reservoir,3073,5/20-22  Thackeray Road,-37.72124313,145.0141308,2,2,townhouse,2,2025-06-19,,,"$766,000"
property-unit-vic-reservoir-147812872,Reservoir,3073,3/1 Station Street,-37.72981006,145.004799,2,1,unit,1,2025-06-19,152,m2,"$560,000"
property-house-vic-reservoir-147029392,Reservoir,3073,21 Summerhill Road,-37.72728,145.033186,2,1,house,2,2025-06-18,571,m2,"$730,000"
property-townhouse-vic-reservoir-147824980,Reservoir,3073,5/38 Pickett Street,-37.70358653,145.0133303,2,1,townhouse,1,2025-06-18,,,"$595,000"
property-house-vic-reservoir-147366444,Reservoir,3073,9 Zinnia Street,-37.715532,144.982232,5,2,house,4,2025-06-17,499,m2,"$780,000"
property-house-vic-reservoir-147789576,Reservoir,3073,2 Florence Close,-37.700691,144.983893,3,2,house,4,2025-06-16,575,m2,"$990,000"
property-unit-vic-reservoir-148135640,Reservoir,3073,3/12 Sturdee Street,-37.70174055,145.0090935,2,1,unit,1,2025-06-16,,,"$681,000"
property-house-vic-reservoir-148034148,Reservoir,3073,15 Clough Parade,-37.69844,145.035231,4,2,house,4,2025-06-14,558,m2,"$1,150,000"
property-house-vic-reservoir-148073372,Reservoir,3073,36 Pallant Avenue,-37.696217,144.994766,4,2,house,6,2025-06-14,840,m2,"$1,081,000"
property-house-vic-reservoir-148092068,Reservoir,3073,37 Epstein Street,-37.708355,144.993134,3,1,house,1,2025-06-14,516,m2,"$927,000"
property-house-vic-reservoir-148030000,Reservoir,3073,8 Whitelaw Street,-37.715652,145.013664,2,1,house,2,2025-06-14,710,m2,"$853,000"
property-unit-vic-reservoir-147640852,Reservoir,3073,4/136 Hickford Street,-37.70226773,145.0141196,3,2,unit,2,2025-06-14,,,"$651,000"
property-house-vic-reservoir-148032196,Reservoir,3073,969 High Street,-37.708513,145.008784,3,1,house,3,2025-06-14,594,m2,"$650,000"
property-unit-vic-reservoir-148008200,Reservoir,3073,3/46 Crookston Road,-37.70987224,145.0188547,2,1,unit,2,2025-06-14,141,m2,"$575,000"
property-unit-vic-reservoir-148076916,Reservoir,3073,5/15 Loddon Avenue,-37.72291703,145.0262038,2,1,unit,1,2025-06-13,,,"$530,000"
property-townhouse-vic-reservoir-147486060,Reservoir,3073,3/65 Dundee Street,-37.70237149,145.0244979,2,2,townhouse,1,2025-06-12,,,"$698,000"
property-unit-vic-reservoir-147927304,Reservoir,3073,6/148 Hickford Street,-37.70181983,145.0130169,2,1,unit,1,2025-06-12,,,"$534,500"
property-unit-vic-reservoir-148102416,Reservoir,3073,7/84-86 Pine Street,-37.71666659,144.998603,1,1,unit,1,2025-06-12,,,"$518,000"
property-unit-vic-reservoir-148117592,Reservoir,3073,4/2 Lake Street,-37.71710575,144.9919969,2,1,unit,2,2025-06-11,110,m2,"$603,000"
property-townhouse-vic-reservoir-148021772,Reservoir,3073,53B Miranda Road,-37.70732015,145.0210653,3,1,townhouse,2,2025-06-10,,,"$710,000"
property-unit-vic-reservoir-148083504,Reservoir,3073,2/16 Banff Street,-37.70428034,145.023768,2,1,unit,1,2025-06-10,,,"$615,000"
property-townhouse-vic-reservoir-147282600,Reservoir,3073,2/6 McComas Street,-37.7289874,145.0261888,2,1,townhouse,2,2025-06-10,942,m2,"$541,000"
property-house-vic-reservoir-148024324,Reservoir,3073,29 Chenies Street,-37.70963053,145.0291389,3,1,house,2,2025-06-09,,,"$720,000"
property-unit-vic-reservoir-144452692,Reservoir,3073,3/34 Drysdale Street,-37.72913377,145.0223918,2,1,unit,1,2025-06-08,,,"$535,000"
property-house-vic-reservoir-147953536,Reservoir,3073,59 Crookston Rd,-37.710078,145.018248,5,1,house,3,2025-06-07,687,m2,"$905,000"
property-unit-vic-reservoir-148012192,Reservoir,3073,1/49 Orrong Avenue,-37.71176173,145.0139465,2,1,unit,1,2025-06-07,269,m2,"$721,250"
property-unit-vic-reservoir-148039520,Reservoir,3073,6/30 Ashley Street,-37.71713453,145.0024269,2,1,unit,1,2025-06-07,,,"$430,000"
property-house-vic-reservoir-147754632,Reservoir,3073,16 Crawley Street,-37.725771,145.004509,3,2,house,3,2025-06-06,532,m2,"$1,435,000"
property-townhouse-vic-reservoir-147874040,Reservoir,3073,3/9 Delaware Street,-37.72109638,145.0153199,3,2,townhouse,2,2025-06-06,,,"$783,000"
property-townhouse-vic-reservoir-148037568,Reservoir,3073,5/16 Bernard Street,-37.71764932,145.0105024,2,1,townhouse,1,2025-06-06,,,"$627,000"
property-apartment-vic-reservoir-147891940,Reservoir,3073,9/72 King William Street,-37.72603087,145.0070785,1,1,apartment,1,2025-06-06,,,"$299,000"
property-house-vic-reservoir-147957276,Reservoir,3073,19 Fulham Grove,-37.72472379,144.9951321,2,1,house,3,2025-05-31,,,"$1,020,000"
property-house-vic-reservoir-147927596,Reservoir,3073,17 Allenby Avenue,-37.704092,145.007439,3,1,house,4,2025-05-31,1109,m2,"$990,000"
property-house-vic-reservoir-147948336,Reservoir,3073,31A Steane Street,-37.730444,145.022425,3,1,house,2,2025-05-31,491,m2,"$983,000"
property-house-vic-reservoir-147959032,Reservoir,3073,10 Luke Street,-37.710095,144.990512,3,1,house,1,2025-05-31,,,"$933,000"
property-house-vic-reservoir-147921252,Reservoir,3073,3 Corvey Road,-37.708338,145.012328,3,1,house,1,2025-05-31,743,m2,"$920,000"
property-house-vic-reservoir-147948360,Reservoir,3073,1/161 Rathcown Road,-37.70892613,145.0154123,2,1,house,2,2025-05-31,305,m2,"$846,000"
property-house-vic-reservoir-147955504,Reservoir,3073,1A Lindsay Street,-37.719098,145.013448,3,1,house,2,2025-05-31,288,m2,"$811,500"
property-house-vic-reservoir-147955500,Reservoir,3073,93 Cheddar Road,-37.70584,145.014879,3,1,house,4,2025-05-31,,,"$799,000"
property-townhouse-vic-reservoir-147981736,Reservoir,3073,3/16 Clements Grove,-37.71393179,145.0236051,3,2,townhouse,2,2025-05-31,,,"$762,000"
property-townhouse-vic-reservoir-148027520,Reservoir,3073,2/62 Northernhay Street,-37.7242888,145.0087251,2,1,townhouse,1,2025-05-31,138,m2,"$715,755"
property-townhouse-vic-reservoir-147907008,Reservoir,3073,2/13 McCrae Street,-37.70527884,145.0106977,2,1,townhouse,1,2025-05-31,190,m2,"$715,000"
property-townhouse-vic-reservoir-147494268,Reservoir,3073,4/5 Dunolly Crescent,-37.71613471,145.020583,3,2,townhouse,2,2025-05-31,,,"$690,000"
property-unit-vic-reservoir-148031860,Reservoir,3073,2/5 Ashton Street,-37.73145731,145.0205611,2,1,unit,2,2025-05-30,154,m2,"$605,000"
property-house-vic-reservoir-147877692,Reservoir,3073,31 Best Street,-37.712433,144.997063,4,2,house,2,2025-05-29,643,m2,"$1,320,000"
property-townhouse-vic-reservoir-147582624,Reservoir,3073,1/69 Hickford Street,-37.705521,145.023258,4,2,townhouse,2,2025-05-29,228,m2,"$902,000"
property-townhouse-vic-reservoir-147961864,Reservoir,3073,3/74B St Vigeons Road,-37.70613582,145.024877,3,2,townhouse,2,2025-05-29,,,"$802,500"
property-townhouse-vic-reservoir-147903648,Reservoir,3073,1B Epstein Street,-37.71089755,144.9927219,3,2,townhouse,2,2025-05-28,,,"$780,000"
property-house-vic-reservoir-147884748,Reservoir,3073,8 Colthur Street,-37.709475,144.992219,3,1,house,1,2025-05-28,591,m2,"$740,000"
property-townhouse-vic-reservoir-147355044,Reservoir,3073,25 Wattlebird Crescent,-37.69278628,144.9836461,3,2,townhouse,2,2025-05-28,362,m2,"$730,000"
property-townhouse-vic-reservoir-147268680,Reservoir,3073,3/30 Orrong Avenue,-37.71379039,145.0110731,3,2,townhouse,1,2025-05-28,,,"$640,000"
property-unit-vic-reservoir-145622352,Reservoir,3073,1/11 Mahoneys Road,-37.69487344,145.0089432,3,2,unit,4,2025-05-28,201,m2,"$535,000"
property-townhouse-vic-reservoir-147809404,Reservoir,3073,1/20 Duffy Street,-37.71029607,145.0077527,3,2,townhouse,1,2025-05-27,,,"$852,000"
property-house-vic-reservoir-147304964,Reservoir,3073,78 Arundel Avenue,-37.696073,145.014481,3,1,house,8,2025-05-27,631,m2,"$800,000"
property-house-vic-reservoir-147926184,Reservoir,3073,162 Broadhurst Avenue,-37.706653,144.985286,3,1,house,4,2025-05-25,812,m2,"$900,000"
property-house-vic-reservoir-147855348,Reservoir,3073,22 Keilor Avenue,-37.71943,145.026678,5,1,house,10,2025-05-24,592,m2,"$1,066,000"
property-house-vic-reservoir-147846176,Reservoir,3073,1/187 Edwardes Street,-37.71552565,144.9970109,3,2,house,2,2025-05-24,502,m2,"$1,000,000"
property-house-vic-reservoir-147877736,Reservoir,3073,10 Rosenthal Crescent,-37.702195,145.003441,3,1,house,4,2025-05-24,597,m2,"$888,000"
property-house-vic-reservoir-147883228,Reservoir,3073,7 Braithwaite Street,-37.698753,144.99869,3,1,house,1,2025-05-24,,,"$850,000"
property-house-vic-reservoir-147879352,Reservoir,3073,3  Burbank Drive,-37.697152,145.023469,3,1,house,2,2025-05-24,585,m2,"$825,000"
property-unit-vic-reservoir-147870084,Reservoir,3073,2/71 McFadzean Avenue,-37.7049694,144.9975419,3,1,unit,2,2025-05-24,,,"$737,000"
property-townhouse-vic-reservoir-147880984,Reservoir,3073,1/830 High Street,-37.72384649,145.006709,3,1,townhouse,1,2025-05-24,,,"$705,000"
property-house-vic-reservoir-147892620,Reservoir,3073,1 Merrilands Road,-37.696005,145.00989,3,1,house,3,2025-05-23,764,m2,"$910,000"
property-house-vic-reservoir-147961484,Reservoir,3073,1/41 Dundee Street,-37.70261254,145.0221155,3,1,house,1,2025-05-23,,,"$730,000"
property-townhouse-vic-reservoir-147545820,Reservoir,3073,3/6 Boldrewood Parade,-37.72447527,145.0233859,2,1,townhouse,1,2025-05-23,,,"$580,000"
property-townhouse-vic-reservoir-147905980,Reservoir,3073,16 Haig Street,-37.72754,144.995124,3,3,townhouse,2,2025-05-22,,,"$1,126,000"
property-house-vic-reservoir-147787532,Reservoir,3073,12A Claremont Crescent,-37.6955976,144.9796812,3,1,house,2,2025-05-22,278,m2,"$650,000"
property-townhouse-vic-reservoir-147545376,Reservoir,3073,4/87 Darebin Boulevard,-37.703988,145.029674,3,2,townhouse,4,2025-05-21,845,m2,"$805,000"
property-house-vic-reservoir-147543788,Reservoir,3073,27 Cheddar Road,-37.711315,145.010887,3,1,house,2,2025-05-20,501,m2,"$915,000"
property-townhouse-vic-reservoir-147967204,Reservoir,3073,8/84-86 Howard Street,-37.71868918,145.0081663,3,2,townhouse,2,2025-05-20,173,m2,"$860,000"
property-unit-vic-reservoir-147964332,Reservoir,3073,2/21 Mason Street,-37.72849213,145.0088611,2,1,unit,1,2025-05-20,,,"$730,000"
property-unit-vic-reservoir-147948308,Reservoir,3073,3/65 Hickford Street,-37.70554124,145.023551,2,1,unit,1,2025-05-19,,,"$660,000"
property-house-vic-reservoir-147853596,Reservoir,3073,33 Darebin Boulevard,-37.70326,145.023307,3,1,house,3,2025-05-18,836,m2,"$765,000"
property-house-vic-reservoir-147794820,Reservoir,3073,21 Excelsior Street,-37.724442,144.997375,3,1,house,2,2025-05-17,545,m2,"$1,050,000"
property-house-vic-reservoir-147835440,Reservoir,3073,169 Glasgow Avenue,-37.705027,144.985545,4,2,house,4,2025-05-17,892,m2,"$1,000,000"
property-townhouse-vic-reservoir-147832628,Reservoir,3073,1A Beenak Street,-37.71135065,145.0256129,3,2,townhouse,4,2025-05-17,,,"$945,000"
property-house-vic-reservoir-147829628,Reservoir,3073,15 Kelverne Street,-37.714714,144.981845,3,2,house,3,2025-05-17,492,m2,"$857,000"
property-house-vic-reservoir-147835636,Reservoir,3073,1/6 Corvey Road,-37.70806691,145.0124722,3,1,house,2,2025-05-17,,,"$760,000"
property-townhouse-vic-reservoir-147808776,Reservoir,3073,2/35 OConnor Street,-37.71081945,145.0015447,3,2,townhouse,1,2025-05-16,121,m2,"$860,000"
property-unit-vic-reservoir-145222368,Reservoir,3073,2/17 Nocton Street,-37.724338,144.985839,2,1,unit,1,2025-05-16,,,"$700,000"
property-unit-vic-reservoir-147827444,Reservoir,3073,5/177 Edwardes Street,-37.71558913,144.9975376,2,1,unit,1,2025-05-16,145,m2,"$561,000"
property-unit-vic-reservoir-146890640,Reservoir,3073,19/2A Crookston Road,-37.71053544,145.0244011,2,1,unit,1,2025-05-16,,,"$541,000"
property-house-vic-reservoir-147829608,Reservoir,3073,48 Carrington Road,-37.721507,144.988048,3,1,house,6,2025-05-15,557,m2,"$1,250,000"
property-townhouse-vic-reservoir-147853760,Reservoir,3073,16/15 Chenies Street,-37.71084443,145.0289197,3,2,townhouse,1,2025-05-15,144,m2,"$640,000"
property-unit-vic-reservoir-147724232,Reservoir,3073,2/27 Whitelaw Street,-37.71466095,145.0147457,2,1,unit,2,2025-05-14,,,"$603,000"
property-house-vic-reservoir-147743436,Reservoir,3073,5 Orange Avenue,-37.712012,145.012116,2,1,house,2,2025-05-13,604,m2,"$670,000"
property-apartment-vic-reservoir-147478280,Reservoir,3073,5/759 Gilbert Road,-37.71917559,144.9930694,2,2,apartment,2,2025-05-13,,,"$490,000"
property-unit-vic-reservoir-147263708,Reservoir,3073,14/696 Plenty Road,-37.73036665,145.0158163,2,1,unit,1,2025-05-13,,,"$435,000"
property-house-vic-reservoir-147346636,Reservoir,3073,32 & 32a Fulham Grove,-37.72431152,144.9941445,4,2,house,4,2025-05-12,536,m2,"$1,110,000"
property-house-vic-reservoir-147723548,Reservoir,3073,41 Glasgow Avenue,-37.705449,145.002435,3,1,house,4,2025-05-10,824,m2,"$1,105,000"
property-house-vic-reservoir-147723244,Reservoir,3073,1 Wellman Street,-37.698858,144.996408,3,1,house,4,2025-05-10,573,m2,"$843,000"
property-unit-vic-reservoir-147768176,Reservoir,3073,1/34 Northernhay Street,-37.72457089,145.0112769,3,1,unit,1,2025-05-10,279,m2,"$801,000"
property-house-vic-reservoir-147797896,Reservoir,3073,14 Summerhill Road,-37.727097,145.034053,3,1,house,2,2025-05-10,674,m2,"$747,000"
property-townhouse-vic-reservoir-147682184,Reservoir,3073,3/39 Royal Parade,-37.71465586,145.0103004,2,1,townhouse,1,2025-05-10,,,"$677,500"
property-unit-vic-reservoir-147808440,Reservoir,3073,1/3 Erskine Avenue,-37.72409383,145.0255564,2,1,unit,1,2025-05-10,147,m2,"$650,000"
property-townhouse-vic-reservoir-147781836,Reservoir,3073,74C Cheddar Road,-37.70608534,145.0158212,2,1,townhouse,4,2025-05-10,175,m2,"$590,000"
property-unit-vic-reservoir-147787528,Reservoir,3073,6/15-17 Chaleyer Street,-37.72823578,145.026593,2,1,unit,1,2025-05-10,,,"$559,500"
property-house-vic-reservoir-147624128,Reservoir,3073,7 Bartrop Street,-37.697855,144.986204,5,3,house,4,2025-05-09,943,m2,"$1,900,000"
property-house-vic-reservoir-147374356,Reservoir,3073,66 Strathmerton Street,-37.713201,145.016928,3,1,house,2,2025-05-09,728,m2,"$780,000"
property-house-vic-reservoir-143310008,Reservoir,3073,183 Albert Street,-37.728746,145.025443,3,1,house,2,2025-05-09,633,m2,"$720,000"
property-house-vic-reservoir-147730168,Reservoir,3073,104 Radford Road,-37.701541,144.985129,3,1,house,2,2025-05-08,606,m2,"$920,000"
property-house-vic-reservoir-147426880,Reservoir,3073,2 Taylor Avenue,-37.722418,144.999165,3,1,house,2,2025-05-08,538,m2,"$900,000"
property-townhouse-vic-reservoir-147835624,Reservoir,3073,2/191 Purinuan Road,-37.70769627,145.0127305,2,1,townhouse,1,2025-05-08,,,"$665,000"
property-house-vic-reservoir-147387824,Reservoir,3073,114 Spring Street,-37.728514,145.001032,3,1,house,4,2025-05-07,465,m2,"$770,000"
property-townhouse-vic-reservoir-147565384,Reservoir,3073,1/57 Lane Crescent,-37.71312861,145.0194928,3,2,townhouse,2,2025-05-07,244,m2,"$749,000"
property-house-vic-reservoir-146662948,Reservoir,3073,27 Harmer Street,-37.70147,145.013861,3,1,house,5,2025-05-07,,,"$730,000"
property-townhouse-vic-reservoir-147668596,Reservoir,3073,4/84 Tyler Street,-37.73268516,145.0301233,3,2,townhouse,2,2025-05-04,,,"$708,000"
property-house-vic-reservoir-147744752,Reservoir,3073,2-4 Nisbett Street,-37.728139,145.036023,6,2,house,4,2025-05-03,879,m2,"$1,025,000"
property-house-vic-reservoir-147743712,Reservoir,3073,12 Oulton Crescent,-37.726719,145.028719,3,1,house,2,2025-05-03,609,m2,"$902,000"
property-townhouse-vic-reservoir-147638560,Reservoir,3073,1/96 Crookston Road,-37.70935385,145.0145839,2,2,townhouse,1,2025-05-03,,,"$788,000"
property-house-vic-reservoir-147728720,Reservoir,3073,9 Clements Grove,-37.713785,145.023254,2,1,house,4,2025-05-03,608,m2,"$725,000"
property-house-vic-reservoir-147734340,Reservoir,3073,1A Balfour Street,-37.695286,145.005237,2,1,house,2,2025-05-03,,,"$710,000"
property-house-vic-reservoir-147745100,Reservoir,3073,35 Boldrewood Parade,-37.72213,145.021637,3,1,house,2,2025-05-03,696,m2,"$696,000"
property-unit-vic-reservoir-147728724,Reservoir,3073,3/161 Rathcown Road,-37.70892613,145.0154123,2,1,unit,1,2025-05-03,,,"$610,000"
property-townhouse-vic-reservoir-145937296,Reservoir,3073,2/7 Steane Street,-37.730914,145.026259,2,2,townhouse,1,2025-05-02,,,"$590,000"
property-unit-vic-reservoir-147666992,Reservoir,3073,1/27 Allenby Avenue,-37.70321909,145.0066195,3,1,unit,2,2025-05-01,177,m2,"$695,000"
property-unit-vic-reservoir-147089700,Reservoir,3073,3/27 Elsey Road,-37.705219,145.011571,2,1,unit,1,2025-05-01,,,"$455,000"
property-house-vic-reservoir-147728884,Reservoir,3073,22 Burbank Drive,-37.699056,145.025188,3,1,house,2,2025-04-30,583,m2,"$750,000"
property-townhouse-vic-reservoir-147849740,Reservoir,3073,1/24 Crevelli Street,-37.7308772,145.030238,2,1,townhouse,1,2025-04-30,,,"$600,000"
property-unit-vic-reservoir-147755660,Reservoir,3073,1/41 Storey Road,-37.72361868,145.0119218,2,1,unit,1,2025-04-29,,,"$670,000"
property-unit-vic-reservoir-147657144,Reservoir,3073,7/14 Merino Street,-37.7075857,145.0329591,2,1,unit,1,2025-04-29,163,m2,"$515,500"
property-unit-vic-reservoir-145407540,Reservoir,3073,2/6 Griffiths Street,-37.71364789,144.995925,2,1,unit,1,2025-04-29,,,"$450,000"
property-unit-vic-reservoir-146791424,Reservoir,3073,3/35 Hobbs Crescent,-37.70602975,145.0054335,3,1,unit,2,2025-04-28,238,m2,"$890,000"
property-house-vic-reservoir-147308168,Reservoir,3073,7 Dorrington Avenue,-37.727103,145.025249,3,1,house,2,2025-04-28,624,m2,"$715,000"
property-house-vic-reservoir-147680732,Reservoir,3073,8 Hosken Street,-37.727081,144.986695,3,2,house,4,2025-04-26,707,m2,"$1,055,000"
property-house-vic-reservoir-147603392,Reservoir,3073,50 Kia Ora Road,-37.719914,144.988126,3,1,house,4,2025-04-26,519,m2,"$927,500"
property-house-vic-reservoir-147596372,Reservoir,3073,70 Tunaley Parade,-37.697233,145.028832,3,1,house,4,2025-04-26,596,m2,"$830,000"
property-house-vic-reservoir-147666976,Reservoir,3073,6 Summerhill Road,-37.727288,145.035807,3,1,house,4,2025-04-26,663,m2,"$812,500"
property-house-vic-reservoir-147666996,Reservoir,3073,33 Keon Parade,-37.69595,145.018764,3,1,house,4,2025-04-26,341,m2,"$610,000"
property-house-vic-reservoir-147416100,Reservoir,3073,53 Dumbarton Street,-37.702232,145.029164,5,2,house,5,2025-04-24,611,m2,"$1,800,000"
property-house-vic-reservoir-147296076,Reservoir,3073,14B Wilkinson Street,-37.72641446,145.018435,4,3,house,2,2025-04-24,,,"$1,640,000"
property-unit-vic-reservoir-147412852,Reservoir,3073,12/13 Elsey Road,-37.70537006,145.013551,1,1,unit,1,2025-04-23,2504,m2,"$365,000"
property-unit-vic-reservoir-147480220,Reservoir,3073,1/30 Kelsby Street,-37.71317272,144.9987134,1,1,unit,2,2025-04-23,76,m2,"$360,000"
property-townhouse-vic-reservoir-147025356,Reservoir,3073,2/19 Arundel Avenue,-37.69690208,145.0192034,2,2,townhouse,1,2025-04-22,165,m2,"$730,000"
property-unit-vic-reservoir-147586940,Reservoir,3073,3/23 Compton Street,-37.71394246,145.0025559,2,1,unit,2,2025-04-19,165,m2,"$640,000"
property-unit-vic-reservoir-147608608,Reservoir,3073,3/30 Miranda Road,-37.70735963,145.0237656,2,1,unit,1,2025-04-19,,,"$570,000"
property-house-vic-reservoir-147430716,Reservoir,3073,18 Joffre Street,-37.729294,145.013027,4,2,house,4,2025-04-17,742,m2,"$1,661,000"
property-house-vic-reservoir-147237744,Reservoir,3073,90 Rathcown Road,-37.709359,145.02319,3,1,house,1,2025-04-17,,,"$950,000"
property-unit-vic-reservoir-147608616,Reservoir,3073,157 Boldrewood Parade,-37.71196109,145.0225829,3,1,unit,1,2025-04-17,239,m2,"$640,000"
property-unit-vic-reservoir-147568808,Reservoir,3073,2/13 Miranda Road,-37.70790255,145.0258664,2,1,unit,1,2025-04-17,,,"$432,000"
property-unit-vic-reservoir-147363216,Reservoir,3073,9/3-5 Whitelaw Street,-37.7156767,145.0130263,1,1,unit,1,2025-04-17,,,"$345,000"
property-unit-vic-reservoir-147541656,Reservoir,3073,1/1-3 McFadzean Avenue,-37.71137045,144.9971328,2,1,unit,1,2025-04-16,,,"$615,000"
property-house-vic-reservoir-147067736,Reservoir,3073,158 Hughes Parade,-37.694897,144.99132,4,3,house,2,2025-04-15,,,"$1,060,000"
property-house-vic-reservoir-147502708,Reservoir,3073,10 Vale Street,-37.726876,144.990535,3,2,house,5,2025-04-12,,,"$1,260,000"
property-house-vic-reservoir-147504712,Reservoir,3073,14 Corvey Road,-37.707988,145.011883,3,2,house,2,2025-04-12,743,m2,"$1,145,000"
property-house-vic-reservoir-147192800,Reservoir,3073,14 Barron Street,-37.70556,144.986143,3,1,house,4,2025-04-12,808,m2,"$942,000"
property-house-vic-reservoir-147522448,Reservoir,3073,78 Lloyd Avenue,-37.697699,145.01361,3,1,house,4,2025-04-12,557,m2,"$936,000"
property-house-vic-reservoir-147507744,Reservoir,3073,37 Hughes Parade,-37.700341,145.003037,3,1,house,4,2025-04-12,661,m2,"$879,000"
property-house-vic-reservoir-147554196,Reservoir,3073,31 Orrong Avenue,-37.7127,145.012313,2,1,house,2,2025-04-12,,,"$795,000"
property-townhouse-vic-reservoir-147554408,Reservoir,3073,8/4 Kelsby Street,-37.714844,144.998416,2,1,townhouse,1,2025-04-12,,,"$750,000"
property-house-vic-reservoir-147557384,Reservoir,3073,147 Rathcown Road,-37.70889748,145.0166873,3,1,house,1,2025-04-12,,,"$729,000"
property-unit-vic-reservoir-147577184,Reservoir,3073,5/12 Willoughby Street,-37.71801081,144.9962993,2,1,unit,1,2025-04-12,215,m2,"$660,000"
property-unit-vic-reservoir-147493600,Reservoir,3073,3/177 Edwardes Street,-37.71558913,144.9975376,2,1,unit,1,2025-04-12,,,"$545,000"
property-unit-vic-reservoir-147488200,Reservoir,3073,4/22 Hickford Street,-37.70588661,145.0289938,2,1,unit,1,2025-04-11,,,"$549,000"
property-unit-vic-reservoir-147475268,Reservoir,3073,4/17 Dundee Street,-37.70346674,145.0199192,2,1,unit,1,2025-04-10,204,m2,"$588,000"
property-house-vic-reservoir-147191808,Reservoir,3073,50 Dundee Street,-37.702531,145.023372,3,1,house,4,2025-04-09,563,m2,"$975,000"
property-townhouse-vic-reservoir-147585376,Reservoir,3073,3/170 Spring Street,-37.72340768,145.0019182,2,2,townhouse,1,2025-04-09,,,"$705,000"
property-unit-vic-reservoir-147315496,Reservoir,3073,4/50 St Vigeons Road,-37.70677568,145.0274999,2,1,unit,2,2025-04-09,149,m2,"$555,000"
property-townhouse-vic-reservoir-147629268,Reservoir,3073,2/16 Haig Street,-37.72754,144.995124,3,2,townhouse,2,2025-04-08,,,"$1,002,000"
property-house-vic-reservoir-147309544,Reservoir,3073,15 McFadzean Avenue,-37.710256,144.997314,3,1,house,3,2025-04-07,446,m2,"$760,000"
property-house-vic-reservoir-147491688,Reservoir,3073,1 Jinghi Road,-37.706457,145.014068,3,2,house,2,2025-04-05,442,m2,"$999,000"
property-house-vic-reservoir-147503704,Reservoir,3073,1 Delaware Street,-37.72097985,145.0160339,2,1,house,1,2025-04-05,,,"$957,000"
property-house-vic-reservoir-147476496,Reservoir,3073,62 Goulburn Avenue,-37.720842,145.020037,2,1,house,6,2025-04-05,621,m2,"$890,000"
property-house-vic-reservoir-147480312,Reservoir,3073,17A North Road,-37.72113015,145.0254813,3,2,house,2,2025-04-05,227,m2,"$855,000"
property-house-vic-reservoir-147476444,Reservoir,3073,5 Maclagan Crescent,-37.706852,145.008125,3,2,house,6,2025-04-05,,,"$815,000"
property-townhouse-vic-reservoir-147489708,Reservoir,3073,3/44 Dundee Street,-37.70268229,145.0227413,2,2,townhouse,1,2025-04-05,,,"$705,000"
property-house-vic-reservoir-147473364,Reservoir,3073,42 Home Street,-37.7255775,145.0207447,2,1,house,2,2025-04-05,127,m2,"$690,000"
property-unit-vic-reservoir-147489448,Reservoir,3073,1/29 Chaleyer Street,-37.72795211,145.0241955,2,1,unit,1,2025-04-05,273,m2,"$650,000"
property-apartment-vic-reservoir-147457996,Reservoir,3073,4/74 King William Street,-37.72601019,145.0068498,1,1,apartment,1,2025-04-05,,,"$315,000"
property-house-vic-reservoir-147296372,Reservoir,3073,26 Mcfadzean Avenue,-37.706424,144.998291,3,1,house,2,2025-04-04,497,m2,"$855,000"
property-townhouse-vic-reservoir-147477568,Reservoir,3073,2/28 Pickett Street,-37.70407128,145.0145276,3,3,townhouse,2,2025-04-04,,,"$800,000"
property-townhouse-vic-reservoir-147032868,Reservoir,3073,3/15 Horton Street,-37.723555,144.986575,3,2,townhouse,2,2025-04-04,,,"$760,000"
property-townhouse-vic-reservoir-147345440,Reservoir,3073,47C Whitelaw Street,-37.71317729,145.0173083,3,2,townhouse,2,2025-04-04,147,m2,"$740,000"
property-townhouse-vic-reservoir-147562324,Reservoir,3073,3/23 Lake Street,-37.71711939,144.9901734,3,2,townhouse,1,2025-04-03,,,"$881,000"
property-unit-vic-reservoir-147354212,Reservoir,3073,2/50 Pickett Street,-37.7037437,145.0118612,2,1,unit,1,2025-04-03,,,"$402,000"
property-unit-vic-reservoir-147536932,Reservoir,3073,3/15-16 Macartney Street,-37.71206019,145.009098,1,1,unit,1,2025-04-03,,,"$385,000"
property-townhouse-vic-reservoir-147495380,Reservoir,3073,2/47 Mason Street,-37.72818632,145.0063109,3,1,townhouse,1,2025-04-01,,,"$870,000"
property-unit-vic-reservoir-147553448,Reservoir,3073,3/36 Myrtle Grove,-37.72822288,144.9989059,2,1,unit,1,2025-04-01,,,"$600,000"
property-house-vic-reservoir-147431512,Reservoir,3073,7 McIvor Street,-37.726726,145.016227,3,2,house,2,2025-03-29,623,m2,"$1,755,000"
property-house-vic-reservoir-147337416,Reservoir,3073,17 Bourke Street,-37.724801,144.99041,3,1,house,1,2025-03-29,485,m2,"$995,000"
property-house-vic-reservoir-147389116,Reservoir,3073,98 Wilson Boulevard,-37.697489,144.997998,4,2,house,2,2025-03-29,,,"$967,000"
property-townhouse-vic-reservoir-147490088,Reservoir,3073,1/17 McComas Street,-37.72922942,145.0239278,2,1,townhouse,2,2025-03-29,,,"$690,000"
property-townhouse-vic-reservoir-146464524,Reservoir,3073,3/6-8 Box Street,-37.70765789,145.0214333,2,1,townhouse,1,2025-03-29,,,"$615,000"
property-unit-vic-reservoir-147412924,Reservoir,3073,8/29-31 Ashley Street,-37.71731496,145.0020046,2,1,unit,1,2025-03-29,131,m2,"$579,000"
property-house-vic-reservoir-147382060,Reservoir,3073,6 Arbor Avenue,,,5,3,house,2,2025-03-28,466,m2,"$1,330,000"
property-house-vic-reservoir-147423108,Reservoir,3073,31 Evans Crescent,-37.71491606,145.021895,2,1,house,1,2025-03-28,375,m2,"$750,000"
property-townhouse-vic-reservoir-147563028,Reservoir,3073,2/6 Locher Avenue,-37.70054183,145.0234048,2,2,townhouse,1,2025-03-28,,,"$630,000"
property-unit-vic-reservoir-147479984,Reservoir,3073,9/77 Pine Street,-37.71723319,144.9981135,2,1,unit,1,2025-03-28,177,m2,"$621,000"
property-unit-vic-reservoir-146891252,Reservoir,3073,4/32 Banff Street,-37.7045468,145.0258898,2,1,unit,1,2025-03-28,,,"$474,000"
property-unit-vic-reservoir-147068380,Reservoir,3073,3/13 Crookston Road,-37.71070825,145.0231742,2,1,unit,1,2025-03-28,,,"$365,000"
property-house-vic-reservoir-147325064,Reservoir,3073,122 Glasgow Avenue,-37.70447,144.988317,3,1,house,2,2025-03-27,964,m2,"$1,050,000"
property-townhouse-vic-reservoir-147282664,Reservoir,3073,4/2 Barry Street,-37.70972124,145.0080774,2,1,townhouse,1,2025-03-27,,,"$632,000"
property-flat-vic-reservoir-147118276,Reservoir,3073,3/833 High Street,-37.72716233,145.0057124,2,1,flat,1,2025-03-27,,,"$475,000"
property-house-vic-reservoir-147414596,Reservoir,3073,22 Sturdee Street,-37.70097867,145.0092573,3,1,house,4,2025-03-25,466,m2,"$775,000"
property-townhouse-vic-reservoir-144801976,Reservoir,3073,4/79 St Vigeons Road,-37.706463,145.022462,3,2,townhouse,2,2025-03-25,,,"$750,000"
property-unit-vic-reservoir-147428556,Reservoir,3073,5/37 Barton Street,-37.71183129,145.0045379,2,1,unit,1,2025-03-25,,,"$650,000"
property-unit-vic-reservoir-147359012,Reservoir,3073,1/155 Hickford Street,-37.70225008,145.0130699,2,1,unit,1,2025-03-25,,,"$580,000"
property-unit-vic-reservoir-147126060,Reservoir,3073,3/46 Ashton Street,-37.72761339,145.0216419,2,1,unit,1,2025-03-24,147,m2,"$525,000"
property-unit-vic-reservoir-147417992,Reservoir,3073,7/34 McComas Street,-37.72851996,145.0222471,1,1,unit,1,2025-03-24,,,"$410,000"
property-house-vic-reservoir-147347760,Reservoir,3073,3 Daventry Street,-37.715014,145.00102,3,2,house,4,2025-03-22,560,m2,"$1,320,000"
property-house-vic-reservoir-147225508,Reservoir,3073,83 Hughes Parade,-37.699795,144.997449,3,1,house,4,2025-03-22,848,m2,"$940,000"
property-house-vic-reservoir-147359888,Reservoir,3073,21 O'Connor Street,-37.71063307,145.0034565,3,2,house,2,2025-03-22,,,"$852,500"
property-house-vic-reservoir-147331704,Reservoir,3073,88 Edwardes Street,-37.715745,145.002147,3,1,house,1,2025-03-22,457,m2,"$840,000"
property-house-vic-reservoir-147363556,Reservoir,3073,38 Epstein Street,-37.708326,144.99351,3,1,house,1,2025-03-22,,,"$750,000"
property-townhouse-vic-reservoir-147387428,Reservoir,3073,16 Glenvale Road,-37.72046588,144.9875624,2,1,townhouse,2,2025-03-22,,,"$711,500"
property-unit-vic-reservoir-147355444,Reservoir,3073,22A Rosenthal Crescent,-37.70127,145.005806,2,1,unit,1,2025-03-22,,,"$662,000"
property-unit-vic-reservoir-147355356,Reservoir,3073,2/18 McComas Street,-37.72873164,145.0240413,2,1,unit,1,2025-03-22,,,"$590,000"
property-house-vic-reservoir-147343928,Reservoir,3073,829 High Street,-37.72744496,145.0056616,3,2,house,2,2025-03-21,,,"$1,550,000"
property-house-vic-reservoir-147347608,Reservoir,3073,49 Barry Street,-37.709405,145.001897,3,1,house,3,2025-03-21,490,m2,"$800,000"
property-townhouse-vic-reservoir-147105812,Reservoir,3073,2/2 Spratling Street,-37.71803142,144.9949655,3,2,townhouse,1,2025-03-21,,,"$790,000"
property-house-vic-reservoir-147360196,Reservoir,3073,20 McMahon Road,-37.711502,145.024132,4,1,house,2,2025-03-20,,,"$1,100,000"
property-house-vic-reservoir-147416080,Reservoir,3073,195 Edwardes Street,-37.715425,144.996041,3,2,house,3,2025-03-19,611,m2,"$1,200,000"
property-house-vic-reservoir-147428472,Reservoir,3073,120 North Road,-37.722478,145.014446,3,1,house,2,2025-03-19,743,m2,"$1,130,000"
property-house-vic-reservoir-147306004,Reservoir,3073,31 Rathcown Road,-37.710746,145.031718,5,2,house,6,2025-03-19,750,m2,"$1,000,000"
property-townhouse-vic-reservoir-147315592,Reservoir,3073,1/27 Kenilworth Street,-37.71412094,145.0047354,2,1,townhouse,1,2025-03-19,,,"$605,000"
property-townhouse-vic-reservoir-147377652,Reservoir,3073,2/124 Boldrewood Parade,-37.713784,145.02263,3,2,townhouse,2,2025-03-18,,,"$755,000"
property-unit-vic-reservoir-147293076,Reservoir,3073,8/15-17 Byfield Street,-37.7146592,145.0037916,2,1,unit,1,2025-03-17,,,"$420,000"
property-house-vic-reservoir-147173336,Reservoir,3073,16 Kinsale Street,-37.722559,144.99527,4,2,house,2,2025-03-15,,,"$1,390,000"
property-house-vic-reservoir-147231060,Reservoir,3073,34 Leamington Street,-37.712659,145.005088,3,2,house,2,2025-03-15,694,m2,"$1,106,000"
property-unit-vic-reservoir-147290304,Reservoir,3073,40 Mcmahon Road,-37.71115803,145.0211245,3,1,unit,1,2025-03-15,331,m2,"$750,000"
property-house-vic-reservoir-147282560,Reservoir,3073,1/21 Kerang Avenue,-37.71986299,145.0270907,2,1,house,1,2025-03-15,216,m2,"$745,000"
property-townhouse-vic-reservoir-147143756,Reservoir,3073,3/37 Storey Road,-37.723677,145.012326,2,2,townhouse,1,2025-03-15,,,"$740,000"
property-unit-vic-reservoir-147296080,Reservoir,3073,3/40 Barton Street,-37.71131088,145.0024139,2,1,unit,1,2025-03-15,220,m2,"$631,000"
property-townhouse-vic-reservoir-147184884,Reservoir,3073,2/7 Elsey Road,-37.70544569,145.0141587,2,1,townhouse,1,2025-03-15,204,m2,"$607,000"
property-townhouse-vic-reservoir-147084576,Reservoir,3073,129B Hickford Street,-37.70339034,145.0152342,3,2,townhouse,3,2025-03-13,203,m2,"$680,000"
property-house-vic-reservoir-147200884,Reservoir,3073,16 Autumndale Avenue,-37.728619,145.03614,2,1,house,2,2025-03-11,,,"$585,000"
property-unit-vic-reservoir-147267036,Reservoir,3073,5/39 Ashley Street,-37.71673291,145.0021029,2,1,unit,1,2025-03-11,,,"$570,000"
property-unit-vic-reservoir-145858828,Reservoir,3073,3/54-56 St Vigeons Road,-37.70673,145.027071,2,1,unit,1,2025-03-11,,,"$565,000"
property-house-vic-reservoir-147140588,Reservoir,3073,45 Newton Street,-37.731381,145.023524,3,1,house,4,2025-03-09,762,m2,"$1,175,000"
property-house-vic-reservoir-147296488,Reservoir,3073,19 Southernhay Street,-37.725678,145.012341,4,2,house,2,2025-03-08,621,m2,"$1,635,000"
property-house-vic-reservoir-147233272,Reservoir,3073,33 Lane Crescent,-37.714543,145.016847,3,3,house,2,2025-03-08,650,m2,"$1,220,000"
property-house-vic-reservoir-147231768,Reservoir,3073,2 Charlton Crescent,-37.719781,145.025012,2,1,house,1,2025-03-08,347,m2,"$700,000"
property-unit-vic-reservoir-147144068,Reservoir,3073,1/13 Shand Road,-37.72270615,145.019234,1,1,unit,1,2025-03-08,,,"$500,000"
property-unit-vic-reservoir-147026140,Reservoir,3073,4/26 Barry Street,-37.70947469,145.0056502,2,1,unit,1,2025-03-08,,,"$480,000"
property-unit-vic-reservoir-147215964,Reservoir,3073,3/65 Whitelaw Street,-37.7124936,145.0184874,1,1,unit,2,2025-03-08,119,m2,"$398,000"
property-house-vic-reservoir-146732316,Reservoir,3073,130 Broadway,-37.717793,145.018281,5,1,house,4,2025-03-07,616,m2,"$1,100,000"
property-house-vic-reservoir-146377312,Reservoir,3073,68 Ayr Street,-37.70261166,145.0339146,3,2,house,6,2025-03-07,963,m2,"$950,000"
property-house-vic-reservoir-147386620,Reservoir,3073,1 Orrong Avenue,-37.714224,145.00972,3,1,house,2,2025-03-07,746,m2,"$900,000"
property-house-vic-reservoir-146827760,Reservoir,3073,53 Fordham Road,-37.713927,145.021515,3,1,house,4,2025-03-06,651,m2,"$750,000"
property-townhouse-vic-reservoir-147174928,Reservoir,3073,4/8 Inverness Street,-37.703143,145.030853,4,3,townhouse,2,2025-03-06,,,"$716,000"
property-house-vic-reservoir-147226332,Reservoir,3073,1/24 Seston Street,-37.73121264,145.0341523,2,2,house,1,2025-03-06,,,"$621,000"
property-house-vic-reservoir-147166968,Reservoir,3073,1/69 Delaware Street,-37.72024723,145.010024,3,1,house,3,2025-03-05,,,"$755,000"
property-house-vic-reservoir-146730020,Reservoir,3073,797 Plenty Road,-37.72562954,145.0221861,4,1,house,2,2025-03-04,,,"$956,000"
property-house-vic-reservoir-145340336,Reservoir,3073,44 Purinuan Road,-37.70896,145.028385,4,1,house,2,2025-03-04,762,m2,"$747,000"
property-townhouse-vic-reservoir-146335052,Reservoir,3073,2/32 Orrong Avenue,-37.71370916,145.0112125,2,1,townhouse,1,2025-03-04,,,"$579,000"
property-house-vic-reservoir-147139056,Reservoir,3073,63 North Road,-37.723279,145.02029,3,1,house,2,2025-03-03,,,"$1,220,000"
property-unit-vic-reservoir-147080896,Reservoir,3073,1/13 Fyfe Street,-37.705773,145.011892,3,1,unit,4,2025-03-03,,,"$550,000"
property-house-vic-reservoir-147166232,Reservoir,3073,2 Horton Street,-37.723397,144.987809,3,1,house,1,2025-03-01,,,"$1,110,000"
property-townhouse-vic-reservoir-147150620,Reservoir,3073,2/18 Winter Crescent,-37.719231,145.028249,5,3,townhouse,2,2025-03-01,,,"$900,000"
property-house-vic-reservoir-147182768,Reservoir,3073,48 Knox Street,-37.725055,144.98785,2,1,house,1,2025-03-01,,,"$885,000"
property-house-vic-reservoir-147150336,Reservoir,3073,24 Robins Avenue,-37.699436,145.028535,3,1,house,4,2025-03-01,,,"$832,000"
property-house-vic-reservoir-147129928,Reservoir,3073,2/24 Mcmahon Road,-37.71146976,145.0236975,3,2,house,1,2025-03-01,256,m2,"$756,000"
property-townhouse-vic-reservoir-147122820,Reservoir,3073,1A Kingsley Road,-37.7214686,144.9924085,2,1,townhouse,2,2025-03-01,,,"$730,000"
property-townhouse-vic-reservoir-147150288,Reservoir,3073,5/6-8 Box Street,-37.70765789,145.0214333,2,1,townhouse,2,2025-03-01,,,"$642,000"
property-townhouse-vic-reservoir-146967348,Reservoir,3073,42B Drysdale Street,-37.72916495,145.020769,3,2,townhouse,2,2025-02-28,,,"$828,000"
property-unit-vic-reservoir-147150308,Reservoir,3073,2/33 Barry Street,-37.70968214,145.0046652,2,1,unit,1,2025-02-28,,,"$473,500"
property-unit-vic-reservoir-147257468,Reservoir,3073,4A Colthur Street,-37.709635,144.993644,3,1,unit,1,2025-02-27,365,m2,"$775,000"
property-townhouse-vic-reservoir-145814080,Reservoir,3073,2/17 Summerhill Road,-37.72730354,145.0335225,2,1,townhouse,1,2025-02-27,,,"$590,000"
property-unit-vic-reservoir-146950544,Reservoir,3073,5/696 Plenty Road,-37.73036665,145.0158163,1,1,unit,1,2025-02-25,,,"$280,000"
property-unit-vic-reservoir-147065116,Reservoir,3073,1/7 Drysdale Street,-37.73009318,145.0262188,2,1,unit,1,2025-02-24,129,m2,"$441,188"
property-house-vic-reservoir-147065232,Reservoir,3073,55 Lawley Street,-37.701375,144.990725,3,2,house,2,2025-02-22,,,"$1,265,000"
property-townhouse-vic-reservoir-147083028,Reservoir,3073,1/11 Hosken Street,-37.72743605,144.9861035,4,3,townhouse,2,2025-02-22,,,"$1,171,000"
property-house-vic-reservoir-147026568,Reservoir,3073,12 Broadhurst Avenue,-37.708537,145.007002,2,1,house,3,2025-02-22,1040,m2,"$1,085,000"
property-house-vic-reservoir-147026576,Reservoir,3073,41 Botha Avenue,-37.702761,145.001214,3,1,house,3,2025-02-22,695,m2,"$910,000"
property-house-vic-reservoir-147096492,Reservoir,3073,2 Mccasker Avenue,-37.704247,145.004849,3,1,house,2,2025-02-22,893,m2,"$880,000"
property-townhouse-vic-reservoir-147086280,Reservoir,3073,2/24 Eisenhower Street,-37.73007712,145.0277224,3,3,townhouse,1,2025-02-22,,,"$840,000"
property-house-vic-reservoir-147047572,Reservoir,3073,46 Lockton Avenue,-37.695531,144.981493,3,1,house,2,2025-02-22,534,m2,"$800,000"
property-house-vic-reservoir-147109028,Reservoir,3073,1/17 Delaware Street,-37.72079858,145.0145451,2,1,house,1,2025-02-22,300,m2,"$800,000"
property-house-vic-reservoir-147080908,Reservoir,3073,29 Cheddar Road,-37.711199,145.010958,3,2,house,2,2025-02-22,577,m2,"$785,000"
property-unit-vic-reservoir-147064996,Reservoir,3073,3/32 Willoughby Street,-37.71672073,144.9965406,2,1,unit,1,2025-02-22,,,"$525,000"
property-house-vic-reservoir-145848232,Reservoir,3073,22 Erskine Avenue,-37.722947,145.025177,3,1,house,1,2025-02-20,721,m2,"$1,020,000"
property-unit-vic-reservoir-145270396,Reservoir,3073,3/41 Hickford Street,-37.70585405,145.0261295,1,1,unit,1,2025-02-19,,,"$355,000"
property-townhouse-vic-reservoir-147072404,Reservoir,3073,6/36-38 Leamington Street,-37.71262438,145.0048089,2,1,townhouse,1,2025-02-18,,,"$620,000"
property-townhouse-vic-reservoir-147013880,Reservoir,3073,2/10 Odowd Street,-37.71867316,145.0163404,2,1,townhouse,1,2025-02-17,,,"$625,000"
property-townhouse-vic-reservoir-147029048,Reservoir,3073,1/95 Darebin Boulevard,-37.704065,145.030477,3,2,townhouse,2,2025-02-15,,,"$900,000"
property-house-vic-reservoir-146981636,Reservoir,3073,29 Arundel Avenue,-37.696794,145.018245,3,1,house,1,2025-02-15,,,"$770,000"
property-house-vic-reservoir-147029320,Reservoir,3073,66 Whitelaw Street,-37.7125,145.019182,3,1,house,4,2025-02-15,695,m2,"$766,000"
property-house-vic-reservoir-147021696,Reservoir,3073,132 Edwardes Street,-37.715492,144.999828,3,1,house,2,2025-02-15,,,"$735,000"
property-townhouse-vic-reservoir-147048544,Reservoir,3073,2c Taylor Avenue,-37.72255042,145.0002242,2,1,townhouse,1,2025-02-15,,,"$705,000"
property-unit-vic-reservoir-147029568,Reservoir,3073,3/21 Purinuan Road,-37.70992663,145.0321756,2,1,unit,1,2025-02-15,,,"$600,000"
property-townhouse-vic-reservoir-147029300,Reservoir,3073,1/15 Compton Street,-37.71439003,145.002476,2,1,townhouse,2,2025-02-15,,,"$587,500"
property-townhouse-vic-reservoir-147143752,Reservoir,3073,1/37 Storey Road,-37.723677,145.012326,3,2,townhouse,2,2025-02-14,,,"$1,001,000"
property-townhouse-vic-reservoir-147090180,Reservoir,3073,6/64 Broadhurst Avenue,-37.70790658,144.9999249,3,2,townhouse,2,2025-02-14,,,"$800,000"
property-unit-vic-reservoir-147182476,Reservoir,3073,2/8 Shand Road,-37.72412575,145.0193214,3,2,unit,2,2025-02-13,,,"$970,000"
property-unit-vic-reservoir-147015228,Reservoir,3073,5/35 Ashley Street,-37.7170273,145.0020532,2,1,unit,1,2025-02-12,,,"$536,000"
property-apartment-vic-reservoir-147044168,Reservoir,3073,4/763 High Street,-37.72931638,145.0053125,1,1,apartment,1,2025-02-09,,,"$392,550"
property-house-vic-reservoir-146915900,Reservoir,3073,205 Broadhurst Avenue,-37.706945,144.984937,3,1,house,8,2025-02-08,718,m2,"$790,000"
property-townhouse-vic-reservoir-146910056,Reservoir,3073,2/70 Miranda Road,-37.70685639,145.0196002,2,1,townhouse,2,2025-02-08,,,"$575,000"
property-unit-vic-reservoir-146631644,Reservoir,3073,1/827-829 Plenty Road,-37.72433381,145.0267338,2,1,unit,1,2025-02-07,,,"$420,000"
property-townhouse-vic-reservoir-146642992,Reservoir,3073,6/157 Hickford Street,-37.70198343,145.0126521,2,1,townhouse,1,2025-02-06,,,"$702,500"
property-house-vic-reservoir-145786560,Reservoir,3073,828 High Street,-37.72395,145.006692,4,1,house,2,2025-02-05,327,m2,"$769,049"
property-townhouse-vic-reservoir-146982456,Reservoir,3073,3/161 Wilson Boulevard,-37.69698161,144.9966992,3,2,townhouse,1,2025-02-05,,,"$700,000"
property-townhouse-vic-reservoir-146891628,Reservoir,3073,3/59 Pickett Street,-37.70395992,145.0111515,3,1,townhouse,1,2025-02-04,,,"$703,000"
property-house-vic-reservoir-147032708,Reservoir,3073,2/7 Kyneton Avenue,-37.717744,145.025481,3,2,house,4,2025-02-03,,,"$830,000"
property-house-vic-reservoir-146933724,Reservoir,3073,6/71 Pine Street,-37.71776591,144.9980234,2,1,house,1,2025-02-01,,,"$385,000"
property-house-vic-reservoir-146586236,Reservoir,3073,45 Winter Crescent,-37.718819,145.027307,4,2,house,3,2025-01-31,576,m2,"$905,000"
property-townhouse-vic-reservoir-146903436,Reservoir,3073,2/114 Crookston Road,-37.7089821,145.0115539,2,2,townhouse,1,2025-01-31,,,"$641,000"
property-townhouse-vic-reservoir-146639136,Reservoir,3073,3/2 Borrie Street,-37.70868651,145.0203002,2,1,townhouse,1,2025-01-31,,,"$630,000"
property-apartment-vic-reservoir-145715396,Reservoir,3073,10/261-263 Broadway,-37.71719473,145.0097834,3,1,apartment,1,2025-01-30,,,"$585,000"
property-house-vic-reservoir-146607224,Reservoir,3073,25A Liston Avenue,-37.69763957,145.0180964,3,2,house,2,2025-01-29,,,"$705,000"
property-townhouse-vic-reservoir-146890636,Reservoir,3073,6/16 Banff Street,-37.70428034,145.023768,2,1,townhouse,1,2025-01-28,206,m2,"$650,000"
property-townhouse-vic-reservoir-144104848,Reservoir,3073,8/86-88 Royal Parade,-37.7133107,145.0138234,1,1,townhouse,1,2025-01-28,,,"$491,000"
property-house-vic-reservoir-146084648,Reservoir,3073,62 Marchant Avenue,-37.713413,145.015573,3,1,house,2,2025-01-24,649,m2,"$820,000"
property-house-vic-reservoir-146893704,Reservoir,3073,135 Cheddar Road,-37.699044,145.019665,3,1,house,3,2025-01-23,522,m2,"$715,000"
property-residential land-vic-reservoir-204055204,Reservoir,3073,102 Massey Avenue,-37.6967775,144.9910183,,,residential land,,2025-01-22,529,m2,"$650,000"
property-townhouse-vic-reservoir-146544968,Reservoir,3073,8B Crevelli Street,-37.73216431,145.029687,3,2,townhouse,2,2025-01-21,123,m2,"$685,000"
property-townhouse-vic-reservoir-145631472,Reservoir,3073,7/161 Wilson Boulevard,-37.69698161,144.9966992,3,3,townhouse,2,2025-01-17,,,"$700,000"
property-apartment-vic-reservoir-146501324,Reservoir,3073,2/29 Macartney Street,-37.70935,145.009782,2,1,apartment,1,2025-01-17,,,"$330,000"
property-house-vic-reservoir-146380128,Reservoir,3073,47 Henty Street,-37.71916601,144.9987084,3,1,house,2,2025-01-15,552,m2,"$925,000"
property-townhouse-vic-reservoir-145758048,Reservoir,3073,1/26 Thackeray Road,-37.72142359,145.0138176,3,2,townhouse,3,2025-01-14,,,"$770,000"
property-house-vic-reservoir-146259740,Reservoir,3073,1/22 Evans Crescent,-37.71515411,145.0214697,3,1,house,1,2025-01-14,,,"$637,500"
property-townhouse-vic-reservoir-146544580,Reservoir,3073,1B Birdwood Street,-37.72934,144.995913,2,1,townhouse,2,2024-12-31,,,"$720,000"
property-townhouse-vic-reservoir-144864968,Reservoir,3073,2/9 Smith Street,-37.70249328,145.011412,2,1,townhouse,1,2024-12-31,,,"$555,000"
property-townhouse-vic-reservoir-146320708,Reservoir,3073,1/36 Seston Street,-37.73046203,145.0342949,2,1,townhouse,1,2024-12-30,,,"$600,000"
property-house-vic-reservoir-146649868,Reservoir,3073,38 Ashley St,-37.716509,145.002534,3,2,house,2,2024-12-27,557,m2,"$935,000"
property-unit-vic-reservoir-146303064,Reservoir,3073,9A Marshall Drive,-37.701118,145.0275784,3,1,unit,5,2024-12-24,348,m2,"$675,000"
property-house-vic-reservoir-146597124,Reservoir,3073,4 McColl Street,-37.731288,145.01911,3,1,house,2,2024-12-23,513,m2,"$800,000"
property-unit-vic-reservoir-146595404,Reservoir,3073,4/96 Darebin Boulevard,-37.70433394,145.0318601,2,1,unit,1,2024-12-23,,,"$555,000"
property-house-vic-reservoir-146680964,Reservoir,3073,1/90 Arundel Avenue,-37.695952,145.0133858,3,2,house,1,2024-12-22,288,m2,"$730,000"
property-unit-vic-reservoir-146668996,Reservoir,3073,15/2 Gremel Road,-37.72423704,145.0303681,1,1,unit,1,2024-12-22,,,"$90,000"
property-house-vic-reservoir-146761960,Reservoir,3073,28 Morris Street,-37.698051,145.005117,3,1,house,2,2024-12-21,890,m2,"$740,000"
property-house-vic-reservoir-146718788,Reservoir,3073,10 Lucille Avenue,-37.700225,145.021822,3,1,house,2,2024-12-21,,,"$709,000"
property-house-vic-reservoir-146726776,Reservoir,3073,39 Charlton Crescent,-37.718076,145.023333,3,1,house,3,2024-12-21,649,m2,"$681,000"
property-townhouse-vic-reservoir-146701084,Reservoir,3073,1/5 Ashley Street,-37.71884252,145.0017467,2,1,townhouse,1,2024-12-21,,,"$616,000"
property-apartment-vic-reservoir-145948588,Reservoir,3073,1/755 Plenty Road,-37.72774522,145.0191686,2,1,apartment,1,2024-12-20,,,"$413,000"
property-unit-vic-reservoir-146540580,Reservoir,3073,2/49 Northernhay Street,-37.72472185,145.0100659,2,1,unit,1,2024-12-19,,,"$530,000"
property-house-vic-reservoir-146392492,Reservoir,3073,16 Pershing STREET,-37.725365,144.9955,3,1,house,4,2024-12-18,697,m2,"$1,100,000"
property-house-vic-reservoir-146512896,Reservoir,3073,35 Goulburn Avenue,-37.722272,145.020396,3,1,house,2,2024-12-18,686,m2,"$950,000"
property-townhouse-vic-reservoir-146518932,Reservoir,3073,2/14 Nicholson Avenue,-37.72236734,145.0276479,3,1,townhouse,1,2024-12-18,,,"$685,000"
property-townhouse-vic-reservoir-146361916,Reservoir,3073,1N Bonview Street,-37.72157639,144.9897751,3,2,townhouse,2,2024-12-17,,,"$820,000"
property-townhouse-vic-reservoir-146656952,Reservoir,3073,2/17 Joffre Street,-37.72946428,145.0126318,2,1,townhouse,2,2024-12-17,,,"$748,000"
property-unit-vic-reservoir-144516048,Reservoir,3073,3/91 Darebin Boulevard,-37.70400566,145.0299657,2,1,unit,1,2024-12-17,,,"$495,000"
property-house-vic-reservoir-146626720,Reservoir,3073,7 St Johns Court,-37.698777,145.025774,3,1,house,4,2024-12-14,,,"$885,000"
property-house-vic-reservoir-146661344,Reservoir,3073,51 Allenby Avenue,-37.701418,145.004902,3,1,house,4,2024-12-14,862,m2,"$865,000"
property-townhouse-vic-reservoir-146651064,Reservoir,3073,2/630 Gilbert Road,-37.72469251,144.9925568,2,1,townhouse,2,2024-12-14,131,m2,"$710,000"
property-unit-vic-reservoir-146542044,Reservoir,3073,2/5 Smith Street,-37.70298618,145.0116185,3,1,unit,1,2024-12-14,,,"$650,000"
property-unit-vic-reservoir-146661128,Reservoir,3073,3/10 Faye Street,-37.7271635,145.0272552,3,1,unit,1,2024-12-14,,,"$645,000"
property-house-vic-reservoir-146682888,Reservoir,3073,52a Cheddar Road,-37.708912,145.013742,2,1,house,1,2024-12-14,451,m2,"$545,000"
property-unit-vic-reservoir-146660776,Reservoir,3073,3/1-3 McFadzean Avenue,-37.71137045,144.9971328,2,1,unit,1,2024-12-14,141,m2,"$538,500"
property-townhouse-vic-reservoir-146517396,Reservoir,3073,1/1 Horton Street,-37.723674,144.98774,3,2,townhouse,2,2024-12-13,,,"$890,000"
property-house-vic-reservoir-146623676,Reservoir,3073,8 Greenock Street,-37.70325,145.02215,3,2,house,3,2024-12-13,669,m2,"$885,000"
property-house-vic-reservoir-146320532,Reservoir,3073,2B Carrol Street,-37.71270001,145.0118703,3,2,house,2,2024-12-13,,,"$840,000"
property-house-vic-reservoir-146650252,Reservoir,3073,66 Massey Avenue,-37.700984,144.989976,5,3,house,4,2024-12-12,870,m2,"$1,241,000"
property-house-vic-reservoir-146588692,Reservoir,3073,58 Dredge Street,-37.695779,144.993406,4,2,house,8,2024-12-12,808,m2,"$1,030,000"
property-house-vic-reservoir-146121028,Reservoir,3073,41 Purinuan Road,-37.709546,145.030581,2,1,house,4,2024-12-12,743,m2,"$753,000"
property-house-vic-reservoir-146376604,Reservoir,3073,38 Powell Street,-37.72627,145.000502,3,1,house,2,2024-12-11,495,m2,"$870,000"
property-house-vic-reservoir-146732732,Reservoir,3073,70 Rathcown Road,-37.709931,145.027779,3,1,house,4,2024-12-10,539,m2,"$750,000"
property-unit-vic-reservoir-146635660,Reservoir,3073,2/70 Purinuan Road,-37.70858045,145.0255303,1,1,unit,1,2024-12-09,,,"$355,000"
property-house-vic-reservoir-146573204,Reservoir,3073,26 Sturdee Street,-37.700465,145.009328,3,1,house,4,2024-12-07,886,m2,"$965,000"
property-house-vic-reservoir-146597364,Reservoir,3073,15 Banbury Road,-37.713072,144.989093,3,1,house,4,2024-12-07,,,"$920,000"
property-house-vic-reservoir-146586528,Reservoir,3073,81 Miranda Road,-37.706902,145.017471,3,1,house,,2024-12-07,727,m2,"$920,000"
property-house-vic-reservoir-146595384,Reservoir,3073,132 Purinuan Road,-37.707645,145.017689,3,1,house,2,2024-12-07,653,m2,"$761,000"
property-house-vic-reservoir-146595232,Reservoir,3073,1/65 Hickford Street,-37.70554124,145.023551,3,2,house,2,2024-12-07,245,m2,"$757,000"
property-unit-vic-reservoir-146588760,Reservoir,3073,2/68 Pine Street,-37.71781305,144.9984113,2,1,unit,1,2024-12-07,,,"$671,000"
property-house-vic-reservoir-146595052,Reservoir,3073,9 Lambassa Grove,-37.698655,145.018484,3,1,house,3,2024-12-07,,,"$670,000"
property-unit-vic-reservoir-146573184,Reservoir,3073,2/74 Miranda Road,-37.70680453,145.0191869,3,1,unit,2,2024-12-07,,,"$668,000"
property-unit-vic-reservoir-146540740,Reservoir,3073,1/26 Best Street,-37.71303815,144.9973746,2,1,unit,1,2024-12-07,,,"$660,000"
property-residential land-vic-reservoir-204020204,Reservoir,3073,34 Kinsale Street,-37.721426,144.995459,,,residential land,,2024-12-06,631,m2,"$905,000"
property-house-vic-reservoir-146540196,Reservoir,3073,3/5 Biran Court,-37.71109982,145.013897,2,1,house,1,2024-12-06,,,"$625,000"
property-unit-vic-reservoir-146777960,Reservoir,3073,2/24 Banff Street,-37.70439309,145.0246877,2,1,unit,2,2024-12-06,133,m2,"$550,000"
property-house-vic-reservoir-146700592,Reservoir,3073,83 Henty Street,-37.71904,144.997702,3,2,house,2,2024-12-05,585,m2,"$1,180,000"
property-townhouse-vic-reservoir-146373244,Reservoir,3073,1/65 Dundee Street,-37.70237149,145.0244979,2,1,townhouse,1,2024-12-05,189,m2,"$667,500"
property-house-vic-reservoir-146025220,Reservoir,3073,15 Sturdee Street,-37.700719,145.008856,3,1,house,1,2024-12-03,584,m2,"$740,000"
property-unit-vic-reservoir-146293916,Reservoir,3073,2/8 Anstey Avenue,-37.69209403,144.9755073,2,1,unit,2,2024-12-03,120,m2,"$550,000"
property-townhouse-vic-reservoir-146386140,Reservoir,3073,3/15 Compton Street,-37.71439003,145.002476,2,1,townhouse,1,2024-12-02,,,"$555,000"
property-house-vic-reservoir-146512792,Reservoir,3073,22 O'Donnell Street,-37.706475,144.99542,3,1,house,3,2024-11-30,823,m2,"$1,020,000"
property-house-vic-reservoir-146539968,Reservoir,3073,69 O'Connor Street,-37.710107,144.998124,3,1,house,4,2024-11-30,534,m2,"$810,000"
property-house-vic-reservoir-146532248,Reservoir,3073,56 Wilson Boulevard,-37.699747,144.993548,3,1,house,3,2024-11-30,599,m2,"$730,000"
property-residential land-vic-reservoir-204036596,Reservoir,3073,53 Liston Avenue,-37.697374,145.015728,,,residential land,,2024-11-30,,,"$695,000"
property-unit-vic-reservoir-146518696,Reservoir,3073,2/3 Drysdale Street,-37.73014235,145.0266438,2,2,unit,1,2024-11-30,,,"$650,000"
property-house-vic-reservoir-146295040,Reservoir,3073,22 York Street,-37.72763,144.989335,4,3,house,2,2024-11-29,618,m2,"$1,900,000"
property-townhouse-vic-reservoir-145358968,Reservoir,3073,5/37 Storey Road,-37.723677,145.012326,4,3,townhouse,2,2024-11-29,,,"$1,100,000"
property-house-vic-reservoir-146607344,Reservoir,3073,10 Darebin Boulevard,-37.704314,145.021668,3,2,house,2,2024-11-29,836,m2,"$1,035,000"
property-house-vic-reservoir-146446828,Reservoir,3073,76 McMahon Road,-37.710749,145.017924,3,1,house,4,2024-11-29,701,m2,"$860,000"
property-house-vic-reservoir-146461984,Reservoir,3073,4 Dole Avenue,-37.700425,145.02032,3,1,house,4,2024-11-29,782,m2,"$755,000"
property-apartment-vic-reservoir-146668560,Reservoir,3073,215/76 Tyler Street,-37.73275187,145.0307233,2,2,apartment,1,2024-11-29,,,"$444,000"
property-townhouse-vic-reservoir-146543192,Reservoir,3073,2/21 Locksley Avenue,-37.7231218,144.9956202,2,2,townhouse,1,2024-11-28,,,"$742,500"
property-house-vic-reservoir-146582700,Reservoir,3073,167 Wilson Boulevard,-37.69705,144.997126,5,3,house,2,2024-11-27,754,m2,"$1,360,000"
property-townhouse-vic-reservoir-145408024,Reservoir,3073,1/23 Barwon Avenue,-37.723127,145.02355,4,2,townhouse,2,2024-11-26,,,"$950,000"
property-unit-vic-reservoir-146049028,Reservoir,3073,1-4/854 High Street,-37.72088694,145.0071937,2,1,unit,1,2024-11-25,698,m2,"$1,250,000"
property-house-vic-reservoir-145911928,Reservoir,3073,48 Banbury Road,-37.709771,144.990022,3,1,house,3,2024-11-25,534,m2,"$750,000"
property-townhouse-vic-reservoir-146183908,Reservoir,3073,2/71 Thackeray Road,-37.72116777,145.0093681,2,1,townhouse,1,2024-11-25,,,"$720,000"
property-unit-vic-reservoir-146471708,Reservoir,3073,4/58 St Vigeons Road,-37.70668736,145.0266778,2,1,unit,1,2024-11-25,,,"$600,000"
property-house-vic-reservoir-146472668,Reservoir,3073,15 Cameron Street,-37.727331,144.99926,4,2,house,2,2024-11-23,,,"$1,455,000"
property-house-vic-reservoir-146437168,Reservoir,3073,15 Elliot Street,-37.707021,145.000543,3,1,house,3,2024-11-23,1044,m2,"$1,201,000"
property-house-vic-reservoir-146458484,Reservoir,3073,5 Churchill Avenue,-37.69266,144.975401,4,2,house,2,2024-11-23,,,"$760,000"
property-house-vic-reservoir-146430564,Reservoir,3073,7 Keon Parade,-37.696179,145.020773,3,1,house,4,2024-11-23,574,m2,"$755,000"
property-house-vic-reservoir-146477452,Reservoir,3073,1/17 Suffolk Street,-37.70764532,145.0110044,3,1,house,1,2024-11-23,213,m2,"$740,000"
property-unit-vic-reservoir-146386300,Reservoir,3073,3/14 Nicholson Avenue,-37.72236734,145.0276479,2,1,unit,1,2024-11-23,,,"$585,000"
property-unit-vic-reservoir-146430992,Reservoir,3073,1/4 Mack Street,-37.70333884,145.0134009,2,1,unit,2,2024-11-23,,,"$578,200"
property-house-vic-reservoir-145398932,Reservoir,3073,4B Liston Avenue,-37.697587,145.020373,4,3,house,2,2024-11-22,,,"$900,000"
property-townhouse-vic-reservoir-146472680,Reservoir,3073,11 Robinson Road,-37.72822351,145.0035099,3,2,townhouse,2,2024-11-22,,,"$893,500"
property-house-vic-reservoir-145180384,Reservoir,3073,1A McShane Street,-37.702858,144.999498,5,2,house,4,2024-11-21,773,m2,"$905,000"
property-townhouse-vic-reservoir-146471424,Reservoir,3073,2A Fulham Grove,-37.72468003,144.9970542,2,2,townhouse,1,2024-11-21,,,"$780,000"
property-house-vic-reservoir-146563048,Reservoir,3073,1 Epstein Street,-37.710772,144.992706,2,1,house,2,2024-11-20,753,m2,"$922,500"
property-house-vic-reservoir-146413892,Reservoir,3073,23 Henderson Street,-37.697357,145.001404,3,1,house,3,2024-11-20,865,m2,"$825,000"
property-townhouse-vic-reservoir-146448016,Reservoir,3073,1/71 Leamington Street,-37.71207367,144.9964719,2,1,townhouse,1,2024-11-20,,,"$680,000"
property-unit-vic-reservoir-146561392,Reservoir,3073,3/2 Palm Avenue,-37.71160477,145.0135217,3,2,unit,1,2024-11-19,,,"$730,000"
property-house-vic-reservoir-146307440,Reservoir,3073,24 Myrtle Grove,-37.729089,144.998785,3,1,house,1,2024-11-18,,,"$800,000"
property-house-vic-reservoir-145980564,Reservoir,3073,25 Fulham Grove,-37.724653,144.99443,3,1,house,4,2024-11-16,,,"$1,155,000"
property-house-vic-reservoir-146324100,Reservoir,3073,15 Best Street,-37.713745,144.996857,3,2,house,3,2024-11-16,654,m2,"$982,000"
property-house-vic-reservoir-146400660,Reservoir,3073,5 Elizabeth Court,-37.699601,145.021147,3,1,house,2,2024-11-16,,,"$917,000"
property-house-vic-reservoir-146392488,Reservoir,3073,3 Cameron Street,-37.727464,145.00022,2,1,house,2,2024-11-16,505,m2,"$911,000"
property-townhouse-vic-reservoir-146395624,Reservoir,3073,2/116 Boldrewood Parade,-37.71473448,145.0223839,3,1,townhouse,1,2024-11-16,,,"$750,000"
property-townhouse-vic-reservoir-146392524,Reservoir,3073,2/187 Edwardes Street,-37.71552565,144.9970109,2,2,townhouse,1,2024-11-16,,,"$615,000"
property-apartment-vic-reservoir-146390936,Reservoir,3073,1/9 Macartney Street,-37.713003,145.008936,2,1,apartment,1,2024-11-16,,,"$336,000"
property-villa-vic-reservoir-146425416,Reservoir,3073,1/70 Cheddar Road,-37.70688238,145.0152143,2,1,villa,1,2024-11-14,,,"$501,000"
property-house-vic-reservoir-146347132,Reservoir,3073,20 Newton Street,-37.73144556,145.0264658,2,1,house,1,2024-11-12,,,"$643,000"
property-house-vic-reservoir-146259828,Reservoir,3073,87 Rathcown Road,-37.709767,145.02386,3,1,house,2,2024-11-11,743,m2,"$845,000"
property-townhouse-vic-reservoir-145973724,Reservoir,3073,1/39 McMahon Road,-37.71134873,145.020347,3,1,townhouse,1,2024-11-11,188,m2,"$707,000"
property-unit-vic-reservoir-145530888,Reservoir,3073,1/19 Barry Street,-37.70980039,145.0057958,2,1,unit,2,2024-11-10,,,"$672,000"
property-unit-vic-reservoir-146165856,Reservoir,3073,3/72 Yarra Avenue,-37.7188324,145.0168949,2,1,unit,1,2024-11-10,,,"$605,000"
property-house-vic-reservoir-146303152,Reservoir,3073,12 McIvor Street,-37.726432,145.015906,4,2,house,4,2024-11-09,697,m2,"$1,565,000"
property-house-vic-reservoir-146305484,Reservoir,3073,9 Thackeray Road,-37.721826,145.014803,4,2,house,4,2024-11-09,697,m2,"$1,467,000"
property-house-vic-reservoir-146295352,Reservoir,3073,2 Thackeray Road,-37.72167113,145.0158473,3,1,house,2,2024-11-09,441,m2,"$870,000"
property-unit-vic-reservoir-146359852,Reservoir,3073,2/69 Royal Parade,-37.71359942,145.0127208,2,1,unit,2,2024-11-09,,,"$710,000"
property-townhouse-vic-reservoir-146332988,Reservoir,3073,3/146-148 Hickford Street,-37.70181983,145.0130169,2,1,townhouse,1,2024-11-09,,,"$585,000"
property-unit-vic-reservoir-146336296,Reservoir,3073,13/9 Seaver Grove,-37.712113,144.990221,2,1,unit,1,2024-11-09,,,"$528,000"
property-unit-vic-reservoir-146320592,Reservoir,3073,3/55 North Road,-37.72284458,145.0213431,2,1,unit,1,2024-11-09,,,"$430,000"
property-house-vic-reservoir-146284412,Reservoir,3073,21 Gill Street,-37.71277119,144.9871668,3,1,house,2,2024-11-08,,,"$610,000"
property-townhouse-vic-reservoir-145900364,Reservoir,3073,1/115 Cheddar Road,-37.70310575,145.0167022,2,1,townhouse,2,2024-11-08,208,m2,"$600,000"
property-house-vic-reservoir-145966000,Reservoir,3073,51 Lloyd Avenue,-37.697851,145.012517,3,1,house,2,2024-11-07,,,"$770,000"
property-house-vic-reservoir-146335196,Reservoir,3073,28 Tovey Street,-37.70061741,144.9986086,3,2,house,2,2024-11-06,890,m2,"$1,000,000"
property-townhouse-vic-reservoir-146307396,Reservoir,3073,2/106 Barry Street,-37.7087614,144.9984588,2,1,townhouse,1,2024-11-05,,,"$675,500"
property-house-vic-reservoir-146392940,Reservoir,3073,17 Taylor Avenue,-37.722768,144.999632,2,1,house,3,2024-11-04,,,"$850,000"
property-townhouse-vic-reservoir-145541168,Reservoir,3073,2/27 Marshall Drive,-37.69993527,145.0263358,3,1,townhouse,1,2024-11-04,,,"$675,000"
property-unit-vic-reservoir-146403320,Reservoir,3073,2/7 Lane Crescent,-37.71566865,145.0149648,1,1,unit,1,2024-11-04,,,"$490,000"
property-house-vic-reservoir-146214896,Reservoir,3073,7 Gellibrand Crescent,-37.703514,145.008441,4,2,house,5,2024-11-03,973,m2,"$1,000,000"
property-house-vic-reservoir-146320692,Reservoir,3073,31 Ashton Street,-37.728843,145.021038,3,2,house,2,2024-11-02,748,m2,"$1,100,000"
property-unit-vic-reservoir-146252900,Reservoir,3073,3/15 Miranda Road,-37.70787736,145.0256555,2,1,unit,1,2024-11-02,,,"$595,000"
property-house-vic-reservoir-145995212,Reservoir,3073,4 Oakhill Avenue,-37.730509,145.013982,3,1,house,2,2024-11-01,658,m2,"$1,180,000"
property-townhouse-vic-reservoir-146171824,Reservoir,3073,1/8 Mais Street,-37.70800565,145.0280009,3,2,townhouse,2,2024-11-01,,,"$838,000"
property-unit-vic-reservoir-146303540,Reservoir,3073,1/96 Barry Street,-37.70882379,144.9991774,3,1,unit,1,2024-11-01,335,m2,"$790,000"
property-townhouse-vic-reservoir-145566396,Reservoir,3073,5/977-979 High Street,-37.70762692,145.0087558,2,2,townhouse,1,2024-11-01,,,"$600,000"
property-house-vic-reservoir-146340400,Reservoir,3073,11 Asquith Street,-37.696935,145.007903,4,3,house,4,2024-10-31,953,m2,"$2,050,000"
property-house-vic-reservoir-146098300,Reservoir,3073,28  Ameily Crescent,-37.708818,144.993837,4,2,house,3,2024-10-31,490,m2,"$930,000"
property-unit-vic-reservoir-146337136,Reservoir,3073,26A North Road,-37.7214656,145.0230847,3,1,unit,1,2024-10-31,258,m2,"$750,000"
property-unit-vic-reservoir-146339688,Reservoir,3073,3/21 Mason Street,-37.72849213,145.0088611,2,1,unit,1,2024-10-31,156,m2,"$742,000"
property-house-vic-reservoir-146209732,Reservoir,3073,40B York Street,-37.7274604,144.9876459,4,2,house,2,2024-10-30,320,m2,"$1,460,000"
property-townhouse-vic-reservoir-146363724,Reservoir,3073,4/83-85 Edwardes Street,-37.716015,145.001637,3,2,townhouse,2,2024-10-30,,,"$800,000"
property-house-vic-reservoir-145785952,Reservoir,3073,15 Elizabeth Court,-37.699237,145.020975,3,1,house,4,2024-10-30,534,m2,"$770,000"
property-townhouse-vic-reservoir-145837628,Reservoir,3073,1/57 Yarra Avenue,-37.71933846,145.0179661,2,2,townhouse,1,2024-10-30,,,"$740,000"
property-townhouse-vic-reservoir-145876848,Reservoir,3073,2/41 Marchant Avenue,-37.71394227,145.0134914,3,2,townhouse,1,2024-10-30,,,"$730,000"
property-house-vic-reservoir-146186752,Reservoir,3073,37 Locher Avenue,-37.69875788,145.0228821,3,1,house,2,2024-10-30,580,m2,"$660,000"
property-house-vic-reservoir-145809744,Reservoir,3073,1/161 Boldrewood Parade,-37.711806,145.022617,2,1,house,1,2024-10-30,279,m2,"$650,000"
property-townhouse-vic-reservoir-145989536,Reservoir,3073,7/119-125 Mahoneys Road,-37.69319916,144.9923746,3,2,townhouse,2,2024-10-30,,,"$625,000"
property-unit-vic-reservoir-146330032,Reservoir,3073,3/32 O'Connor Street,-37.7104169,145.004534,3,1,unit,3,2024-10-29,258,m2,"$780,000"
property-house-vic-reservoir-146220368,Reservoir,3073,9 Joffre Street,-37.72995994,145.012543,4,2,house,2,2024-10-26,803,m2,"$2,213,000"
property-house-vic-reservoir-146062100,Reservoir,3073,16 Joffre Street,-37.72946033,145.0129896,5,2,house,3,2024-10-26,640,m2,"$1,880,000"
property-house-vic-reservoir-146182772,Reservoir,3073,25 Knox Street,-37.725384,144.988136,3,1,house,3,2024-10-26,725,m2,"$1,156,000"
property-house-vic-reservoir-146126972,Reservoir,3073,21 Gellibrand Crescent,-37.704626,145.005962,3,1,house,6,2024-10-26,904,m2,"$1,126,000"
property-house-vic-reservoir-146095032,Reservoir,3073,23 Taylor Avenue,-37.722714,144.999123,3,1,house,2,2024-10-26,634,m2,"$945,000"
property-house-vic-reservoir-146104172,Reservoir,3073,30 Dredge Street,-37.69436965,144.9961999,3,1,house,4,2024-10-26,922,m2,"$920,000"
property-house-vic-reservoir-146191804,Reservoir,3073,57 Burbank Drive,-37.699504,145.026095,3,1,house,1,2024-10-26,,,"$745,000"
property-house-vic-reservoir-146208832,Reservoir,3073,47 Keon Parade,-37.69579,145.017494,3,1,house,4,2024-10-26,575,m2,"$695,000"
property-unit-vic-reservoir-146182192,Reservoir,3073,2/11 Luke Street,-37.71029391,144.9900551,2,1,unit,1,2024-10-26,,,"$686,000"
property-unit-vic-reservoir-146191600,Reservoir,3073,2/15 Chenies Street,-37.71084443,145.0289197,3,1,unit,2,2024-10-26,200,m2,"$627,500"
property-unit-vic-reservoir-146186500,Reservoir,3073,4/115 Rathcown Road,-37.7092018,145.0194504,1,1,unit,1,2024-10-26,,,"$452,000"
property-house-vic-reservoir-146139688,Reservoir,3073,12 McColl Street,-37.73057904,145.0192203,3,1,house,2,2024-10-25,550,m2,"$917,500"
property-house-vic-reservoir-146240700,Reservoir,3073,3 Coleman Crescent,-37.721204,145.00097,3,1,house,2,2024-10-25,,,"$890,000"
property-unit-vic-reservoir-146198908,Reservoir,3073,2/96 McMahon Road,-37.7105558,145.0162397,3,1,unit,1,2024-10-25,,,"$752,000"
property-townhouse-vic-reservoir-146192816,Reservoir,3073,11a Powell Street,-37.726884,145.004275,2,1,townhouse,1,2024-10-25,,,"$725,000"
property-unit-vic-reservoir-145816280,Reservoir,3073,3/41A Broadhurst Avenue,-37.70845225,145.0024483,3,1,unit,2,2024-10-25,224,m2,"$657,000"
property-house-vic-reservoir-146114668,Reservoir,3073,26 Kirby Street,-37.730655,145.033437,3,1,house,4,2024-10-24,581,m2,"$948,000"
property-unit-vic-reservoir-145996736,Reservoir,3073,2/2 Judges Court,-37.708179,145.033431,3,2,unit,1,2024-10-24,,,"$720,000"
property-unit-vic-reservoir-146089540,Reservoir,3073,3/18D Purinuan Road,-37.7094429,145.0324147,2,1,unit,2,2024-10-24,,,"$598,000"
property-house-vic-reservoir-146213984,Reservoir,3073,50 Lloyd Avenue,-37.697946,145.015974,3,1,house,2,2024-10-23,604,m2,"$889,000"
property-unit-vic-reservoir-146121700,Reservoir,3073,5/206 Spring Street,-37.72107458,145.003588,3,1,unit,1,2024-10-23,204,m2,"$595,000"
property-house-vic-reservoir-146126180,Reservoir,3073,11 Sharpe Street,-37.72418619,145.0024535,7,3,house,2,2024-10-22,,,"$1,380,000"
property-house-vic-reservoir-145691072,Reservoir,3073,15 Ayr Street,-37.706124,145.032339,3,1,house,2,2024-10-22,,,"$815,000"
property-house-vic-reservoir-146229444,Reservoir,3073,1 Carrington Road,-37.722151,144.991457,3,1,house,,2024-10-21,,,"$1,115,000"
property-townhouse-vic-reservoir-145987456,Reservoir,3073,5/746 High Street,-37.72656246,145.0062904,2,1,townhouse,1,2024-10-21,,,"$660,000"
property-house-vic-reservoir-146099108,Reservoir,3073,18 Ayr Street,-37.70622025,145.0331392,5,2,house,2,2024-10-19,901,m2,"$1,053,500"
property-house-vic-reservoir-146221892,Reservoir,3073,1001 High Street,-37.704623,145.009512,3,1,house,6,2024-10-19,988,m2,"$945,000"
property-house-vic-reservoir-146086984,Reservoir,3073,2/12 Ayr Street,-37.706477,145.0325562,4,1,house,2,2024-10-19,544,m2,"$925,000"
property-house-vic-reservoir-146121204,Reservoir,3073,22 Callander Street,-37.694836,144.993567,3,1,house,6,2024-10-19,786,m2,"$880,000"
property-house-vic-reservoir-144335124,Reservoir,3073,716 Gilbert Road,-37.718969,144.993506,4,1,house,8,2024-10-19,626,m2,"$843,000"
property-house-vic-reservoir-146145888,Reservoir,3073,22 Winter Crescent,-37.719001,145.027982,3,1,house,2,2024-10-19,684,m2,"$812,000"
property-townhouse-vic-reservoir-146096612,Reservoir,3073,55 Gilbank Street,-37.72367108,144.9928931,2,2,townhouse,2,2024-10-19,,,"$760,000"
property-unit-vic-reservoir-146119728,Reservoir,3073,4/107 St Vigeons Road,-37.70608398,145.0193748,2,1,unit,1,2024-10-19,,,"$640,500"
property-house-vic-reservoir-146107760,Reservoir,3073,345 Edwardes Street,-37.713987,144.9825,4,2,house,,2024-10-19,,,"$618,500"
property-unit-vic-reservoir-146240352,Reservoir,3073,6/7 O'Connor Street,-37.71083144,145.0053408,1,1,unit,1,2024-10-18,,,"$470,000"
property-unit-vic-reservoir-145674716,Reservoir,3073,4/6 Storey Road,-37.7237147,145.015063,2,1,unit,1,2024-10-17,,,"$415,000"
property-unit-vic-reservoir-145552628,Reservoir,3073,7/31 Kenilworth Street,-37.71408547,145.0044183,2,1,unit,1,2024-10-17,,,"$405,000"
property-unit-vic-reservoir-146130048,Reservoir,3073,39/2 Gremel Road,-37.72423704,145.0303681,2,1,unit,1,2024-10-17,,,"$145,000"
property-unit-vic-reservoir-146130496,Reservoir,3073,2/7 Haig Street,-37.72785304,144.9953427,2,1,unit,1,2024-10-16,,,"$732,000"
property-house-vic-reservoir-145989704,Reservoir,3073,2 Elizabeth Court,-37.699381,145.021448,3,1,house,3,2024-10-16,528,m2,"$720,000"
property-unit-vic-reservoir-146166404,Reservoir,3073,3/81 St Vigeons Road,-37.70642506,145.0221662,2,1,unit,1,2024-10-16,199,m2,"$681,000"
property-townhouse-vic-reservoir-146205600,Reservoir,3073,2/11 Horton Street,-37.72383429,144.986845,3,2,townhouse,1,2024-10-15,,,"$800,000"
property-house-vic-reservoir-144847304,Reservoir,3073,169 Cheddar Road,-37.69641,145.021629,3,1,house,2,2024-10-15,522,m2,"$516,000"
property-unit-vic-reservoir-145864344,Reservoir,3073,14/26 Ashley Street,-37.71737041,145.0023874,1,1,unit,1,2024-10-15,,,"$320,000"
property-townhouse-vic-reservoir-146130188,Reservoir,3073,13 Robinson Road,-37.72822351,145.0035099,3,2,townhouse,2,2024-10-14,,,"$988,000"
property-townhouse-vic-reservoir-146266496,Reservoir,3073,2/23 Barwon Avenue,-37.723127,145.02355,3,2,townhouse,2,2024-10-13,,,"$845,000"
property-house-vic-reservoir-146001884,Reservoir,3073,25 Darebin Boulevard,-37.703554,145.022562,3,2,house,5,2024-10-12,836,m2,"$1,060,000"
property-unit-vic-reservoir-146063264,Reservoir,3073,2/39 Compton Street,-37.71306844,145.0026971,3,1,unit,2,2024-10-12,,,"$856,000"
property-house-vic-reservoir-145926008,Reservoir,3073,50 Cheddar Road,-37.709589,145.013142,3,2,house,2,2024-10-12,450,m2,"$845,000"
property-townhouse-vic-reservoir-146069836,Reservoir,3073,1/32 Loddon Avenue,-37.72188149,145.0258149,3,2,townhouse,2,2024-10-12,,,"$728,000"
property-townhouse-vic-reservoir-146026496,Reservoir,3073,4/63 Dundee Street,-37.7023551,145.0243636,2,1,townhouse,1,2024-10-12,,,"$725,000"
property-house-vic-reservoir-145896952,Reservoir,3073,73 Lane Crescent,-37.712984,145.021131,3,1,house,2,2024-10-12,678,m2,"$685,000"
property-villa-vic-reservoir-145974552,Reservoir,3073,2/16 Cuthbert Road,-37.71648085,145.0149235,2,1,villa,2,2024-10-12,178,m2,"$585,000"
property-unit-vic-reservoir-146077556,Reservoir,3073,2/20 Crookston Road,-37.7103018,145.0223605,2,1,unit,1,2024-10-12,,,"$495,000"
property-unit-vic-reservoir-146034632,Reservoir,3073,4/14 Drysdale Street,-37.72959286,145.0243933,2,1,unit,1,2024-10-12,120,m2,"$453,600"
property-unit-vic-reservoir-146042552,Reservoir,3073,5B Colthur Street,-37.70979009,144.9924845,1,1,unit,1,2024-10-12,,,"$421,000"
property-house-vic-reservoir-146046368,Reservoir,3073,93 Broadhurst Avenue,-37.707957,144.996718,3,1,house,1,2024-10-11,762,m2,"$931,000"
property-house-vic-reservoir-145672228,Reservoir,3073,13 Lindenow Street,-37.697001,145.005406,3,1,house,1,2024-10-11,860,m2,"$910,000"
property-townhouse-vic-reservoir-146186244,Reservoir,3073,3/41 Kelsby Street,-37.71261409,144.998413,1,1,townhouse,1,2024-10-11,,,"$445,000"
property-house-vic-reservoir-145723228,Reservoir,3073,38 Oakhill Avenue,-37.727103,145.014583,4,1,house,1,2024-10-10,661,m2,"$1,310,000"
property-house-vic-reservoir-146071748,Reservoir,3073,22 Wattle Grove,-37.721086,144.994016,2,1,house,1,2024-10-10,,,"$1,050,000"
property-house-vic-reservoir-145653188,Reservoir,3073,2/1 Taylor Avenue,-37.72294363,145.0011991,2,2,house,1,2024-10-10,,,"$700,000"
property-house-vic-reservoir-145926012,Reservoir,3073,6 Fordham Road,-37.714629,145.019295,5,3,house,3,2024-10-09,670,m2,"$1,040,000"
property-unit-vic-reservoir-146066472,Reservoir,3073,2/29-31 Ashley Street,-37.71731496,145.0020046,2,1,unit,1,2024-10-09,,,"$560,000"
property-unit-vic-reservoir-145991152,Reservoir,3073,6/20-24 Ameily Crescent,-37.7093958,144.9948253,2,1,unit,1,2024-10-09,,,"$500,000"
property-unit-vic-reservoir-145007352,Reservoir,3073,2/26 Nisbett Street,-37.7277652,145.0328721,2,1,unit,1,2024-10-07,,,"$525,000"
property-unit-vic-reservoir-145851284,Reservoir,3073,4/24 Ashley Street,-37.71755018,145.0023364,2,1,unit,1,2024-10-07,,,"$490,000"
property-house-vic-reservoir-146000308,Reservoir,3073,7 Home Street,-37.727913,145.017194,3,2,house,2,2024-10-05,,,"$1,310,000"
property-unit-vic-reservoir-146063564,Reservoir,3073,4/1 Griffiths Street,-37.71457383,144.9957592,2,2,unit,1,2024-10-05,,,"$623,000"
property-unit-vic-reservoir-145947268,Reservoir,3073,1/17 Fyfe Street,-37.70549409,145.0119461,2,1,unit,1,2024-10-05,,,"$462,000"
property-unit-vic-reservoir-145989684,Reservoir,3073,2/2 Bernard Street,-37.71862044,145.0103124,1,1,unit,1,2024-10-05,,,"$391,000"
property-house-vic-reservoir-146130720,Reservoir,3073,12 Lloyd Avenue,-37.698313,145.019072,3,2,house,2,2024-10-04,,,"$910,000"
property-house-vic-reservoir-145592868,Reservoir,3073,2 Liston Avenue,-37.697617,145.020531,3,1,house,3,2024-10-04,541,m2,"$660,000"
property-unit-vic-reservoir-145160908,Reservoir,3073,3/21 Harmer Street,-37.70158801,145.0150814,3,2,unit,2,2024-10-02,230,m2,"$682,000"
property-unit-vic-reservoir-145782140,Reservoir,3073,2/27 Erskine Avenue,-37.72254649,145.0245136,2,1,unit,1,2024-10-02,127,m2,"$515,000"
property-townhouse-vic-reservoir-145397216,Reservoir,3073,3/12 Delaware Street,-37.72059084,145.0151814,2,1,townhouse,1,2024-10-01,102,m2,"$675,000"
property-unit-vic-reservoir-145744380,Reservoir,3073,4/16 Jinghi Road,-37.70608912,145.0133314,2,1,unit,1,2024-10-01,,,"$500,000"
property-unit-vic-reservoir-145390568,Reservoir,3073,2/37 Boldrewood Parade,-37.7220163,145.0215782,1,1,unit,1,2024-10-01,,,"$382,500"
property-unit-vic-reservoir-145482560,Reservoir,3073,8/122 Edwardes Street,-37.715569,145.000562,2,1,unit,1,2024-10-01,,,"$375,000"
property-townhouse-vic-reservoir-146087172,Reservoir,3073,2/70 O'Connor Street,-37.710115,145.000131,2,2,townhouse,1,2024-09-30,,,"$730,000"
property-unit-vic-reservoir-145830016,Reservoir,3073,19/2 Gremel Road,-37.72423704,145.0303681,1,1,unit,1,2024-09-30,,,"$95,000"
property-house-vic-reservoir-145927132,Reservoir,3073,191 Spring Street,-37.722175,145.001872,2,1,house,2,2024-09-28,652,m2,"$720,000"
property-house-vic-reservoir-145609904,Reservoir,3073,25 Andrews Avenue,-37.730179,145.033518,2,1,house,1,2024-09-27,525,m2,"$625,000"
property-house-vic-reservoir-145791920,Reservoir,3073,3 Taylor Avenue,-37.722899,145.000979,2,1,house,3,2024-09-26,,,"$830,000"
property-unit-vic-reservoir-146005728,Reservoir,3073,35 Purinuan Road,-37.709594,145.031027,3,1,unit,1,2024-09-26,,,"$750,000"
property-villa-vic-reservoir-146051380,Reservoir,3073,1/122 Edwardes Street,-37.715569,145.000562,2,1,villa,1,2024-09-26,,,"$370,000"
property-house-vic-reservoir-145991120,Reservoir,3073,44 Locher Avenue,-37.69858,145.023148,3,1,house,4,2024-09-25,584,m2,"$890,000"
property-townhouse-vic-reservoir-145812028,Reservoir,3073,3/23 Barwon Avenue,-37.723127,145.02355,3,2,townhouse,1,2024-09-25,,,"$800,000"
property-townhouse-vic-reservoir-145575536,Reservoir,3073,3/12 Evans Crescent,-37.71526054,145.0203361,2,1,townhouse,1,2024-09-25,,,"$670,000"
property-unit-vic-reservoir-145929816,Reservoir,3073,4/91 Barton Street,-37.71134501,144.9999501,2,1,unit,1,2024-09-25,,,"$595,000"
property-house-vic-reservoir-145677156,Reservoir,3073,74 Radford Road,-37.704076,144.983677,3,1,house,2,2024-09-23,860,m2,"$910,000"
property-house-vic-reservoir-145889188,Reservoir,3073,178 Spring Street,-37.722692,145.002028,3,2,house,1,2024-09-21,,,"$896,000"
property-house-vic-reservoir-145864848,Reservoir,3073,1/83 Whitelaw Street,-37.7120128,145.0204587,3,1,house,1,2024-09-21,,,"$736,000"
property-unit-vic-reservoir-145852372,Reservoir,3073,2/165-169 Broadhurst Avenue,-37.70726065,144.9888327,2,1,unit,1,2024-09-21,148,m2,"$532,000"
property-unit-vic-reservoir-145864436,Reservoir,3073,1/9 Lake Street,-37.71734743,144.9916974,2,1,unit,1,2024-09-21,,,"$435,000"
property-townhouse-vic-reservoir-145886036,Reservoir,3073,2/16 McComas Street,-37.72875612,145.0242488,2,1,townhouse,1,2024-09-20,,,"$625,000"
property-townhouse-vic-reservoir-145534148,Reservoir,3073,1/12 Dennis Street,-37.71824884,145.0127501,2,1,townhouse,1,2024-09-20,,,"$610,000"
property-townhouse-vic-reservoir-145811360,Reservoir,3073,2/76 Strathmerton Street,-37.71252791,145.0162794,2,2,townhouse,1,2024-09-20,,,"$600,000"
property-unit-vic-reservoir-145843888,Reservoir,3073,2/32 Summerhill Road,-37.72690386,145.0326065,2,1,unit,1,2024-09-20,,,"$600,000"
property-townhouse-vic-reservoir-145695252,Reservoir,3073,7/27-29 Miranda Road,-37.70765223,145.0237919,2,1,townhouse,1,2024-09-19,,,"$550,000"
property-townhouse-vic-reservoir-145204232,Reservoir,3073,1/36 Tambo Avenue,-37.72098353,145.0190171,2,1,townhouse,1,2024-09-18,,,"$579,000"
property-unit-vic-reservoir-145758916,Reservoir,3073,2/8 Darebin Boulevard,-37.70435883,145.0215539,2,1,unit,1,2024-09-18,,,"$519,900"
property-townhouse-vic-reservoir-145893392,Reservoir,3073,1/116 Summerhill Road,-37.72564236,145.0242062,3,2,townhouse,2,2024-09-17,213,m2,"$675,000"
property-house-vic-reservoir-145781888,Reservoir,3073,57 Lawley Street,-37.701223,144.990798,4,1,house,4,2024-09-16,802,m2,"$1,120,000"
property-house-vic-reservoir-143204232,Reservoir,3073,955 High Street,-37.70977,145.008512,4,1,house,4,2024-09-16,653,m2,"$915,000"
property-townhouse-vic-reservoir-145060104,Reservoir,3073,3/20 Ashton Street,-37.730008,145.021189,3,2,townhouse,2,2024-09-16,,,"$850,000"
property-house-vic-reservoir-145296732,Reservoir,3073,1/14 Smith Street,-37.70258296,145.0120486,3,1,house,1,2024-09-16,342,m2,"$715,000"
property-house-vic-reservoir-145788604,Reservoir,3073,62 Orrong Avenue,-37.71236,145.013525,2,1,house,1,2024-09-16,650,m2,"$675,000"
property-house-vic-reservoir-145795524,Reservoir,3073,109 Cuthbert Road,-37.716208,145.010336,2,1,house,1,2024-09-14,841,m2,"$1,256,000"
property-house-vic-reservoir-145802608,Reservoir,3073,1 Ashton Street,-37.731646,145.020487,4,1,house,2,2024-09-14,,,"$1,055,000"
property-house-vic-reservoir-145802636,Reservoir,3073,3 Inverness Street,-37.703492,145.031218,3,1,house,6,2024-09-14,,,"$950,000"
property-house-vic-reservoir-145811864,Reservoir,3073,52 Dredge Street,-37.695508,144.993889,3,2,house,4,2024-09-14,738,m2,"$900,000"
property-house-vic-reservoir-145817344,Reservoir,3073,42 Yarra Avenue,-37.719018,145.019825,2,1,house,2,2024-09-14,,,"$890,000"
property-house-vic-reservoir-145810620,Reservoir,3073,15 McMahon Road,-37.71174,145.023569,3,1,house,2,2024-09-14,296,m2,"$820,000"
property-unit-vic-reservoir-145802000,Reservoir,3073,1/33 Byfield Street,-37.71377061,145.0039384,2,1,unit,1,2024-09-14,,,"$705,500"
property-house-vic-reservoir-145818628,Reservoir,3073,98 Blake Street,-37.730847,145.028723,2,1,house,1,2024-09-14,,,"$685,000"
property-house-vic-reservoir-145894564,Reservoir,3073,37 Botha Avenue,-37.703018,145.000946,3,2,house,6,2024-09-13,846,m2,"$1,123,000"
property-townhouse-vic-reservoir-145568108,Reservoir,3073,2/9 Cuthbert Road,-37.71731074,145.0193783,2,2,townhouse,1,2024-09-13,,,"$630,000"
property-townhouse-vic-reservoir-145797388,Reservoir,3073,1/41 Kelsby Street,-37.71261409,144.998413,2,1,townhouse,1,2024-09-13,,,"$520,000"
property-house-vic-reservoir-145458508,Reservoir,3073,18 Thackeray Road,-37.721487,145.014483,3,1,house,6,2024-09-11,697,m2,"$1,125,000"
property-house-vic-reservoir-145877460,Reservoir,3073,16 Inverness Street,-37.70303,145.030051,3,1,house,3,2024-09-11,836,m2,"$1,045,000"
property-townhouse-vic-reservoir-145809772,Reservoir,3073,8/86 Tyler Street,-37.73235795,145.0299542,3,2,townhouse,2,2024-09-11,,,"$700,000"
property-house-vic-reservoir-145750796,Reservoir,3073,64 Yarra Avenue,-37.718911,145.017786,4,2,house,2,2024-09-07,837,m2,"$1,450,000"
property-house-vic-reservoir-145718792,Reservoir,3073,25 Greig Street,-37.701424,144.986732,4,2,house,3,2024-09-07,753,m2,"$1,320,000"
property-house-vic-reservoir-145706552,Reservoir,3073,81A Hughes Parade,-37.699832,144.997885,3,2,house,1,2024-09-07,,,"$820,000"
property-unit-vic-reservoir-145723012,Reservoir,3073,5/88 Purinuan Road,-37.70829691,145.0230035,2,1,unit,1,2024-09-07,,,"$545,500"
property-house-vic-reservoir-145462356,Reservoir,3073,184 Spring Street,-37.722317,145.002254,2,1,house,3,2024-09-06,565,m2,"$723,000"
property-unit-vic-reservoir-145445460,Reservoir,3073,1/774 Plenty Road,-37.726792,145.021229,3,1,unit,2,2024-09-06,,,"$610,000"
property-unit-vic-reservoir-145900460,Reservoir,3073,40A Liston Avenue,-37.69707055,145.017489,2,2,unit,1,2024-09-04,181,m2,"$610,000"
property-unit-vic-reservoir-145668928,Reservoir,3073,3/122 Edwardes Street,-37.715569,145.000562,2,1,unit,1,2024-09-02,,,"$367,500"
property-house-vic-reservoir-145673060,Reservoir,3073,17 Leamington Street,-37.713113,145.006358,3,1,house,2,2024-08-31,744,m2,"$1,085,000"
property-house-vic-reservoir-145679780,Reservoir,3073,65 Darebin Boulevard,-37.703618,145.026927,3,1,house,3,2024-08-31,892,m2,"$1,073,000"
property-house-vic-reservoir-145659908,Reservoir,3073,1/41 Marchant Avenue,-37.71394227,145.0134914,3,2,house,1,2024-08-31,343,m2,"$676,000"
property-townhouse-vic-reservoir-145700160,Reservoir,3073,5/830 High Street,-37.72384649,145.006709,2,1,townhouse,1,2024-08-31,144,m2,"$675,000"
property-unit-vic-reservoir-145751096,Reservoir,3073,4/20-22 Rathcown Road,-37.71047891,145.0322286,2,1,unit,1,2024-08-31,,,"$627,000"
property-house-vic-reservoir-145494780,Reservoir,3073,33 Wilson Boulevard,-37.705361,144.994066,3,1,house,6,2024-08-30,1545,m2,"$960,000"
property-house-vic-reservoir-145697628,Reservoir,3073,16 Locksley Avenue,-37.723132,144.998249,2,2,house,1,2024-08-30,,,"$880,000"
property-unit-vic-reservoir-145441704,Reservoir,3073,2/83-85 Howard Street,-37.71910791,145.0088772,1,1,unit,1,2024-08-30,,,"$430,000"
property-unit-vic-reservoir-144244716,Reservoir,3073,55A Arundel Avenue,-37.69682313,145.0162356,2,1,unit,1,2024-08-29,,,"$550,000"
property-house-vic-reservoir-145751400,Reservoir,3073,11 Broadhurst Avenue,-37.708854,145.007107,2,1,house,2,2024-08-28,844,m2,"$960,000"
property-unit-vic-reservoir-145627944,Reservoir,3073,1/58 Miranda Road,-37.70700767,145.0208621,2,1,unit,1,2024-08-27,,,"$449,000"
property-townhouse-vic-reservoir-145231900,Reservoir,3073,3/80 Orrong Avenue,-37.7111635,145.0151737,2,1,townhouse,1,2024-08-26,,,"$540,000"
property-apartment-vic-reservoir-145384224,Reservoir,3073,205/20 Bedford Street,-37.71769836,145.0077986,2,2,apartment,1,2024-08-26,,,"$459,000"
property-townhouse-vic-reservoir-145444676,Reservoir,3073,1/38 Storey Road,-37.72338,145.012368,3,2,townhouse,2,2024-08-24,,,"$935,000"
property-house-vic-reservoir-145633120,Reservoir,3073,151 Broadhurst Avenue,-37.707402,144.990597,3,1,house,4,2024-08-24,715,m2,"$932,500"
property-unit-vic-reservoir-145622144,Reservoir,3073,1/41 Lloyd Avenue,-37.6981489,145.0135674,2,1,unit,2,2024-08-24,235,m2,"$650,000"
property-townhouse-vic-reservoir-145630976,Reservoir,3073,13/15 Chenies Street,-37.71084443,145.0289197,3,2,townhouse,2,2024-08-23,,,"$682,500"
property-townhouse-vic-reservoir-145694648,Reservoir,3073,2/17 Suffolk Street,-37.70764532,145.0110044,2,1,townhouse,1,2024-08-23,,,"$565,000"
property-townhouse-vic-reservoir-145060848,Reservoir,3073,4/4 Bernard Street,-37.718426,145.010356,2,1,townhouse,1,2024-08-22,,,"$620,000"
property-unit-vic-reservoir-145622408,Reservoir,3073,3/54 Andrews Avenue,-37.72937628,145.0295006,2,1,unit,2,2024-08-22,,,"$531,000"
property-house-vic-reservoir-145389456,Reservoir,3073,30  Joffre Street,-37.72836066,145.013181,3,2,house,5,2024-08-21,730,m2,"$1,430,000"
property-townhouse-vic-reservoir-145740940,Reservoir,3073,12/87-93 Radford Road,-37.70161018,144.9841283,3,2,townhouse,2,2024-08-21,,,"$671,000"
property-townhouse-vic-reservoir-145633912,Reservoir,3073,2/8 Miranda Road,-37.70767359,145.0263316,2,1,townhouse,1,2024-08-21,,,"$565,000"
property-townhouse-vic-reservoir-145028084,Reservoir,3073,1/61 Edwardes Street,-37.7161872,145.0032582,2,2,townhouse,1,2024-08-20,,,"$600,000"
property-unit-vic-reservoir-145080508,Reservoir,3073,3/65 Miranda Road,-37.7070392,145.0187745,1,1,unit,1,2024-08-20,,,"$405,000"
property-house-vic-reservoir-145528684,Reservoir,3073,36 Greig Street,-37.699849,144.984733,4,1,house,4,2024-08-17,760,m2,"$1,075,000"
property-house-vic-reservoir-145541356,Reservoir,3073,20 North Road,-37.721508,145.023741,3,1,house,4,2024-08-17,640,m2,"$950,888"
property-townhouse-vic-reservoir-145557552,Reservoir,3073,2/44 Rathcown Road,-37.71024321,145.0303321,2,1,townhouse,2,2024-08-17,133,m2,"$640,000"
property-house-vic-reservoir-145123860,Reservoir,3073,7 Pedersen Avenue,-37.698912,145.032201,4,2,house,2,2024-08-16,,,"$895,000"
property-unit-vic-reservoir-145580136,Reservoir,3073,15/79A Rathcown Road,-37.70985667,145.0248142,3,1,unit,2,2024-08-16,,,"$683,000"
property-house-vic-reservoir-145114516,Reservoir,3073,23 Kenilworth Street,-37.714166,145.005241,3,1,house,4,2024-08-15,1011,m2,"$1,420,000"
property-house-vic-reservoir-145678244,Reservoir,3073,1 Kilmore Avenue,-37.718887,145.024911,3,1,house,1,2024-08-15,601,m2,"$890,000"
property-house-vic-reservoir-144646204,Reservoir,3073,25 Barton Street,-37.71194205,145.0056252,3,1,house,2,2024-08-14,624,m2,"$975,000"
property-townhouse-vic-reservoir-139427311,Reservoir,3073,2/4 Clingin Street,-37.72871676,145.0360576,2,1,townhouse,1,2024-08-14,199,m2,"$530,000"
property-apartment-vic-reservoir-145581820,Reservoir,3073,105/212 Spring Street,-37.72078192,145.0039018,2,1,apartment,1,2024-08-14,,,"$425,000"
property-townhouse-vic-reservoir-145517532,Reservoir,3073,3/18-20 Fordham Road,-37.71423059,145.0203875,2,1,townhouse,1,2024-08-13,,,"$560,000"
property-house-vic-reservoir-145540672,Reservoir,3073,224 Albert Street,-37.728493,145.025949,3,1,house,2,2024-08-12,715,m2,"$717,500"
property-house-vic-reservoir-145637516,Reservoir,3073,792 High Street,-37.7252528,145.0064649,3,2,house,2,2024-08-10,,,"$1,045,000"
property-residential land-vic-reservoir-203680584,Reservoir,3073,167 Rathcown Road,-37.708663,145.015019,,,residential land,,2024-08-10,743,m2,"$940,000"
property-unit-vic-reservoir-145493416,Reservoir,3073,2/23 Home Street,-37.72717615,145.0181601,2,1,unit,1,2024-08-10,,,"$612,000"
property-house-vic-reservoir-145399044,Reservoir,3073,17 Tovey Street,-37.701011,144.999514,3,1,house,1,2024-08-09,693,m2,"$780,000"
property-unit-vic-reservoir-145297000,Reservoir,3073,5/835 Plenty Road,-37.72381265,145.0273178,2,1,unit,2,2024-08-09,180,m2,"$545,000"
property-unit-vic-reservoir-145262096,Reservoir,3073,4/4 Pratt Street,-37.71070247,145.0102389,2,1,unit,1,2024-08-08,,,"$530,000"
property-house-vic-reservoir-145464952,Reservoir,3073,60 Wilson Boulevard,-37.699177,144.993405,4,1,house,4,2024-08-03,956,m2,"$1,020,000"
property-house-vic-reservoir-145487596,Reservoir,3073,82 Rathcown Road,-37.709472,145.023981,3,1,house,3,2024-08-03,890,m2,"$1,001,500"
property-house-vic-reservoir-145456012,Reservoir,3073,76 Whitelaw Street,-37.712292,145.02022,4,1,house,3,2024-08-03,700,m2,"$955,000"
property-house-vic-reservoir-143503588,Reservoir,3073,53 Burbank Drive,-37.699616,145.025797,4,1,house,1,2024-08-03,614,m2,"$700,000"
property-unit-vic-reservoir-145350220,Reservoir,3073,1/75 Purinuan Road,-37.70913135,145.0272687,3,1,unit,2,2024-08-03,170,m2,"$590,000"
property-house-vic-reservoir-145516768,Reservoir,3073,16 Station Street,-37.72938,145.003187,2,1,house,1,2024-08-02,370,m2,"$850,000"
property-townhouse-vic-reservoir-145358284,Reservoir,3073,7/95 Arundel Avenue,-37.69613889,145.0125356,3,2,townhouse,1,2024-08-02,,,"$640,000"
property-apartment-vic-reservoir-144956188,Reservoir,3073,105/20 Bedford Street,-37.71769836,145.0077986,2,1,apartment,1,2024-08-02,,,"$385,000"
property-house-vic-reservoir-143371864,Reservoir,3073,4 Orrong Avenue,-37.714813,145.009353,3,1,house,2,2024-08-01,652,m2,"$890,000"
property-house-vic-reservoir-145248736,Reservoir,3073,7 Crookston Road,-37.710784,145.023754,3,1,house,2,2024-08-01,706,m2,"$840,000"
property-townhouse-vic-reservoir-145464496,Reservoir,3073,2/5 Wright Street,-37.7206396,145.000211,2,1,townhouse,1,2024-08-01,,,"$600,000"
property-unit-vic-reservoir-145407960,Reservoir,3073,4/82 Henty Street,-37.71773884,144.9898845,2,1,unit,1,2024-08-01,,,"$485,000"
property-house-vic-reservoir-144937064,Reservoir,3073,35 Bray Street,-37.69835,144.986112,4,2,house,2,2024-07-31,832,m2,"$1,130,000"
property-house-vic-reservoir-145359424,Reservoir,3073,16 Nutwood Street,-37.709566,145.033383,6,2,house,,2024-07-31,,,"$900,000"
property-townhouse-vic-reservoir-145133280,Reservoir,3073,4/43 Clingin Street,-37.72907256,145.0325765,2,2,townhouse,1,2024-07-30,,,"$648,000"
property-house-vic-reservoir-145458480,Reservoir,3073,1/71 Lane Crescent,-37.7129659,145.0208845,2,1,house,1,2024-07-30,,,"$590,000"
property-house-vic-reservoir-144765656,Reservoir,3073,14 Ryan Street,-37.701821,144.998381,3,1,house,1,2024-07-29,766,m2,"$780,000"
property-house-vic-reservoir-145412604,Reservoir,3073,21 Henderson Street,-37.697477,145.00156,4,2,house,2,2024-07-27,864,m2,"$1,131,000"
property-house-vic-reservoir-145407244,Reservoir,3073,34 Daventry Street,-37.713394,145.001665,3,1,house,1,2024-07-27,613,m2,"$1,120,000"
property-house-vic-reservoir-144980552,Reservoir,3073,3 Rodman Street,-37.702802,145.007893,3,1,house,6,2024-07-27,946,m2,"$975,000"
property-house-vic-reservoir-145377784,Reservoir,3073,42 Broadhurst Avenue,-37.708135,145.002453,3,1,house,8,2024-07-27,960,m2,"$970,000"
property-house-vic-reservoir-144708328,Reservoir,3073,25 Ludeman Court,-37.698601,144.997708,3,1,house,4,2024-07-27,956,m2,"$880,000"
property-house-vic-reservoir-145399488,Reservoir,3073,63 Rathcown Road,-37.710272,145.028157,3,1,house,3,2024-07-27,742,m2,"$842,000"
property-townhouse-vic-reservoir-145399084,Reservoir,3073,1/81 Rathcown Road,-37.70978329,145.0242379,2,2,townhouse,1,2024-07-27,,,"$712,500"
property-townhouse-vic-reservoir-145399468,Reservoir,3073,4/75 St Vigeons Road,-37.70679082,145.0227542,2,1,townhouse,1,2024-07-27,144,m2,"$677,888"
property-unit-vic-reservoir-145399036,Reservoir,3073,17 Lawson Street,-37.71807,145.014875,2,1,unit,2,2024-07-27,190,m2,"$600,000"
property-unit-vic-reservoir-145399024,Reservoir,3073,5/2 Griffiths Street,-37.71432951,144.9958,2,1,unit,1,2024-07-27,207,m2,"$560,000"
property-unit-vic-reservoir-145342408,Reservoir,3073,9/2A Crookston Road,-37.71053544,145.0244011,2,1,unit,1,2024-07-27,142,m2,"$520,000"
property-townhouse-vic-reservoir-145338468,Reservoir,3073,3/3 Hobbs Crescent,-37.70566843,145.0088637,3,1,townhouse,1,2024-07-25,,,"$705,000"
property-townhouse-vic-reservoir-145411728,Reservoir,3073,1/134 Purinuan Road,-37.70759993,145.0174453,2,1,townhouse,2,2024-07-25,209,m2,"$633,500"
property-apartment-vic-reservoir-145345924,Reservoir,3073,6/99 Barton Street,-37.71123832,144.9989387,1,1,apartment,1,2024-07-25,,,"$320,000"
property-house-vic-reservoir-144860956,Reservoir,3073,13 Henderson Street,-37.69820784,145.0016985,3,2,house,2,2024-07-24,,,"$785,000"
property-townhouse-vic-reservoir-145338516,Reservoir,3073,2/2H Carrol Street,-37.71491527,145.0139186,3,2,townhouse,2,2024-07-24,,,"$650,000"
property-house-vic-reservoir-145120376,Reservoir,3073,23 Drysdale Street,-37.729818,145.023837,3,1,house,4,2024-07-23,533,m2,"$747,000"
property-unit-vic-reservoir-145283184,Reservoir,3073,1/38 Hughes Parade,-37.69965464,145.0045187,1,1,unit,1,2024-07-23,,,"$400,000"
property-house-vic-reservoir-145324324,Reservoir,3073,173 Rathcown Road,-37.7086,145.014499,4,2,house,1,2024-07-20,737,m2,"$950,000"
property-house-vic-reservoir-145335584,Reservoir,3073,1A Rodman Street,-37.70304,145.008114,3,1,house,2,2024-07-20,484,m2,"$832,000"
property-townhouse-vic-reservoir-145330256,Reservoir,3073,1/34 Ashton Street,-37.72895151,145.0213931,3,2,townhouse,1,2024-07-20,,,"$700,000"
property-residential land-vic-reservoir-203949632,Reservoir,3073,3K Morris Street,-37.698098,145.005666,,,residential land,,2024-07-17,899,m2,"$830,000"
property-townhouse-vic-reservoir-145338408,Reservoir,3073,3/39 Marchant Avenue,-37.71427042,145.0135078,2,2,townhouse,1,2024-07-17,117,m2,"$650,000"
property-unit-vic-reservoir-145410788,Reservoir,3073,5/64-66 Orrong Avenue,-37.7122338,145.0137397,2,1,unit,1,2024-07-16,,,"$635,000"
property-townhouse-vic-reservoir-145277624,Reservoir,3073,5/224 Spring Street,-37.71983952,145.0048997,2,1,townhouse,1,2024-07-16,,,"$555,000"
property-townhouse-vic-reservoir-145186920,Reservoir,3073,7/49 Storey Road,-37.72351772,145.0111043,2,1,townhouse,1,2024-07-15,,,"$680,000"
property-unit-vic-reservoir-145038536,Reservoir,3073,2/60 Locher Avenue,-37.69754471,145.0224473,1,1,unit,1,2024-07-15,,,"$372,000"
property-townhouse-vic-reservoir-145256124,Reservoir,3073,4/63 O'Connor Street,-37.71024219,144.9990402,3,2,townhouse,2,2024-07-13,,,"$937,500"
property-house-vic-reservoir-145302980,Reservoir,3073,27 Ryan Street,-37.700121,144.998075,3,1,house,4,2024-07-13,600,m2,"$840,000"
property-house-vic-reservoir-143503432,Reservoir,3073,106 Miranda Road,-37.706463,145.016563,3,2,house,4,2024-07-13,744,m2,"$827,000"
property-townhouse-vic-reservoir-145284348,Reservoir,3073,3/24 Leamington Street,-37.71272222,145.0057409,3,2,townhouse,1,2024-07-13,,,"$776,000"
property-townhouse-vic-reservoir-145256056,Reservoir,3073,58B Lane Crescent,-37.71324435,145.0204466,3,1,townhouse,2,2024-07-13,,,"$765,000"
property-unit-vic-reservoir-145296616,Reservoir,3073,1/21 Whitelaw Street,-37.71494298,145.0142841,2,1,unit,1,2024-07-13,197,m2,"$590,000"
property-unit-vic-reservoir-144881792,Reservoir,3073,8/54-56 St Vigeons Road,-37.70673,145.027071,2,1,unit,1,2024-07-11,,,"$522,500"
property-house-vic-reservoir-145210464,Reservoir,3073,33 Shand Road,-37.721121,145.019508,3,1,house,1,2024-07-10,633,m2,"$1,085,000"
property-house-vic-reservoir-141930144,Reservoir,3073,27 Ramleh Road,-37.708461,145.030394,3,1,house,2,2024-07-10,,,"$825,000"
property-townhouse-vic-reservoir-144843716,Reservoir,3073,2/14 Shand Road,-37.72292887,145.0195539,2,1,townhouse,1,2024-07-10,,,"$715,000"
property-house-vic-reservoir-144802016,Reservoir,3073,7A Broadhurst Avenue,-37.709152,145.007477,4,2,house,2,2024-07-09,353,m2,"$815,000"
property-townhouse-vic-reservoir-145327452,Reservoir,3073,4/13 Dundee Street,-37.703594,145.019578,3,2,townhouse,2,2024-07-08,,,"$800,000"
property-townhouse-vic-reservoir-145220104,Reservoir,3073,20 White Street,-37.70973884,145.0097147,2,1,townhouse,1,2024-07-08,120,m2,"$535,000"
property-house-vic-reservoir-145253304,Reservoir,3073,148 Spring Street,-37.726106,145.001448,3,1,house,1,2024-07-06,402,m2,"$910,000"
property-house-vic-reservoir-145172108,Reservoir,3073,85 Darebin Boulevard,-37.70394,145.029448,3,1,house,2,2024-07-06,,,"$850,000"
property-townhouse-vic-reservoir-145208100,Reservoir,3073,2/9 Mahoneys Road,-37.69525953,145.0092512,3,2,townhouse,2,2024-07-06,,,"$702,000"
property-townhouse-vic-reservoir-145203984,Reservoir,3073,1/58 Marchant Avenue,-37.71360963,145.0152395,3,2,townhouse,2,2024-07-06,212,m2,"$700,000"
property-townhouse-vic-reservoir-145220796,Reservoir,3073,3/97 Cuthbert Road,-37.71635074,145.0115035,2,1,townhouse,1,2024-07-06,109,m2,"$625,000"
property-townhouse-vic-reservoir-145095364,Reservoir,3073,4/131 Broadway,-37.71855116,145.0208988,2,1,townhouse,1,2024-07-06,,,"$562,000"
property-house-vic-reservoir-145272504,Reservoir,3073,117 Hickford Street,-37.704524,145.017534,3,1,house,3,2024-07-05,,,"$850,000"
property-house-vic-reservoir-144682848,Reservoir,3073,2/7 Coleman Crescent,-37.72140998,145.0004036,2,2,house,1,2024-07-05,,,"$670,000"
property-house-vic-reservoir-145185728,Reservoir,3073,28 Barwon Avenue,-37.72276,145.023719,3,1,house,2,2024-07-04,673,m2,"$1,005,000"
property-apartment-vic-reservoir-145226272,Reservoir,3073,301A/59 Johnson Street,-37.69612286,145.0120604,2,2,apartment,1,2024-07-04,,,"$415,000"
property-townhouse-vic-reservoir-145280732,Reservoir,3073,85 Crevelli Street,-37.7263359,145.030215,3,1,townhouse,2,2024-07-03,,,"$700,000"
property-house-vic-reservoir-144309616,Reservoir,3073,42 Seston Street,-37.730004,145.034374,2,1,house,2,2024-07-02,603,m2,"$715,000"
property-apartment-vic-reservoir-145071548,Reservoir,3073,2/212 Spring Street,-37.72078192,145.0039018,2,1,apartment,1,2024-07-02,,,"$460,000"
property-house-vic-reservoir-145180828,Reservoir,3073,3 Hillcroft Street,-37.719593,144.989949,3,2,house,1,2024-06-29,557,m2,"$1,150,000"
property-townhouse-vic-reservoir-145061408,Reservoir,3073,9/82 Tyler Street,-37.73257208,145.0304101,3,2,townhouse,2,2024-06-29,,,"$715,000"
property-townhouse-vic-reservoir-145206600,Reservoir,3073,2/8 Barry Street,-37.70970765,145.0078571,3,1,townhouse,2,2024-06-29,,,"$710,000"
property-townhouse-vic-reservoir-145103236,Reservoir,3073,1B Don Street,-37.70699827,145.0308185,2,2,townhouse,2,2024-06-29,,,"$710,000"
property-unit-vic-reservoir-145144204,Reservoir,3073,4/9-11 Wild Street,-37.7276731,145.0041352,2,1,unit,1,2024-06-29,,,"$575,000"
property-unit-vic-reservoir-145181544,Reservoir,3073,8 Mcfadzean Avenue,-37.70866911,144.9979893,1,1,unit,1,2024-06-29,,,"$465,000"
property-townhouse-vic-reservoir-143384864,Reservoir,3073,4A Cheddar Road,-37.71386793,145.0099012,3,2,townhouse,2,2024-06-28,,,"$750,000"
property-house-vic-reservoir-144940068,Reservoir,3073,26 Gisborne Crescent,-37.71935,145.023515,3,1,house,3,2024-06-27,598,m2,"$800,000"
property-house-vic-reservoir-145161508,Reservoir,3073,43 Miranda Road,-37.707469,145.022254,4,1,house,6,2024-06-24,892,m2,"$1,100,000"
property-townhouse-vic-reservoir-145207924,Reservoir,3073,2/87 Radford Road,-37.70161018,144.9841283,4,2,townhouse,2,2024-06-24,,,"$800,000"
property-house-vic-reservoir-145127252,Reservoir,3073,64 Thackeray Road,-37.720982,145.010197,3,2,house,2,2024-06-22,,,"$1,480,000"
property-house-vic-reservoir-145083072,Reservoir,3073,38 Manoel Avenue,-37.699062,145.034715,3,2,house,2,2024-06-22,841,m2,"$1,087,000"
property-house-vic-reservoir-145073844,Reservoir,3073,7 Pratt Street,-37.710958,145.010034,3,1,house,4,2024-06-22,636,m2,"$890,000"
property-unit-vic-reservoir-145070044,Reservoir,3073,2/20 Erskine Avenue,-37.72315145,145.0253178,3,1,unit,2,2024-06-22,261,m2,"$721,000"
property-townhouse-vic-reservoir-145086884,Reservoir,3073,3/1 Erskine Avenue,-37.72429098,145.0256892,2,2,townhouse,1,2024-06-22,,,"$657,500"
property-unit-vic-reservoir-145109888,Reservoir,3073,2/123 Boldrewood Parade,-37.71467114,145.0219856,2,1,unit,1,2024-06-22,147,m2,"$565,000"
property-unit-vic-reservoir-144659260,Reservoir,3073,4/16 View Street,-37.71923925,144.9911434,2,1,unit,1,2024-06-21,165,m2,"$651,000"
property-apartment-vic-reservoir-144831424,Reservoir,3073,2/78 Orrong Avenue,-37.71133384,145.015178,3,2,apartment,2,2024-06-19,,,"$590,000"
property-house-vic-reservoir-144074360,Reservoir,3073,47 Lane Crescent,-37.713431,145.018794,3,1,house,1,2024-06-18,636,m2,"$710,000"
property-house-vic-reservoir-143583704,Reservoir,3073,7 Dredge Street,-37.694871,144.998262,4,2,house,6,2024-06-17,920,m2,"$965,000"
property-unit-vic-reservoir-145149424,Reservoir,3073,1/137 Crookston Road,-37.70905258,145.0097979,2,1,unit,1,2024-06-17,,,"$486,500"
property-house-vic-reservoir-145072956,Reservoir,3073,137 Wilson Boulevard,-37.697506,144.994754,3,1,house,2,2024-06-15,,,"$1,100,000"
property-townhouse-vic-reservoir-145069972,Reservoir,3073,11/63 Pine Street,-37.718107,144.997394,3,2,townhouse,2,2024-06-15,,,"$663,500"
property-house-vic-reservoir-145139332,Reservoir,3073,5 Seston Street,-37.732765,145.033495,3,1,house,1,2024-06-14,,,"$800,000"
property-townhouse-vic-reservoir-144900024,Reservoir,3073,3/158 Rathcown Road,-37.70841033,145.0163485,2,2,townhouse,1,2024-06-14,,,"$620,000"
property-townhouse-vic-reservoir-144687628,Reservoir,3073,1/105 Cheddar Road,-37.70479985,145.0154738,2,1,townhouse,1,2024-06-14,264,m2,"$600,000"
property-unit-vic-reservoir-145180996,Reservoir,3073,77/2 Gremel Road,-37.72423704,145.0303681,2,1,unit,1,2024-06-14,,,"$114,000"
property-house-vic-reservoir-144864376,Reservoir,3073,63 Glasgow Avenue,-37.703449,144.999256,3,1,house,2,2024-06-13,876,m2,"$850,000"
property-house-vic-reservoir-144185084,Reservoir,3073,64 Rathcown Road,-37.709995,145.028301,3,1,house,2,2024-06-13,742,m2,"$790,000"
property-townhouse-vic-reservoir-144866936,Reservoir,3073,1/6 Broadhurst AVENUE,-37.70859127,145.0078062,2,2,townhouse,1,2024-06-12,277,m2,"$720,000"
property-house-vic-reservoir-144819428,Reservoir,3073,1/46 Clingin Street,-37.72850808,145.0321289,2,1,house,1,2024-06-12,,,"$595,000"
property-house-vic-reservoir-144844356,Reservoir,3073,20 Tunaley Parade,-37.696775,145.024591,3,1,house,4,2024-06-11,586,m2,"$706,000"
property-townhouse-vic-reservoir-143975000,Reservoir,3073,98 Whitelaw Street,-37.71248356,145.0221329,3,2,townhouse,1,2024-06-11,160,m2,"$675,000"
property-apartment-vic-reservoir-143220536,Reservoir,3073,8/1 Griffiths Street,-37.71457383,144.9957592,2,1,apartment,1,2024-06-09,,,"$370,000"
property-house-vic-reservoir-144858516,Reservoir,3073,121 North Road,-37.722804,145.014562,3,1,house,2,2024-06-08,,,"$1,195,000"
property-house-vic-reservoir-145015840,Reservoir,3073,106 Radford Road,-37.701399,144.985258,3,1,house,3,2024-06-08,,,"$936,000"
property-townhouse-vic-reservoir-145060172,Reservoir,3073,40A Darebin Boulevard,-37.7037416,145.0249918,2,1,townhouse,1,2024-06-08,,,"$770,000"
property-house-vic-reservoir-145118496,Reservoir,3073,54 Purinuan Road,-37.7088149,145.0272642,3,2,house,3,2024-06-07,412,m2,"$961,000"
property-unit-vic-reservoir-144866496,Reservoir,3073,2/5 Barry Street,-37.70991229,145.0068657,2,1,unit,1,2024-06-07,,,"$595,000"
property-house-vic-reservoir-144967140,Reservoir,3073,30 Loddon Avenue,-37.721931,145.025874,3,1,house,6,2024-06-04,670,m2,"$820,000"
property-house-vic-reservoir-144934428,Reservoir,3073,115 Purinuan Road,-37.70848924,145.0220049,3,1,house,2,2024-06-04,410,m2,"$725,000"
property-townhouse-vic-reservoir-144988544,Reservoir,3073,3/106 Barry Street,-37.7087614,144.9984588,2,1,townhouse,1,2024-06-04,,,"$687,000"
property-townhouse-vic-reservoir-144843672,Reservoir,3073,2/71 Leamington Street,-37.71207367,144.9964719,2,2,townhouse,1,2024-06-04,,,"$669,000"
property-townhouse-vic-reservoir-144841824,Reservoir,3073,10/11-13 Ashley Street,-37.71838097,145.0018247,2,2,townhouse,1,2024-06-04,,,"$535,500"
property-house-vic-reservoir-144940136,Reservoir,3073,116 North Road,-37.722538,145.014807,4,2,house,2,2024-06-01,743,m2,"$1,111,000"
property-house-vic-reservoir-144912716,Reservoir,3073,18 Best Street,-37.713581,144.99727,3,2,house,6,2024-06-01,759,m2,"$962,500"
property-house-vic-reservoir-144928896,Reservoir,3073,36 Massey Avenue,-37.703634,144.990018,3,1,house,6,2024-06-01,843,m2,"$950,000"
property-unit-vic-reservoir-144930476,Reservoir,3073,11A Whitelaw Street,-37.71518736,145.0133282,2,1,unit,1,2024-06-01,,,"$755,000"
property-house-vic-reservoir-144950364,Reservoir,3073,64 Burbank Drive,-37.69793421,145.0293381,3,2,house,2,2024-06-01,,,"$745,000"
property-villa-vic-reservoir-144890672,Reservoir,3073,3/18 Storey Road,-37.72360301,145.0141437,2,1,villa,1,2024-06-01,,,"$648,000"
property-unit-vic-reservoir-144952716,Reservoir,3073,3/41 Dundee Street,-37.70261254,145.0221155,2,1,unit,1,2024-06-01,,,"$535,000"
property-unit-vic-reservoir-144941748,Reservoir,3073,1/7 Pershing Street,-37.72579085,144.9961173,2,1,unit,1,2024-06-01,,,"$535,000"
property-townhouse-vic-reservoir-142038464,Reservoir,3073,Address available on request,,,4,3,townhouse,2,2024-05-31,,,"$1,065,000"
property-house-vic-reservoir-144927216,Reservoir,3073,18 Halsey Street,-37.70211,144.98677,3,1,house,2,2024-05-31,750,m2,"$900,000"
property-townhouse-vic-reservoir-144906576,Reservoir,3073,3/30 McMahon Road,-37.71126693,145.0220281,3,2,townhouse,1,2024-05-31,,,"$748,000"
property-unit-vic-reservoir-145068876,Reservoir,3073,4/5 Cuthbert Road,-37.71736436,145.0198206,2,1,unit,1,2024-05-31,,,"$625,000"
property-house-vic-reservoir-144693924,Reservoir,3073,27 Compton Street,-37.713689,145.002565,5,3,house,2,2024-05-30,613,m2,"$1,120,000"
property-house-vic-reservoir-144829340,Reservoir,3073,36 Nisbett Street,-37.727658,145.032064,2,1,house,5,2024-05-30,581,m2,"$720,000"
property-unit-vic-reservoir-144985760,Reservoir,3073,2/156 North Road,-37.722141,145.011695,2,1,unit,1,2024-05-29,,,"$550,000"
property-house-vic-reservoir-144725688,Reservoir,3073,26 Hickford Street,-37.705844,145.028513,3,2,house,3,2024-05-28,561,m2,"$887,500"
property-house-vic-reservoir-144835604,Reservoir,3073,67 Southernhay Street,-37.72548,145.008103,3,1,house,2,2024-05-25,764,m2,"$1,280,000"
property-house-vic-reservoir-144868152,Reservoir,3073,24 Crookston Road,-37.710238,145.021874,2,1,house,3,2024-05-25,892,m2,"$979,000"
property-house-vic-reservoir-144892648,Reservoir,3073,7 Crevelli Street,-37.73209476,145.0293429,3,2,house,1,2024-05-25,275,m2,"$938,000"
property-townhouse-vic-reservoir-144892920,Reservoir,3073,4/4-6 Mcfadzean Avenue,-37.70931321,144.9978942,2,2,townhouse,1,2024-05-25,,,"$700,000"
property-house-vic-reservoir-144728600,Reservoir,3073,2C Tunaley Parade,-37.69652674,145.0230164,3,2,house,2,2024-05-25,,,"$695,000"
property-unit-vic-reservoir-144553980,Reservoir,3073,4B Thrower Street,-37.711611,144.988715,3,2,unit,2,2024-05-24,,,"$707,000"
property-townhouse-vic-reservoir-144936092,Reservoir,3073,3/16-18 Harbury Street,-37.714141,145.000049,2,1,townhouse,2,2024-05-23,,,"$705,000"
property-house-vic-reservoir-143019548,Reservoir,3073,999 High Street,-37.704776,145.009496,3,1,house,2,2024-05-22,985,m2,"$1,010,000"
property-unit-vic-reservoir-144542500,Reservoir,3073,1/25 Pickett Street,-37.70406046,145.0152565,2,1,unit,1,2024-05-22,,,"$608,000"
property-townhouse-vic-reservoir-144771476,Reservoir,3073,3/18 Chaleyer Street,-37.7279567,145.0266292,2,2,townhouse,1,2024-05-22,,,"$597,500"
property-house-vic-reservoir-144879744,Reservoir,3073,6 Titus Court,-37.700869,145.025832,3,2,house,3,2024-05-20,702,m2,"$820,000"
property-unit-vic-reservoir-143023844,Reservoir,3073,3/15 Cheddar Road,-37.71226521,145.010138,2,1,unit,1,2024-05-20,,,"$388,000"
property-townhouse-vic-reservoir-144823608,Reservoir,3073,2/9 Delaware Street,-37.72109638,145.0153199,2,1,townhouse,1,2024-05-18,,,"$742,000"
property-unit-vic-reservoir-144823020,Reservoir,3073,2/40 Home Street,-37.72574445,145.0207157,2,1,unit,2,2024-05-18,212,m2,"$728,000"
property-house-vic-reservoir-144819704,Reservoir,3073,1/5 Orrong Avenue,-37.713928,145.010238,2,1,house,2,2024-05-18,,,"$719,500"
property-unit-vic-reservoir-144830616,Reservoir,3073,6B Olive Street,-37.71908891,145.0040529,2,1,unit,1,2024-05-18,,,"$685,000"
property-unit-vic-reservoir-144818568,Reservoir,3073,5/66 Dundee Street,-37.70266923,145.0249278,2,1,unit,1,2024-05-18,,,"$490,000"
property-unit-vic-reservoir-144829300,Reservoir,3073,2/11 Mahoneys Road,-37.69487344,145.0089432,3,1,unit,2,2024-05-18,,,"$485,000"
property-unit-vic-reservoir-144946668,Reservoir,3073,4/35 Allenby Avenue,-37.70267805,145.0061031,1,1,unit,1,2024-05-17,,,"$435,000"
property-townhouse-vic-reservoir-144878336,Reservoir,3073,2/202-206 Edwardes Street,-37.71431573,144.9892771,3,1,townhouse,1,2024-05-16,,,"$599,000"
property-unit-vic-reservoir-144830600,Reservoir,3073,4/16 Barry Street,-37.70959438,145.006784,2,1,unit,1,2024-05-15,146,m2,"$535,000"
property-townhouse-vic-reservoir-144912508,Reservoir,3073,1/71 Summerhill Road,-37.72645014,145.0265822,2,1,townhouse,1,2024-05-15,,,"$530,000"
property-house-vic-reservoir-144749180,Reservoir,3073,57 Barry Street,-37.709322,145.001219,3,1,house,5,2024-05-14,803,m2,"$1,135,000"
property-house-vic-reservoir-144651632,Reservoir,3073,997 High Street,-37.704982,145.009457,3,2,house,6,2024-05-14,982,m2,"$910,000"
property-townhouse-vic-reservoir-144434992,Reservoir,3073,12/957-961 High Street,-37.709635,145.00855,2,2,townhouse,1,2024-05-13,,,"$595,000"
property-house-vic-reservoir-144738764,Reservoir,3073,12 Hughes Parade,-37.696967,145.009229,4,2,house,4,2024-05-11,837,m2,"$1,220,000"
property-unit-vic-reservoir-144842896,Reservoir,3073,1/69 Dundee Street,-37.7021808,145.0249297,3,2,unit,2,2024-05-11,,,"$951,000"
property-unit-vic-reservoir-144780996,Reservoir,3073,4/115 Cheddar Road,-37.70331636,145.0168631,3,2,unit,2,2024-05-11,,,"$700,000"
property-house-vic-reservoir-144497080,Reservoir,3073,12 Claremont Crescent,-37.69570674,144.9796452,3,1,house,2,2024-05-11,,,"$570,000"
property-house-vic-reservoir-144011100,Reservoir,3073,9 Allenby Avenue,-37.70466,145.00798,3,2,house,3,2024-05-10,945,m2,"$890,000"
property-townhouse-vic-reservoir-144620744,Reservoir,3073,2/14 Barry Street,-37.70963569,145.0071753,2,1,townhouse,1,2024-05-10,,,"$590,000"
property-unit-vic-reservoir-144859800,Reservoir,3073,2/774 Plenty Road,-37.726792,145.021229,2,1,unit,1,2024-05-10,,,"$550,000"
property-house-vic-reservoir-144420252,Reservoir,3073,1 Henderson Street,-37.699773,145.00143,3,1,house,1,2024-05-09,536,m2,"$800,000"
property-unit-vic-reservoir-141224624,Reservoir,3073,1/1067 High Street,-37.69823009,145.0106247,2,1,unit,1,2024-05-08,87,m2,"$380,000"
property-townhouse-vic-reservoir-144777208,Reservoir,3073,4 Argyle Street,-37.704999,145.025089,3,1,townhouse,2,2024-05-06,,,"$775,000"
property-unit-vic-reservoir-144717124,Reservoir,3073,1/36 Spratling Street,-37.71581424,144.9953322,2,1,unit,1,2024-05-05,,,"$645,000"
property-house-vic-reservoir-144726104,Reservoir,3073,18 Sturdee Street,-37.701328,145.009169,3,2,house,8,2024-05-04,912,m2,"$1,411,000"
property-house-vic-reservoir-144671356,Reservoir,3073,37 Oakhill Avenue,-37.727457,145.014154,3,1,house,2,2024-05-04,515,m2,"$1,062,500"
property-house-vic-reservoir-144719516,Reservoir,3073,625-627 Gilbert Road,-37.728397,144.991504,2,2,house,2,2024-05-04,,,"$950,000"
property-house-vic-reservoir-144727864,Reservoir,3073,8 Arundel Avenue,-37.696781,145.020678,2,1,house,2,2024-05-04,575,m2,"$811,000"
property-house-vic-reservoir-144682128,Reservoir,3073,3A Liston Avenue,-37.69782875,145.0197506,3,2,house,3,2024-05-04,,,"$736,000"
property-townhouse-vic-reservoir-144619616,Reservoir,3073,72 Tambo Avenue,-37.71853357,145.0192453,2,1,townhouse,1,2024-05-04,,,"$720,000"
property-apartment-vic-reservoir-144710008,Reservoir,3073,12/755 Plenty Road,-37.7277445,145.0191713,2,2,apartment,1,2024-05-04,,,"$486,000"
property-house-vic-reservoir-144706484,Reservoir,3073,64 Tracey Street,-37.699564,144.995005,3,1,house,4,2024-05-03,605,m2,"$780,000"
property-house-vic-reservoir-144720496,Reservoir,3073,20 Thrower Street,-37.711444,144.987175,3,1,house,3,2024-05-02,,,"$873,000"
property-unit-vic-reservoir-144757708,Reservoir,3073,3/46 Newton Street,-37.73082129,145.0229389,3,2,unit,2,2024-05-02,,,"$685,000"
property-house-vic-reservoir-144786468,Reservoir,3073,10 Legh Street,-37.703129,144.986833,4,1,house,4,2024-05-01,774,m2,"$1,030,000"
property-unit-vic-reservoir-144525636,Reservoir,3073,2/39 Boldrewood Parade,-37.72190777,145.021144,3,1,unit,2,2024-05-01,136,m2,"$675,000"
property-unit-vic-reservoir-144625024,Reservoir,3073,302/20 Bedford Street,-37.71769836,145.0077986,1,1,unit,1,2024-05-01,,,"$329,000"
property-house-vic-reservoir-144330284,Reservoir,3073,26 Delaware Street,-37.720424,145.01399,5,1,house,,2024-04-30,695,m2,"$1,000,000"
property-house-vic-reservoir-144462296,Reservoir,3073,21 Gertz Avenue,-37.700254,145.031599,3,1,house,1,2024-04-30,557,m2,"$751,500"
property-unit-vic-reservoir-144114548,Reservoir,3073,3/76 Darebin Boulevard,-37.70422551,145.028985,2,1,unit,1,2024-04-30,,,"$563,000"
property-unit-vic-reservoir-144316304,Reservoir,3073,6/119-125 Mahoneys Road,-37.69319916,144.9923746,2,1,unit,2,2024-04-30,325,m2,"$550,500"
property-unit-vic-reservoir-144048488,Reservoir,3073,55A Marchant Avenue,-37.713384,145.0144843,3,2,unit,2,2024-04-29,,,"$705,000"
property-unit-vic-reservoir-144653696,Reservoir,3073,4/18-20 Fordham Road,-37.71423059,145.0203875,2,1,unit,1,2024-04-29,176,m2,"$570,000"
property-house-vic-reservoir-144646684,Reservoir,3073,46a Acheron Avenue,-37.720073,145.017732,4,3,house,2,2024-04-27,,,"$1,410,000"
property-house-vic-reservoir-144609160,Reservoir,3073,1 Steane Street,-37.730985,145.026779,5,3,house,2,2024-04-27,583,m2,"$1,300,000"
property-house-vic-reservoir-144618984,Reservoir,3073,31 North Road,-37.721616,145.024282,3,2,house,2,2024-04-27,636,m2,"$1,021,000"
property-townhouse-vic-reservoir-144599104,Reservoir,3073,1/64 Darebin Boulevard,-37.70424498,145.0276137,4,3,townhouse,2,2024-04-27,,,"$936,000"
property-unit-vic-reservoir-144655060,Reservoir,3073,2/24 Kingsley Road,-37.7209688,144.9903687,2,1,unit,6,2024-04-27,308,m2,"$805,000"
property-house-vic-reservoir-144496936,Reservoir,3073,220 Albert Street,-37.728916,145.025881,2,1,house,2,2024-04-27,703,m2,"$782,800"
property-townhouse-vic-reservoir-144644752,Reservoir,3073,5/103-105 St Vigeons Road,-37.70635747,145.0194506,2,1,townhouse,2,2024-04-27,,,"$622,500"
property-unit-vic-reservoir-144623272,Reservoir,3073,2/8 O'Connor Street,-37.7106513,145.0065964,2,1,unit,1,2024-04-27,143,m2,"$615,000"
property-unit-vic-reservoir-144687748,Reservoir,3073,19 Coleman Crescent,-37.7213906,144.9994061,2,1,unit,1,2024-04-26,321,m2,"$728,000"
property-unit-vic-reservoir-144433192,Reservoir,3073,2/35 Clements Grove,-37.71185255,145.0238261,3,1,unit,2,2024-04-26,213,m2,"$670,000"
property-house-vic-reservoir-144604120,Reservoir,3073,1/17 Barton Street,-37.71199808,145.0061617,3,2,house,2,2024-04-23,309,m2,"$830,000"
property-unit-vic-reservoir-144276708,Reservoir,3073,1/22 Summerhill Road,-37.7269964,145.0333408,3,1,unit,1,2024-04-23,290,m2,"$560,000"
property-unit-vic-reservoir-144716520,Reservoir,3073,168/2 Gremel Road,-37.72423704,145.0303681,2,1,unit,1,2024-04-23,,,"$120,000"
property-house-vic-reservoir-144233748,Reservoir,3073,20 Elinda Place,-37.697794,145.023398,3,1,house,1,2024-04-22,162,m2,"$524,400"
property-house-vic-reservoir-144576404,Reservoir,3073,20 Queen Street,-37.72747309,145.0122373,4,3,house,4,2024-04-20,990,m2,"$2,515,000"
property-house-vic-reservoir-144584556,Reservoir,3073,7 Tivey Street,-37.706453,145.002079,2,1,house,1,2024-04-20,767,m2,"$950,000"
property-townhouse-vic-reservoir-144510520,Reservoir,3073,717 Gilbert Road,-37.72231706,144.9925451,3,2,townhouse,2,2024-04-20,,,"$868,000"
property-unit-vic-reservoir-144553628,Reservoir,3073,1/46 Dundee Street,-37.70259037,145.0229783,3,1,unit,1,2024-04-20,,,"$785,000"
property-house-vic-reservoir-144593056,Reservoir,3073,1/14 Armstrong Street,-37.723513,144.998979,2,1,house,1,2024-04-20,309,m2,"$772,500"
property-townhouse-vic-reservoir-139885603,Reservoir,3073,3/59 Barry Street,-37.70930061,145.001081,2,2,townhouse,1,2024-04-20,,,"$702,500"
property-townhouse-vic-reservoir-144557812,Reservoir,3073,2/80 Delaware Street,-37.71986517,145.0092241,2,1,townhouse,1,2024-04-20,,,"$652,500"
property-unit-vic-reservoir-144580636,Reservoir,3073,3/17 Evans Crescent,-37.71488477,145.0208095,2,1,unit,1,2024-04-20,208,m2,"$620,000"
property-townhouse-vic-reservoir-142607812,Reservoir,3073,10/119-125 Mahoneys Road,-37.69319916,144.9923746,3,2,townhouse,2,2024-04-20,,,"$610,000"
property-unit-vic-reservoir-144604156,Reservoir,3073,28 Argyle Street,-37.701833,145.025262,2,1,unit,2,2024-04-20,,,"$609,500"
property-unit-vic-reservoir-144595252,Reservoir,3073,2/131  North Road,-37.72270019,145.0136723,2,1,unit,1,2024-04-20,,,"$580,000"
property-unit-vic-reservoir-144583696,Reservoir,3073,3/11 Chaleyer Street,-37.72848342,145.028571,2,1,unit,1,2024-04-19,179,m2,"$600,000"
property-house-vic-reservoir-144308156,Reservoir,3073,19 Dyson Street,-37.713616,144.987184,3,2,house,2,2024-04-18,,,"$1,050,000"
property-unit-vic-reservoir-144241268,Reservoir,3073,3/44 Rathcown Road,-37.71024321,145.0303321,3,1,unit,2,2024-04-17,213,m2,"$737,500"
property-townhouse-vic-reservoir-144526456,Reservoir,3073,2/24 Boldrewood Parade,-37.72334348,145.0227704,2,1,townhouse,1,2024-04-15,,,"$615,000"
property-unit-vic-reservoir-143712920,Reservoir,3073,1/1 Station Street,-37.72981006,145.004799,2,1,unit,1,2024-04-15,,,"$515,000"
property-house-vic-reservoir-144556516,Reservoir,3073,165 Glasgow Avenue,-37.704983,144.986125,3,1,house,3,2024-04-13,,,"$1,150,000"
property-house-vic-reservoir-144512444,Reservoir,3073,13 Dredge Street,-37.694825,144.997707,3,1,house,4,2024-04-13,920,m2,"$862,000"
property-house-vic-reservoir-144559060,Reservoir,3073,11A Shand Road,-37.722813,145.019212,3,2,house,2,2024-04-13,,,"$820,000"
property-house-vic-reservoir-144553440,Reservoir,3073,1A Evans Crescent,-37.71541,145.019276,3,1,house,2,2024-04-13,,,"$820,000"
property-townhouse-vic-reservoir-143993008,Reservoir,3073,1/25 Rathcown Road,-37.71079,145.032239,3,2,townhouse,2,2024-04-12,,,"$770,000"
property-townhouse-vic-reservoir-144614152,Reservoir,3073,5/173a Spring Street,-37.72348,145.001547,2,1,townhouse,1,2024-04-12,,,"$710,000"
property-house-vic-reservoir-143774976,Reservoir,3073,114 Spring Street,-37.728514,145.001032,3,1,house,,2024-04-12,465,m2,"$675,000"
property-house-vic-reservoir-144504692,Reservoir,3073,1A Ballan Street,-37.69568236,144.9895264,3,2,house,2,2024-04-11,204,m2,"$890,000"
property-unit-vic-reservoir-144567208,Reservoir,3073,8/47 Rathcown Road,-37.71181615,145.0295865,2,1,unit,1,2024-04-10,,,"$600,000"
property-townhouse-vic-reservoir-144341216,Reservoir,3073,2/17 Nicholson Avenue,-37.72236889,145.0268412,2,1,townhouse,1,2024-04-10,,,"$570,000"
property-house-vic-reservoir-144260864,Reservoir,3073,16A O'Connor Street,-37.71059851,145.0060911,4,3,house,2,2024-04-07,,,"$1,295,000"
property-house-vic-reservoir-144489464,Reservoir,3073,14 Horton Street,-37.72327,144.986787,3,2,house,2,2024-04-06,,,"$1,080,000"
property-townhouse-vic-reservoir-144483808,Reservoir,3073,20 Dredge Street,-37.69448157,144.9972109,3,2,townhouse,2,2024-04-06,290,m2,"$996,000"
property-house-vic-reservoir-144491056,Reservoir,3073,1/4 View Street,-37.71915683,144.9921375,3,2,house,2,2024-04-06,,,"$887,000"
property-house-vic-reservoir-144482536,Reservoir,3073,1043 High Street,-37.700516,145.010234,4,2,house,2,2024-04-06,949,m2,"$866,500"
property-house-vic-reservoir-144463672,Reservoir,3073,20 Glasgow Avenue,-37.70729399,145.0060298,4,1,house,1,2024-04-06,493,m2,"$780,000"
property-townhouse-vic-reservoir-144396264,Reservoir,3073,2/55 Yarra Avenue,-37.71917722,145.0181711,3,1,townhouse,1,2024-04-06,,,"$720,000"
property-townhouse-vic-reservoir-143496596,Reservoir,3073,4/2 Trudgeon Avenue,-37.73033543,145.0042644,2,1,townhouse,1,2024-04-05,,,"$590,000"
property-unit-vic-reservoir-143951440,Reservoir,3073,2/13 Suffolk Street,-37.70792702,145.0109499,2,1,unit,1,2024-04-05,,,"$518,000"
property-house-vic-reservoir-144432384,Reservoir,3073,2/4 kennedy street,-37.72249435,144.9876977,2,1,house,1,2024-04-04,,,"$780,000"
property-house-vic-reservoir-144368260,Reservoir,3073,13 Kennedy Street,-37.722695,144.986904,3,2,house,2,2024-04-03,585,m2,"$1,102,000"
property-unit-vic-reservoir-144533944,Reservoir,3073,4/97-99 Whitelaw Street,-37.71215406,145.0217864,1,1,unit,1,2024-04-03,,,"$432,500"
property-house-vic-reservoir-144426768,Reservoir,3073,1/64 Seston Street,-37.72781187,145.034795,2,1,house,1,2024-04-02,266,m2,"$560,000"
property-townhouse-vic-reservoir-144253908,Reservoir,3073,3/40 Seston Street,-37.730147,145.034336,3,2,townhouse,1,2024-03-31,,,"$715,000"
property-unit-vic-reservoir-144424688,Reservoir,3073,1A Palm Avenue,-37.71182698,145.0132794,2,1,unit,2,2024-03-30,,,"$600,000"
property-unit-vic-reservoir-144578496,Reservoir,3073,5/25 Ashley Street,-37.71756915,145.0019617,2,1,unit,1,2024-03-30,,,"$427,500"
property-house-vic-reservoir-144235740,Reservoir,3073,188 Edwardes Street,-37.715232,144.997418,3,1,house,4,2024-03-28,518,m2,"$840,000"
property-house-vic-reservoir-144193012,Reservoir,3073,50 Kirby Street,-37.730404,145.031356,3,1,house,2,2024-03-28,,,"$715,000"
property-unit-vic-reservoir-144367152,Reservoir,3073,2/7 Darebin Boulevard,-37.70452,145.0205658,3,1,unit,2,2024-03-28,,,"$660,000"
property-townhouse-vic-reservoir-143932204,Reservoir,3073,8/853 High Street,-37.72623403,145.0058793,2,2,townhouse,2,2024-03-28,,,"$595,000"
property-house-vic-reservoir-144396604,Reservoir,3073,135 Rathcown Road,-37.708988,145.017744,3,1,house,2,2024-03-27,743,m2,"$1,105,000"
property-house-vic-reservoir-140391675,Reservoir,3073,6 Clements Grove,-37.714337,145.022854,3,1,house,1,2024-03-27,700,m2,"$880,000"
property-unit-vic-reservoir-143894200,Reservoir,3073,45/2 Gremel Road,-37.72423704,145.0303681,2,1,unit,1,2024-03-27,,,"$138,500"
property-house-vic-reservoir-144355648,Reservoir,3073,34 McMahon Road,-37.711218,145.0217,3,2,house,2,2024-03-26,750,m2,"$1,100,000"
property-house-vic-reservoir-144311328,Reservoir,3073,57 Mcmahon Road,-37.71111684,145.018514,4,3,house,2,2024-03-26,,,"$988,000"
property-unit-vic-reservoir-144244120,Reservoir,3073,3/80 Rathcown Road,-37.7095601,145.0247023,2,1,unit,1,2024-03-26,,,"$540,000"
property-unit-vic-reservoir-144449376,Reservoir,3073,1C Wattlebrae Street,-37.719091,144.989143,1,1,unit,1,2024-03-26,,,"$464,000"
property-townhouse-vic-reservoir-144279780,Reservoir,3073,1/10 Army Avenue,-37.722616,144.99174,3,2,townhouse,2,2024-03-25,,,"$1,150,000"
property-unit-vic-reservoir-144034788,Reservoir,3073,4/7 Mccrae Street,-37.70575695,145.0106029,2,1,unit,1,2024-03-25,130,m2,"$470,000"
property-house-vic-reservoir-144361660,Reservoir,3073,7 Arbor Avenue,-37.722575,144.988825,3,2,house,4,2024-03-23,494,m2,"$1,440,000"
property-house-vic-reservoir-144372920,Reservoir,3073,10a Pratt Street,-37.710607,145.009499,4,2,house,2,2024-03-23,,,"$1,270,000"
property-house-vic-reservoir-144388828,Reservoir,3073,113 Hughes Parade,-37.698574,144.99451,3,2,house,2,2024-03-23,837,m2,"$1,242,000"
property-house-vic-reservoir-144312196,Reservoir,3073,23 McComas Street,-37.728955,145.023407,2,1,house,3,2024-03-23,560,m2,"$792,000"
property-house-vic-reservoir-144359396,Reservoir,3073,95-97 Keon Parade,-37.695522,145.015081,3,1,house,3,2024-03-23,453,m2,"$748,000"
property-townhouse-vic-reservoir-144359384,Reservoir,3073,2/86 Arundel Avenue,-37.69599,145.013803,2,2,townhouse,1,2024-03-23,,,"$690,500"
property-house-vic-reservoir-144401332,Reservoir,3073,2/33 Cheddar Road,-37.71085374,145.0112167,2,1,house,3,2024-03-23,,,"$650,000"
property-unit-vic-reservoir-144384976,Reservoir,3073,4/126 St Vigeons Road,-37.70579754,145.0193677,2,1,unit,1,2024-03-23,,,"$582,500"
property-townhouse-vic-reservoir-144339532,Reservoir,3073,2/71 Summerhill Road,-37.72645052,145.0265818,2,1,townhouse,1,2024-03-23,,,"$502,000"
property-house-vic-reservoir-144170304,Reservoir,3073,42 Manoel Avenue,-37.698932,145.035047,6,4,house,2,2024-03-22,815,m2,"$1,390,000"
property-house-vic-reservoir-144398244,Reservoir,3073,6 Bogong Court,-37.708868,144.990977,3,1,house,2,2024-03-22,,,"$726,000"
property-unit-vic-reservoir-144348000,Reservoir,3073,2/22 Boldrewood Parade,-37.72346988,145.0228367,4,4,unit,4,2024-03-22,,,"$716,000"
property-house-vic-reservoir-144387760,Reservoir,3073,11 Kelsby Street,-37.71443331,144.9980984,3,1,house,4,2024-03-21,674,m2,"$1,450,000"
property-house-vic-reservoir-144028416,Reservoir,3073,15 Greig Street,-37.701629,144.987645,6,2,house,6,2024-03-21,766,m2,"$1,360,000"
property-townhouse-vic-reservoir-144361376,Reservoir,3073,2/5 Biran Court,-37.71109982,145.013897,2,1,townhouse,1,2024-03-21,,,"$578,000"
property-house-vic-reservoir-144366312,Reservoir,3073,3 Rose Court,-37.722355,144.999734,3,1,house,2,2024-03-20,511,m2,"$917,000"
property-house-vic-reservoir-141984604,Reservoir,3073,6 St Vigeons Road,-37.707367,145.032306,3,1,house,2,2024-03-20,719,m2,"$875,000"
property-house-vic-reservoir-144367144,Reservoir,3073,22A Rosenthal Crescent,-37.70127,145.005806,2,1,house,2,2024-03-20,,,"$710,000"
property-house-vic-reservoir-144318912,Reservoir,3073,27 Arundel Avenue,-37.696829,145.018577,2,1,house,1,2024-03-20,329,m2,"$580,000"
property-townhouse-vic-reservoir-144287056,Reservoir,3073,3/59 St Vigeons Road,-37.70674815,145.0248202,2,1,townhouse,2,2024-03-19,157,m2,"$530,000"
property-house-vic-reservoir-144110276,Reservoir,3073,21 Pershing Street,-37.725464,144.99375,3,1,house,3,2024-03-18,429,m2,"$960,000"
property-house-vic-reservoir-144304336,Reservoir,3073,15 Kinsale Street,-37.722526,144.994919,3,1,house,1,2024-03-16,,,"$1,515,000"
property-house-vic-reservoir-144309224,Reservoir,3073,14 Burbank Drive,-37.698573,145.024849,3,1,house,2,2024-03-16,,,"$900,000"
property-house-vic-reservoir-144310036,Reservoir,3073,77 Cuthbert Road,-37.716576,145.013435,3,1,house,3,2024-03-16,637,m2,"$821,500"
property-townhouse-vic-reservoir-144302880,Reservoir,3073,90 O'Connor Street,-37.70976789,144.9978627,2,1,townhouse,2,2024-03-16,,,"$800,000"
property-unit-vic-reservoir-144214788,Reservoir,3073,2/16 Orrong Avenue,-37.714359,145.0101011,3,1,unit,4,2024-03-16,,,"$790,000"
property-unit-vic-reservoir-144230332,Reservoir,3073,3/80 Strathmerton Street,-37.71228247,145.0160547,3,2,unit,2,2024-03-16,,,"$720,000"
property-townhouse-vic-reservoir-144385864,Reservoir,3073,2/610 Gilbert Road,-37.72536514,144.9928326,2,1,townhouse,1,2024-03-16,,,"$650,000"
property-townhouse-vic-reservoir-144247264,Reservoir,3073,3/51 Cheddar Road,-37.70968584,145.0120241,2,1,townhouse,1,2024-03-16,,,"$622,500"
property-unit-vic-reservoir-144265464,Reservoir,3073,2/51 Chaleyer Street,-37.7275497,145.0207923,2,1,unit,1,2024-03-16,,,"$572,000"
property-unit-vic-reservoir-144269400,Reservoir,3073,3/128 Rathcown Road,-37.7088494,145.01889,2,1,unit,1,2024-03-16,,,"$508,000"
property-apartment-vic-reservoir-144419924,Reservoir,3073,4/261-263 Broadway,-37.71719473,145.0097834,1,1,apartment,,2024-03-16,,,"$325,000"
property-house-vic-reservoir-144294264,Reservoir,3073,29 Liston Avenue,-37.697606,145.017764,3,1,house,1,2024-03-15,523,m2,"$806,000"
property-unit-vic-reservoir-144418356,Reservoir,3073,2/25 Olive Street,-37.71746825,145.003932,2,1,unit,1,2024-03-14,,,"$615,000"
property-house-vic-reservoir-144366320,Reservoir,3073,10 McMahon Road,-37.711606,145.024957,3,2,house,3,2024-03-13,,,"$1,090,000"
property-unit-vic-reservoir-144333236,Reservoir,3073,5/22 Epstein Street,-37.70931135,144.9937139,1,1,unit,1,2024-03-13,,,"$400,000"
property-house-vic-reservoir-144309460,Reservoir,3073,27 McComas Street,-37.728895,145.023034,2,1,house,3,2024-03-11,562,m2,"$775,000"
property-house-vic-reservoir-144246048,Reservoir,3073,22 Broadhurst Avenue,-37.708439,145.006007,4,2,house,4,2024-03-09,1035,m2,"$1,400,000"
property-house-vic-reservoir-144233876,Reservoir,3073,159 Broadway,-37.718215,145.01819,4,2,house,4,2024-03-09,705,m2,"$1,012,000"
property-house-vic-reservoir-144152836,Reservoir,3073,82 Lloyd Avenue,-37.697648,145.013282,3,2,house,4,2024-03-09,556,m2,"$730,000"
property-townhouse-vic-reservoir-144164212,Reservoir,3073,2/10 Crevelli Street,-37.73196557,145.0298152,3,3,townhouse,2,2024-03-09,,,"$640,000"
property-unit-vic-reservoir-144225296,Reservoir,3073,2/101 Henty Street,-37.71886818,144.9959995,2,1,unit,1,2024-03-09,,,"$601,000"
property-townhouse-vic-reservoir-144235768,Reservoir,3073,102A Spring Street,-37.72937736,145.0008941,3,2,townhouse,2,2024-03-08,,,"$790,000"
property-unit-vic-reservoir-144214092,Reservoir,3073,8/25 Ashley Street,-37.71756915,145.0019617,2,1,unit,1,2024-03-08,,,"$405,000"
property-house-vic-reservoir-144114148,Reservoir,3073,629-631 Gilbert Road,-37.728272,144.99153,4,2,house,4,2024-03-07,585,m2,"$1,165,000"
property-house-vic-reservoir-144303008,Reservoir,3073,28 Kelsby Street,-37.713281,144.998719,3,2,house,3,2024-03-07,859,m2,"$1,101,000"
property-house-vic-reservoir-144179540,Reservoir,3073,69 King William Street,-37.726384,145.007761,5,2,house,2,2024-03-06,,,"$1,960,000"
property-unit-vic-reservoir-144333496,Reservoir,3073,70A Blake Street,-37.731301,145.032081,3,1,unit,3,2024-03-06,,,"$740,000"
property-townhouse-vic-reservoir-144173884,Reservoir,3073,4/38 Pickett Street,-37.70358653,145.0133303,2,1,townhouse,1,2024-03-05,,,"$590,000"
property-townhouse-vic-reservoir-144075756,Reservoir,3073,2/41 Fordham Road,-37.71407928,145.0198021,2,1,townhouse,1,2024-03-05,,,"$535,000"
property-villa-vic-reservoir-144183148,Reservoir,3073,3/9 Ashton Street,-37.73100161,145.0202956,2,1,villa,3,2024-03-04,,,"$636,000"
property-residential land-vic-reservoir-203743612,Reservoir,3073,104 Massey Avenue,-37.70155379,144.9896717,,,residential land,,2024-03-04,509,m2,"$580,000"
property-unit-vic-reservoir-143998180,Reservoir,3073,1/17-19 Daventry Street,-37.71401938,145.001177,2,1,unit,2,2024-03-04,,,"$549,000"
property-house-vic-reservoir-144170736,Reservoir,3073,175 Broadway,-37.718047,145.016788,3,2,house,2,2024-03-02,691,m2,"$1,020,000"
property-house-vic-reservoir-144153732,Reservoir,3073,24 Rodman Street,-37.701005,145.006626,3,1,house,2,2024-03-02,587,m2,"$876,000"
property-house-vic-reservoir-144192804,Reservoir,3073,168 Broadway,-37.717374,145.014798,3,1,house,2,2024-03-02,625,m2,"$780,000"
property-townhouse-vic-reservoir-144161348,Reservoir,3073,2/99 Crookston Road,-37.70965945,145.0147834,3,2,townhouse,2,2024-03-02,,,"$735,000"
property-unit-vic-reservoir-144184796,Reservoir,3073,2/157 Cheddar Road,-37.6972808,145.0206741,3,2,unit,2,2024-03-02,,,"$672,000"
property-house-vic-reservoir-143853576,Reservoir,3073,1 Joan Court,-37.692284,144.974538,4,1,house,2,2024-03-02,547,m2,"$665,000"
property-house-vic-reservoir-144139256,Reservoir,3073,16C Steane Street,-37.73047956,145.0251017,3,1,house,1,2024-03-02,339,m2,"$640,000"
property-unit-vic-reservoir-144184296,Reservoir,3073,1/50 Whitelaw Street,-37.71319195,145.0178846,2,1,unit,1,2024-03-02,,,"$547,500"
property-unit-vic-reservoir-144154072,Reservoir,3073,6/704 Gilbert Road,-37.7195566,144.9937535,1,1,unit,1,2024-03-02,,,"$400,000"
property-house-vic-reservoir-144310028,Reservoir,3073,13 Crawley Street,-37.72604,145.004434,3,2,house,1,2024-03-01,,,"$1,470,000"
property-house-vic-reservoir-144007016,Reservoir,3073,20 Vale Street,-37.726788,144.98963,3,1,house,2,2024-03-01,,,"$1,020,000"
property-house-vic-reservoir-143984432,Reservoir,3073,14 Dyson Street,-37.71339,144.987678,3,2,house,1,2024-03-01,487,m2,"$885,000"
property-house-vic-reservoir-144239776,Reservoir,3073,29 Joffre Street,-37.72852566,145.0127947,3,2,house,2,2024-02-29,718,m2,"$1,532,000"
property-townhouse-vic-reservoir-144153760,Reservoir,3073,9/4 Pratt Street,-37.71070247,145.0102389,2,1,townhouse,1,2024-02-29,176,m2,"$655,000"
property-house-vic-reservoir-144140972,Reservoir,3073,30 Whitelaw Street,-37.714539,145.015565,2,1,house,2,2024-02-28,650,m2,"$942,500"
property-townhouse-vic-reservoir-144189048,Reservoir,3073,4/49 Storey Road,-37.72351772,145.0111043,2,1,townhouse,1,2024-02-28,,,"$695,000"
property-unit-vic-reservoir-144097204,Reservoir,3073,3/9 Hickford Street,-37.70629521,145.0297788,2,1,unit,1,2024-02-28,131,m2,"$510,000"
property-unit-vic-reservoir-144148844,Reservoir,3073,2/3 Thackeray Road,-37.72189539,145.0153461,3,2,unit,2,2024-02-27,212,m2,"$1,006,000"
property-house-vic-reservoir-143735320,Reservoir,3073,60 Allenby Avenue,-37.700814,145.004896,4,1,house,2,2024-02-26,740,m2,"$1,085,000"
property-house-vic-reservoir-144229524,Reservoir,3073,1/26 Miranda Road,-37.70739962,145.0240714,3,2,house,1,2024-02-26,,,"$775,000"
property-house-vic-reservoir-144112380,Reservoir,3073,36a Crispe Street,-37.726264,144.994829,4,3,house,2,2024-02-24,,,"$1,606,000"
property-house-vic-reservoir-144119828,Reservoir,3073,7 Frier Avenue,-37.729748,145.014841,3,1,house,2,2024-02-24,581,m2,"$1,586,000"
property-house-vic-reservoir-144105716,Reservoir,3073,52 Dawson Street,-37.697256,144.984894,3,2,house,6,2024-02-24,771,m2,"$1,297,500"
property-townhouse-vic-reservoir-144139228,Reservoir,3073,74C Hickford Street,-37.705187,145.023233,3,2,townhouse,2,2024-02-24,,,"$962,500"
property-house-vic-reservoir-142516588,Reservoir,3073,24 Massey Avenue,-37.705267,144.990144,3,1,house,1,2024-02-24,800,m2,"$905,000"
property-house-vic-reservoir-144080128,Reservoir,3073,4 Long Street,-37.694327,144.997562,3,1,house,2,2024-02-24,613,m2,"$868,000"
property-unit-vic-reservoir-144128512,Reservoir,3073,2/128 Purinuan Road,-37.70769434,145.0180766,3,1,unit,1,2024-02-24,300,m2,"$741,000"
property-townhouse-vic-reservoir-144077016,Reservoir,3073,4/83 Spring Street,-37.73007099,145.000374,2,1,townhouse,1,2024-02-23,,,"$670,000"
property-house-vic-reservoir-143755196,Reservoir,3073,3 Johnson Street,-37.702967,145.010713,4,1,house,3,2024-02-21,835,m2,"$945,000"
property-townhouse-vic-reservoir-144104532,Reservoir,3073,2/64 Hickford Street,-37.7053027,145.0241577,2,1,townhouse,1,2024-02-21,,,"$645,000"
property-house-vic-reservoir-144170480,Reservoir,3073,70a Kirby Street,-37.72988533,145.028515,2,1,house,1,2024-02-21,,,"$570,000"
property-townhouse-vic-reservoir-143529988,Reservoir,3073,5/38-40 Gisborne Crescent,-37.71835387,145.023098,2,2,townhouse,1,2024-02-20,,,"$643,000"
property-house-vic-reservoir-141927508,Reservoir,3073,47 Nisbett Street,-37.727841,145.031163,4,2,house,4,2024-02-19,580,m2,"$720,000"
property-house-vic-reservoir-144049776,Reservoir,3073,16 Maritana Avenue,-37.728567,144.997774,4,3,house,5,2024-02-17,711,m2,"$1,650,000"
property-house-vic-reservoir-143990492,Reservoir,3073,20C Smith Street,-37.70201293,145.0121504,4,3,house,2,2024-02-17,,,"$1,055,000"
property-house-vic-reservoir-143948632,Reservoir,3073,17 Orrong Avenue,-37.713366,145.011184,2,1,house,5,2024-02-17,653,m2,"$905,000"
property-house-vic-reservoir-144049788,Reservoir,3073,131 Mahoneys Road,-37.693127,144.99164,3,2,house,5,2024-02-17,537,m2,"$720,000"
property-unit-vic-reservoir-144123724,Reservoir,3073,1/23 Dorrington Avenue,-37.72694523,145.0238299,3,1,unit,1,2024-02-17,,,"$700,000"
property-townhouse-vic-reservoir-144037004,Reservoir,3073,4/65 Dundee St,-37.70237149,145.0244979,2,1,townhouse,1,2024-02-17,188,m2,"$683,000"
property-townhouse-vic-reservoir-144036828,Reservoir,3073,3/104 Tunaley Parade,-37.69758348,145.0317907,3,1,townhouse,1,2024-02-17,,,"$670,000"
property-townhouse-vic-reservoir-144061352,Reservoir,3073,3/10 Pershing Street,-37.72541815,144.9959656,2,1,townhouse,1,2024-02-17,,,"$660,000"
property-unit-vic-reservoir-144038540,Reservoir,3073,54a Barton Street,-37.71110979,145.0006729,2,1,unit,1,2024-02-17,,,"$590,000"
property-unit-vic-reservoir-144049324,Reservoir,3073,1/16 Jinghi Road,-37.70608912,145.0133314,2,1,unit,1,2024-02-17,205,m2,"$550,000"
property-unit-vic-reservoir-144019764,Reservoir,3073,3/1 Griffiths Street,-37.71457383,144.9957592,2,2,unit,1,2024-02-17,,,"$507,000"
property-unit-vic-reservoir-144049548,Reservoir,3073,5/84-86 Pine Street,-37.71666659,144.998603,3,1,unit,2,2024-02-16,143,m2,"$750,500"
property-townhouse-vic-reservoir-144038516,Reservoir,3073,2/154 Broadway,-37.717532,145.015999,3,3,townhouse,2,2024-02-16,,,"$738,888"
property-unit-vic-reservoir-144036556,Reservoir,3073,2/74A Barton Street,-37.71087478,144.9984465,2,1,unit,1,2024-02-15,120,m2,"$585,000"
property-house-vic-reservoir-144049396,Reservoir,3073,7 White Street,-37.710139,145.010612,5,2,house,2,2024-02-14,,,"$862,000"
property-townhouse-vic-reservoir-143704932,Reservoir,3073,2/54 Davidson Street,-37.69626134,144.9823724,3,1,townhouse,4,2024-02-13,202,m2,"$660,000"
property-unit-vic-reservoir-142441552,Reservoir,3073,9/71 Pine Street,-37.71776731,144.9980239,2,1,unit,1,2024-02-12,,,"$390,000"
property-house-vic-reservoir-144000832,Reservoir,3073,8 Bendigo Street,-37.725485,145.01643,3,2,house,2,2024-02-10,696,m2,"$1,620,000"
property-townhouse-vic-reservoir-144106236,Reservoir,3073,2/8 Jean Street,-37.70948305,144.9990215,3,1,townhouse,2,2024-02-10,,,"$764,000"
property-townhouse-vic-reservoir-143967552,Reservoir,3073,6A Mcfadzean Avenue,-37.7091998,144.9979132,2,1,townhouse,2,2024-02-10,183,m2,"$710,000"
property-house-vic-reservoir-143916784,Reservoir,3073,54 Clingin Street,-37.728413,145.03142,3,1,house,2,2024-02-10,583,m2,"$705,000"
property-townhouse-vic-reservoir-143977780,Reservoir,3073,2/97 Cuthbert Road,-37.71635074,145.0115035,2,1,townhouse,1,2024-02-10,161,m2,"$600,000"
property-townhouse-vic-reservoir-143766664,Reservoir,3073,3/42 Gisborne Crescent,-37.718306,145.022533,2,3,townhouse,1,2024-02-09,725,m2,"$750,000"
property-townhouse-vic-reservoir-143991564,Reservoir,3073,3/155 Rathcown Road,-37.70878243,145.0159882,2,2,townhouse,1,2024-02-09,,,"$560,000"
property-house-vic-reservoir-139297955,Reservoir,3073,28 Greig Street,-37.701003,144.986323,4,2,house,2,2024-02-07,,,"$1,600,000"
property-townhouse-vic-reservoir-144008900,Reservoir,3073,2/40 Seston Street,-37.730147,145.034336,3,2,townhouse,2,2024-02-07,,,"$770,000"
property-unit-vic-reservoir-144114112,Reservoir,3073,1/20-24 Ameily Crescent,-37.7093958,144.9948253,2,1,unit,1,2024-02-07,,,"$520,000"
property-house-vic-reservoir-144134656,Reservoir,3073,32A Foch Street,-37.72823149,145.0120324,5,2,house,2,2024-02-06,,,"$1,870,000"
property-house-vic-reservoir-140865064,Reservoir,3073,134 St Vigeons Road,-37.705698,145.018784,3,1,house,2,2024-02-06,780,m2,"$887,500"
property-townhouse-vic-reservoir-143941948,Reservoir,3073,2/71 Thackeray Road,-37.72116777,145.0093681,2,1,townhouse,1,2024-02-06,,,"$735,000"
property-house-vic-reservoir-144061156,Reservoir,3073,36 Cuthbert Road,-37.716202,145.012651,4,1,house,4,2024-02-05,650,m2,"$1,239,700"
property-house-vic-reservoir-143902104,Reservoir,3073,3/20 Doolan Street,-37.72565128,145.01908,4,3,house,2,2024-02-05,269,m2,"$920,000"
property-townhouse-vic-reservoir-143057992,Reservoir,3073,2/7 Dunolly Crescent,-37.7161042,145.0207713,2,1,townhouse,1,2024-02-05,104,m2,"$444,000"
property-unit-vic-reservoir-143779100,Reservoir,3073,3/25 Ashley Street,-37.71756915,145.0019617,2,1,unit,1,2024-02-04,,,"$385,000"
property-house-vic-reservoir-143931432,Reservoir,3073,125 Wilson Boulevard,-37.698174,144.993239,3,1,house,5,2024-02-03,1037,m2,"$950,000"
property-house-vic-reservoir-143633936,Reservoir,3073,6 Barwon Avenue,-37.724126,145.024545,3,1,house,2,2024-02-03,,,"$950,000"
property-townhouse-vic-reservoir-143926572,Reservoir,3073,3/103-105 St Vigeons Road,-37.70635747,145.0194506,3,2,townhouse,2,2024-02-03,205,m2,"$802,000"
property-apartment-vic-reservoir-144013196,Reservoir,3073,3/755 Plenty Road,-37.7277445,145.0191713,2,2,apartment,1,2024-02-03,,,"$490,000"
property-unit-vic-reservoir-143913564,Reservoir,3073,4/34 Willoughby Street,-37.71668154,144.9965472,1,1,unit,1,2024-02-03,,,"$460,000"
property-house-vic-reservoir-144005852,Reservoir,3073,8B Wimmera Avenue,-37.724684,145.020786,4,3,house,2,2024-02-01,,,"$1,306,000"
property-unit-vic-reservoir-143980164,Reservoir,3073,1/91 Barton Street,-37.71134501,144.9999501,2,1,unit,1,2024-01-30,,,"$580,000"
property-house-vic-reservoir-143844076,Reservoir,3073,97 Mahoneys Road,-37.693526,144.995497,4,2,house,2,2024-01-25,892,m2,"$800,000"
property-unit-vic-reservoir-142848912,Reservoir,3073,1/11 Luke Street,-37.71029391,144.9900551,3,1,unit,1,2024-01-24,250,m2,"$600,000"
property-house-vic-reservoir-143637168,Reservoir,3073,1/83 St Vigeons Road,-37.706421,145.022077,3,2,house,2,2024-01-23,,,"$1,115,000"
property-unit-vic-reservoir-142640804,Reservoir,3073,1/147 Boldrewood Parade,-37.71279638,145.0223975,2,1,unit,1,2024-01-22,,,"$515,000"
property-house-vic-reservoir-143904852,Reservoir,3073,129 Mcfadzean Avenue,-37.699707,144.995988,4,3,house,2,2024-01-18,822,m2,"$1,225,000"
property-townhouse-vic-reservoir-143198732,Reservoir,3073,1/29 Cameron Street,-37.72724532,144.9982531,3,2,townhouse,2,2024-01-18,214,m2,"$910,000"
property-townhouse-vic-reservoir-143855712,Reservoir,3073,3/13 Dundee Street,-37.703594,145.019578,2,2,townhouse,1,2024-01-18,,,"$750,000"
property-apartment-vic-reservoir-137767894,Reservoir,3073,3/1a Wilkinson Street,-37.727339,145.018922,1,1,apartment,1,2024-01-18,,,"$360,000"
property-townhouse-vic-reservoir-143065500,Reservoir,3073,3/213-215 Albert Street,-37.72599225,145.0228087,2,1,townhouse,1,2024-01-17,,,"$415,000"
property-unit-vic-reservoir-141562200,Reservoir,3073,3/67 Barton Street,-37.7115684,145.0019909,2,1,unit,1,2024-01-16,87,m2,"$400,000"
property-townhouse-vic-reservoir-143745664,Reservoir,3073,1/169 Broadway,-37.71811309,145.0173176,3,3,townhouse,2,2024-01-11,,,"$850,000"
property-unit-vic-reservoir-143573172,Reservoir,3073,1/2 Station Street,-37.7295302,145.0048364,2,1,unit,1,2024-01-09,168,m2,"$585,000"
property-unit-vic-reservoir-143484892,Reservoir,3073,1/23A Fordham Road,-37.71517,145.017704,2,1,unit,1,2024-01-08,,,"$620,000"
property-unit-vic-reservoir-143632292,Reservoir,3073,2/78 Howard Street,-37.71875879,145.0087315,2,1,unit,2,2024-01-06,350,m2,"$750,000"
property-townhouse-vic-reservoir-142843100,Reservoir,3073,2/5 Cuthbert Road,-37.71736436,145.0198206,2,2,townhouse,1,2024-01-05,,,"$620,000"
property-townhouse-vic-reservoir-143541236,Reservoir,3073,12/11 George Street,-37.71822493,144.9999361,1,1,townhouse,1,2024-01-05,,,"$420,000"
property-townhouse-vic-reservoir-142255424,Reservoir,3073,2/72 Liston Avenue,-37.6969755,145.0147878,3,1,townhouse,1,2024-01-01,,,"$607,000"
property-house-vic-reservoir-143849256,Reservoir,3073,51 Wattle Grove,-37.719332,144.994699,3,1,house,2,2023-12-30,527,m2,"$820,000"
property-house-vic-reservoir-143396316,Reservoir,3073,9 Alamo Road,-37.723265,144.988568,4,2,house,2,2023-12-23,,,"$1,600,000"
property-house-vic-reservoir-143739204,Reservoir,3073,1/219 Spring Street,-37.72015375,145.0040239,2,1,house,2,2023-12-23,,,"$581,250"
property-unit-vic-reservoir-143745736,Reservoir,3073,96 Edwardes Street,-37.715595,145.001617,2,1,unit,2,2023-12-23,,,"$538,000"
property-unit-vic-reservoir-143793584,Reservoir,3073,2/99 Cuthbert Road,-37.71632973,145.0113294,1,1,unit,1,2023-12-23,,,"$415,000"
property-house-vic-reservoir-143721332,Reservoir,3073,2 San Leandro Drive,-37.697608,145.024296,4,2,house,4,2023-12-22,585,m2,"$800,000"
property-unit-vic-reservoir-143669196,Reservoir,3073,18 Newton Street,-37.7314751,145.026719,2,1,unit,2,2023-12-22,335,m2,"$770,000"
property-house-vic-reservoir-143445756,Reservoir,3073,98 Massey Avenue,-37.697223,144.99086,3,1,house,4,2023-12-21,690,m2,"$895,000"
property-townhouse-vic-reservoir-143690744,Reservoir,3073,2/30 Cuthbert Road,-37.716279,145.013454,3,2,townhouse,2,2023-12-21,147,m2,"$730,000"
property-house-vic-reservoir-143734844,Reservoir,3073,50 Nisbett Street,-37.727503,145.030888,3,1,house,2,2023-12-21,590,m2,"$722,000"
property-unit-vic-reservoir-143738296,Reservoir,3073,2/39 Hickford Street,-37.70592175,145.0264766,2,1,unit,1,2023-12-20,,,"$382,000"
property-townhouse-vic-reservoir-143628080,Reservoir,3073,2/7 Dumbarton Street,-37.701563,145.023704,3,2,townhouse,2,2023-12-18,,,"$850,000"
property-unit-vic-reservoir-143571096,Reservoir,3073,6/84 Pine Street,-37.71666659,144.998603,2,1,unit,2,2023-12-18,,,"$625,000"
property-house-vic-reservoir-143710480,Reservoir,3073,15 York Street,-37.72796157,144.9898452,4,2,house,4,2023-12-16,,,"$1,600,000"
property-house-vic-reservoir-143726292,Reservoir,3073,53 St Vigeons Road,-37.706857,145.025559,3,1,house,2,2023-12-16,892,m2,"$1,070,000"
property-house-vic-reservoir-143718988,Reservoir,3073,52 Banbury Road,-37.709277,144.990126,3,1,house,1,2023-12-16,,,"$921,500"
property-house-vic-reservoir-143690576,Reservoir,3073,42 Steane Street,-37.730176,145.022569,3,2,house,2,2023-12-16,537,m2,"$790,000"
property-townhouse-vic-reservoir-143714068,Reservoir,3073,1/9 Tambo Avenue,-37.72256818,145.0181045,2,1,townhouse,1,2023-12-16,,,"$740,000"
property-townhouse-vic-reservoir-143703340,Reservoir,3073,8/7 Barry Street,-37.70987868,145.0065443,2,1,townhouse,1,2023-12-16,,,"$617,000"
property-townhouse-vic-reservoir-143686512,Reservoir,3073,1/5 Dunolly Crescent,-37.71613471,145.020583,2,1,townhouse,1,2023-12-16,,,"$586,500"
property-unit-vic-reservoir-143752192,Reservoir,3073,3/70 Yarra Avenue,-37.71884255,145.0169788,2,1,unit,1,2023-12-16,,,"$540,000"
property-house-vic-reservoir-143706584,Reservoir,3073,2 Mack Street,-37.70341574,145.0133493,3,1,house,2,2023-12-13,,,"$850,000"
property-villa-vic-reservoir-143551032,Reservoir,3073,2/15 Hobbs Crescent,-37.70550621,145.0076365,2,1,villa,2,2023-12-12,256,m2,"$685,000"
property-house-vic-reservoir-140980008,Reservoir,3073,25 Bogong Court,-37.70845,144.990239,3,1,house,1,2023-12-12,423,m2,"$635,000"
property-house-vic-reservoir-143374068,Reservoir,3073,69 Whitelaw Street,-37.712286,145.018802,3,1,house,1,2023-12-11,684,m2,"$870,000"
property-house-vic-reservoir-143628072,Reservoir,3073,24 Powell Street,-37.726407,145.002711,5,2,house,5,2023-12-09,,,"$1,540,000"
property-house-vic-reservoir-143612636,Reservoir,3073,1/4 George Street,-37.71876747,145.0001826,4,2,house,4,2023-12-09,508,m2,"$1,200,000"
property-house-vic-reservoir-143636396,Reservoir,3073,7 Macartney Street,-37.713372,145.008869,2,1,house,2,2023-12-09,,,"$950,000"
property-house-vic-reservoir-143634760,Reservoir,3073,1/25 Crispe Street,-37.72686271,144.9944047,3,1,house,1,2023-12-09,,,"$840,000"
property-townhouse-vic-reservoir-143423812,Reservoir,3073,3/9 Elsey Road,-37.705436,145.013914,4,3,townhouse,2,2023-12-09,,,"$762,000"
property-townhouse-vic-reservoir-143704940,Reservoir,3073,1/18 Kelsby Street,-37.71400365,144.9985748,2,1,townhouse,1,2023-12-09,,,"$757,000"
property-house-vic-reservoir-143633912,Reservoir,3073,1 Dorrington Avenue,-37.7274077,145.0268428,3,1,house,2,2023-12-09,624,m2,"$730,000"
property-house-vic-reservoir-143624600,Reservoir,3073,31 Nisbett Street,-37.728027,145.032542,3,1,house,2,2023-12-09,576,m2,"$685,000"
property-unit-vic-reservoir-143639136,Reservoir,3073,23A St Vigeons Road,-37.70770163,145.0301697,2,1,unit,1,2023-12-09,,,"$591,000"
property-unit-vic-reservoir-143600384,Reservoir,3073,4/130 Purinuan Road,-37.70767289,145.0179009,2,1,unit,1,2023-12-09,,,"$467,500"
property-house-vic-reservoir-143692540,Reservoir,3073,10 Birdwood Street,-37.728868,144.996359,3,2,house,4,2023-12-08,884,m2,"$1,420,000"
property-unit-vic-reservoir-143526796,Reservoir,3073,5/16-18 Harbury Street,-37.714141,145.000049,2,1,unit,2,2023-12-08,203,m2,"$650,000"
property-house-vic-reservoir-143683664,Reservoir,3073,17 Gellibrand Crescent,-37.70447,145.00634,4,1,house,,2023-12-07,893,m2,"$1,190,000"
property-house-vic-reservoir-143569208,Reservoir,3073,9 Dyson Street,-37.713683,144.987954,3,1,house,2,2023-12-07,584,m2,"$1,190,000"
property-townhouse-vic-reservoir-143639344,Reservoir,3073,2/14 Kelsby Street,-37.7142767,144.9985291,2,2,townhouse,1,2023-12-07,,,"$735,000"
property-unit-vic-reservoir-143701464,Reservoir,3073,1/2 Kyneton Avenue,-37.718431,145.024594,3,1,unit,1,2023-12-07,,,"$655,000"
property-townhouse-vic-reservoir-143690548,Reservoir,3073,11/11-13 Ashley Street,-37.71838097,145.0018247,2,2,townhouse,1,2023-12-07,,,"$542,000"
property-unit-vic-reservoir-143574368,Reservoir,3073,3/214 Spring Street,-37.72071862,145.003967,2,1,unit,1,2023-12-06,,,"$512,000"
property-townhouse-vic-reservoir-143631184,Reservoir,3073,1/39 Arundel Avenue,-37.696719,145.017526,3,3,townhouse,1,2023-12-05,,,"$790,000"
property-townhouse-vic-reservoir-142954128,Reservoir,3073,3/78 Orrong Avenue,-37.71133384,145.015178,3,2,townhouse,2,2023-12-04,,,"$580,000"
property-unit-vic-reservoir-143378764,Reservoir,3073,4/123 St Vigeons Road,-37.70591009,145.0179665,2,1,unit,1,2023-12-04,,,"$510,000"
property-house-vic-reservoir-143552384,Reservoir,3073,21 Robins Avenue,-37.699631,145.028836,4,2,house,2,2023-12-02,531,m2,"$1,480,000"
property-house-vic-reservoir-143182412,Reservoir,3073,82 McMahon Road,-37.710686,145.017404,2,1,house,1,2023-12-02,701,m2,"$930,000"
property-house-vic-reservoir-143532200,Reservoir,3073,113 Henty Street,-37.718758,144.994907,3,1,house,2,2023-12-02,,,"$880,000"
property-house-vic-reservoir-143589460,Reservoir,3073,17  Wattle Grove,-37.72138,144.994348,2,1,house,2,2023-12-02,540,m2,"$829,000"
property-house-vic-reservoir-143546984,Reservoir,3073,72 Seston Street,-37.72716491,145.0349137,3,2,house,2,2023-12-02,,,"$810,000"
property-house-vic-reservoir-143522488,Reservoir,3073,13 Tracey Street,-37.70425,144.996024,3,1,house,1,2023-12-02,925,m2,"$795,000"
property-unit-vic-reservoir-143573288,Reservoir,3073,11 Church Street,-37.70096218,145.0094825,2,1,unit,2,2023-12-02,239,m2,"$650,000"
property-house-vic-reservoir-143566376,Reservoir,3073,24 Drysdale Street,-37.72946294,145.0232963,2,1,house,1,2023-12-02,319,m2,"$615,000"
property-unit-vic-reservoir-143550764,Reservoir,3073,4/64 Hickford Street,-37.7053027,145.0241577,2,1,unit,1,2023-12-02,179,m2,"$576,000"
property-house-vic-reservoir-143519516,Reservoir,3073,10 Tivey Street,-37.706073,145.002009,4,1,house,5,2023-11-30,769,m2,"$950,000"
property-unit-vic-reservoir-143456972,Reservoir,3073,4/9 Daventry Street,-37.71468526,145.0010665,2,1,unit,1,2023-11-30,,,"$545,000"
property-house-vic-reservoir-142787028,Reservoir,3073,170 Hughes Parade,-37.693562,144.991288,4,1,house,2,2023-11-29,1141,m2,"$1,095,000"
property-unit-vic-reservoir-143256124,Reservoir,3073,7/17 Daventry Street,-37.71401938,145.001177,2,1,unit,1,2023-11-29,,,"$545,000"
property-unit-vic-reservoir-143371900,Reservoir,3073,2/36 Steane Street,-37.730232,145.0230049,2,1,unit,1,2023-11-29,144,m2,"$540,000"
property-unit-vic-reservoir-143372016,Reservoir,3073,2/217A Spring Street,-37.72025678,145.0036574,2,1,unit,2,2023-11-28,,,"$675,000"
property-unit-vic-reservoir-143282684,Reservoir,3073,1A Jean Street,-37.709489,144.998296,2,1,unit,1,2023-11-28,,,"$535,000"
property-house-vic-reservoir-142492872,Reservoir,3073,10 Churchill Street,-37.692914,144.976052,5,2,house,4,2023-11-27,,,"$1,025,000"
property-townhouse-vic-reservoir-141071356,Reservoir,3073,11/74 Tyler Street,-37.73279844,145.031142,4,3,townhouse,2,2023-11-27,410,m2,"$996,800"
property-house-vic-reservoir-143474232,Reservoir,3073,9 Jenkin Street,-37.721874,144.987369,4,2,house,3,2023-11-25,590,m2,"$1,740,000"
property-house-vic-reservoir-143469108,Reservoir,3073,22 King William Street,-37.726563,145.011943,4,2,house,3,2023-11-25,,,"$1,320,000"
property-house-vic-reservoir-143482360,Reservoir,3073,2  Muriel Court,-37.70061,145.028141,3,1,house,4,2023-11-25,886,m2,"$850,000"
property-unit-vic-reservoir-143481284,Reservoir,3073,2/39 Howard Street,-37.71960925,145.0129926,2,1,unit,1,2023-11-25,226,m2,"$742,000"
property-unit-vic-reservoir-143476388,Reservoir,3073,2/31 Rosenthal Crescent,-37.70050295,145.0060094,2,1,unit,1,2023-11-25,,,"$641,000"
property-unit-vic-reservoir-143547416,Reservoir,3073,5/15-17 Chaleyer Street,-37.72823578,145.026593,2,1,unit,1,2023-11-25,,,"$601,000"
property-unit-vic-reservoir-143515760,Reservoir,3073,17 McCrae Street,-37.70512735,145.0107229,1,1,unit,2,2023-11-25,154,m2,"$533,000"
property-unit-vic-reservoir-139905367,Reservoir,3073,4/12 McComas Street,-37.72878655,145.0245067,3,2,unit,2,2023-11-24,,,"$660,000"
property-house-vic-reservoir-143663732,Reservoir,3073,68 King William Street,-37.726072,145.007406,4,4,house,2,2023-11-23,741,m2,"$2,150,000"
property-unit-vic-reservoir-143293832,Reservoir,3073,108B Royal Parade,-37.71195648,145.0161429,2,1,unit,1,2023-11-23,199,m2,"$615,000"
property-house-vic-reservoir-142941844,Reservoir,3073,1/20 Erskine Avenue,-37.72315145,145.0253178,3,1,house,1,2023-11-21,,,"$745,000"
property-townhouse-vic-reservoir-141549888,Reservoir,3073,2/36 Barry Street,-37.70944489,145.005368,2,1,townhouse,1,2023-11-21,113,m2,"$600,000"
property-townhouse-vic-reservoir-142544424,Reservoir,3073,1B Rubicon Street,-37.72549774,145.0219912,2,1,townhouse,1,2023-11-21,,,"$570,000"
property-house-vic-reservoir-143240688,Reservoir,3073,12 Thrower Street,-37.711521,144.987978,3,1,house,1,2023-11-20,534,m2,"$700,000"
property-townhouse-vic-reservoir-143455764,Reservoir,3073,4/105 Cheddar Road,-37.70479985,145.0154738,2,1,townhouse,1,2023-11-20,,,"$510,000"
property-house-vic-reservoir-143406492,Reservoir,3073,18 Legh Street,-37.702963,144.986089,4,1,house,4,2023-11-18,780,m2,"$1,125,000"
property-house-vic-reservoir-143444312,Reservoir,3073,10 Ryan Street,-37.702138,144.998497,3,1,house,3,2023-11-18,766,m2,"$895,000"
property-house-vic-reservoir-143462188,Reservoir,3073,12 Epstein Street,-37.710006,144.993226,2,1,house,2,2023-11-18,,,"$870,000"
property-house-vic-reservoir-143434824,Reservoir,3073,7 Greenock Street,-37.702851,145.021492,3,2,house,4,2023-11-18,548,m2,"$865,000"
property-townhouse-vic-reservoir-143370004,Reservoir,3073,1/14 Maclagan Crescent,-37.7064883,145.0074051,3,1,townhouse,2,2023-11-18,,,"$750,000"
property-townhouse-vic-reservoir-143434844,Reservoir,3073,2/128 McMahon Road,-37.70991194,145.0135388,2,1,townhouse,1,2023-11-18,,,"$712,000"
property-unit-vic-reservoir-143385336,Reservoir,3073,2/64 Seston Street,-37.72781187,145.034795,2,1,unit,1,2023-11-18,,,"$550,000"
property-townhouse-vic-reservoir-143437368,Reservoir,3073,175 Boldrewood Parade,-37.71077291,145.0228348,3,2,townhouse,2,2023-11-17,197,m2,"$790,000"
property-townhouse-vic-reservoir-143315976,Reservoir,3073,3/8 Palm Avenue,-37.71118634,145.0131287,2,2,townhouse,1,2023-11-17,,,"$650,000"
property-house-vic-reservoir-143017952,Reservoir,3073,7 Kinkora Road,-37.730492,145.016717,4,2,house,4,2023-11-16,600,m2,"$1,165,000"
property-house-vic-reservoir-143159228,Reservoir,3073,12 Elizabeth Court,-37.699574,145.020649,3,1,house,2,2023-11-16,,,"$830,000"
property-unit-vic-reservoir-143459452,Reservoir,3073,3/46 Darebin Boulevard,-37.70382628,145.0256707,2,1,unit,1,2023-11-16,,,"$630,000"
property-residential land-vic-reservoir-203641276,Reservoir,3073,12 Drysdale Street,-37.729587,145.02457,,,residential land,,2023-11-15,748,m2,"$863,000"
property-house-vic-reservoir-143243156,Reservoir,3073,164 Broadway,-37.717416,145.015137,2,1,house,4,2023-11-15,637,m2,"$850,000"
property-house-vic-reservoir-139849511,Reservoir,3073,3/3 Dumbarton Street,-37.701511,145.023297,3,3,house,2,2023-11-15,,,"$750,000"
property-unit-vic-reservoir-143446480,Reservoir,3073,1/46 Ashton Street,-37.72761339,145.0216419,2,1,unit,2,2023-11-15,,,"$650,000"
property-apartment-vic-reservoir-142975644,Reservoir,3073,101B/58 Johnson Street,-37.69612286,145.0120604,2,1,apartment,1,2023-11-15,,,"$352,500"
property-house-vic-reservoir-143467620,Reservoir,3073,5 Beatty Street,-37.726827,144.996153,3,2,house,4,2023-11-13,790,m2,"$1,565,000"
property-unit-vic-reservoir-143346280,Reservoir,3073,3/123 Boldrewood Parade,-37.71467114,145.0219856,2,1,unit,1,2023-11-13,,,"$580,000"
property-townhouse-vic-reservoir-143382752,Reservoir,3073,119B Henty Street,-37.71864214,144.9941099,3,2,townhouse,2,2023-11-11,,,"$1,145,000"
property-house-vic-reservoir-143345688,Reservoir,3073,45 Broadhurst Avenue,-37.708426,145.002071,3,1,house,3,2023-11-11,830,m2,"$940,000"
property-house-vic-reservoir-143286136,Reservoir,3073,25 Mendip Road,-37.72140874,145.0158938,3,2,house,2,2023-11-11,,,"$862,000"
property-unit-vic-reservoir-143317772,Reservoir,3073,3/2 Spratling Street,-37.71808535,144.9953251,3,2,unit,1,2023-11-11,,,"$845,000"
property-townhouse-vic-reservoir-143387832,Reservoir,3073,2/2 Kyneton Avenue,-37.718431,145.024594,3,2,townhouse,2,2023-11-11,,,"$800,000"
property-house-vic-reservoir-143371872,Reservoir,3073,151 Boldrewood Parade,-37.71256144,145.0224496,2,2,house,2,2023-11-11,326,m2,"$715,000"
property-unit-vic-reservoir-143371876,Reservoir,3073,2/14 Pickett Street,-37.70258915,145.0159182,2,1,unit,1,2023-11-11,,,"$640,000"
property-unit-vic-reservoir-143356228,Reservoir,3073,3/57 Lane Crescent,-37.71312861,145.0194928,2,1,unit,1,2023-11-11,188,m2,"$640,000"
property-unit-vic-reservoir-143388124,Reservoir,3073,3/71 Barry Street,-37.709214,145.000092,2,1,unit,1,2023-11-11,,,"$610,000"
property-house-vic-reservoir-143361900,Reservoir,3073,37 Elinda Place,-37.698272,145.023371,2,1,house,2,2023-11-11,,,"$550,000"
property-unit-vic-reservoir-143294972,Reservoir,3073,2/36 Northernhay Street,-37.7245355,145.0109572,2,1,unit,1,2023-11-11,,,"$530,000"
property-house-vic-reservoir-143375020,Reservoir,3073,14 Kinkora Road,-37.730192,145.017122,3,1,house,2,2023-11-10,526,m2,"$1,110,000"
property-townhouse-vic-reservoir-143374912,Reservoir,3073,2/57 Keon Parade,-37.69571035,145.0166752,2,2,townhouse,1,2023-11-10,,,"$440,000"
property-house-vic-reservoir-143387212,Reservoir,3073,6A Corben Street,-37.72706995,144.9874888,2,1,house,1,2023-11-09,,,"$812,000"
property-unit-vic-reservoir-143178368,Reservoir,3073,2/208 Spring Street,-37.72095275,145.0037177,3,1,unit,1,2023-11-09,,,"$620,000"
property-unit-vic-reservoir-143372300,Reservoir,3073,3/107 Rathcown Road,-37.7094259,145.0212724,2,1,unit,2,2023-11-09,,,"$585,000"
property-unit-vic-reservoir-143068132,Reservoir,3073,2/46 Ashton Street,-37.72761339,145.0216419,2,1,unit,3,2023-11-09,,,"$585,000"
property-house-vic-reservoir-143459456,Reservoir,3073,3 Ameily Crescent,-37.710591,144.994242,4,2,house,2,2023-11-07,585,m2,"$1,395,000"
property-house-vic-reservoir-143311180,Reservoir,3073,13 Winter Crescent,-37.720537,145.027647,3,1,house,2,2023-11-04,586,m2,"$769,000"
property-unit-vic-reservoir-143310092,Reservoir,3073,3/32 Crookston Road,-37.71013174,145.0209651,2,1,unit,1,2023-11-04,176,m2,"$660,000"
property-unit-vic-reservoir-143267076,Reservoir,3073,3/27 Lane Crescent,-37.71484426,145.0163774,1,1,unit,1,2023-11-03,,,"$407,000"
property-townhouse-vic-reservoir-143367256,Reservoir,3073,2/1 Odowd Street,-37.719239,145.01586,2,1,townhouse,1,2023-11-02,,,"$570,000"
property-unit-vic-reservoir-143333168,Reservoir,3073,4/44 Boldrewood Parade,-37.721972,145.0220506,2,1,unit,1,2023-11-02,,,"$512,000"
property-unit-vic-reservoir-143380352,Reservoir,3073,2/35 Drysdale Street,-37.72968655,145.022777,3,2,unit,1,2023-11-01,,,"$778,000"
property-house-vic-reservoir-143073228,Reservoir,3073,5 Tunaley Parade,-37.697045,145.024039,3,1,house,5,2023-11-01,,,"$700,000"
property-unit-vic-reservoir-143051112,Reservoir,3073,3/163 Broadway,-37.71816777,145.0177661,2,1,unit,1,2023-11-01,177,m2,"$630,000"
property-unit-vic-reservoir-143317892,Reservoir,3073,2/12-13 Aberdeen Street,-37.70273538,145.019686,2,1,unit,2,2023-11-01,,,"$615,000"
property-house-vic-reservoir-143168388,Reservoir,3073,771 Plenty Road,-37.726931,145.020374,2,1,house,1,2023-10-31,748,m2,"$1,070,000"
property-unit-vic-reservoir-142890472,Reservoir,3073,9/63 Pine Street,-37.718107,144.997394,2,1,unit,1,2023-10-30,142,m2,"$630,000"
property-townhouse-vic-reservoir-143243180,Reservoir,3073,2/9 Tambo Avenue,-37.72256818,145.0181045,2,2,townhouse,1,2023-10-29,,,"$690,000"
property-house-vic-reservoir-142521304,Reservoir,3073,40 Purinuan Road,-37.709017,145.028938,3,1,house,2,2023-10-29,356,m2,"$605,000"
property-house-vic-reservoir-143198996,Reservoir,3073,24 Elliot Street,-37.706535,145.000012,4,2,house,4,2023-10-28,685,m2,"$1,460,000"
property-townhouse-vic-reservoir-143252556,Reservoir,3073,59 Southernhay Street,-37.725562,145.00893,3,2,townhouse,2,2023-10-28,,,"$1,005,000"
property-house-vic-reservoir-143214460,Reservoir,3073,157 Mahoneys Road,-37.692879,144.988766,5,2,house,4,2023-10-28,892,m2,"$1,000,000"
property-house-vic-reservoir-143225432,Reservoir,3073,25 Whitelaw Street,-37.714739,145.014607,3,1,house,2,2023-10-28,650,m2,"$928,000"
property-house-vic-reservoir-143252264,Reservoir,3073,92 O'Connor Court,-37.70952,144.997482,3,1,house,3,2023-10-28,443,m2,"$902,000"
property-house-vic-reservoir-143242920,Reservoir,3073,11 Mcfadzean Avenue,-37.710903,144.997229,3,1,house,4,2023-10-28,478,m2,"$800,000"
property-townhouse-vic-reservoir-143182228,Reservoir,3073,4/30 Cameron Street,-37.72692585,144.9979176,3,1,townhouse,2,2023-10-28,,,"$765,000"
property-unit-vic-reservoir-143225952,Reservoir,3073,1/16 Mason Street,-37.72827914,145.0096717,2,1,unit,1,2023-10-28,,,"$718,000"
property-unit-vic-reservoir-143305156,Reservoir,3073,4/12 Aberdeen Street,-37.70273538,145.019686,2,2,unit,2,2023-10-28,,,"$645,000"
property-townhouse-vic-reservoir-143257536,Reservoir,3073,4/185 Albert Street,-37.72854048,145.0255038,2,1,townhouse,1,2023-10-28,,,"$630,000"
property-unit-vic-reservoir-143279812,Reservoir,3073,1/27 Lane Crescent,-37.71484426,145.0163774,2,1,unit,1,2023-10-28,,,"$560,000"
property-unit-vic-reservoir-143242916,Reservoir,3073,1/29 Kelsby Street,-37.7133193,144.9982944,2,1,unit,1,2023-10-28,,,"$555,000"
property-townhouse-vic-reservoir-143242868,Reservoir,3073,2/7 O'Connor Street,-37.71083144,145.0053408,2,1,townhouse,1,2023-10-28,178,m2,"$537,500"
property-unit-vic-reservoir-143116100,Reservoir,3073,3B/40 Godley Street,-37.7025124,144.9887746,2,1,unit,1,2023-10-28,164,m2,"$460,000"
property-house-vic-reservoir-142481432,Reservoir,3073,14 Wilson Boulevard,-37.706176,144.994793,6,2,house,4,2023-10-27,,,"$1,380,000"
property-house-vic-reservoir-143210320,Reservoir,3073,211 Purinuan Road,-37.70707706,145.0104461,3,1,house,3,2023-10-27,388,m2,"$850,000"
property-townhouse-vic-reservoir-142304848,Reservoir,3073,6/95 Arundel Avenue,-37.69613889,145.0125356,2,2,townhouse,1,2023-10-27,,,"$550,000"
property-unit-vic-reservoir-143241304,Reservoir,3073,4/60 Purinuan Road,-37.70874256,145.0266674,1,1,unit,1,2023-10-27,,,"$400,000"
property-house-vic-reservoir-143242928,Reservoir,3073,28 Lloyd Avenue,-37.698166,145.017828,3,2,house,4,2023-10-26,548,m2,"$715,000"
property-house-vic-reservoir-142632588,Reservoir,3073,10 Kelverne Street,-37.714463,144.982419,3,2,house,1,2023-10-25,,,"$740,000"
property-townhouse-vic-reservoir-142209492,Reservoir,3073,3/64 Darebin Blvd,-37.70424498,145.0276137,4,3,townhouse,2,2023-10-24,,,"$820,000"
property-unit-vic-reservoir-143011060,Reservoir,3073,2/2 Ashley Street,-37.71915141,145.0020675,1,1,unit,1,2023-10-23,,,"$362,000"
property-house-vic-reservoir-143167216,Reservoir,3073,103A North Road,-37.723005,145.016315,4,3,house,1,2023-10-21,,,"$1,400,000"
property-house-vic-reservoir-143194836,Reservoir,3073,14 King William Street,-37.726639,145.012723,3,1,house,2,2023-10-21,,,"$1,350,000"
property-house-vic-reservoir-143118860,Reservoir,3073,8 Halsey Street,-37.702305,144.987661,3,1,house,4,2023-10-21,768,m2,"$960,000"
property-house-vic-reservoir-143186428,Reservoir,3073,11 Banff Street,-37.70473,145.023393,4,1,house,1,2023-10-21,661,m2,"$922,000"
property-house-vic-reservoir-143141256,Reservoir,3073,16 Godley Street,-37.705488,144.988788,3,1,house,2,2023-10-21,797,m2,"$916,000"
property-house-vic-reservoir-143145672,Reservoir,3073,11 Grimwade Street,-37.703423,145.0052,3,1,house,3,2023-10-21,891,m2,"$899,000"
property-house-vic-reservoir-143173672,Reservoir,3073,32 Barwon Avenue,-37.722515,145.023601,2,1,house,2,2023-10-21,,,"$860,000"
property-townhouse-vic-reservoir-143187552,Reservoir,3073,2/24 Lucille Avenue,-37.70003282,145.0230681,2,1,townhouse,1,2023-10-21,,,"$598,000"
property-unit-vic-reservoir-143190360,Reservoir,3073,2/10 Barry Street,-37.70966459,145.007449,2,1,unit,1,2023-10-21,,,"$592,500"
property-unit-vic-reservoir-143119052,Reservoir,3073,30A Invermay Street,-37.70241215,145.0289435,2,1,unit,2,2023-10-21,,,"$545,000"
property-unit-vic-reservoir-143187832,Reservoir,3073,1/29-31 Kenilworth Street,-37.71408717,145.0044175,1,1,unit,1,2023-10-21,,,"$355,000"
property-townhouse-vic-reservoir-143258124,Reservoir,3073,9/86 Tyler Street,-37.73235795,145.0299542,3,2,townhouse,2,2023-10-20,,,"$725,000"
property-unit-vic-reservoir-142762208,Reservoir,3073,51 Dumbarton Street,-37.70220663,145.0289649,2,1,unit,2,2023-10-20,,,"$602,000"
property-townhouse-vic-reservoir-143057916,Reservoir,3073,1E Corben Street,-37.72760768,144.9870879,2,1,townhouse,1,2023-10-19,144,m2,"$735,000"
property-house-vic-reservoir-142856676,Reservoir,3073,32 Halsey Street,-37.701788,144.985372,3,2,house,3,2023-10-18,,,"$1,070,000"
property-house-vic-reservoir-142454144,Reservoir,3073,13 McComas Street,-37.729071,145.024425,3,1,house,1,2023-10-18,746,m2,"$950,000"
property-apartment-vic-reservoir-136346042,Reservoir,3073,203/20 Bedford Street,-37.71769836,145.0077986,1,1,apartment,,2023-10-17,,,"$325,000"
property-house-vic-reservoir-143148120,Reservoir,3073,78 Mcfadzean Avenue,-37.700892,144.996773,4,2,house,8,2023-10-16,840,m2,"$1,181,000"
property-house-vic-reservoir-143040244,Reservoir,3073,54 Dundee Street,-37.702564,145.023745,4,2,house,7,2023-10-14,835,m2,"$1,195,000"
property-house-vic-reservoir-143115480,Reservoir,3073,65 Cheddar Road,-37.708429,145.012892,2,1,house,3,2023-10-14,849,m2,"$860,000"
property-townhouse-vic-reservoir-143118008,Reservoir,3073,1/2 Borrie Street,-37.70868651,145.0203002,3,2,townhouse,2,2023-10-14,,,"$846,000"
property-townhouse-vic-reservoir-143105976,Reservoir,3073,2/9 Loddon Avenue,-37.72337157,145.0265568,3,2,townhouse,1,2023-10-14,,,"$740,500"
property-house-vic-reservoir-143107236,Reservoir,3073,4/44 Dundee Street,-37.70268229,145.0227413,2,2,house,1,2023-10-14,185,m2,"$650,500"
property-unit-vic-reservoir-143117864,Reservoir,3073,4/206 Spring Street,-37.72107458,145.003588,3,1,unit,1,2023-10-14,,,"$590,000"
property-apartment-vic-reservoir-143122376,Reservoir,3073,7/10-12 Ralph Street,-37.71502027,145.0060296,2,1,apartment,1,2023-10-14,,,"$533,000"
property-residential land-vic-reservoir-203717856,Reservoir,3073,37 Storey Road,-37.723677,145.012326,,,residential land,,2023-10-13,,,"$1,700,000"
property-townhouse-vic-reservoir-142901872,Reservoir,3073,5/2 Trudgeon Avenue,-37.73033543,145.0042644,2,1,townhouse,1,2023-10-13,,,"$599,500"
property-house-vic-reservoir-143199076,Reservoir,3073,48 Kingsley Road,-37.720716,144.988172,3,1,house,2,2023-10-12,,,"$1,130,000"
property-townhouse-vic-reservoir-143125192,Reservoir,3073,1/16 Best Street,-37.713707,144.997267,2,2,townhouse,1,2023-10-12,,,"$755,000"
property-townhouse-vic-reservoir-142922856,Reservoir,3073,1/5 Cuthbert Road,-37.71736436,145.0198206,2,2,townhouse,1,2023-10-12,,,"$595,000"
property-unit-vic-reservoir-142962872,Reservoir,3073,1/14 Allenby Avenue,-37.7042313,145.0081127,3,2,unit,2,2023-10-11,,,"$740,000"
property-unit-vic-reservoir-143142636,Reservoir,3073,1/29 Whitelaw Street,-37.71453885,145.0149765,2,1,unit,1,2023-10-11,,,"$714,000"
property-house-vic-reservoir-143141668,Reservoir,3073,62 Lane Crescent,-37.71326,145.020965,3,1,house,2,2023-10-10,590,m2,"$1,082,500"
property-house-vic-reservoir-143032780,Reservoir,3073,118 Crookston Road,-37.708798,145.010206,4,2,house,2,2023-10-10,585,m2,"$965,000"
property-house-vic-reservoir-142404920,Reservoir,3073,97 St Vigeons Road,-37.706237,145.020778,2,1,house,2,2023-10-09,451,m2,"$707,000"
property-townhouse-vic-reservoir-142933300,Reservoir,3073,2/42 Eisenhower Street,-37.728776,145.027358,2,1,townhouse,1,2023-10-09,,,"$595,000"
property-unit-vic-reservoir-139257147,Reservoir,3073,3/3 Dundee Street,-37.70429853,145.0191008,2,1,unit,1,2023-10-09,,,"$460,000"
property-house-vic-reservoir-143073712,Reservoir,3073,14 Powell Street,-37.72660485,145.004376,3,1,house,1,2023-10-07,,,"$1,065,000"
property-townhouse-vic-reservoir-143069740,Reservoir,3073,36 Henty Street,-37.718504,144.995855,3,2,townhouse,2,2023-10-07,,,"$957,000"
property-house-vic-reservoir-143071232,Reservoir,3073,38 Botha Avenue,-37.703639,145.000907,4,1,house,4,2023-10-07,897,m2,"$911,000"
property-townhouse-vic-reservoir-143079172,Reservoir,3073,1/7 Dumbarton Street,-37.701563,145.023704,3,2,townhouse,2,2023-10-07,,,"$905,000"
property-house-vic-reservoir-143083124,Reservoir,3073,1A Elsey Road,-37.705484,145.014627,3,1,house,2,2023-10-07,,,"$808,000"
property-house-vic-reservoir-143083016,Reservoir,3073,2 New Street,-37.710119,145.023363,3,1,house,2,2023-10-07,,,"$775,000"
property-apartment-vic-reservoir-142970992,Reservoir,3073,8 Elinda Place,-37.697294,145.02308,1,1,apartment,1,2023-10-07,,,"$365,000"
property-unit-vic-reservoir-142966940,Reservoir,3073,1/35 Kelsby Street,-37.71298304,144.9983509,2,1,unit,2,2023-10-06,150,m2,"$670,000"
property-unit-vic-reservoir-143071384,Reservoir,3073,4/43 St Vigeons Road,-37.70695864,145.0265583,1,1,unit,1,2023-10-05,,,"$430,000"
property-house-vic-reservoir-143018324,Reservoir,3073,3 East Street,-37.722963,145.011154,3,2,house,4,2023-10-04,763,m2,"$1,285,000"
property-unit-vic-reservoir-143032800,Reservoir,3073,1/26 Kelsby Street,-37.71346456,144.9986651,2,1,unit,2,2023-10-04,,,"$652,000"
property-villa-vic-reservoir-143161244,Reservoir,3073,4/11 Epstein Street,-37.71015166,144.9928472,1,1,villa,1,2023-10-02,,,"$440,000"
property-unit-vic-reservoir-142888408,Reservoir,3073,1/63 Pickett Street,-37.7039083,145.0107403,2,1,unit,1,2023-10-02,,,"$403,000"
property-unit-vic-reservoir-143101164,Reservoir,3073,8/71 Pine Street,-37.71776731,144.9980239,2,1,unit,1,2023-10-02,86,m2,"$400,000"
property-house-vic-reservoir-142716132,Reservoir,3073,40 Leamington Street,-37.712587,145.004557,3,2,house,6,2023-09-28,1306,m2,"$1,520,000"
property-townhouse-vic-reservoir-141682628,Reservoir,3073,2C Best Street,-37.71506747,144.9970402,2,2,townhouse,1,2023-09-28,,,"$643,000"
property-unit-vic-reservoir-142991944,Reservoir,3073,3/13 Suffolk Street,-37.70792702,145.0109499,2,1,unit,1,2023-09-28,,,"$553,000"
property-house-vic-reservoir-143000780,Reservoir,3073,19 Greig Street,-37.701533,144.987273,3,1,house,4,2023-09-27,760,m2,"$1,005,000"
property-townhouse-vic-reservoir-143096068,Reservoir,3073,17A Beatty Street,-37.7266134,144.9941202,2,1,townhouse,2,2023-09-27,,,"$740,000"
property-townhouse-vic-reservoir-142959940,Reservoir,3073,2/4 Mattea Court,-37.732712,145.035187,3,3,townhouse,2,2023-09-27,,,"$690,200"
property-house-vic-reservoir-142966708,Reservoir,3073,1/37 Thackeray Road,-37.7217068,145.0127469,3,2,house,2,2023-09-23,,,"$990,000"
property-house-vic-reservoir-142983496,Reservoir,3073,54 Steane Street,-37.730042,145.021574,4,2,house,2,2023-09-23,532,m2,"$980,000"
property-house-vic-reservoir-142976172,Reservoir,3073,27 Tovey Street,-37.700896,144.998598,3,2,house,,2023-09-23,474,m2,"$810,000"
property-townhouse-vic-reservoir-142962912,Reservoir,3073,1/18 Miranda Road,-37.7075501,145.0253072,3,2,townhouse,2,2023-09-23,252,m2,"$710,000"
property-townhouse-vic-reservoir-142960464,Reservoir,3073,2/39 Royal Parade,-37.71465586,145.0103004,2,1,townhouse,1,2023-09-23,,,"$685,000"
property-townhouse-vic-reservoir-142964800,Reservoir,3073,5/59 Pickett Street,-37.70395992,145.0111515,2,1,townhouse,1,2023-09-23,,,"$605,000"
property-unit-vic-reservoir-142954476,Reservoir,3073,4/101 Purinuan Road,-37.70866075,145.0234149,2,1,unit,1,2023-09-23,,,"$555,000"
property-unit-vic-reservoir-142952164,Reservoir,3073,1/963 High Street,-37.70915031,145.0086498,2,1,unit,2,2023-09-23,,,"$420,000"
property-house-vic-reservoir-142971796,Reservoir,3073,15 Thackeray Road,-37.721762,145.014227,3,1,house,4,2023-09-20,696,m2,"$1,200,000"
property-unit-vic-reservoir-142727412,Reservoir,3073,2/15 Cuthbert Road,-37.71726328,145.0189869,2,1,unit,1,2023-09-20,,,"$520,000"
property-unit-vic-reservoir-142514344,Reservoir,3073,3/24 Ashley Street,-37.71755105,145.0023369,2,1,unit,1,2023-09-20,,,"$518,000"
property-unit-vic-reservoir-142431128,Reservoir,3073,31A Arundel Avenue,-37.69705686,145.0180923,2,1,unit,1,2023-09-19,,,"$560,500"
property-house-vic-reservoir-142898772,Reservoir,3073,30 York Street,-37.727565,144.988667,3,1,house,2,2023-09-16,609,m2,"$1,130,000"
property-unit-vic-reservoir-142896676,Reservoir,3073,9/178 Rathcown Road,-37.708316,145.014506,1,1,unit,1,2023-09-16,,,"$465,000"
property-unit-vic-reservoir-142756804,Reservoir,3073,1/34 North Road,-37.72202016,145.0225633,2,1,unit,1,2023-09-14,160,m2,"$648,000"
property-unit-vic-reservoir-142896656,Reservoir,3073,5/34 North Road,-37.72202016,145.0225633,2,1,unit,1,2023-09-13,,,"$587,500"
property-house-vic-reservoir-142898940,Reservoir,3073,76 Lockton Avenue,-37.697335,144.981081,3,2,house,3,2023-09-12,689,m2,"$1,075,000"
property-unit-vic-reservoir-142480660,Reservoir,3073,Unit 2/23-25 Grimwade St,-37.70258908,145.0043949,3,1,unit,1,2023-09-11,,,"$681,000"
property-house-vic-reservoir-142495604,Reservoir,3073,22 Dyson Street,-37.71331125,144.9871041,3,2,house,2,2023-09-10,290,m2,"$720,000"
property-house-vic-reservoir-142843096,Reservoir,3073,6 Kinsale Street,-37.723313,144.995136,3,1,house,2,2023-09-09,579,m2,"$1,209,000"
property-house-vic-reservoir-142844332,Reservoir,3073,13 Pedersen Avenue,-37.699085,145.031766,3,1,house,4,2023-09-09,,,"$750,000"
property-unit-vic-reservoir-142862332,Reservoir,3073,3/26 Tracey Street,-37.70304119,144.9960527,3,1,unit,2,2023-09-09,,,"$705,000"
property-townhouse-vic-reservoir-142799968,Reservoir,3073,2/80 Northernhay Street,-37.72411693,145.0071889,3,2,townhouse,1,2023-09-08,160,m2,"$860,000"
property-house-vic-reservoir-141716932,Reservoir,3073,62 Kirby Street,-37.730162,145.029298,3,1,house,4,2023-09-08,566,m2,"$760,000"
property-unit-vic-reservoir-142671068,Reservoir,3073,2/29 Pickett Street,-37.70434418,145.0148656,2,1,unit,1,2023-09-08,,,"$519,000"
property-unit-vic-reservoir-142704996,Reservoir,3073,4/34 Barton Street,-37.71140824,145.0033091,2,1,unit,1,2023-09-08,,,"$485,000"
property-house-vic-reservoir-141819404,Reservoir,3073,9 Lloyd Avenue,-37.69856888,145.0188048,3,1,house,1,2023-09-07,,,"$603,000"
property-unit-vic-reservoir-142595668,Reservoir,3073,2/13 Dumbarton Street,-37.70164805,145.0243639,2,1,unit,1,2023-09-07,,,"$490,000"
property-house-vic-reservoir-142786956,Reservoir,3073,38 Carrington Road,-37.721603,144.988919,3,1,house,4,2023-09-06,573,m2,"$932,000"
property-house-vic-reservoir-142786944,Reservoir,3073,8 Army Avenue,-37.722759,144.991702,3,1,house,2,2023-09-05,,,"$930,000"
property-townhouse-vic-reservoir-142678272,Reservoir,3073,3/30 Crispe Street,-37.726813,144.994758,2,1,townhouse,1,2023-09-05,,,"$745,000"
property-unit-vic-reservoir-142770476,Reservoir,3073,5/10-12 George Street,-37.71833997,145.0002745,2,1,unit,1,2023-09-04,,,"$537,000"
property-house-vic-reservoir-142770640,Reservoir,3073,32 Locher Avenue,-37.699282,145.023639,4,2,house,4,2023-09-02,576,m2,"$895,000"
property-house-vic-reservoir-142769080,Reservoir,3073,22 Moira Avenue,-37.695087,144.980291,3,1,house,2,2023-09-02,558,m2,"$872,000"
property-townhouse-vic-reservoir-142794484,Reservoir,3073,3/21 Daventry Street,-37.71386435,145.0012028,3,2,townhouse,2,2023-09-02,,,"$840,000"
property-townhouse-vic-reservoir-142785796,Reservoir,3073,1/25 O'Connor Street,-37.71067292,145.0024902,2,1,townhouse,1,2023-09-02,202,m2,"$785,000"
property-townhouse-vic-reservoir-142783748,Reservoir,3073,3/34 Crevelli Street,-37.729933,145.030109,2,2,townhouse,1,2023-09-01,,,"$625,000"
property-townhouse-vic-reservoir-142669432,Reservoir,3073,3/1 Odowd Street,-37.719239,145.01586,2,1,townhouse,1,2023-09-01,,,"$567,500"
property-unit-vic-reservoir-142901564,Reservoir,3073,1/5 Haig Street,-37.727866,144.995391,2,1,unit,1,2023-08-31,,,"$650,000"
property-townhouse-vic-reservoir-142816152,Reservoir,3073,2A Louis Street,-37.709912,145.002519,3,2,townhouse,2,2023-08-30,169,m2,"$880,000"
property-townhouse-vic-reservoir-142514276,Reservoir,3073,2B Louis Street,-37.709912,145.002519,2,1,townhouse,1,2023-08-30,169,m2,"$780,000"
property-unit-vic-reservoir-142626404,Reservoir,3073,156/2 Gremel Road,-37.72423704,145.0303681,3,1,unit,1,2023-08-30,,,"$155,000"
property-townhouse-vic-reservoir-142542088,Reservoir,3073,2/43 Orrong Avenue,-37.71215409,145.0132788,3,2,townhouse,2,2023-08-29,,,"$745,000"
property-residential land-vic-reservoir-203679936,Reservoir,3073,20 Henty Street,-37.718694,144.997484,,,residential land,,2023-08-28,608,m2,"$1,020,000"
property-townhouse-vic-reservoir-142786912,Reservoir,3073,9/853 High Street,-37.72623403,145.0058793,1,1,townhouse,1,2023-08-28,,,"$340,000"
property-house-vic-reservoir-142725040,Reservoir,3073,7 Queen Street,-37.72789568,145.0134418,3,1,house,2,2023-08-26,576,m2,"$1,170,000"
property-house-vic-reservoir-142661580,Reservoir,3073,82 Tunaley Parade,-37.697332,145.029884,3,1,house,2,2023-08-26,596,m2,"$805,000"
property-townhouse-vic-reservoir-142688236,Reservoir,3073,2/21 Barton Street,-37.71197388,145.00593,3,2,townhouse,2,2023-08-26,,,"$790,000"
property-house-vic-reservoir-142867720,Reservoir,3073,1A Lindsay Street,-37.719098,145.013448,3,1,house,2,2023-08-26,,,"$780,000"
property-residential land-vic-reservoir-203681760,Reservoir,3073,7 Mahoneys Road,-37.694935,145.00951,,,residential land,,2023-08-26,890,m2,"$774,000"
property-house-vic-reservoir-142741764,Reservoir,3073,9 Bogong Court,-37.708684,144.991254,4,1,house,2,2023-08-26,670,m2,"$755,000"
property-house-vic-reservoir-141460280,Reservoir,3073,1/7 Wimmera Avenue,-37.72436,145.020261,2,1,house,1,2023-08-26,235,m2,"$690,000"
property-unit-vic-reservoir-142720248,Reservoir,3073,1/18G Purinuan Road,-37.70938654,145.0319626,2,1,unit,1,2023-08-26,233,m2,"$655,000"
property-unit-vic-reservoir-142739556,Reservoir,3073,54C Barton Street,-37.71075199,145.000615,2,1,unit,1,2023-08-26,152,m2,"$605,000"
property-townhouse-vic-reservoir-142725232,Reservoir,3073,4/37 Purinuan Road,-37.70956648,145.0308592,2,2,townhouse,1,2023-08-26,,,"$580,500"
property-unit-vic-reservoir-142736408,Reservoir,3073,7/24 Ashley Street,-37.71755105,145.0023369,2,1,unit,1,2023-08-26,157,m2,"$560,000"
property-townhouse-vic-reservoir-142725248,Reservoir,3073,5/36 Pickett Street,-37.70376208,145.0135052,2,1,townhouse,2,2023-08-26,116,m2,"$560,000"
property-unit-vic-reservoir-142734340,Reservoir,3073,4/220 Spring Street,-37.7203976,145.0043085,1,1,unit,1,2023-08-26,,,"$415,100"
property-villa-vic-reservoir-142807300,Reservoir,3073,2/41A Broadhurst Avenue,-37.708481,145.002671,2,1,villa,1,2023-08-25,,,"$615,000"
property-house-vic-reservoir-142705516,Reservoir,3073,72 Powell Street,-37.725924,144.99716,2,1,house,1,2023-08-24,306,m2,"$765,000"
property-house-vic-reservoir-142671080,Reservoir,3073,12 Clingin Street,-37.728873,145.035221,5,2,house,2,2023-08-21,627,m2,"$740,000"
property-townhouse-vic-reservoir-142566548,Reservoir,3073,713 Gilbert Road,-37.72243154,144.9925259,2,2,townhouse,1,2023-08-21,,,"$720,000"
property-house-vic-reservoir-142686724,Reservoir,3073,106A Leamington Street,-37.71200776,144.9989604,3,2,house,2,2023-08-19,,,"$1,178,800"
property-house-vic-reservoir-142678152,Reservoir,3073,2 Bedwell Street,-37.694728,144.991461,4,1,house,4,2023-08-19,,,"$960,000"
property-house-vic-reservoir-142679964,Reservoir,3073,8 Carole Joy Avenue,-37.721349,145.001116,3,2,house,2,2023-08-19,,,"$830,000"
property-house-vic-reservoir-142671108,Reservoir,3073,28 Black Street,-37.70938035,145.0204276,3,2,house,1,2023-08-19,,,"$750,000"
property-unit-vic-reservoir-142696928,Reservoir,3073,4/121 Cheddar Road,-37.7028757,145.0172002,2,1,unit,1,2023-08-19,131,m2,"$465,000"
property-house-vic-reservoir-142679968,Reservoir,3073,8 Dorrington Avenue,-37.726908,145.026003,3,1,house,2,2023-08-18,580,m2,"$780,000"
property-house-vic-reservoir-142633396,Reservoir,3073,46 Crevelli Street,-37.72888,145.030239,3,1,house,3,2023-08-18,,,"$740,000"
property-townhouse-vic-reservoir-142039916,Reservoir,3073,3/36 Pickett Street,-37.70376208,145.0135052,2,1,townhouse,1,2023-08-18,,,"$551,500"
property-house-vic-reservoir-142681792,Reservoir,3073,55 Hickford Street,-37.70567,145.024593,3,2,house,4,2023-08-17,541,m2,"$905,000"
property-townhouse-vic-reservoir-142717968,Reservoir,3073,53C Miranda Road,-37.70731029,145.020984,3,2,townhouse,1,2023-08-17,360,m2,"$875,000"
property-house-vic-reservoir-142628280,Reservoir,3073,9 Mccasker Avenue,-37.704155,145.00425,4,2,house,5,2023-08-15,,,"$1,020,000"