URL,Suburb ,Postcode,Address,Latitude,Longitude,Bedroom,Bathroom ,Type ,Car Park space,Last sold date,Land size,Land size unit,Y = Sold price
property-house-vic-oakleigh-150785740,Oakleigh,3166,1 Bishop Street,-37.905174,145.093334,2,1,house,3,2026-05-02,495,m2,"$1,280,000"
property-apartment-vic-oakleigh-150500464,Oakleigh,3166,201/63-65 Atherton Road,-37.8989481,145.0927662,2,1,apartment,1,2026-04-24,,,"$460,000"
property-house-vic-oakleigh-150712212,Oakleigh,3166,170 Atherton Road,-37.900633,145.102345,3,2,house,2,2026-04-18,466,m2,"$1,155,500"
property-unit-vic-oakleigh-150649632,Oakleigh,3166,1/119 Burlington Street,-37.90325,145.103349,3,1,unit,2,2026-04-18,285,m2,"$872,500"
property-apartment-vic-oakleigh-150640980,Oakleigh,3166,2/2 Albert Avenue,-37.89808065,145.0936248,2,1,apartment,1,2026-04-18,,,"$580,000"
property-unit-vic-oakleigh-150500604,Oakleigh,3166,3/1 Parer Street,-37.90874604,145.0980665,2,1,unit,2,2026-04-11,,,"$808,000"
property-townhouse-vic-oakleigh-150684016,Oakleigh,3166,5/2 Stamford Road,-37.8917555,145.1015166,3,3,townhouse,2,2026-04-10,,,"$1,025,000"
property-house-vic-oakleigh-150703704,Oakleigh,3166,33 Tamar Grove,-37.898402,145.096431,3,2,house,1,2026-04-08,539,m2,"$1,800,000"
property-house-vic-oakleigh-150485084,Oakleigh,3166,16 Lincoln Avenue,-37.899073,145.099485,4,2,house,2,2026-03-28,,,"$1,560,000"
property-house-vic-oakleigh-150511528,Oakleigh,3166,191 Huntingdale Road,-37.901866,145.105043,3,2,house,3,2026-03-28,544,m2,"$1,245,000"
property-house-vic-oakleigh-150408448,Oakleigh,3166,2 Norfolk Avenue,-37.898842,145.100821,3,2,house,3,2026-03-23,352,m2,"$1,292,500"
property-house-vic-oakleigh-150388028,Oakleigh,3166,5 Saxon Court,-37.8934539,145.1042014,5,3,house,4,2026-03-21,875,m2,"$1,967,500"
property-unit-vic-oakleigh-150488064,Oakleigh,3166,2/22 Palmerston Grove,-37.897121,145.091596,2,1,unit,1,2026-03-18,250,m2,"$930,000"
property-apartment-vic-oakleigh-142780556,Oakleigh,3166,508/2 Dalgety Street,-37.89199272,145.089514,2,2,apartment,1,2026-03-17,,,"$600,000"
property-house-vic-oakleigh-150352064,Oakleigh,3166,21 Hatter Street,-37.905686,145.087702,3,1,house,2,2026-03-14,506,m2,"$1,525,000"
property-house-vic-oakleigh-150256844,Oakleigh,3166,112 Burlington Street,-37.903514,145.102737,3,1,house,1,2026-03-14,666,m2,"$1,300,000"
property-apartment-vic-oakleigh-150515276,Oakleigh,3166,110/19-21 Hanover Street,-37.90085826,145.0917337,1,1,apartment,1,2026-03-14,,,"$375,000"
property-apartment-vic-oakleigh-149754244,Oakleigh,3166,10/103 Atherton Road,-37.89929566,145.0950164,1,1,apartment,1,2026-03-14,,,"$345,000"
property-apartment-vic-oakleigh-150350804,Oakleigh,3166,4/45 Railway Avenue,-37.91059982,145.1033125,1,1,apartment,1,2026-03-08,,,"$300,000"
property-townhouse-vic-oakleigh-150213492,Oakleigh,3166,2/41 Andrew Street,-37.90951179,145.0936862,4,2,townhouse,2,2026-02-28,241,m2,"$1,310,000"
property-house-vic-oakleigh-150069040,Oakleigh,3166,44 Haughton Road,-37.90402575,145.0924121,5,2,house,2,2026-02-28,357,m2,"$1,250,000"
property-apartment-vic-oakleigh-148941560,Oakleigh,3166,G01/16 Dalgety Street,-37.89212027,145.090512,2,2,apartment,1,2026-02-25,,,"$505,000"
property-apartment-vic-oakleigh-149987364,Oakleigh,3166,111/19-21 Hanover Street,-37.90085826,145.0917337,1,1,apartment,1,2026-02-23,,,"$360,000"
property-house-vic-oakleigh-150115688,Oakleigh,3166,96 Burlington Street,-37.903275,145.100787,2,1,house,4,2026-02-21,669,m2,"$1,353,000"
property-unit-vic-oakleigh-150051968,Oakleigh,3166,2/16 Winifred Street,-37.89570248,145.1022997,3,2,unit,2,2026-02-21,,,"$1,171,000"
property-townhouse-vic-oakleigh-150071136,Oakleigh,3166,1/7 Holland Court,-37.90075905,145.0968711,2,2,townhouse,1,2026-02-21,240,m2,"$1,125,000"
property-apartment-vic-oakleigh-150079560,Oakleigh,3166,209/63-65 Atherton Road,-37.8989481,145.0927662,2,1,apartment,1,2026-02-21,,,"$470,000"
property-unit-vic-oakleigh-150030256,Oakleigh,3166,1/3 Tamar Grove,-37.89652601,145.0968512,3,1,unit,2,2026-02-19,273,m2,"$1,160,000"
property-unit-vic-oakleigh-149611080,Oakleigh,3166,1&2/11 Palmer Street,-37.896434,145.091774,3,2,unit,2,2026-02-17,,,"$1,700,000"
property-apartment-vic-oakleigh-150024988,Oakleigh,3166,1/79 Atherton Road,-37.89912265,145.093875,2,1,apartment,1,2026-02-14,,,"$520,000"
property-apartment-vic-oakleigh-150143948,Oakleigh,3166,10/82-86 Atherton Road,-37.89942033,145.0937799,2,1,apartment,1,2026-02-10,,,"$465,000"
property-apartment-vic-oakleigh-150061548,Oakleigh,3166,106/1525 Dandenong Road,-37.89289355,145.0905128,2,1,apartment,1,2026-02-08,,,"$510,000"
property-unit-vic-oakleigh-149569572,Oakleigh,3166,1/791 Warrigal Road,-37.89012881,145.0889956,2,1,unit,1,2026-02-06,,,"$555,000"
property-apartment-vic-oakleigh-149279736,Oakleigh,3166,201/1525 Dandenong Road,-37.89289355,145.0905128,2,2,apartment,1,2026-01-15,,,"$440,500"
property-townhouse-vic-oakleigh-149276340,Oakleigh,3166,2/8-10 McIntosh Street,-37.91053053,145.0993884,4,3,townhouse,2,2026-01-14,,,"$1,400,000"
property-house-vic-oakleigh-149765764,Oakleigh,3166,140 Atherton Road,-37.900235,145.099478,4,3,house,2,2025-12-20,628,m2,"$1,571,000"
property-house-vic-oakleigh-149753276,Oakleigh,3166,23 George Street,-37.902609,145.101942,3,2,house,2,2025-12-20,544,m2,"$1,475,000"
property-townhouse-vic-oakleigh-149674664,Oakleigh,3166,4/28 Devon Grove,-37.89600217,145.1034485,4,2,townhouse,2,2025-12-16,,,"$1,090,000"
property-house-vic-oakleigh-149160636,Oakleigh,3166,112 Warrigal Road,-37.904796,145.086178,4,1,house,2,2025-12-15,489,m2,"$890,000"
property-house-vic-oakleigh-149455824,Oakleigh,3166,20 Eastgate Street,-37.905674,145.08917,3,1,house,1,2025-11-25,534,m2,"$1,450,000"
property-apartment-vic-oakleigh-147442888,Oakleigh,3166,5/83-85 Drummond Street,-37.89241813,145.0906601,2,1,apartment,1,2025-11-19,73,m2,"$460,000"
property-apartment-vic-oakleigh-149350048,Oakleigh,3166,110/6 Dalgety Street,-37.89199272,145.089514,2,1,apartment,1,2025-11-17,,,"$500,000"
property-unit-vic-oakleigh-149403384,Oakleigh,3166,1149A North Road,-37.909732,145.088367,2,1,unit,2,2025-11-15,262,m2,"$730,000"
property-house-vic-oakleigh-149366956,Oakleigh,3166,38 Tamar Grove,-37.898938,145.096736,2,1,house,4,2025-11-11,540,m2,"$1,220,000"
property-apartment-vic-oakleigh-148896452,Oakleigh,3166,14/41 Railway Avenue,-37.91059982,145.1033125,1,1,apartment,,2025-11-11,,,"$190,000"
property-house-vic-oakleigh-149335132,Oakleigh,3166,22 Gadd Street,-37.909685,145.097039,4,2,house,4,2025-11-09,700,m2,"$1,581,000"
property-house-vic-oakleigh-148747072,Oakleigh,3166,23 Clyde Street,-37.897431,145.095478,8,3,house,3,2025-11-08,638,m2,"$1,880,000"
property-unit-vic-oakleigh-149314224,Oakleigh,3166,3/21 John Street,-37.90239265,145.1009819,2,1,unit,1,2025-11-08,,,"$835,000"
property-apartment-vic-oakleigh-149241440,Oakleigh,3166,214/6 Dalgety Street,-37.89199272,145.089514,2,2,apartment,1,2025-10-31,,,"$549,500"
property-townhouse-vic-oakleigh-149224160,Oakleigh,3166,4/110 Atherton Road,-37.89981539,145.0963986,2,1,townhouse,1,2025-10-30,1219,m2,"$597,000"
property-apartment-vic-oakleigh-149065984,Oakleigh,3166,208/16 Dalgety Street,-37.89212027,145.090512,2,2,apartment,1,2025-10-27,,,"$545,000"
property-house-vic-oakleigh-149173060,Oakleigh,3166,31a Clyde Street,-37.898437,145.095248,3,1,house,3,2025-10-25,487,m2,"$1,510,000"
property-apartment-vic-oakleigh-147007224,Oakleigh,3166,316/2 Dalgety Street,-37.89199272,145.089514,2,2,apartment,1,2025-10-23,,,"$570,000"
property-house-vic-oakleigh-149105912,Oakleigh,3166,6 William Street,-37.901409,145.103519,4,2,house,2,2025-10-18,,,"$2,145,000"
property-house-vic-oakleigh-148132628,Oakleigh,3166,19 Winifred Street,-37.895868,145.101933,5,3,house,3,2025-10-18,697,m2,"$1,410,000"
property-townhouse-vic-oakleigh-148844728,Oakleigh,3166,5/87 Atkinson Street,-37.89189082,145.0934265,3,2,townhouse,2,2025-10-16,,,"$1,010,000"
property-unit-vic-oakleigh-149256788,Oakleigh,3166,1/36 Heath Avenue,-37.902356,145.099786,2,1,unit,2,2025-10-14,178,m2,"$890,000"
property-apartment-vic-oakleigh-148782844,Oakleigh,3166,102/89 Atherton Road,-37.89920414,145.0943799,1,1,apartment,1,2025-10-13,,,"$460,000"
property-townhouse-vic-oakleigh-149055512,Oakleigh,3166,2/14 Gadd Street,-37.90918319,145.0971287,3,2,townhouse,2,2025-10-11,,,"$1,271,000"
property-residential land-vic-oakleigh-204303464,Oakleigh,3166,1243 North Road,-37.91084,145.098784,,,residential land,,2025-10-11,701,m2,"$1,024,500"
property-townhouse-vic-oakleigh-149097260,Oakleigh,3166,1/1151 North Road,-37.90975384,145.0885341,4,3,townhouse,2,2025-10-08,287,m2,"$1,156,000"
property-apartment-vic-oakleigh-148722696,Oakleigh,3166,501/83-85 Drummond Street,-37.89241813,145.0906601,2,2,apartment,1,2025-10-08,,,"$505,000"
property-house-vic-oakleigh-149006364,Oakleigh,3166,26 Heath Avenue,-37.901975,145.098955,3,2,house,2,2025-10-04,548,m2,"$1,575,000"
property-townhouse-vic-oakleigh-148824828,Oakleigh,3166,4/2 Stamford Road,-37.8917555,145.1015166,4,2,townhouse,2,2025-10-04,,,"$1,050,000"
property-townhouse-vic-oakleigh-148854820,Oakleigh,3166,2/19 John Street,-37.90218079,145.1010231,4,2,townhouse,2,2025-09-26,252,m2,"$1,200,000"
property-house-vic-oakleigh-147639092,Oakleigh,3166,7A Caloola Avenue,-37.89048,145.090335,3,1,house,1,2025-09-21,696,m2,"$1,360,000"
property-house-vic-oakleigh-148727752,Oakleigh,3166,22 Heath Avenue,-37.901915,145.09857,5,3,house,2,2025-09-13,548,m2,"$2,025,000"
property-house-vic-oakleigh-148844776,Oakleigh,3166,23 Gadd Street,-37.909536,145.096702,4,2,house,2,2025-09-08,542,m2,"$1,950,000"
property-apartment-vic-oakleigh-148622744,Oakleigh,3166,111/89 Atherton Road,-37.89920414,145.0943799,2,1,apartment,1,2025-09-08,,,"$575,000"
property-unit-vic-oakleigh-148718292,Oakleigh,3166,1/3 Albert Avenue,-37.89758571,145.0940126,2,1,unit,1,2025-09-03,,,"$576,000"
property-apartment-vic-oakleigh-148796004,Oakleigh,3166,109/6 Dalgety Street,-37.89199272,145.089514,1,1,apartment,1,2025-09-02,,,"$415,000"
property-unit-vic-oakleigh-148723148,Oakleigh,3166,1/16 Winifred Street,-37.89570248,145.1022997,3,2,unit,1,2025-08-30,,,"$960,000"
property-house-vic-oakleigh-148814512,Oakleigh,3166,8 Clyde Street,-37.896486,145.096083,2,1,house,,2025-08-29,302,m2,"$1,180,000"
property-house-vic-oakleigh-148623884,Oakleigh,3166,110 Burlington Street,-37.903484,145.102545,5,5,house,4,2025-08-24,631,m2,"$2,510,000"
property-apartment-vic-oakleigh-148648212,Oakleigh,3166,306/83-85 Drummond Street,-37.89241813,145.0906601,1,1,apartment,1,2025-08-22,,,"$380,000"
property-house-vic-oakleigh-148588964,Oakleigh,3166,2/172 Atherton Road,-37.9006704,145.1026339,3,2,house,2,2025-08-16,300,m2,"$1,430,000"
property-apartment-vic-oakleigh-148403836,Oakleigh,3166,304/1525 Dandenong Road,-37.89289355,145.0905128,2,2,apartment,1,2025-08-04,,,"$442,500"
property-unit-vic-oakleigh-147414192,Oakleigh,3166,2/4 Albert Avenue,-37.898109,145.0938729,2,1,unit,1,2025-08-03,,,"$540,000"
property-house-vic-oakleigh-148477976,Oakleigh,3166,33 William Street,-37.904071,145.102643,3,2,house,2,2025-08-02,435,m2,"$1,305,000"
property-house-vic-oakleigh-148362516,Oakleigh,3166,180 Atherton Road,-37.900816,145.103648,4,1,house,4,2025-07-26,696,m2,"$1,500,000"
property-unit-vic-oakleigh-148391452,Oakleigh,3166,2/63 Golf Links Avenue,-37.90939764,145.0903979,2,1,unit,1,2025-07-26,,,"$781,500"
property-apartment-vic-oakleigh-148400852,Oakleigh,3166,907/6 Dalgety Street,-37.89199272,145.089514,2,2,apartment,1,2025-07-23,,,"$650,000"
property-apartment-vic-oakleigh-148267868,Oakleigh,3166,26/41 Railway Avenue,-37.91059982,145.1033125,1,1,apartment,,2025-07-21,,,"$195,000"
property-house-vic-oakleigh-148297176,Oakleigh,3166,10 Ford Avenue,-37.907632,145.096592,4,3,house,4,2025-07-12,564,m2,"$1,836,000"
property-unit-vic-oakleigh-147801008,Oakleigh,3166,2/1 Leroux Street,-37.89617211,145.1042212,2,1,unit,1,2025-07-12,,,"$663,000"
property-apartment-vic-oakleigh-147140340,Oakleigh,3166,609/1525 Dandenong Road,-37.89289355,145.0905128,2,2,apartment,1,2025-07-05,,,"$515,000"
property-apartment-vic-oakleigh-148085200,Oakleigh,3166,404/83-85 Drummond Street,-37.89241813,145.0906601,2,1,apartment,1,2025-07-03,,,"$460,000"
property-house-vic-oakleigh-147920956,Oakleigh,3166,23 John Street,-37.902494,145.100966,3,2,house,3,2025-06-30,558,m2,"$1,550,000"
property-unit-vic-oakleigh-148179804,Oakleigh,3166,2/21 Parer Street,-37.91019114,145.097807,3,2,unit,2,2025-06-28,,,"$930,000"
property-apartment-vic-oakleigh-147963460,Oakleigh,3166,19/82-86 Atherton Road,-37.89942033,145.0937799,2,1,apartment,1,2025-06-27,,,"$515,000"
property-unit-vic-oakleigh-148068332,Oakleigh,3166,8/126 Atherton Road,-37.90001173,145.0978298,3,1,unit,2,2025-06-16,,,"$802,000"
property-townhouse-vic-oakleigh-148022444,Oakleigh,3166,2/131 Huntingdale Road,-37.89405115,145.1064466,3,2,townhouse,2,2025-06-14,,,"$1,001,000"
property-unit-vic-oakleigh-148091460,Oakleigh,3166,3/22 Palmerston Grove,-37.897121,145.091596,2,1,unit,1,2025-06-14,,,"$920,000"
property-house-vic-oakleigh-147963572,Oakleigh,3166,13 Abbeygate Street,-37.905352,145.089872,4,1,house,3,2025-05-31,573,m2,"$1,480,000"
property-residential land-vic-oakleigh-204198940,Oakleigh,3166,6 Mill Road,-37.901361,145.088314,,,residential land,,2025-05-25,279,m2,"$745,000"
property-apartment-vic-oakleigh-147151688,Oakleigh,3166,707/19-21 Hanover Street,-37.90085826,145.0917337,1,1,apartment,1,2025-04-28,,,"$386,000"
property-house-vic-oakleigh-147360484,Oakleigh,3166,39 Edward Street,-37.905676,145.102682,5,2,house,4,2025-04-16,494,m2,"$1,370,000"
property-house-vic-oakleigh-147586456,Oakleigh,3166,10 Gillon Court,-37.892366,145.104934,3,1,house,1,2025-04-13,739,m2,"$1,261,000"
property-house-vic-oakleigh-147535672,Oakleigh,3166,1436 Dandenong Road,-37.89439939,145.0941128,4,2,house,2,2025-04-12,,,"$1,160,000"
property-apartment-vic-oakleigh-147346664,Oakleigh,3166,208/83 Drummond Street,-37.89241813,145.0906601,2,1,apartment,1,2025-04-11,,,"$460,000"
property-residential land-vic-oakleigh-204141140,Oakleigh,3166,15 Lister Street,-37.8945,145.103708,,,residential land,,2025-04-07,,,"$1,100,000"
property-apartment-vic-oakleigh-147199804,Oakleigh,3166,11/82-86 Atherton Road,-37.89942033,145.0937799,2,1,apartment,1,2025-04-07,,,"$440,000"
property-house-vic-oakleigh-147509300,Oakleigh,3166,28 Hatter Street,-37.906061,145.088056,3,2,house,2,2025-04-05,533,m2,"$1,457,000"
property-townhouse-vic-oakleigh-147470948,Oakleigh,3166,1A McIntosh Street,-37.9096906,145.0991818,3,2,townhouse,2,2025-04-05,,,"$1,351,000"
property-apartment-vic-oakleigh-146947612,Oakleigh,3166,15/110 Atherton Road,-37.89981539,145.0963986,1,1,apartment,1,2025-03-28,,,"$445,000"
property-apartment-vic-oakleigh-146432908,Oakleigh,3166,213/6 Dalgety Street,-37.89199272,145.089514,1,1,apartment,1,2025-03-20,,,"$402,500"
property-apartment-vic-oakleigh-146330060,Oakleigh,3166,12/13 Logie Street,-37.89432127,145.0900745,2,1,apartment,1,2025-03-19,,,"$460,000"
property-apartment-vic-oakleigh-147251408,Oakleigh,3166,25/82-86 Atherton Road,-37.89942033,145.0937799,1,1,apartment,1,2025-03-12,,,"$290,000"
property-apartment-vic-oakleigh-147087520,Oakleigh,3166,115/6 Dalgety Street,-37.89199272,145.089514,2,2,apartment,1,2025-03-11,9635,m2,"$535,500"
property-apartment-vic-oakleigh-135986494,Oakleigh,3166,312/19-21 Hanover Street,-37.90085826,145.0917337,1,1,apartment,1,2025-03-11,,,"$368,000"
property-apartment-vic-oakleigh-147027800,Oakleigh,3166,10/110 Atherton Road,-37.89981539,145.0963986,2,1,apartment,1,2025-03-07,,,"$595,000"
property-apartment-vic-oakleigh-147103464,Oakleigh,3166,1/79 Atherton Road,-37.89911763,145.0938732,2,1,apartment,1,2025-03-03,,,"$505,550"
property-unit-vic-oakleigh-147008652,Oakleigh,3166,45 Andrew Street,-37.909756,145.093637,3,2,unit,2,2025-02-28,307,m2,"$1,260,000"
property-townhouse-vic-oakleigh-146946944,Oakleigh,3166,10 York Avenue,-37.89958349,145.1017365,4,2,townhouse,2,2025-02-26,,,"$1,200,000"
property-house-vic-oakleigh-147115624,Oakleigh,3166,7 Abbeygate Street,-37.904947,145.08995,3,1,house,1,2025-02-22,534,m2,"$1,520,000"
property-house-vic-oakleigh-147076276,Oakleigh,3166,19 Regent Street,-37.900687,145.094542,3,2,house,1,2025-02-22,,,"$1,200,000"
property-house-vic-oakleigh-147065620,Oakleigh,3166,70 Eastgate Street,-37.909232,145.088498,4,2,house,3,2025-02-21,,,"$1,920,000"
property-house-vic-oakleigh-147051036,Oakleigh,3166,17 Downing Street,-37.900556,145.093646,3,2,house,1,2025-02-17,397,m2,"$1,395,000"
property-house-vic-oakleigh-146791128,Oakleigh,3166,12 Taylor Street,-37.895868,145.091868,4,2,house,4,2025-02-08,550,m2,"$1,955,000"
property-apartment-vic-oakleigh-146866104,Oakleigh,3166,1/11 Logie Street,-37.89427899,145.0898332,2,1,apartment,1,2025-02-08,,,"$440,000"
property-townhouse-vic-oakleigh-146994380,Oakleigh,3166,1/34 Golf Links Avenue,-37.90724296,145.0911324,4,2,townhouse,2,2025-02-07,329,m2,"$1,368,888"
property-house-vic-oakleigh-146683188,Oakleigh,3166,132 Warrigal Road,-37.906171,145.085915,2,1,house,4,2025-02-05,558,m2,"$1,060,000"
property-house-vic-oakleigh-146462236,Oakleigh,3166,21 Downing Street,-37.900771,145.093607,4,1,house,1,2025-02-05,,,"$1,060,000"
property-apartment-vic-oakleigh-146685360,Oakleigh,3166,313/1525 Dandenong Road,-37.89289355,145.0905128,1,1,apartment,1,2025-02-03,,,"$335,000"
property-house-vic-oakleigh-146297072,Oakleigh,3166,46 John Street,-37.904854,145.100872,5,3,house,2,2025-01-29,543,m2,"$1,574,000"
property-townhouse-vic-oakleigh-146487228,Oakleigh,3166,47 Heath Avenue,-37.902726,145.100679,3,2,townhouse,2,2025-01-29,,,"$985,000"
property-unit-vic-oakleigh-146798568,Oakleigh,3166,101/1525 Dandenong Road,-37.89289355,145.0905128,2,2,unit,1,2025-01-27,,,"$460,000"
property-apartment-vic-oakleigh-145596928,Oakleigh,3166,108/83-85 Drummond Street,-37.89241813,145.0906601,2,1,apartment,1,2025-01-27,,,"$450,000"
property-apartment-vic-oakleigh-146946172,Oakleigh,3166,608/1525 Dandenong Road,-37.89289355,145.0905128,2,2,apartment,1,2025-01-15,,,"$570,000"
property-apartment-vic-oakleigh-146871988,Oakleigh,3166,13/79 Atherton Road,-37.89911763,145.0938732,2,2,apartment,1,2024-12-25,,,"$430,000"
property-apartment-vic-oakleigh-146681048,Oakleigh,3166,1/13 Logie Street,-37.89432127,145.0900745,1,1,apartment,1,2024-12-23,,,"$345,000"
property-house-vic-oakleigh-146536328,Oakleigh,3166,2/34 Heath Avenue,-37.90206869,145.0995849,3,2,house,2,2024-12-07,,,"$930,000"
property-house-vic-oakleigh-146674272,Oakleigh,3166,1542 Dandenong Road,-37.89988249,145.1032744,4,3,house,2,2024-12-06,,,"$1,255,000"
property-house-vic-oakleigh-146553532,Oakleigh,3166,4 William Street,-37.901274,145.103545,4,2,house,3,2024-11-30,544,m2,"$1,760,000"
property-house-vic-oakleigh-146494292,Oakleigh,3166,1135 North Road,-37.90951,145.086796,4,2,house,1,2024-11-30,671,m2,"$1,130,000"
property-apartment-vic-oakleigh-146436484,Oakleigh,3166,2/39 Ferntree Gully Road,-37.89662868,145.1047766,2,1,apartment,1,2024-11-26,,,"$525,000"
property-house-vic-oakleigh-146117852,Oakleigh,3166,36 Golf Links Avenue,-37.907337,145.091151,4,2,house,2,2024-11-22,796,m2,"$1,480,000"
property-townhouse-vic-oakleigh-145532272,Oakleigh,3166,44B Heath Avenue,-37.90236956,145.1004802,3,2,townhouse,2,2024-11-18,,,"$1,186,000"
property-house-vic-oakleigh-146359908,Oakleigh,3166,68 Abbeygate Street,-37.909653,145.089488,3,2,house,2,2024-11-16,,,"$1,240,000"
property-townhouse-vic-oakleigh-146176264,Oakleigh,3166,5/110 Atherton Road,-37.89981539,145.0963986,2,1,townhouse,1,2024-11-13,,,"$595,000"
property-apartment-vic-oakleigh-146367156,Oakleigh,3166,102/83-85 Drummond Street,-37.89241813,145.0906601,1,1,apartment,1,2024-11-13,,,"$367,000"
property-house-vic-oakleigh-146218332,Oakleigh,3166,33A William Street,-37.90417,145.102629,3,1,house,3,2024-10-26,,,"$1,235,000"
property-unit-vic-oakleigh-146148596,Oakleigh,3166,4/22 Golf Links Avenue,-37.9061666,145.0913684,2,1,unit,1,2024-10-26,,,"$638,000"
property-townhouse-vic-oakleigh-146172288,Oakleigh,3166,9/167 Atherton Road,-37.90027156,145.1021447,2,1,townhouse,1,2024-10-26,,,"$610,000"
property-townhouse-vic-oakleigh-146128432,Oakleigh,3166,2/77 Burlington Street,-37.90256317,145.0995332,3,2,townhouse,3,2024-10-19,,,"$1,108,000"
property-unit-vic-oakleigh-146061052,Oakleigh,3166,3A Mead Court,-37.9068522,145.0920309,2,1,unit,,2024-10-16,288,m2,"$730,000"
property-apartment-vic-oakleigh-145849340,Oakleigh,3166,22/82-86 Atherton Road,-37.89942033,145.0937799,2,1,apartment,1,2024-10-15,,,"$382,000"
property-apartment-vic-oakleigh-145622604,Oakleigh,3166,601/1525 Dandenong Road,-37.89289355,145.0905128,2,2,apartment,1,2024-10-14,,,"$525,000"
property-house-vic-oakleigh-146073768,Oakleigh,3166,142 Haughton Road,-37.9101472,145.1006133,3,1,house,3,2024-10-12,379,m2,"$1,010,000"
property-unit-vic-oakleigh-146003068,Oakleigh,3166,2/16 Bishop Street,-37.906336,145.093473,2,1,unit,1,2024-10-06,,,"$875,000"
property-house-vic-oakleigh-146003060,Oakleigh,3166,1 William Street,-37.901098,145.10322,4,2,house,3,2024-10-05,,,"$1,582,000"
property-house-vic-oakleigh-145963004,Oakleigh,3166,25 Hatter Street,-37.905946,145.08765,3,1,house,2,2024-10-05,566,m2,"$1,427,000"
property-unit-vic-oakleigh-145986188,Oakleigh,3166,1/1 Leroux Street,-37.89617211,145.1042212,2,1,unit,1,2024-10-05,197,m2,"$726,000"
property-apartment-vic-oakleigh-145682928,Oakleigh,3166,7/45 Railway Avenue,-37.91059982,145.1033125,2,1,apartment,1,2024-09-23,,,"$330,000"
property-apartment-vic-oakleigh-145695396,Oakleigh,3166,1259A North Road,-37.9110216,145.1005323,3,2,apartment,1,2024-09-20,,,"$692,500"
property-house-vic-oakleigh-145798568,Oakleigh,3166,13 Golf Links Avenue,-37.905588,145.091117,3,1,house,5,2024-09-14,932,m2,"$1,760,000"
property-house-vic-oakleigh-145866712,Oakleigh,3166,5 George Street,-37.901253,145.102204,2,1,house,3,2024-09-09,544,m2,"$1,170,000"
property-house-vic-oakleigh-145433108,Oakleigh,3166,4 Stamford Road,-37.891819,145.101229,3,1,house,2,2024-09-07,725,m2,"$1,205,500"
property-apartment-vic-oakleigh-145572828,Oakleigh,3166,202/89 Atherton Road,-37.89920414,145.0943799,1,1,apartment,1,2024-09-07,,,"$450,000"
property-apartment-vic-oakleigh-144534204,Oakleigh,3166,502/19-21 Hanover Street,-37.90085826,145.0917337,1,1,apartment,1,2024-09-04,,,"$345,000"
property-studio-vic-oakleigh-145752568,Oakleigh,3166,13/41 Railway Avenue,-37.91059982,145.1033125,1,1,studio,,2024-09-04,,,"$177,000"
property-apartment-vic-oakleigh-145074728,Oakleigh,3166,411/2 Dalgety Street,-37.89199272,145.089514,2,2,apartment,1,2024-08-31,,,"$626,000"
property-house-vic-oakleigh-145633092,Oakleigh,3166,32 Heath Avenue,-37.902047,145.099488,4,2,house,,2024-08-24,912,m2,"$1,500,000"
property-apartment-vic-oakleigh-145394572,Oakleigh,3166,11/6 Dalgety Street,-37.89199272,145.089514,2,1,apartment,1,2024-08-16,,,"$590,000"
property-unit-vic-oakleigh-145634016,Oakleigh,3166,1/16 Bishop Street,-37.906336,145.093473,3,1,unit,2,2024-08-07,317,m2,"$1,140,000"
property-house-vic-oakleigh-145374784,Oakleigh,3166,1470 Dandenong Road,-37.89640219,145.0975866,3,2,house,2,2024-08-03,521,m2,"$1,212,000"
property-apartment-vic-oakleigh-145425360,Oakleigh,3166,12/82-86 Atherton Road,-37.89942033,145.0937799,2,1,apartment,2,2024-07-31,,,"$438,200"
property-house-vic-oakleigh-145390440,Oakleigh,3166,1179 North Road,-37.91011,145.092103,3,1,house,4,2024-07-27,568,m2,"$1,080,000"
property-townhouse-vic-oakleigh-141113528,Oakleigh,3166,4/165 Atherton Road,-37.900229,145.101855,4,2,townhouse,2,2024-07-26,,,"$1,200,000"
property-apartment-vic-oakleigh-144256560,Oakleigh,3166,Upper-G08/6 Dalgety Street,-37.89199272,145.089514,2,2,apartment,1,2024-07-16,,,"$580,000"
property-apartment-vic-oakleigh-143935512,Oakleigh,3166,7/103 Atherton Road,-37.89929566,145.0950164,1,1,apartment,1,2024-07-09,,,"$305,000"
property-townhouse-vic-oakleigh-145268096,Oakleigh,3166,4A Abbeygate Street,-37.90470141,145.0904133,4,3,townhouse,2,2024-07-01,,,"$1,450,000"
property-apartment-vic-oakleigh-145118984,Oakleigh,3166,211/89 Atherton Road,-37.89920414,145.0943799,2,1,apartment,1,2024-06-26,,,"$605,000"
property-unit-vic-oakleigh-144820888,Oakleigh,3166,1/201-203 Huntingdale Road,-37.90262743,145.1049148,2,1,unit,4,2024-06-13,132,m2,"$640,000"
property-apartment-vic-oakleigh-144696648,Oakleigh,3166,Oros 206/6 Dalgety Street,-37.89198965,145.0893929,2,2,apartment,2,2024-06-08,,,"$655,000"
property-townhouse-vic-oakleigh-144942060,Oakleigh,3166,2/34 Golf Links Avenue,-37.90724296,145.0911324,4,2,townhouse,2,2024-06-01,,,"$1,315,000"
property-apartment-vic-oakleigh-142925240,Oakleigh,3166,301/1525 Dandenong Road,-37.89289355,145.0905128,2,2,apartment,1,2024-06-01,,,"$485,000"
property-apartment-vic-oakleigh-144663408,Oakleigh,3166,17/103 Atherton Road,-37.89929566,145.0950164,2,1,apartment,1,2024-05-27,,,"$400,000"
property-house-vic-oakleigh-144892820,Oakleigh,3166,16 Schoolhall Street,-37.907268,145.088036,3,1,house,2,2024-05-25,599,m2,"$1,311,000"
property-townhouse-vic-oakleigh-144684844,Oakleigh,3166,4b Abbeygate Street,-37.90463032,145.0904271,4,3,townhouse,2,2024-05-24,,,"$1,450,000"
property-apartment-vic-oakleigh-144961372,Oakleigh,3166,6/79 Atherton Road,-37.89911763,145.0938732,2,2,apartment,1,2024-05-19,,,"$550,000"
property-house-vic-oakleigh-144828732,Oakleigh,3166,17 Lister Street,-37.894539,145.103877,4,3,house,2,2024-05-18,,,"$1,900,000"
property-unit-vic-oakleigh-144847828,Oakleigh,3166,3/24 Grant Street,-37.898831,145.0979987,2,1,unit,1,2024-05-18,,,"$787,500"
property-apartment-vic-oakleigh-144490400,Oakleigh,3166,403/19-21 Hanover Street,-37.90085826,145.0917337,1,1,apartment,1,2024-05-14,,,"$342,500"
property-house-vic-oakleigh-144630380,Oakleigh,3166,8 Allen Street,-37.889684,145.090106,3,1,house,2,2024-05-11,650,m2,"$1,275,000"
property-house-vic-oakleigh-144836712,Oakleigh,3166,14A Young Street,-37.908747,145.095289,3,1,house,2,2024-05-10,,,"$1,260,000"
property-apartment-vic-oakleigh-144568620,Oakleigh,3166,101/19 Hanover Street,-37.90085826,145.0917337,1,1,apartment,1,2024-04-29,,,"$314,000"
property-apartment-vic-oakleigh-144616164,Oakleigh,3166,315/19-21 Hanover Street,-37.90085826,145.0917337,2,2,apartment,1,2024-04-26,,,"$480,000"
property-apartment-vic-oakleigh-144476212,Oakleigh,3166,201/7-9 Station Street,-37.8989891,145.0884823,2,1,apartment,1,2024-04-22,,,"$475,000"
property-apartment-vic-oakleigh-144614008,Oakleigh,3166,7/13 Logie Street,-37.89432127,145.0900745,2,1,apartment,1,2024-04-20,,,"$543,000"
property-apartment-vic-oakleigh-139120199,Oakleigh,3166,502/1525 Dandenong Road,-37.89289355,145.0905128,3,2,apartment,2,2024-04-16,,,"$700,000"
property-apartment-vic-oakleigh-144154760,Oakleigh,3166,501/63 Atherton Road,-37.8989481,145.0927662,2,2,apartment,1,2024-04-15,,,"$550,000"
property-apartment-vic-oakleigh-144495164,Oakleigh,3166,21/41 Railway Avenue,-37.91059982,145.1033125,1,1,apartment,1,2024-04-13,,,"$173,000"
property-apartment-vic-oakleigh-144499440,Oakleigh,3166,7/10 Albert Avenue,-37.8982,145.09456,2,1,apartment,1,2024-04-10,,,"$477,000"
property-house-vic-oakleigh-144492752,Oakleigh,3166,10 George Street,-37.901564,145.102492,4,1,house,2,2024-04-06,544,m2,"$1,450,000"
property-apartment-vic-oakleigh-144372540,Oakleigh,3166,16/13 Logie Street,-37.89432127,145.0900745,1,1,apartment,1,2024-03-26,,,"$350,000"
property-house-vic-oakleigh-144169512,Oakleigh,3166,2 Andrew Street,-37.906141,145.094651,4,2,house,2,2024-03-02,580,m2,"$1,585,000"
property-apartment-vic-oakleigh-144037984,Oakleigh,3166,6/103 Atherton Road,-37.89929566,145.0950164,2,1,apartment,1,2024-03-02,,,"$415,000"
property-house-vic-oakleigh-144089540,Oakleigh,3166,52 Westgate Street,-37.90838,145.086575,3,2,house,2,2024-02-24,,,"$1,545,000"
property-house-vic-oakleigh-143957088,Oakleigh,3166,4 Princess Street,-37.904508,145.092828,3,1,house,1,2024-02-24,,,"$1,190,000"
property-townhouse-vic-oakleigh-144051812,Oakleigh,3166,110C Haughton Road,-37.90866504,145.0981454,4,3,townhouse,2,2024-02-24,,,"$1,102,500"
property-house-vic-oakleigh-144134520,Oakleigh,3166,34 Bishop Street,-37.907489,145.093274,4,2,house,2,2024-02-22,613,m2,"$1,808,888"
property-house-vic-oakleigh-143535884,Oakleigh,3166,94 Haughton Road,-37.907304,145.096896,5,3,house,4,2024-02-17,754,m2,"$1,255,000"
property-apartment-vic-oakleigh-143937548,Oakleigh,3166,Oros 124/2 Dalgety Street,-37.89198965,145.0893929,2,2,apartment,1,2024-02-17,,,"$600,000"
property-unit-vic-oakleigh-144048492,Oakleigh,3166,6/82-86 Atherton Road,-37.89942033,145.0937799,2,1,unit,2,2024-02-16,,,"$450,000"
property-house-vic-oakleigh-143700552,Oakleigh,3166,797 Warrigal Road,-37.890889,145.088858,4,2,house,3,2024-02-15,605,m2,"$1,360,000"
property-townhouse-vic-oakleigh-143944292,Oakleigh,3166,2/2 Stamford Road,-37.8917555,145.1015166,4,2,townhouse,2,2024-02-10,,,"$1,180,000"
property-apartment-vic-oakleigh-142565496,Oakleigh,3166,302/1525 Dandenong Road,-37.89289355,145.0905128,2,2,apartment,1,2024-02-09,,,"$432,500"
property-house-vic-oakleigh-143961096,Oakleigh,3166,9A Young Street,-37.907196,145.095215,2,1,house,2,2024-02-07,,,"$1,289,000"
property-unit-vic-oakleigh-143875016,Oakleigh,3166,1197 North Road,-37.91021665,145.0939216,3,1,unit,2,2024-02-03,312,m2,"$833,500"
property-unit-vic-oakleigh-143321084,Oakleigh,3166,3/26 Grant Street,-37.89908438,145.0979471,2,1,unit,1,2024-02-03,,,"$720,000"
property-house-vic-oakleigh-143704692,Oakleigh,3166,19 Devon Grove,-37.89489,145.1033,3,1,house,1,2024-01-31,713,m2,"$1,476,000"
property-studio-vic-oakleigh-143812560,Oakleigh,3166,20/41 Railway Avenue,-37.91059982,145.1033125,1,1,studio,,2024-01-31,,,"$195,000"
property-apartment-vic-oakleigh-143924076,Oakleigh,3166,412/19-21 Hanover Street,-37.90085826,145.0917337,2,1,apartment,1,2024-01-24,,,"$485,100"
property-apartment-vic-oakleigh-143874220,Oakleigh,3166,102/19-21  Hanover Street,-37.90085826,145.0917337,1,1,apartment,1,2024-01-17,,,"$387,501"
property-apartment-vic-oakleigh-143867648,Oakleigh,3166,301/83-85 Drummond Street,-37.89241813,145.0906601,1,1,apartment,1,2024-01-16,,,"$385,000"
property-apartment-vic-oakleigh-143533088,Oakleigh,3166,12/110 Atherton Road,-37.89981539,145.0963986,2,1,apartment,1,2024-01-15,,,"$529,000"
property-house-vic-oakleigh-143758524,Oakleigh,3166,18 William Street,-37.902227,145.103362,3,1,house,2,2023-12-20,,,"$1,500,000"
property-house-vic-oakleigh-143537520,Oakleigh,3166,7 George Street,-37.901387,145.102178,5,4,house,4,2023-12-16,,,"$2,300,000"
property-house-vic-oakleigh-143700500,Oakleigh,3166,28 Davey Avenue,-37.903086,145.0891,3,1,house,1,2023-12-14,586,m2,"$1,320,000"
property-unit-vic-oakleigh-143595024,Oakleigh,3166,4/11 Albert Avenue,-37.897832,145.094911,3,1,unit,1,2023-12-02,,,"$822,500"
property-apartment-vic-oakleigh-143437128,Oakleigh,3166,202/19-21 Hanover Street,-37.90085826,145.0917337,1,1,apartment,1,2023-11-27,,,"$385,000"
property-apartment-vic-oakleigh-143525708,Oakleigh,3166,6/167 Atherton Road,-37.90027156,145.1021447,2,1,apartment,1,2023-11-22,,,"$460,000"
property-house-vic-oakleigh-142475156,Oakleigh,3166,17 Andrew Street,-37.906917,145.094165,2,1,house,2,2023-11-13,601,m2,"$1,320,000"
property-apartment-vic-oakleigh-143387388,Oakleigh,3166,18/82-86 Atherton Road,-37.89942033,145.0937799,2,1,apartment,2,2023-11-13,,,"$450,000"
property-house-vic-oakleigh-143412124,Oakleigh,3166,30 Gadd Street,-37.910215,145.096935,4,2,house,2,2023-11-11,,,"$2,450,000"
property-apartment-vic-oakleigh-143243888,Oakleigh,3166,24/82-86 Atherton Road,-37.89942033,145.0937799,1,1,apartment,1,2023-11-01,,,"$275,000"
property-house-vic-oakleigh-143256280,Oakleigh,3166,9 Palmerston Grove,-37.897855,145.091032,5,3,house,3,2023-10-28,,,"$1,775,000"
property-house-vic-oakleigh-143244780,Oakleigh,3166,7 Gadd Street,-37.908116,145.096966,2,1,house,2,2023-10-28,,,"$1,227,000"
property-house-vic-oakleigh-143253124,Oakleigh,3166,117 Atherton Road,-37.89951331,145.0965967,3,1,house,2,2023-10-28,288,m2,"$1,050,000"
property-unit-vic-oakleigh-143256056,Oakleigh,3166,1/14 Gadd Street,-37.90918319,145.0971287,2,1,unit,2,2023-10-28,,,"$935,000"
property-house-vic-oakleigh-143165012,Oakleigh,3166,1532 Dandenong Road,-37.89945711,145.102603,4,3,house,5,2023-10-21,697,m2,"$1,565,000"
property-house-vic-oakleigh-143205840,Oakleigh,3166,26 Oxford Street,-37.900906,145.093012,4,3,house,1,2023-10-15,,,"$1,472,000"
property-unit-vic-oakleigh-143034476,Oakleigh,3166,1/103 Burlington Street,-37.90299035,145.1012069,3,2,unit,2,2023-10-07,451,m2,"$1,255,000"
property-apartment-vic-oakleigh-142905200,Oakleigh,3166,310/83-85 Drummond Street,-37.89241813,145.0906601,2,1,apartment,1,2023-09-28,,,"$475,000"
property-apartment-vic-oakleigh-143059400,Oakleigh,3166,608/19-21 Hanover Street,-37.90085826,145.0917337,2,2,apartment,1,2023-09-23,,,"$520,000"
property-apartment-vic-oakleigh-142903612,Oakleigh,3166,8/11 Logie Street,-37.89427899,145.0898332,2,1,apartment,1,2023-09-22,,,"$449,000"
property-house-vic-oakleigh-143081792,Oakleigh,3166,13 The Avenue,-37.896702,145.095008,3,1,house,3,2023-09-21,884,m2,"$2,002,000"
property-townhouse-vic-oakleigh-142957924,Oakleigh,3166,3/108 Atherton Road,-37.89980108,145.0962522,2,1,townhouse,1,2023-09-20,,,"$670,000"
property-house-vic-oakleigh-142839328,Oakleigh,3166,1A Westley Street,-37.895311,145.094782,4,2,house,2,2023-09-16,672,m2,"$1,664,000"
property-house-vic-oakleigh-142887448,Oakleigh,3166,71 Burlington Street,-37.902723,145.09897,3,2,house,2,2023-09-16,557,m2,"$1,335,000"
property-house-vic-oakleigh-142720192,Oakleigh,3166,22 Queens Avenue,-37.903959,145.088429,6,4,house,2,2023-09-13,,,"$2,950,000"
property-house-vic-oakleigh-142863776,Oakleigh,3166,128A Atherton Road,-37.900061,145.098197,4,2,house,,2023-09-09,498,m2,"$1,336,500"
property-townhouse-vic-oakleigh-142849980,Oakleigh,3166,21/6 Willgilson Court,-37.90565755,145.0926023,3,2,townhouse,2,2023-09-09,,,"$935,000"
property-apartment-vic-oakleigh-142857412,Oakleigh,3166,701/6 Dalgety Street,-37.89198965,145.0893929,2,2,apartment,1,2023-09-06,,,"$605,000"
property-apartment-vic-oakleigh-142749928,Oakleigh,3166,13/45 Railway Avenue,-37.91059982,145.1033125,2,1,apartment,1,2023-09-02,,,"$350,000"
property-house-vic-oakleigh-142738948,Oakleigh,3166,8 Westgate Street,-37.904705,145.08725,5,2,house,2,2023-08-26,536,m2,"$2,121,000"
property-house-vic-oakleigh-142719456,Oakleigh,3166,8 Young Street,-37.907498,145.095503,3,1,house,4,2023-08-26,547,m2,"$1,336,500"
property-house-vic-oakleigh-142487532,Oakleigh,3166,15 Mora Avenue,-37.901987,145.089117,3,1,house,2,2023-08-24,557,m2,"$1,430,000"
property-house-vic-oakleigh-142771168,Oakleigh,3166,9 Best Street,-37.90857898,145.0917036,4,1,house,1,2023-08-21,581,m2,"$1,258,000"
property-house-vic-oakleigh-142643836,Oakleigh,3166,29 Tamar Grove,-37.898159,145.096495,2,1,house,1,2023-08-12,543,m2,"$1,255,000"
property-apartment-vic-oakleigh-142400348,Oakleigh,3166,11/45 Railway Avenue,-37.91059982,145.1033125,1,1,apartment,1,2023-08-11,,,"$310,000"
property-townhouse-vic-oakleigh-142590864,Oakleigh,3166,1/21 Golf Links Avenue,-37.90631132,145.0906818,5,3,townhouse,2,2023-08-05,,,"$1,293,000"
property-apartment-vic-oakleigh-142399420,Oakleigh,3166,8/103 Atherton Road,-37.89929566,145.0950164,2,1,apartment,1,2023-08-03,,,"$432,000"
property-apartment-vic-oakleigh-142477232,Oakleigh,3166,7/79 Atherton Road,-37.89911763,145.0938732,2,1,apartment,1,2023-07-29,,,"$497,000"
property-unit-vic-oakleigh-142481240,Oakleigh,3166,6/122 Atherton Road,-37.899955,145.097417,2,1,unit,1,2023-07-26,,,"$733,000"
property-house-vic-oakleigh-142494148,Oakleigh,3166,21 Dalgety Street,-37.891702,145.090634,5,2,house,2,2023-07-20,633,m2,"$2,110,000"
property-apartment-vic-oakleigh-142399232,Oakleigh,3166,3/79 Atherton Road,-37.89911763,145.0938732,2,1,apartment,1,2023-07-19,,,"$423,500"
property-apartment-vic-oakleigh-142359744,Oakleigh,3166,107/83-85 Drummond Street,-37.89241813,145.0906601,1,1,apartment,1,2023-07-08,,,"$360,000"
property-apartment-vic-oakleigh-142133276,Oakleigh,3166,116/89 Atherton Road,-37.899197,145.094341,2,2,apartment,1,2023-06-26,,,"$620,000"
property-house-vic-oakleigh-142214352,Oakleigh,3166,17 Logie Street,-37.894431,145.091109,3,1,house,2,2023-06-24,576,m2,"$1,380,000"
property-apartment-vic-oakleigh-142247752,Oakleigh,3166,302/19-21 Hanover Street,-37.90085826,145.0917337,1,1,apartment,1,2023-06-16,,,"$385,000"
property-apartment-vic-oakleigh-140581431,Oakleigh,3166,316/19-21 Hanover Street,-37.90085826,145.0917337,2,1,apartment,1,2023-06-11,,,"$475,000"
property-townhouse-vic-oakleigh-142106676,Oakleigh,3166,40A Bishop Street,-37.90815805,145.0934747,3,2,townhouse,2,2023-06-10,,,"$1,205,000"
property-apartment-vic-oakleigh-140427555,Oakleigh,3166,Address available on request,,,2,2,apartment,1,2023-06-05,,,"$470,000"
property-house-vic-oakleigh-142012476,Oakleigh,3166,2 The Avenue,-37.896809,145.093777,4,1,house,2,2023-06-03,1048,m2,"$1,792,000"
property-house-vic-oakleigh-142069200,Oakleigh,3166,5 Ferntree Gully Road,-37.896165,145.100788,3,1,house,2,2023-05-31,588,m2,"$900,000"
property-residential land-vic-oakleigh-203579532,Oakleigh,3166,6A Parer Street,-37.9094321,145.0983018,,,residential land,,2023-05-29,266,m2,"$555,000"
property-house-vic-oakleigh-142065296,Oakleigh,3166,44 Golf Links Avenue,-37.90810569,145.0909795,4,2,house,4,2023-05-27,801,m2,"$2,040,000"
property-unit-vic-oakleigh-141921144,Oakleigh,3166,1/8 Westminster Street,-37.90061007,145.0960376,2,1,unit,1,2023-05-27,,,"$795,000"
property-apartment-vic-oakleigh-142019300,Oakleigh,3166,5/1 Heath Avenue,-37.901308,145.09614,2,1,apartment,1,2023-05-25,,,"$500,000"
property-house-vic-oakleigh-142033156,Oakleigh,3166,11 Clyde Street,-37.896579,145.095705,3,1,house,,2023-05-20,313,m2,"$1,255,000"
property-apartment-vic-oakleigh-142001324,Oakleigh,3166,206/1525 Dandenong Road,-37.89289355,145.0905128,2,1,apartment,1,2023-05-19,,,"$425,000"
property-house-vic-oakleigh-142083272,Oakleigh,3166,14 Mora Avenue,-37.902245,145.088894,3,1,house,2,2023-05-18,475,m2,"$1,400,000"
property-townhouse-vic-oakleigh-136467422,Oakleigh,3166,2/35 Young Street,-37.909846,145.094726,4,2,townhouse,2,2023-05-15,,,"$1,428,000"
property-house-vic-oakleigh-141952500,Oakleigh,3166,1444 Dandenong Road,-37.8950298,145.0951996,4,1,house,2,2023-05-10,794,m2,"$1,280,000"
property-house-vic-oakleigh-141841092,Oakleigh,3166,110 Burlington Street,-37.903484,145.102545,2,1,house,2,2023-04-29,631,m2,"$1,240,000"
property-house-vic-oakleigh-141732544,Oakleigh,3166,16 Wilson Street,-37.908316,145.094857,5,4,house,5,2023-04-22,,,"$2,265,000"
property-house-vic-oakleigh-141821528,Oakleigh,3166,5 Parer Street,-37.909079,145.098022,3,1,house,2,2023-04-22,700,m2,"$1,305,000"
property-townhouse-vic-oakleigh-141644460,Oakleigh,3166,23/6 Willgilson Court,-37.90565755,145.0926023,3,2,townhouse,2,2023-04-20,,,"$987,000"
property-apartment-vic-oakleigh-141279396,Oakleigh,3166,5/167 Atherton Road,-37.90027156,145.1021447,2,1,apartment,1,2023-04-05,,,"$486,000"
property-house-vic-oakleigh-141580908,Oakleigh,3166,3 Henry Street,-37.901347,145.104169,3,1,house,2,2023-03-25,538,m2,"$1,050,000"
property-house-vic-oakleigh-141581188,Oakleigh,3166,72 Eastgate Street,-37.909366,145.088471,3,1,house,1,2023-03-25,561,m2,"$1,010,000"
property-apartment-vic-oakleigh-141491184,Oakleigh,3166,14/103 Atherton Road,-37.89929566,145.0950164,2,1,apartment,1,2023-03-25,,,"$410,000"
property-apartment-vic-oakleigh-141363620,Oakleigh,3166,505/83 Drummond Street,-37.89241813,145.0906601,2,1,apartment,1,2023-03-04,,,"$430,000"
property-house-vic-oakleigh-141337900,Oakleigh,3166,42 Bishop Street,-37.908216,145.093142,4,2,house,2,2023-02-25,592,m2,"$1,970,000"
property-house-vic-oakleigh-141357692,Oakleigh,3166,36 John Street,-37.904189,145.101002,4,2,house,3,2023-02-25,,,"$1,525,000"
property-apartment-vic-oakleigh-141153024,Oakleigh,3166,16/82 Atherton Road,-37.89942033,145.0937799,2,1,apartment,2,2023-02-03,,,"$418,000"
property-unit-vic-oakleigh-140983512,Oakleigh,3166,3/1438 Dandenong Road,-37.89455656,145.0943589,2,1,unit,1,2023-01-30,,,"$580,000"
property-townhouse-vic-oakleigh-140981132,Oakleigh,3166,44B Heath Avenue,-37.90236956,145.1004802,3,2,townhouse,2,2022-12-21,,,"$1,095,000"
property-house-vic-oakleigh-140916600,Oakleigh,3166,13 Classic Court,-37.89398511,145.1052908,4,2,house,2,2022-12-16,,,"$1,300,000"
property-house-vic-oakleigh-140809743,Oakleigh,3166,20 Davey Avenue,-37.903022,145.088488,4,1,house,2,2022-12-03,591,m2,"$1,632,000"
property-house-vic-oakleigh-140812127,Oakleigh,3166,4 Queens Avenue,-37.903798,145.086898,3,2,house,2,2022-12-03,,,"$1,390,000"
property-house-vic-oakleigh-140774911,Oakleigh,3166,18 Downing Street,-37.900606,145.094009,4,1,house,1,2022-11-26,,,"$1,245,000"
property-apartment-vic-oakleigh-140478755,Oakleigh,3166,11/6 Dalgety Street,-37.89198965,145.0893929,2,1,apartment,1,2022-11-26,,,"$520,000"
property-house-vic-oakleigh-140769871,Oakleigh,3166,161 Atherton Road,-37.900147,145.101243,4,3,house,4,2022-11-24,654,m2,"$1,950,000"
property-house-vic-oakleigh-140574987,Oakleigh,3166,8 Grandview Grove,-37.894008,145.105642,3,1,house,2,2022-11-23,676,m2,"$1,050,000"
property-house-vic-oakleigh-140019467,Oakleigh,3166,32 Stamford Road,-37.895422,145.100557,3,2,house,3,2022-11-22,655,m2,"$1,430,000"
property-house-vic-oakleigh-140389659,Oakleigh,3166,6 Wilson Street,-37.908202,145.093938,4,2,house,2,2022-10-22,543,m2,"$1,337,000"
property-townhouse-vic-oakleigh-140202031,Oakleigh,3166,1/48 Haughton Road,-37.9042372,145.0928013,3,3,townhouse,2,2022-10-17,,,"$937,500"
property-house-vic-oakleigh-140309355,Oakleigh,3166,29 Bishop Street,-37.906953,145.093015,4,2,house,4,2022-10-01,,,"$1,396,000"
property-apartment-vic-oakleigh-139949927,Oakleigh,3166,311/83 Drummond St,-37.89241813,145.0906601,2,1,apartment,1,2022-09-29,,,"$440,000"
property-apartment-vic-oakleigh-136730162,Oakleigh,3166,1/41 Railway Avenue,-37.91059982,145.1033125,1,1,apartment,,2022-09-28,,,"$190,000"
property-unit-vic-oakleigh-139572167,Oakleigh,3166,2/1a Connell Road,-37.900534,145.098469,3,2,unit,2,2022-09-24,,,"$975,000"
property-house-vic-oakleigh-140231131,Oakleigh,3166,53 Westgate Street,-37.908355,145.086143,2,1,house,2,2022-09-07,,,"$1,207,500"
property-house-vic-oakleigh-139735463,Oakleigh,3166,1446 Dandenong Road,-37.89512228,145.0953451,3,2,house,1,2022-09-01,714,m2,"$1,100,000"
property-apartment-vic-oakleigh-139319471,Oakleigh,3166,603/89 Atherton Road,-37.899197,145.094341,3,2,apartment,2,2022-09-01,,,"$1,050,000"
property-apartment-vic-oakleigh-140052151,Oakleigh,3166,503/89 Atherton Road,-37.899197,145.094341,3,2,apartment,2,2022-08-29,,,"$965,000"
property-house-vic-oakleigh-140018291,Oakleigh,3166,7 Connell Road,-37.900911,145.09838,3,2,house,2,2022-08-27,,,"$1,435,000"
property-house-vic-oakleigh-139471543,Oakleigh,3166,54 Abbeygate Street,-37.908726,145.08964,4,3,house,2,2022-08-19,,,"$1,830,000"
property-apartment-vic-oakleigh-139962055,Oakleigh,3166,604/6 Dalgety Street,-37.89198965,145.0893929,2,2,apartment,1,2022-08-17,,,"$470,000"
property-house-vic-oakleigh-139933003,Oakleigh,3166,25 Westgate Street,-37.905849,145.086629,4,2,house,2,2022-08-10,,,"$1,400,000"
property-house-vic-oakleigh-139782743,Oakleigh,3166,49 Westgate Street,-37.908068,145.086196,3,1,house,2,2022-08-09,,,"$1,197,500"
property-apartment-vic-oakleigh-137142842,Oakleigh,3166,101/83-85 Drummond Street,-37.89241813,145.0906601,1,1,apartment,1,2022-08-04,,,"$360,000"
property-house-vic-oakleigh-139763223,Oakleigh,3166,7 Ferntree Gully Road,-37.896186,145.100969,4,2,house,2,2022-07-30,589,m2,"$1,799,000"
property-house-vic-oakleigh-139636083,Oakleigh,3166,1189 North Road,-37.910198,145.093079,4,2,house,2,2022-07-25,555,m2,"$1,215,000"
property-apartment-vic-oakleigh-139686735,Oakleigh,3166,10/119-123 Atkinson Street,-37.89761544,145.0923695,2,1,apartment,1,2022-07-19,,,"$475,000"
property-house-vic-oakleigh-139695107,Oakleigh,3166,108 Burlington Street,-37.903463,145.102352,3,1,house,2,2022-07-16,630,m2,"$1,130,000"
property-house-vic-oakleigh-139590391,Oakleigh,3166,4 Rua Court,-37.891659,145.102462,4,3,house,4,2022-07-09,741,m2,"$1,611,000"
property-apartment-vic-oakleigh-139432627,Oakleigh,3166,507/83-85 Drummond Street,-37.89241813,145.0906601,2,2,apartment,1,2022-07-06,,,"$585,000"
property-townhouse-vic-oakleigh-139554991,Oakleigh,3166,2/13 Parer Street,-37.90970303,145.0978947,3,2,townhouse,1,2022-07-02,,,"$885,000"
property-apartment-vic-oakleigh-139461163,Oakleigh,3166,308/83-85 Drummond Street,-37.89241813,145.0906601,2,1,apartment,1,2022-06-28,,,"$480,000"
property-apartment-vic-oakleigh-139438183,Oakleigh,3166,213/19-21 Hanover Street,-37.90085826,145.0917337,1,1,apartment,1,2022-06-20,,,"$318,000"
property-townhouse-vic-oakleigh-139417315,Oakleigh,3166,17/6 Willgilson Court,-37.90565755,145.0926023,3,2,townhouse,2,2022-06-19,,,"$955,050"
property-house-vic-oakleigh-139305251,Oakleigh,3166,21 Abbeygate Street,-37.905882,145.089767,4,2,house,3,2022-06-18,,,"$1,620,000"
property-house-vic-oakleigh-139360707,Oakleigh,3166,48 John Street,-37.904989,145.100845,2,1,house,1,2022-06-18,547,m2,"$950,000"
property-house-vic-oakleigh-139301735,Oakleigh,3166,1 Westgate Street,-37.90415145,145.0869396,5,2,house,2,2022-06-04,661,m2,"$1,650,000"
property-house-vic-oakleigh-139310387,Oakleigh,3166,6 McIntosh Street,-37.910229,145.099448,4,2,house,2,2022-06-04,741,m2,"$1,650,000"
property-apartment-vic-oakleigh-139082355,Oakleigh,3166,104/7-9 Station Street,-37.8989891,145.0884823,2,1,apartment,1,2022-05-31,,,"$565,000"
property-apartment-vic-oakleigh-138843155,Oakleigh,3166,202/23 Oxford Street,-37.90092999,145.0926553,2,2,apartment,2,2022-05-31,,,"$565,000"
property-apartment-vic-oakleigh-138466111,Oakleigh,3166,503/19-21 Hanover Street,-37.90085826,145.0917337,1,1,apartment,1,2022-05-27,,,"$335,000"
property-house-vic-oakleigh-139214323,Oakleigh,3166,57 Bishop Street,-37.909208,145.092593,2,1,house,1,2022-05-18,600,m2,"$1,421,000"
property-house-vic-oakleigh-139114567,Oakleigh,3166,19 Bishop Street,-37.90627,145.093146,4,1,house,2,2022-05-14,,,"$1,525,000"
property-house-vic-oakleigh-139102651,Oakleigh,3166,41 Bishop Street,-37.907788,145.092868,3,2,house,2,2022-05-14,600,m2,"$1,422,500"
property-townhouse-vic-oakleigh-138995483,Oakleigh,3166,2/8 Willgilson Court,-37.90581643,145.0923659,3,2,townhouse,1,2022-05-07,,,"$840,000"
property-unit-vic-oakleigh-138995535,Oakleigh,3166,1/13 Taylor Street,-37.895609,145.092101,2,1,unit,1,2022-05-07,,,"$710,000"
property-house-vic-oakleigh-139100747,Oakleigh,3166,50 Abbeygate Street,-37.908467,145.0897,3,1,house,2,2022-05-06,,,"$1,443,500"
property-apartment-vic-oakleigh-139181735,Oakleigh,3166,4/1 Heath Avenue,-37.901308,145.09614,2,1,apartment,1,2022-05-06,,,"$450,000"
property-house-vic-oakleigh-138759659,Oakleigh,3166,130 Atherton Road,-37.900072,145.09831,3,1,house,2,2022-04-02,,,"$1,305,000"
property-townhouse-vic-oakleigh-138730071,Oakleigh,3166,2/38 Golf Links Avenue,-37.907469,145.091091,3,2,townhouse,1,2022-04-02,,,"$1,075,000"
property-house-vic-oakleigh-138701947,Oakleigh,3166,37 Clyde Street,-37.898895,145.095145,4,2,house,5,2022-03-26,735,m2,"$1,950,000"
property-house-vic-oakleigh-138570583,Oakleigh,3166,16 Caloola Avenue,-37.89093013,145.0905723,5,2,house,4,2022-03-19,893,m2,"$2,850,000"
property-townhouse-vic-oakleigh-138615091,Oakleigh,3166,41 Estelle Street,-37.89282715,145.1055095,3,2,townhouse,2,2022-03-19,348,m2,"$1,520,000"
property-apartment-vic-oakleigh-138649171,Oakleigh,3166,18/119 Atkinson Street,-37.89761544,145.0923695,2,1,apartment,1,2022-03-12,,,"$558,000"
property-townhouse-vic-oakleigh-138470167,Oakleigh,3166,2/77 Burlington Street,-37.90256317,145.0995332,3,2,townhouse,1,2022-03-05,,,"$1,079,000"
property-unit-vic-oakleigh-138493755,Oakleigh,3166,1/108 Haughton Road,-37.90840703,145.0983131,3,2,unit,1,2022-03-05,,,"$982,000"
property-house-vic-oakleigh-137911162,Oakleigh,3166,1187 North Road,-37.910186,145.09292,4,2,house,2,2022-02-28,557,m2,"$1,150,000"
property-house-vic-oakleigh-138343047,Oakleigh,3166,18 Oxford Street,-37.900475,145.093103,3,1,house,1,2022-02-19,,,"$1,460,000"
property-apartment-vic-oakleigh-137548402,Oakleigh,3166,301/83-85 Drummond Street,-37.89241813,145.0906601,1,1,apartment,1,2022-02-17,,,"$375,000"
property-house-vic-oakleigh-138306962,Oakleigh,3166,43 Abbeygate Street,-37.907445,145.089465,2,1,house,1,2022-02-12,506,m2,"$1,425,000"
property-townhouse-vic-oakleigh-138252442,Oakleigh,3166,2/5 Heath Avenue,-37.90135045,145.0964558,4,2,townhouse,2,2022-02-05,,,"$1,380,000"
property-unit-vic-oakleigh-138292502,Oakleigh,3166,1/25 Connell Road,-37.90223949,145.0980662,2,1,unit,2,2022-02-03,178,m2,"$728,000"
property-townhouse-vic-oakleigh-138188778,Oakleigh,3166,2/139 Huntingdale Road,-37.89461278,145.1063403,4,2,townhouse,2,2022-01-29,,,"$1,081,000"
property-unit-vic-oakleigh-137975054,Oakleigh,3166,1/22 Palmerston Grove,-37.897121,145.091596,3,1,unit,2,2021-12-29,359,m2,"$1,140,000"
property-villa-vic-oakleigh-137997306,Oakleigh,3166,2/47 Golf Links Avenue,-37.90836,145.090492,2,1,villa,2,2021-12-21,,,"$765,000"
property-house-vic-oakleigh-137852618,Oakleigh,3166,14 Heath Avenue,-37.90171,145.097063,5,2,house,3,2021-12-11,,,"$1,985,000"
property-house-vic-oakleigh-137869414,Oakleigh,3166,34 Tamar Grove,-37.898696,145.096788,4,2,house,1,2021-12-11,,,"$1,575,000"
property-unit-vic-oakleigh-137887954,Oakleigh,3166,1/12 Golf Links Avenue,-37.905351,145.091498,3,2,unit,1,2021-12-11,364,m2,"$1,207,500"
property-townhouse-vic-oakleigh-138116306,Oakleigh,3166,1/165 Atherton Road,-37.900229,145.101855,4,3,townhouse,2,2021-12-10,,,"$1,235,000"
property-townhouse-vic-oakleigh-137813074,Oakleigh,3166,2/48 Haughton Road,-37.9042372,145.0928013,3,2,townhouse,2,2021-12-04,,,"$930,000"
property-townhouse-vic-oakleigh-137619106,Oakleigh,3166,7/110 Atherton Road,-37.89981539,145.0963986,2,1,townhouse,1,2021-11-27,,,"$578,000"
property-residential land-vic-oakleigh-203051078,Oakleigh,3166,1243 North Road,-37.91084,145.098784,,,residential land,,2021-11-21,701,m2,"$1,080,000"
property-unit-vic-oakleigh-137693218,Oakleigh,3166,1/1221 North Road,-37.91037467,145.096545,3,1,unit,3,2021-11-20,431,m2,"$900,000"
property-apartment-vic-oakleigh-137316894,Oakleigh,3166,211/83 Drummond Street,-37.89241813,145.0906601,2,1,apartment,1,2021-11-20,,,"$470,000"
property-house-vic-oakleigh-137577934,Oakleigh,3166,21 Bishop Street,-37.906405,145.09312,2,1,house,1,2021-11-15,566,m2,"$1,370,000"
property-house-vic-oakleigh-137478634,Oakleigh,3166,2/27 Downing Street,-37.90116555,145.0935333,3,1,house,2,2021-11-06,224,m2,"$1,056,000"
property-house-vic-oakleigh-137543518,Oakleigh,3166,35 Westgate Street,-37.90654,145.086486,4,2,house,2,2021-11-03,544,m2,"$1,985,000"
property-house-vic-oakleigh-137391602,Oakleigh,3166,24 William Street,-37.902631,145.103283,2,1,house,1,2021-10-30,,,"$1,413,000"
property-townhouse-vic-oakleigh-137411954,Oakleigh,3166,25/6 Willgilson Court,-37.90565755,145.0926023,3,2,townhouse,2,2021-10-28,,,"$900,000"
property-unit-vic-oakleigh-137422522,Oakleigh,3166,3/47 Golf Links Avenue,-37.90836,145.090492,2,1,unit,2,2021-10-26,,,"$826,500"
property-house-vic-oakleigh-137355514,Oakleigh,3166,11 John Street,-37.901533,145.101139,3,1,house,1,2021-10-21,,,"$1,325,000"
property-unit-vic-oakleigh-137217178,Oakleigh,3166,3/1 Heath Avenue,-37.901308,145.09614,2,1,unit,1,2021-10-21,,,"$450,000"
property-apartment-vic-oakleigh-136797906,Oakleigh,3166,605/19-21 Hanover Street,-37.90085826,145.0917337,1,1,apartment,1,2021-10-21,,,"$395,000"
property-house-vic-oakleigh-137381018,Oakleigh,3166,6 Young Street,-37.907219,145.095556,3,1,house,2,2021-10-16,638,m2,"$1,475,000"
property-house-vic-oakleigh-137224478,Oakleigh,3166,4 John Street,-37.901035,145.101595,5,2,house,2,2021-10-09,,,"$1,356,000"
property-townhouse-vic-oakleigh-136786662,Oakleigh,3166,1/1251 North Road,-37.91094115,145.0996114,3,2,townhouse,2,2021-10-02,,,"$952,001"
property-unit-vic-oakleigh-136776798,Oakleigh,3166,1/32 Golf Links Avenue,-37.90702879,145.0912182,2,1,unit,1,2021-10-01,,,"$730,000"
property-house-vic-oakleigh-136911930,Oakleigh,3166,98 Atkinson Street,-37.896393,145.093128,4,2,house,2,2021-09-03,1156,m2,"$2,825,000"
property-house-vic-oakleigh-136724354,Oakleigh,3166,1203 North Road,-37.910328,145.094407,4,1,house,2,2021-08-14,709,m2,"$1,140,000"
property-house-vic-oakleigh-136729974,Oakleigh,3166,45 William Street,-37.904907,145.102485,3,2,house,2,2021-08-05,547,m2,"$1,710,000"
property-house-vic-oakleigh-136644358,Oakleigh,3166,29 Estelle Street,-37.892678,145.104175,3,1,house,2,2021-07-31,585,m2,"$1,389,000"
property-apartment-vic-oakleigh-135778418,Oakleigh,3166,412/89 Atherton Road,-37.899197,145.094341,2,2,apartment,1,2021-07-30,,,"$570,000"
property-house-vic-oakleigh-136348686,Oakleigh,3166,14 Regent Street,-37.90036,145.094959,2,1,house,2,2021-07-16,360,m2,"$870,000"
property-townhouse-vic-oakleigh-136582718,Oakleigh,3166,20/6 Willgilson Court,-37.90565755,145.0926023,3,2,townhouse,2,2021-07-13,,,"$900,000"
property-house-vic-oakleigh-136601594,Oakleigh,3166,27 Henry Street,-37.902982,145.103854,3,1,house,2,2021-07-10,,,"$1,426,000"
property-house-vic-oakleigh-136348366,Oakleigh,3166,19 Golf Links Avenue,-37.906217,145.090998,3,1,house,1,2021-07-09,966,m2,"$1,770,600"
property-house-vic-oakleigh-136566454,Oakleigh,3166,215 Huntingdale Road,-37.904337,145.104581,2,1,house,2,2021-07-08,,,"$1,235,000"
property-house-vic-oakleigh-136345390,Oakleigh,3166,51 Burlington Street,-37.90246175,145.0966913,3,1,house,2,2021-07-03,,,"$1,115,000"
property-house-vic-oakleigh-136403806,Oakleigh,3166,48 Queens Avenue,-37.90418403,145.0905524,4,2,house,1,2021-06-26,,,"$1,560,000"
property-townhouse-vic-oakleigh-136406550,Oakleigh,3166,2/4 York Avenue,-37.89972759,145.1019136,4,3,townhouse,2,2021-06-26,,,"$1,400,000"
property-townhouse-vic-oakleigh-136343998,Oakleigh,3166,17 Gillon Court,-37.89250953,145.1045733,3,2,townhouse,2,2021-06-26,,,"$1,285,000"
property-apartment-vic-oakleigh-135953522,Oakleigh,3166,407/83 Drummond Street,-37.89241813,145.0906601,2,2,apartment,1,2021-06-26,,,"$595,000"
property-unit-vic-oakleigh-136298446,Oakleigh,3166,1/55 William Street,-37.90560432,145.1021038,2,1,unit,1,2021-06-19,,,"$801,500"
property-house-vic-oakleigh-136177018,Oakleigh,3166,140 Haughton Road,-37.910108,145.100561,4,2,house,3,2021-06-12,407,m2,"$895,000"
property-house-vic-oakleigh-136251654,Oakleigh,3166,38 William Street,-37.90441,145.102942,4,2,house,1,2021-06-05,546,m2,"$1,670,000"
property-house-vic-oakleigh-136338502,Oakleigh,3166,11 Connell Road,-37.901181,145.098316,3,1,house,1,2021-06-05,700,m2,"$1,579,000"
property-townhouse-vic-oakleigh-133916158,Oakleigh,3166,2/127 Huntingdale Road,-37.893823,145.106477,4,3,townhouse,2,2021-05-29,,,"$1,310,000"
property-house-vic-oakleigh-136221666,Oakleigh,3166,30 Clyde Street,-37.8979805,145.0957976,2,1,house,1,2021-05-22,,,"$1,421,000"
property-apartment-vic-oakleigh-135834302,Oakleigh,3166,406/1525 Dandenong Road,-37.89289355,145.0905128,2,1,apartment,1,2021-05-20,,,"$418,000"
property-house-vic-oakleigh-136065162,Oakleigh,3166,84 Atkinson Street,-37.895081,145.093367,3,1,house,2,2021-05-15,,,"$1,540,000"
property-house-vic-oakleigh-136018454,Oakleigh,3166,18 Bishop Street,-37.906437,145.093461,4,1,house,2,2021-05-15,660,m2,"$1,390,000"
property-house-vic-oakleigh-136069378,Oakleigh,3166,9 Winifred Street,-37.895194,145.102052,3,1,house,1,2021-05-15,689,m2,"$1,360,000"
property-unit-vic-oakleigh-136060150,Oakleigh,3166,4/1 Leroux Street,-37.89617211,145.1042212,2,1,unit,1,2021-05-15,,,"$665,000"
property-house-vic-oakleigh-134870846,Oakleigh,3166,4 Caloola Avenue,-37.890799,145.089406,4,2,house,2,2021-05-12,675,m2,"$1,450,000"
property-unit-vic-oakleigh-135989706,Oakleigh,3166,2/48 Burlington Street,-37.902714,145.096431,3,2,unit,2,2021-05-08,,,"$1,009,000"
property-townhouse-vic-oakleigh-135552038,Oakleigh,3166,39 Clyde Street,-37.89917694,145.0951131,2,2,townhouse,2,2021-04-30,,,"$520,000"
property-unit-vic-oakleigh-135904446,Oakleigh,3166,1/136 Haughton Road,-37.90990124,145.1002894,3,2,unit,1,2021-04-24,323,m2,"$875,000"
property-apartment-vic-oakleigh-135350242,Oakleigh,3166,16/79 Atherton Road,-37.89911763,145.0938732,2,2,apartment,2,2021-04-24,,,"$550,000"
property-house-vic-oakleigh-135768626,Oakleigh,3166,1 Andrew Street,-37.905875,145.09434,4,2,house,2,2021-04-17,903,m2,"$1,450,000"
property-apartment-vic-oakleigh-135715246,Oakleigh,3166,705/19-21 Hanover Street,-37.90085826,145.0917337,2,2,apartment,1,2021-04-16,,,"$654,950"
property-house-vic-oakleigh-135743978,Oakleigh,3166,22 Clyde Street,-37.897455,145.095876,2,1,house,1,2021-04-10,,,"$833,000"
property-apartment-vic-oakleigh-135546906,Oakleigh,3166,604/89 Atherton Road,-37.899197,145.094341,2,2,apartment,1,2021-04-06,,,"$599,000"
property-apartment-vic-oakleigh-131325410,Oakleigh,3166,10/45 Railway Avenue,-37.910388,145.103224,1,1,apartment,1,2021-03-26,,,"$282,000"
property-apartment-vic-oakleigh-135328566,Oakleigh,3166,504/83 - 85 Drummond Street,-37.89241813,145.0906601,2,2,apartment,1,2021-03-23,,,"$585,800"
property-house-vic-oakleigh-135555642,Oakleigh,3166,797 Warrigal Road,-37.890889,145.088858,4,2,house,2,2021-03-20,601,m2,"$1,280,000"
property-unit-vic-oakleigh-135546414,Oakleigh,3166,2/63 Golf Links Avenue,-37.90938438,145.0904019,2,1,unit,1,2021-03-19,,,"$700,500"
property-apartment-vic-oakleigh-135471210,Oakleigh,3166,103/2 Albert Avenue,-37.89808065,145.0936248,2,1,apartment,1,2021-03-17,,,"$613,000"
property-house-vic-oakleigh-135464974,Oakleigh,3166,10 Henry Street,-37.901793,145.104442,5,2,house,3,2021-03-08,543,m2,"$1,540,000"
property-house-vic-oakleigh-135450534,Oakleigh,3166,1255 North Road,-37.910987,145.100054,3,1,house,1,2021-03-06,689,m2,"$1,360,000"
property-townhouse-vic-oakleigh-135409122,Oakleigh,3166,2/69 Drummond Street,-37.89014671,145.0910801,3,2,townhouse,2,2021-02-27,,,"$1,055,000"
property-apartment-vic-oakleigh-135339354,Oakleigh,3166,14/110 Atherton Road,-37.89981539,145.0963986,2,1,apartment,1,2021-02-20,,,"$565,000"
property-apartment-vic-oakleigh-133886382,Oakleigh,3166,205/83-85 Drummond Street,-37.89241813,145.0906601,1,1,apartment,1,2021-02-11,,,"$380,000"
property-townhouse-vic-oakleigh-134808914,Oakleigh,3166,3/21 Golf Links Avenue,-37.90637,145.09096,4,3,townhouse,2,2021-01-29,,,"$1,150,000"
property-house-vic-oakleigh-133918274,Oakleigh,3166,2 Schoolhall Street,-37.90704,145.086177,5,3,house,4,2021-01-12,,,"$2,050,000"
property-townhouse-vic-oakleigh-134986642,Oakleigh,3166,3/34 Heath Avenue,-37.90206869,145.0995849,3,2,townhouse,2,2020-12-24,,,"$860,750"
property-unit-vic-oakleigh-134938482,Oakleigh,3166,2/6 Albert Avenue,-37.89814282,145.0941689,2,1,unit,2,2020-12-19,,,"$712,000"
property-house-vic-oakleigh-133561482,Oakleigh,3166,27 Clyde Street,-37.89761994,145.0954286,4,2,house,2,2020-12-17,,,"$1,630,000"
property-house-vic-oakleigh-134965070,Oakleigh,3166,10 Schoolhall Street,-37.907165,145.087197,5,3,house,2,2020-12-17,596,m2,"$1,350,000"
property-apartment-vic-oakleigh-134471358,Oakleigh,3166,411/89-93 Atherton Road,-37.899197,145.094341,1,1,apartment,1,2020-12-16,,,"$460,000"
property-house-vic-oakleigh-134832050,Oakleigh,3166,8 Nelson Avenue,-37.895933,145.094243,5,3,house,2,2020-12-05,,,"$1,907,000"
property-house-vic-oakleigh-134797718,Oakleigh,3166,5 McIntosh Street,-37.909927,145.099149,3,1,house,3,2020-12-05,,,"$1,360,000"
property-house-vic-oakleigh-134787802,Oakleigh,3166,1/44 Andrew Street,-37.909933,145.093973,3,2,house,2,2020-12-05,,,"$1,254,000"
property-apartment-vic-oakleigh-134867754,Oakleigh,3166,13/110 Atherton Road,-37.89981539,145.0963986,1,1,apartment,1,2020-11-30,,,"$425,000"
property-house-vic-oakleigh-134800486,Oakleigh,3166,73 Drummond Street,-37.890419,145.090997,3,1,house,2,2020-11-28,624,m2,"$1,351,000"
property-townhouse-vic-oakleigh-134542314,Oakleigh,3166,10/16 Grant Street,-37.89818585,145.0982852,3,2,townhouse,2,2020-11-23,,,"$888,000"
property-house-vic-oakleigh-134682934,Oakleigh,3166,24 Connell Road,-37.90264247,145.0983874,4,1,house,2,2020-11-21,,,"$1,398,000"
property-house-vic-oakleigh-134694474,Oakleigh,3166,35 William Street,-37.904278,145.102604,4,2,house,2,2020-11-21,,,"$1,320,000"
property-house-vic-oakleigh-134676166,Oakleigh,3166,2 Leroux Street,-37.896217,145.104551,4,2,house,2,2020-11-21,,,"$1,111,555"
property-apartment-vic-oakleigh-134867662,Oakleigh,3166,3./110 Atherton Road,-37.89981539,145.0963986,2,1,apartment,1,2020-11-18,,,"$545,000"
property-house-vic-oakleigh-134510906,Oakleigh,3166,52 Haughton Road,-37.905011,145.09385,3,1,house,1,2020-11-14,595,m2,"$999,000"
property-house-vic-oakleigh-134613846,Oakleigh,3166,16 Abbeygate Street,-37.905538,145.090254,3,2,house,1,2020-11-04,,,"$1,275,000"
property-unit-vic-oakleigh-134478582,Oakleigh,3166,1/8 Parer Street,-37.9096076,145.0982704,3,2,unit,2,2020-10-31,297,m2,"$830,000"
property-unit-vic-oakleigh-134444402,Oakleigh,3166,3/24 Golf Links Avenue,-37.90628806,145.0913032,2,1,unit,2,2020-10-31,,,"$685,500"
property-unit-vic-oakleigh-134355182,Oakleigh,3166,1/13 Parer Street,-37.90970303,145.0978947,3,1,unit,1,2020-10-24,,,"$775,000"
property-unit-vic-oakleigh-134268066,Oakleigh,3166,5/24 Grant Street,-37.898831,145.0979987,2,1,unit,1,2020-10-23,179,m2,"$684,500"
property-house-vic-oakleigh-134107178,Oakleigh,3166,41 Edward Street,-37.905697,145.10284,4,2,house,2,2020-10-22,511,m2,"$1,330,000"
property-apartment-vic-oakleigh-134453422,Oakleigh,3166,5/110 Atherton Road,-37.89981539,145.0963986,2,1,apartment,1,2020-10-22,1219,m2,"$545,200"
property-apartment-vic-oakleigh-134084934,Oakleigh,3166,2/24 Haughton Road,-37.90148125,145.0889948,1,1,apartment,1,2020-10-09,,,"$390,000"
property-apartment-vic-oakleigh-131856070,Oakleigh,3166,10/4 Albert Avenue,-37.898126,145.093868,2,1,apartment,1,2020-10-08,,,"$600,000"
property-apartment-vic-oakleigh-134064210,Oakleigh,3166,209/83-85 Drummond Street,-37.89241813,145.0906601,1,1,apartment,1,2020-10-05,,,"$375,000"
property-townhouse-vic-oakleigh-134034922,Oakleigh,3166,2/16 Grant Street,-37.89818585,145.0982852,3,2,townhouse,1,2020-09-22,,,"$900,000"
property-townhouse-vic-oakleigh-133972090,Oakleigh,3166,11/110 Atherton Road,-37.89981539,145.0963986,2,1,townhouse,1,2020-09-07,,,"$535,000"
property-house-vic-oakleigh-133272626,Oakleigh,3166,5 Eastgate Street,-37.904652,145.088946,5,2,house,2,2020-08-03,,,"$1,602,888"
property-townhouse-vic-oakleigh-134012526,Oakleigh,3166,2/10 Winifred Street,-37.89521169,145.1023901,3,2,townhouse,1,2020-08-02,398,m2,"$965,000"
property-house-vic-oakleigh-133959558,Oakleigh,3166,25 Tamar Grove,-37.897926,145.096535,4,2,house,2,2020-07-31,540,m2,"$1,490,000"
property-townhouse-vic-oakleigh-133873150,Oakleigh,3166,2/50 Golf Links Avenue,-37.90844351,145.0909192,4,2,townhouse,2,2020-07-25,,,"$1,001,000"
property-unit-vic-oakleigh-133864670,Oakleigh,3166,2/24 Golf Links Avenue,-37.90628806,145.0913032,2,1,unit,2,2020-07-25,,,"$730,000"
property-house-vic-oakleigh-133826198,Oakleigh,3166,33 Gadd Street,-37.910237,145.09657,3,1,house,3,2020-07-18,,,"$1,163,000"
property-house-vic-oakleigh-133857866,Oakleigh,3166,15 Davey Avenue,-37.902723,145.088359,5,2,house,4,2020-07-14,674,m2,"$1,680,000"
property-apartment-vic-oakleigh-133790910,Oakleigh,3166,4/119-123 Atkinson Street,-37.89761544,145.0923695,2,1,apartment,1,2020-07-08,,,"$535,000"
property-house-vic-oakleigh-133755494,Oakleigh,3166,9/6 Willgilson Court,-37.90565755,145.0926023,1,1,house,1,2020-07-06,,,"$356,000"
property-house-vic-oakleigh-133600682,Oakleigh,3166,11 Tamar Grove,-37.897037,145.09674,4,3,house,3,2020-07-02,624,m2,"$1,876,200"
property-house-vic-oakleigh-133720694,Oakleigh,3166,5 Holland Court,-37.900517,145.096855,3,1,house,2,2020-06-27,573,m2,"$1,065,000"
property-house-vic-oakleigh-133462298,Oakleigh,3166,20 Westminster Street,-37.901696,145.095641,3,1,house,2,2020-06-16,459,m2,"$1,320,000"
property-townhouse-vic-oakleigh-133574538,Oakleigh,3166,2/98 Haughton Road,-37.907856,145.09761,4,3,townhouse,2,2020-06-13,,,"$1,135,000"
property-unit-vic-oakleigh-133634426,Oakleigh,3166,3/34 Heath Avenue,-37.90206869,145.0995849,3,2,unit,2,2020-06-13,,,"$831,500"
property-house-vic-oakleigh-133558302,Oakleigh,3166,2 Norfolk Avenue,-37.898842,145.100821,2,1,house,1,2020-06-12,352,m2,"$760,000"
property-townhouse-vic-oakleigh-133579170,Oakleigh,3166,2/108 Haughton Road,-37.90840703,145.0983131,4,2,townhouse,2,2020-06-02,,,"$960,000"
property-house-vic-oakleigh-133516942,Oakleigh,3166,56 Hatter Street,-37.908496,145.087607,3,1,house,1,2020-05-23,,,"$1,060,000"
property-house-vic-oakleigh-133358714,Oakleigh,3166,4 Eastgate Street,-37.904614,145.089379,2,1,house,2,2020-05-02,,,"$1,040,000"
property-house-vic-oakleigh-133319354,Oakleigh,3166,165 Atherton Road,-37.900229,145.101855,3,1,house,1,2020-04-23,970,m2,"$1,650,000"
property-house-vic-oakleigh-133249142,Oakleigh,3166,44 George Street,-37.904969,145.101835,3,1,house,1,2020-04-18,542,m2,"$1,125,000"
property-house-vic-oakleigh-133249138,Oakleigh,3166,45 Andrew Street,-37.909756,145.093637,3,1,house,1,2020-04-17,687,m2,"$1,030,300"
property-house-vic-oakleigh-133162354,Oakleigh,3166,1486 Dandenong Road,-37.89725895,145.0990593,3,1,house,2,2020-04-15,,,"$910,000"
property-unit-vic-oakleigh-133268022,Oakleigh,3166,3/10 Caloola Avenue,-37.89087413,145.0900815,3,1,unit,2,2020-04-09,,,"$642,000"
property-townhouse-vic-oakleigh-133084974,Oakleigh,3166,3/28 Devon Grove,-37.89600217,145.1034485,4,2,townhouse,2,2020-04-04,,,"$870,000"
property-house-vic-oakleigh-133184806,Oakleigh,3166,13 Grandview Grove,-37.894398,145.1052,3,2,house,2,2020-04-02,,,"$1,111,000"
property-house-vic-oakleigh-133085262,Oakleigh,3166,16 Wilson Street,-37.908316,145.094857,2,1,house,2,2020-03-31,,,"$1,005,000"
property-unit-vic-oakleigh-133141326,Oakleigh,3166,3/24 Grant Street,-37.898831,145.0979987,2,1,unit,1,2020-03-28,,,"$701,500"
property-house-vic-oakleigh-133074274,Oakleigh,3166,16 Henry Street,-37.902207,145.104363,4,2,house,3,2020-03-25,,,"$1,800,000"
property-house-vic-oakleigh-133054122,Oakleigh,3166,29 Logie Street,-37.894607,145.092492,4,2,house,2,2020-03-21,,,"$1,700,000"
property-apartment-vic-oakleigh-133070486,Oakleigh,3166,106/63-65 Atherton Road,-37.8989481,145.0927662,1,1,apartment,1,2020-03-21,,,"$445,000"
property-apartment-vic-oakleigh-133184402,Oakleigh,3166,20/79 Atherton Road,-37.89911763,145.0938732,2,1,apartment,1,2020-03-18,,,"$470,000"
property-house-vic-oakleigh-133007962,Oakleigh,3166,6 Taylor Street,-37.895805,145.091358,4,2,house,2,2020-03-14,,,"$1,760,000"
property-townhouse-vic-oakleigh-132896866,Oakleigh,3166,19 Raymond Court,-37.89239222,145.1030187,4,2,townhouse,2,2020-03-07,,,"$990,000"
property-unit-vic-oakleigh-132927470,Oakleigh,3166,2/28 William Street,-37.90289149,145.1032415,3,1,unit,2,2020-03-07,,,"$802,000"
property-house-vic-oakleigh-132904134,Oakleigh,3166,17 Mora Avenue,-37.902008,145.089276,4,2,house,2,2020-02-29,566,m2,"$1,546,000"
property-house-vic-oakleigh-132958102,Oakleigh,3166,43 Estelle Street,-37.89284671,145.1056789,2,2,house,2,2020-02-19,,,"$910,500"
property-unit-vic-oakleigh-132689034,Oakleigh,3166,4/15 Taylor Street,-37.895609,145.092101,2,1,unit,1,2020-02-15,250,m2,"$839,500"
property-house-vic-oakleigh-132900794,Oakleigh,3166,1 Golf Links Avenue,-37.904607,145.09121,3,1,house,4,2020-02-10,,,"$990,100"
property-apartment-vic-oakleigh-132164694,Oakleigh,3166,216/19-21 Hanover Street,-37.90085826,145.0917337,2,1,apartment,1,2020-01-09,,,"$460,000"
property-townhouse-vic-oakleigh-132489182,Oakleigh,3166,43 Clyde Street,-37.89917694,145.0951131,2,2,townhouse,1,2019-12-22,,,"$650,000"
property-house-vic-oakleigh-132464442,Oakleigh,3166,15 Gillon Court,-37.892331,145.104434,3,2,house,2,2019-12-14,650,m2,"$1,170,000"
property-house-vic-oakleigh-132429086,Oakleigh,3166,33 Eastgate Street,-37.906538,145.088579,3,1,house,2,2019-12-08,539,m2,"$1,255,000"
property-house-vic-oakleigh-132448374,Oakleigh,3166,4 Taylor Street,-37.895794,145.091199,2,2,house,2,2019-12-07,547,m2,"$1,455,000"
property-house-vic-oakleigh-132318570,Oakleigh,3166,29a Clyde Street,-37.897808,145.095389,4,2,house,2,2019-11-30,,,"$1,375,000"
property-house-vic-oakleigh-132327458,Oakleigh,3166,12 Gadd Street,-37.908985,145.097171,4,1,house,5,2019-11-30,713,m2,"$1,320,000"
property-house-vic-oakleigh-132350782,Oakleigh,3166,26 Tamar Grove,-37.898256,145.09689,3,2,house,,2019-11-30,,,"$1,305,000"
property-house-vic-oakleigh-132461718,Oakleigh,3166,132 Warrigal Road,-37.906171,145.085915,2,1,house,2,2019-11-25,,,"$917,000"
property-unit-vic-oakleigh-132315194,Oakleigh,3166,1/29 Clyde Street,-37.89792818,145.095085,2,1,unit,1,2019-11-23,,,"$870,000"
property-townhouse-vic-oakleigh-132362742,Oakleigh,3166,35C Ferntree Gully Road,-37.89635324,145.1041896,4,3,townhouse,2,2019-11-15,,,"$1,080,000"
property-apartment-vic-oakleigh-130401382,Oakleigh,3166,8/45 Railway Avenue,-37.910388,145.103224,2,1,apartment,1,2019-11-15,,,"$350,000"
property-apartment-vic-oakleigh-132275266,Oakleigh,3166,Appt 302/1525 Dandenong Road,-37.89289355,145.0905128,2,2,apartment,1,2019-11-14,,,"$440,000"
property-apartment-vic-oakleigh-128771466,Oakleigh,3166,2/167 Atherton Road,-37.900109,145.102147,2,1,apartment,1,2019-11-13,,,"$476,000"
property-unit-vic-oakleigh-132135018,Oakleigh,3166,1/1518 Dandenong Road,-37.8987742,145.101523,4,2,unit,1,2019-11-09,,,"$765,000"
property-apartment-vic-oakleigh-132175130,Oakleigh,3166,16/82-86 Atherton Road,-37.89942033,145.0937799,2,1,apartment,2,2019-11-09,,,"$423,500"
property-house-vic-oakleigh-132077342,Oakleigh,3166,1 Westgate Street,-37.90415145,145.0869396,4,2,house,2,2019-10-26,,,"$1,550,000"
property-residential land-vic-oakleigh-202503714,Oakleigh,3166,11 Norfolk Avenue,-37.899141,145.100336,,,residential land,,2019-10-26,611,m2,"$1,150,000"
property-townhouse-vic-oakleigh-132027702,Oakleigh,3166,1/69 Drummond Street,-37.89014671,145.0910801,3,2,townhouse,3,2019-10-19,259,m2,"$1,000,000"
property-unit-vic-oakleigh-131999446,Oakleigh,3166,1/1 Leroux Street,-37.89617211,145.1042212,2,1,unit,1,2019-10-19,,,"$667,000"
property-house-vic-oakleigh-129844046,Oakleigh,3166,20 Mora Avenue,-37.902362,145.089436,3,1,house,3,2019-10-18,723,m2,"$1,149,000"
property-house-vic-oakleigh-130274294,Oakleigh,3166,38 Andrew Street,-37.909505,145.094192,3,1,house,5,2019-09-28,673,m2,"$1,100,000"
property-house-vic-oakleigh-131853890,Oakleigh,3166,13 Henry Street,-37.902021,145.104038,3,1,house,1,2019-09-21,543,m2,"$1,120,000"
property-unit-vic-oakleigh-131748166,Oakleigh,3166,2/24 Grant Street,-37.898831,145.0979987,2,1,unit,1,2019-09-14,,,"$742,000"
property-house-vic-oakleigh-131742338,Oakleigh,3166,39 Davey Avenue,-37.902956,145.090491,3,2,house,2,2019-09-04,,,"$1,205,000"
property-house-vic-oakleigh-131256990,Oakleigh,3166,1237 North Road,-37.910661,145.098269,2,1,house,1,2019-08-31,,,"$851,000"
property-unit-vic-oakleigh-131619622,Oakleigh,3166,1/8 Westminster Street,-37.90061007,145.0960376,2,1,unit,1,2019-08-31,,,"$740,000"
property-house-vic-oakleigh-131770438,Oakleigh,3166,12 Lincoln Avenue,-37.898812,145.099537,4,2,house,2,2019-08-28,532,m2,"$1,640,000"
property-unit-vic-oakleigh-131678602,Oakleigh,3166,1/98 Haughton Road,-37.907856,145.09761,2,1,unit,1,2019-08-22,,,"$730,000"
property-house-vic-oakleigh-131594850,Oakleigh,3166,14 Andrew Street,-37.906968,145.094505,3,1,house,2,2019-08-17,613,m2,"$970,000"
property-house-vic-oakleigh-131541662,Oakleigh,3166,59 Westgate Street,-37.908768,145.086064,3,2,house,2,2019-08-10,,,"$1,205,000"
property-house-vic-oakleigh-131487766,Oakleigh,3166,12 Merbow Street,-37.901404,145.10016,3,1,house,1,2019-08-03,589,m2,"$1,090,000"
property-house-vic-oakleigh-131250558,Oakleigh,3166,50 Davey Avenue,-37.903394,145.090901,4,1,house,1,2019-07-24,,,"$1,000,000"
property-house-vic-oakleigh-131393790,Oakleigh,3166,71 Burlington Street,-37.902635,145.098988,3,1,house,2,2019-07-20,,,"$1,120,000"
property-apartment-vic-oakleigh-131458266,Oakleigh,3166,20/82-86 Atherton Road,-37.899535,145.093755,1,1,apartment,1,2019-07-19,,,"$370,000"
property-house-vic-oakleigh-130625986,Oakleigh,3166,1460 Dandenong Road,-37.895924,145.096535,3,1,house,1,2019-07-02,589,m2,"$700,000"
property-house-vic-oakleigh-131224834,Oakleigh,3166,15 Eastgate Street,-37.905313,145.08871,3,2,house,2,2019-06-22,543,m2,"$1,201,000"
property-house-vic-oakleigh-131197690,Oakleigh,3166,28 Queens Avenue,-37.904095,145.088936,3,1,house,1,2019-06-22,,,"$1,138,000"
property-house-vic-oakleigh-131209530,Oakleigh,3166,125 Atherton Road,-37.899476,145.097283,4,2,house,2,2019-06-15,694,m2,"$1,564,000"
property-house-vic-oakleigh-130402934,Oakleigh,3166,29 Bishop Street,-37.906947,145.092878,4,2,house,4,2019-06-08,565,m2,"$1,018,000"
property-apartment-vic-oakleigh-130637666,Oakleigh,3166,107/19-21 Hanover Street,-37.900843,145.091641,1,1,apartment,1,2019-06-05,,,"$345,000"
property-apartment-vic-oakleigh-131059814,Oakleigh,3166,18/79 Atherton Road,-37.898852,145.09391,2,1,apartment,1,2019-05-25,,,"$437,000"
property-house-vic-oakleigh-131025682,Oakleigh,3166,165 Atherton Road,-37.900125,145.101868,3,1,house,4,2019-05-18,970,m2,"$1,480,000"
property-house-vic-oakleigh-130964638,Oakleigh,3166,22A Clyde Street,-37.897528,145.096013,2,1,house,1,2019-05-11,,,"$835,000"
property-townhouse-vic-oakleigh-130730882,Oakleigh,3166,2/12 Parer Street,-37.909873,145.098591,4,2,townhouse,2,2019-05-10,263,m2,"$960,000"
property-apartment-vic-oakleigh-130869218,Oakleigh,3166,201/148 Warrigal Road,-37.90664,145.085923,2,2,apartment,1,2019-05-10,,,"$546,000"
property-house-vic-oakleigh-130892558,Oakleigh,3166,1/5 Heath Avenue,-37.900827,145.096657,3,1,house,2,2019-04-27,,,"$955,000"
property-house-vic-oakleigh-130660942,Oakleigh,3166,1516 Dandenong Road,-37.898759,145.101229,2,1,house,1,2019-04-18,697,m2,"$849,000"
property-house-vic-oakleigh-130964230,Oakleigh,3166,65 Drummond Street,-37.889931,145.090956,5,3,house,2,2019-04-11,660,m2,"$1,430,000"
property-house-vic-oakleigh-130606170,Oakleigh,3166,60 Haughton Road,-37.90552,145.0943,4,2,house,2,2019-03-30,,,"$1,340,000"
property-townhouse-vic-oakleigh-130522466,Oakleigh,3166,2/8 Willgilson Court,-37.905902,145.092235,3,2,townhouse,2,2019-03-25,,,"$730,000"
property-apartment-vic-oakleigh-130102622,Oakleigh,3166,501/83-85 Drummond Street,-37.892402,145.090522,2,2,apartment,1,2019-03-13,,,"$495,000"
property-townhouse-vic-oakleigh-130424434,Oakleigh,3166,1/77 Burlington Street,-37.902695,145.099504,4,2,townhouse,2,2019-03-02,,,"$878,000"
property-house-vic-oakleigh-129785730,Oakleigh,3166,134a Atherton Road,-37.900181,145.098982,3,2,house,2,2019-02-11,350,m2,"$1,100,000"
property-apartment-vic-oakleigh-130474918,Oakleigh,3166,23/119 Atkinson Street,-37.897556,145.092233,2,1,apartment,1,2019-02-11,,,"$444,000"
property-house-vic-oakleigh-128568082,Oakleigh,3166,14 Leroux Street,-37.895373,145.104875,3,2,house,2,2019-02-06,688,m2,"$1,070,000"
property-apartment-vic-oakleigh-129864950,Oakleigh,3166,10/2 Albert Avenue,-37.898281,145.093599,2,2,apartment,1,2019-01-30,,,"$596,000"
property-house-vic-oakleigh-130304906,Oakleigh,3166,34 Hatter Street,-37.90647,145.088075,4,1,house,2,2019-01-21,533,m2,"$1,098,000"
property-house-vic-oakleigh-129779382,Oakleigh,3166,19 William Street,-37.902307,145.102878,4,2,house,2,2019-01-08,,,"$1,080,000"
property-apartment-vic-oakleigh-130020606,Oakleigh,3166,503/63-65 Atherton Road,-37.898873,145.092702,2,2,apartment,1,2018-12-18,,,"$561,000"
property-unit-vic-oakleigh-129920034,Oakleigh,3166,3/7 Albert Avenue,-37.897646,145.094383,2,1,unit,1,2018-12-18,,,"$530,000"
property-unit-vic-oakleigh-129871126,Oakleigh,3166,27 George Street,-37.902972,145.101795,2,1,unit,1,2018-12-08,261,m2,"$730,000"
property-townhouse-vic-oakleigh-129757002,Oakleigh,3166,106B Burlington Street,-37.903533,145.102122,3,2,townhouse,2,2018-11-28,207,m2,"$855,500"
property-house-vic-oakleigh-129484894,Oakleigh,3166,1/14-16 Grant Street,-37.898277,145.098465,3,2,house,2,2018-11-27,,,"$791,000"
property-house-vic-oakleigh-129416566,Oakleigh,3166,45 Edward Street,-37.905653,145.103193,3,2,house,1,2018-11-02,520,m2,"$911,000"
property-unit-vic-oakleigh-129471890,Oakleigh,3166,2/33 Young Street,-37.909668,145.094644,3,1,unit,2,2018-10-28,,,"$766,000"
property-residential land-vic-oakleigh-202218746,Oakleigh,3166,178 Atherton Road,-37.900859,145.103263,,,residential land,,2018-10-23,708,m2,"$1,100,000"
property-unit-vic-oakleigh-129258374,Oakleigh,3166,3/32 Golf Links Avenue,-37.907013,145.091436,2,1,unit,1,2018-10-06,,,"$582,500"
property-unit-vic-oakleigh-129163922,Oakleigh,3166,3/46 Abbeygate Street,-37.908217,145.08985,2,2,unit,1,2018-09-22,95,m2,"$610,000"
property-apartment-vic-oakleigh-115132511,Oakleigh,3166,10/119 Atkinson Street,-37.897556,145.092233,2,1,apartment,1,2018-09-22,,,"$570,000"
property-house-vic-oakleigh-128855906,Oakleigh,3166,27 Golf Links Avenue,-37.906785,145.090724,3,1,house,2,2018-09-14,,,"$925,000"
property-house-vic-oakleigh-128917558,Oakleigh,3166,7 Gadd Street,-37.908097,145.096824,3,1,house,2,2018-08-29,652,m2,"$1,101,000"
property-house-vic-oakleigh-128863694,Oakleigh,3166,21 Dalgety Street,-37.891564,145.090684,4,2,house,2,2018-08-18,641,m2,"$1,601,000"
property-apartment-vic-oakleigh-129005810,Oakleigh,3166,401/61-63 Atherton Road,-37.898722,145.092058,2,2,apartment,1,2018-08-18,,,"$580,000"
property-house-vic-oakleigh-128810626,Oakleigh,3166,6 Young Street,-37.907241,145.095679,3,1,house,2,2018-08-14,638,m2,"$1,175,000"
property-house-vic-oakleigh-128829854,Oakleigh,3166,40 Andrew Street,-37.909651,145.094166,2,1,house,2,2018-08-11,676,m2,"$1,165,000"
property-apartment-vic-oakleigh-128778246,Oakleigh,3166,2/13 Logie Street,-37.894158,145.090092,1,1,apartment,1,2018-08-08,,,"$387,000"
property-house-vic-oakleigh-128802462,Oakleigh,3166,1/1A Connell Road,-37.900512,145.098341,3,2,house,1,2018-08-04,,,"$995,000"
property-house-vic-oakleigh-128698726,Oakleigh,3166,38 Clyde Street,-37.898467,145.095823,3,1,house,2,2018-07-28,547,m2,"$1,335,000"
property-house-vic-oakleigh-128672026,Oakleigh,3166,2 Heath Avenue,-37.901709,145.09601,4,2,house,2,2018-07-21,684,m2,"$1,200,000"
property-house-vic-oakleigh-128672062,Oakleigh,3166,39 Burlington Street,-37.902086,145.095929,3,1,house,,2018-07-21,575,m2,"$826,000"
property-apartment-vic-oakleigh-128151378,Oakleigh,3166,213/19-21 Hanover Street,-37.900843,145.091641,1,1,apartment,1,2018-07-03,,,"$370,000"
property-unit-vic-oakleigh-128499830,Oakleigh,3166,2/2 Parer Street,-37.909195,145.098559,2,2,unit,2,2018-06-30,385,m2,"$660,000"
property-house-vic-oakleigh-128504546,Oakleigh,3166,12 Lincoln Avenue,-37.898828,145.099709,3,2,house,1,2018-06-28,562,m2,"$942,200"
property-house-vic-oakleigh-125070154,Oakleigh,3166,141 Atherton Road,-37.899751,145.099331,4,3,house,4,2018-06-27,691,m2,"$1,670,000"
property-house-vic-oakleigh-128439330,Oakleigh,3166,16 Raymond Court,-37.891986,145.10362,4,2,house,5,2018-06-23,697,m2,"$1,278,000"
property-house-vic-oakleigh-128347662,Oakleigh,3166,15 Davey Avenue,-37.902587,145.088382,5,2,house,4,2018-06-20,674,m2,"$1,550,000"
property-house-vic-oakleigh-128426390,Oakleigh,3166,781 Warrigal Road,-37.889173,145.089335,3,1,house,1,2018-06-16,,,"$1,030,000"
property-unit-vic-oakleigh-128322074,Oakleigh,3166,2/25 Grant Street,-37.898662,145.097455,3,1,unit,2,2018-06-02,429,m2,"$1,000,000"
property-apartment-vic-oakleigh-127382450,Oakleigh,3166,610/19-21 Hanover Street,-37.900843,145.091641,2,2,apartment,1,2018-05-31,,,"$515,000"
property-apartment-vic-oakleigh-128254646,Oakleigh,3166,6/110 Atherton Road,-37.900011,145.096352,2,1,apartment,1,2018-05-30,,,"$555,000"
property-flat-vic-oakleigh-128241506,Oakleigh,3166,3/105 Atherton Road,-37.89926,145.095539,2,1,flat,1,2018-05-24,,,"$428,888"
property-house-vic-oakleigh-127940890,Oakleigh,3166,33 Tamar Grove,-37.898385,145.096314,4,2,house,1,2018-05-04,,,"$1,430,000"
property-house-vic-oakleigh-128017134,Oakleigh,3166,5 Andrew Street,-37.906121,145.094162,3,1,house,2,2018-05-01,,,"$1,182,500"
property-apartment-vic-oakleigh-128151078,Oakleigh,3166,409/19-21 Hanover Street,-37.900843,145.091641,1,1,apartment,1,2018-04-29,,,"$405,000"
property-house-vic-oakleigh-128016294,Oakleigh,3166,60 Abbeygate Street,-37.909116,145.08968,3,2,house,2,2018-04-28,,,"$1,437,000"
property-house-vic-oakleigh-127522498,Oakleigh,3166,53 William Street,-37.905448,145.102274,3,2,house,3,2018-04-17,,,"$1,130,000"
property-house-vic-oakleigh-127827878,Oakleigh,3166,10 Merbow Street,-37.901378,145.099978,3,1,house,2,2018-04-14,683,m2,"$1,265,000"
property-house-vic-oakleigh-127637794,Oakleigh,3166,1/103 Burlington Street,-37.902956,145.101249,3,2,house,2,2018-03-29,,,"$960,000"
property-house-vic-oakleigh-126191106,Oakleigh,3166,110-112 Warrigal Road,-37.904662,145.086301,6,2,house,4,2018-03-26,1044,m2,"$2,000,000"
property-house-vic-oakleigh-127623686,Oakleigh,3166,2 Allen Street,-37.889778,145.089636,5,3,house,4,2018-03-24,1378,m2,"$2,920,000"
property-house-vic-oakleigh-127688970,Oakleigh,3166,57 Bishop Street,-37.909197,145.092473,2,1,house,2,2018-03-24,607,m2,"$1,227,000"
property-unit-vic-oakleigh-127666382,Oakleigh,3166,2/172 Atherton Road,-37.900782,145.10266,2,1,unit,3,2018-03-24,,,"$742,000"
property-house-vic-oakleigh-127683794,Oakleigh,3166,24 Eastgate Street,-37.905951,145.089229,3,1,house,,2018-03-17,,,"$1,262,000"
property-house-vic-oakleigh-127620438,Oakleigh,3166,37 Andrew Street,-37.909154,145.093597,3,1,house,1,2018-03-17,,,"$1,250,000"
property-townhouse-vic-oakleigh-127414082,Oakleigh,3166,2/14 Gadd Street,-37.909153,145.097306,3,2,townhouse,2,2018-03-15,226,m2,"$1,030,000"
property-house-vic-oakleigh-127468142,Oakleigh,3166,21 Golf Links Avenue,-37.906348,145.090724,4,2,house,4,2018-03-13,,,"$1,600,000"
property-house-vic-oakleigh-127443606,Oakleigh,3166,2 William Street,-37.901157,145.103689,4,2,house,2,2018-03-03,541,m2,"$1,546,000"
property-house-vic-oakleigh-127403522,Oakleigh,3166,4 Best Street,-37.90819,145.092224,4,2,house,2,2018-02-24,508,m2,"$1,580,000"
property-unit-vic-oakleigh-127408418,Oakleigh,3166,2/3 Tamar Grove,-37.896458,145.096729,3,1,unit,1,2018-02-24,,,"$867,000"
property-apartment-vic-oakleigh-127235174,Oakleigh,3166,10/1 Heath Avenue,-37.901027,145.09619,2,1,apartment,1,2018-02-16,65,m2,"$477,000"
property-house-vic-oakleigh-127115410,Oakleigh,3166,22 Heath Avenue,-37.901996,145.098547,4,2,house,2,2018-02-03,,,"$1,445,000"
property-house-vic-oakleigh-126377170,Oakleigh,3166,77 Drummond Street,-37.891041,145.090887,3,1,house,2,2018-01-18,671,m2,"$1,260,000"
property-house-vic-oakleigh-126924846,Oakleigh,3166,26 Tamar Grove,-37.898272,145.097035,2,1,house,,2017-12-02,,,"$1,011,000"
property-house-vic-oakleigh-126919502,Oakleigh,3166,1/29 Heath Avenue,-37.90161,145.099899,2,2,house,1,2017-12-02,,,"$750,000"
property-townhouse-vic-oakleigh-126805314,Oakleigh,3166,1/35 Tamar Grove,-37.898511,145.096284,2,2,townhouse,1,2017-11-25,207,m2,"$1,050,000"
property-apartment-vic-oakleigh-126784894,Oakleigh,3166,7/82-86 Atherton Road,-37.899535,145.093755,2,1,apartment,1,2017-11-25,,,"$400,000"
property-house-vic-oakleigh-126351466,Oakleigh,3166,128 Haughton Road,-37.909553,145.099721,4,2,house,1,2017-11-23,450,m2,"$1,040,000"
property-house-vic-oakleigh-126936550,Oakleigh,3166,1470 Dandenong Road,-37.896467,145.097559,2,2,house,3,2017-11-23,522,m2,"$890,000"
property-house-vic-oakleigh-126709322,Oakleigh,3166,89 Burlington Street,-37.902833,145.100698,3,1,house,2,2017-11-21,410,m2,"$960,000"
property-house-vic-oakleigh-126728782,Oakleigh,3166,2/23 Dalgety Street,-37.891583,145.090834,4,2,house,2,2017-11-18,267,m2,"$615,000"
property-house-vic-oakleigh-126412986,Oakleigh,3166,175 Atherton Road,-37.90024,145.102854,5,3,house,4,2017-11-17,667,m2,"$1,960,000"
property-house-vic-oakleigh-126458482,Oakleigh,3166,50 William Street,-37.905246,145.1029,4,3,house,2,2017-11-15,541,m2,"$1,480,000"
property-apartment-vic-oakleigh-126760090,Oakleigh,3166,14/2 Albert Avenue,-37.898281,145.093599,2,2,apartment,1,2017-11-15,,,"$600,000"
property-house-vic-oakleigh-126458454,Oakleigh,3166,15 Andrew Street,-37.906787,145.094038,3,1,house,1,2017-11-08,615,m2,"$1,120,000"
property-house-vic-oakleigh-126516826,Oakleigh,3166,54 Haughton Road,-37.905246,145.093937,4,2,house,2,2017-10-28,,,"$985,000"
property-house-vic-oakleigh-126466934,Oakleigh,3166,10 Tamar Grove,-37.897205,145.097247,4,3,house,2,2017-10-27,,,"$1,735,000"
property-house-vic-oakleigh-126462486,Oakleigh,3166,2 Bishop Street,-37.905412,145.093698,3,2,house,2,2017-10-21,,,"$1,315,000"
property-house-vic-oakleigh-126502242,Oakleigh,3166,17 Abbeygate Street,-37.905593,145.089709,3,1,house,2,2017-10-21,,,"$1,215,000"
property-house-vic-oakleigh-126446326,Oakleigh,3166,2 Schoolhall Street,-37.907098,145.086152,3,1,house,2,2017-10-14,,,"$1,103,000"
property-apartment-vic-oakleigh-123369582,Oakleigh,3166,7/105 Atherton Road,-37.89926,145.095539,2,1,apartment,1,2017-10-09,,,"$422,000"
property-house-vic-oakleigh-126398282,Oakleigh,3166,52 Abbeygate Street,-37.908614,145.089775,4,2,house,2,2017-10-07,,,"$1,160,000"
property-house-vic-oakleigh-126300666,Oakleigh,3166,1/2 Albert Avenue,-37.898281,145.093599,2,1,house,1,2017-10-07,,,"$585,000"
property-house-vic-oakleigh-126218886,Oakleigh,3166,33 Abbeygate Street,-37.90667,145.0895,5,3,house,2,2017-09-28,547,m2,"$1,820,000"
property-house-vic-oakleigh-126238494,Oakleigh,3166,1243 North Road,-37.910724,145.09881,4,1,house,2,2017-09-23,708,m2,"$1,091,000"
property-unit-vic-oakleigh-126218046,Oakleigh,3166,1/126 Atherton Road,-37.900509,145.097871,2,1,unit,2,2017-09-23,200,m2,"$743,000"
property-apartment-vic-oakleigh-124488334,Oakleigh,3166,706/19-21 Hanover Street,-37.900882,145.091633,1,1,apartment,1,2017-09-19,,,"$380,000"
property-house-vic-oakleigh-126144486,Oakleigh,3166,55 Golf Links Avenue,-37.908805,145.090286,4,1,house,2,2017-09-09,720,m2,"$1,470,000"
property-apartment-vic-oakleigh-126150666,Oakleigh,3166,6/103 Atherton Road,-37.898982,145.095101,2,1,apartment,1,2017-09-09,,,"$420,000"
property-house-vic-oakleigh-126166122,Oakleigh,3166,9 Young Street,-37.907061,145.095093,4,2,house,1,2017-09-08,,,"$1,495,000"
property-unit-vic-oakleigh-126047574,Oakleigh,3166,7/7 Albert Avenue,-37.897646,145.094383,2,1,unit,1,2017-09-02,,,"$569,000"
property-house-vic-oakleigh-126033654,Oakleigh,3166,8 William Street,-37.901564,145.103611,3,2,house,2,2017-08-26,538,m2,"$1,360,000"
property-house-vic-oakleigh-126011810,Oakleigh,3166,8/13 Heath Avenue,-37.901194,145.097325,3,2,house,2,2017-08-19,,,"$1,157,000"
property-house-vic-oakleigh-125950890,Oakleigh,3166,6 Gillon Court,-37.892104,145.104832,4,2,house,3,2017-08-12,,,"$1,415,000"
property-house-vic-oakleigh-125833206,Oakleigh,3166,128 Atherton Road,-37.900213,145.09803,2,1,house,1,2017-08-11,553,m2,"$1,080,000"
property-house-vic-oakleigh-126026058,Oakleigh,3166,38 Andrew Street,-37.909505,145.094192,2,1,house,1,2017-08-09,673,m2,"$1,260,000"
property-unit-vic-oakleigh-125917674,Oakleigh,3166,3/25 Connell Road,-37.90227,145.097856,2,1,unit,3,2017-08-05,195,m2,"$739,000"
property-unit-vic-oakleigh-125885222,Oakleigh,3166,4/1 York Avenue,-37.899282,145.101395,2,1,unit,1,2017-08-05,190,m2,"$690,000"
property-apartment-vic-oakleigh-125922162,Oakleigh,3166,11/82-86 Atherton Road,-37.899535,145.093755,2,1,apartment,1,2017-08-01,,,"$383,000"
property-house-vic-oakleigh-125823942,Oakleigh,3166,142 Atherton Road,-37.90038,145.099619,4,1,house,2,2017-07-20,606,m2,"$1,405,000"
property-unit-vic-oakleigh-125756354,Oakleigh,3166,1/167 Atherton Road,-37.900109,145.102147,2,1,unit,1,2017-07-16,,,"$510,000"
property-house-vic-oakleigh-125728486,Oakleigh,3166,42 Bishop Street,-37.908245,145.093279,4,2,house,2,2017-07-15,592,m2,"$1,610,000"
property-unit-vic-oakleigh-125721158,Oakleigh,3166,2/1514 Dandenong Road,-37.898674,145.101092,3,2,unit,2,2017-07-15,221,m2,"$775,000"
property-house-vic-oakleigh-125720046,Oakleigh,3166,32 Stamford Road,-37.8954,145.100624,3,2,house,2,2017-07-08,655,m2,"$1,365,000"
property-house-vic-oakleigh-125567586,Oakleigh,3166,5 Eastgate Street,-37.904632,145.088843,5,2,house,2,2017-06-24,546,m2,"$1,750,000"
property-house-vic-oakleigh-125593626,Oakleigh,3166,25 Andrew Street,-37.907446,145.093916,3,1,house,2,2017-06-24,,,"$1,381,000"
property-house-vic-oakleigh-125640866,Oakleigh,3166,10 Henry Street,-37.901816,145.104554,3,1,house,4,2017-06-14,543,m2,"$1,250,000"
property-house-vic-oakleigh-125415466,Oakleigh,3166,31 Westgate Street,-37.906236,145.08643,3,1,house,1,2017-06-03,,,"$1,245,000"
property-unit-vic-oakleigh-125246318,Oakleigh,3166,3/26 Grant Street,-37.899118,145.098177,2,1,unit,1,2017-06-02,,,"$650,000"
property-house-vic-oakleigh-125118934,Oakleigh,3166,3 Caloola Avenue,-37.890239,145.089665,3,1,house,2,2017-05-30,890,m2,"$1,625,000"
property-house-vic-oakleigh-125352974,Oakleigh,3166,17 John Street,-37.901936,145.100954,2,1,house,2,2017-05-27,,,"$1,225,000"
property-house-vic-oakleigh-125331322,Oakleigh,3166,14 Mora Avenue,-37.902298,145.088877,3,1,house,2,2017-05-27,475,m2,"$1,170,000"
property-unit-vic-oakleigh-125216310,Oakleigh,3166,1/1438 Dandenong Road,-37.894646,145.094355,3,1,unit,2,2017-05-15,160,m2,"$717,000"
property-house-vic-oakleigh-125235758,Oakleigh,3166,24 Gadd Street,-37.909839,145.097176,5,3,house,2,2017-05-13,707,m2,"$1,351,000"
property-house-vic-oakleigh-125366770,Oakleigh,3166,160 Warrigal Road,-37.907714,145.085729,3,2,house,2,2017-05-11,572,m2,"$930,000"
property-house-vic-oakleigh-125113490,Oakleigh,3166,65 Drummond Street,-37.889931,145.090956,5,3,house,2,2017-05-06,660,m2,"$1,570,000"
property-apartment-vic-oakleigh-125238802,Oakleigh,3166,22/79 Atherton Road,-37.898852,145.09391,2,1,apartment,1,2017-05-05,,,"$435,000"
property-house-vic-oakleigh-125032110,Oakleigh,3166,7 Hilbert Court,-37.895024,145.101506,4,2,house,2,2017-04-22,538,m2,"$1,145,000"
property-apartment-vic-oakleigh-124731858,Oakleigh,3166,7/6 Willgilson Court,-37.90618,145.092482,1,1,apartment,1,2017-04-21,,,"$352,000"
property-unit-vic-oakleigh-124896950,Oakleigh,3166,9/167 Atherton Road,-37.900109,145.102147,2,1,unit,1,2017-04-17,115,m2,"$535,000"
property-house-vic-oakleigh-124980078,Oakleigh,3166,101 Atkinson Street,-37.89521,145.092703,4,2,house,,2017-04-08,1143,m2,"$2,525,000"
property-house-vic-oakleigh-124960814,Oakleigh,3166,12 Watsonia Street,-37.910042,145.096113,4,2,house,2,2017-04-08,,,"$1,615,000"
property-house-vic-oakleigh-124913866,Oakleigh,3166,32 Henry Street,-37.904141,145.104107,3,1,house,2,2017-04-08,530,m2,"$1,077,000"
property-house-vic-oakleigh-125083014,Oakleigh,3166,1183 North Road,-37.910048,145.092452,3,1,house,2,2017-04-02,,,"$1,018,000"
property-townhouse-vic-oakleigh-124896994,Oakleigh,3166,5/28 Devon Grove,-37.896011,145.103603,4,2,townhouse,4,2017-04-01,250,m2,"$986,000"
property-house-vic-oakleigh-125142746,Oakleigh,3166,61 Hatter Street,-37.909016,145.086949,3,1,house,1,2017-03-25,,,"$1,262,500"
property-house-vic-oakleigh-124842098,Oakleigh,3166,45 Greville Street,-37.906048,145.109458,5,1,house,,2017-03-25,595,m2,"$1,155,000"
property-apartment-vic-oakleigh-124848938,Oakleigh,3166,4/6 Willgilson Court,-37.90618,145.092482,2,1,apartment,1,2017-03-25,,,"$470,000"
property-house-vic-oakleigh-124750202,Oakleigh,3166,13 Hilbert Court,-37.895188,145.100992,3,1,house,2,2017-03-18,548,m2,"$1,033,000"
property-house-vic-oakleigh-124676886,Oakleigh,3166,1231 North Road,-37.910578,145.097564,4,1,house,2,2017-03-18,,,"$991,000"
property-unit-vic-oakleigh-124746826,Oakleigh,3166,1/62 Golf Links Avenue,-37.909334,145.090953,3,1,unit,2,2017-03-18,290,m2,"$849,500"
property-townhouse-vic-oakleigh-123304122,Oakleigh,3166,3/110 Haughton Road,-37.908564,145.098276,4,3,townhouse,2,2017-03-16,223,m2,"$940,000"
property-apartment-vic-oakleigh-124770078,Oakleigh,3166,14/103 Atherton Road,-37.898982,145.095101,2,1,apartment,1,2017-03-08,,,"$417,000"
property-house-vic-oakleigh-124585874,Oakleigh,3166,128 Atherton Road,-37.900213,145.09803,2,1,house,2,2017-03-04,553,m2,"$1,010,000"
property-house-vic-oakleigh-124549062,Oakleigh,3166,197 Huntingdale Road,-37.902271,145.104876,3,1,house,2,2017-02-25,544,m2,"$1,025,000"
property-unit-vic-oakleigh-124546162,Oakleigh,3166,24/79 Atherton Road,-37.898852,145.09391,2,1,unit,1,2017-02-21,,,"$415,000"
property-house-vic-oakleigh-124454282,Oakleigh,3166,13 Classic Court,-37.893992,145.105195,4,2,house,2,2017-02-18,531,m2,"$1,200,000"
property-house-vic-oakleigh-124426630,Oakleigh,3166,3 Estelle Street,-37.89226,145.101368,3,1,house,2,2017-02-11,602,m2,"$1,045,000"
property-apartment-vic-oakleigh-124201438,Oakleigh,3166,301/19-21 Hanover Street,-37.900882,145.091633,1,1,apartment,1,2017-02-10,,,"$370,000"
property-unit-vic-oakleigh-124327034,Oakleigh,3166,5/24 Grant Street,-37.898892,145.098352,2,1,unit,1,2017-01-18,179,m2,"$627,500"
property-house-vic-oakleigh-124182982,Oakleigh,3166,1/157 Atherton Road,-37.899969,145.100919,3,2,house,2,2016-12-17,,,"$906,000"
property-house-vic-oakleigh-123805786,Oakleigh,3166,53 Golf Links Avenue,-37.908684,145.090309,5,3,house,2,2016-12-02,,,"$1,700,000"
property-house-vic-oakleigh-123931286,Oakleigh,3166,36 Hatter Street,-37.906602,145.088049,3,1,house,2,2016-11-26,,,"$1,225,000"
property-house-vic-oakleigh-123882158,Oakleigh,3166,134 Atherton Road,-37.90029,145.09896,4,1,house,2,2016-11-19,803,m2,"$1,641,000"
property-townhouse-vic-oakleigh-123912070,Oakleigh,3166,2/1221 North Road (Positioned On Gadd St),-37.91037,145.096542,3,3,townhouse,2,2016-11-19,,,"$870,000"
property-house-vic-oakleigh-123907058,Oakleigh,3166,53 Queens Avenue,-37.903813,145.09081,4,1,house,2,2016-11-17,593,m2,"$1,310,000"
property-house-vic-oakleigh-123815514,Oakleigh,3166,105 Atkinson Street,-37.895552,145.09264,3,1,house,2,2016-11-12,554,m2,"$1,225,000"
property-house-vic-oakleigh-123819454,Oakleigh,3166,1173 North Road,-37.909955,145.09145,3,1,house,2,2016-11-12,650,m2,"$1,035,000"
property-unit-vic-oakleigh-123805726,Oakleigh,3166,2/34 Queens Avenue,-37.904072,145.089474,3,2,unit,2,2016-11-12,379,m2,"$969,000"
property-apartment-vic-oakleigh-123888926,Oakleigh,3166,308/19-21 Hanover Street,-37.900882,145.091633,1,1,apartment,1,2016-11-03,,,"$385,000"
property-house-vic-oakleigh-123741886,Oakleigh,3166,115 Atkinson Street,-37.897006,145.092353,3,1,house,2,2016-10-29,,,"$1,175,000"
property-townhouse-vic-oakleigh-123610002,Oakleigh,3166,1494B Dandenong Road,-37.897626,145.099592,3,2,townhouse,2,2016-10-19,,,"$825,500"
property-unit-vic-oakleigh-123588070,Oakleigh,3166,1/1478 Dandenong Road,-37.896892,145.098147,3,1,unit,2,2016-10-15,,,"$690,000"
property-house-vic-oakleigh-123521182,Oakleigh,3166,6 Cambridge Street,-37.904477,145.09243,3,1,house,3,2016-10-14,483,m2,"$1,100,000"
property-apartment-vic-oakleigh-123507538,Oakleigh,3166,103/63-65 Atherton Road,-37.898865,145.092668,2,2,apartment,1,2016-10-13,,,"$545,000"
property-house-vic-oakleigh-123428202,Oakleigh,3166,46 John Street,-37.904874,145.100979,4,3,house,2,2016-10-08,550,m2,"$1,160,000"
property-house-vic-oakleigh-123535406,Oakleigh,3166,4 Leroux Street,-37.896094,145.104749,3,1,house,2,2016-10-08,690,m2,"$1,076,000"
property-house-vic-oakleigh-123588074,Oakleigh,3166,53 William Street,-37.905448,145.102274,3,2,house,2,2016-10-06,543,m2,"$1,050,000"
property-house-vic-oakleigh-122516542,Oakleigh,3166,1474 Dandenong Road,-37.896712,145.097833,4,1,house,2,2016-09-22,,,"$888,000"
property-apartment-vic-oakleigh-123358998,Oakleigh,3166,2/105 Atherton Road,-37.89926,145.095539,2,1,apartment,1,2016-09-22,,,"$380,000"
property-house-vic-oakleigh-123386834,Oakleigh,3166,56 Burlington Street,-37.902852,145.097022,3,1,house,2,2016-09-17,636,m2,"$1,040,500"
property-apartment-vic-oakleigh-122769050,Oakleigh,3166,7/24 Haughton Road,-37.901554,145.089015,2,1,apartment,1,2016-09-14,,,"$395,000"
property-house-vic-oakleigh-123026822,Oakleigh,3166,33 Ferntree Gully Road,-37.896435,145.1039,3,2,house,4,2016-09-09,780,m2,"$1,155,250"
property-house-vic-oakleigh-123255450,Oakleigh,3166,15 Golf Links Avenue,-37.905701,145.090842,4,2,house,2,2016-09-03,885,m2,"$1,546,000"
property-house-vic-oakleigh-123041082,Oakleigh,3166,34 William Street,-37.904159,145.103107,3,2,house,2,2016-07-30,,,"$1,320,000"
property-house-vic-oakleigh-123056410,Oakleigh,3166,11 Eastgate Street,-37.90504,145.088763,3,1,house,1,2016-07-30,,,"$1,003,000"
property-unit-vic-oakleigh-123055670,Oakleigh,3166,9/126 Atherton Road,-37.900509,145.097871,3,1,unit,1,2016-07-30,,,"$665,000"
property-unit-vic-oakleigh-122925818,Oakleigh,3166,1/233 Huntingdale Road,-37.905779,145.1042,3,1,unit,2,2016-07-23,,,"$637,000"
property-townhouse-vic-oakleigh-122914710,Oakleigh,3166,2/28 Devon Grove,-37.896011,145.103603,4,2,townhouse,2,2016-07-19,,,"$800,000"
property-house-vic-oakleigh-122967482,Oakleigh,3166,126 Burlington Street,-37.903717,145.104454,2,1,house,2,2016-07-16,,,"$600,000"
property-house-vic-oakleigh-122775810,Oakleigh,3166,49 Burlington Street,-37.902363,145.09658,2,2,house,2,2016-06-29,,,"$868,000"
property-house-vic-oakleigh-122762766,Oakleigh,3166,62 Eastgate Street,-37.908685,145.08871,4,1,house,2,2016-06-25,604,m2,"$1,180,000"
property-house-vic-oakleigh-122768326,Oakleigh,3166,9 Winifred Street,-37.895187,145.101896,3,1,house,2,2016-06-25,697,m2,"$1,124,000"
property-house-vic-oakleigh-122795454,Oakleigh,3166,1/157 Atherton Road,-37.899969,145.100919,3,1,house,2,2016-06-25,,,"$633,500"
property-house-vic-oakleigh-122730738,Oakleigh,3166,799 Warrigal Road,-37.89105,145.088938,2,1,house,2,2016-06-18,602,m2,"$690,000"
property-townhouse-vic-oakleigh-122300658,Oakleigh,3166,39 Young Street,-37.910127,145.094663,4,2,townhouse,2,2016-06-11,,,"$760,000"
property-house-vic-oakleigh-122572918,Oakleigh,3166,5 Grant Street,-37.897307,145.09775,5,3,house,2,2016-06-09,699,m2,"$1,655,000"
property-unit-vic-oakleigh-122540442,Oakleigh,3166,2/1 York Avenue,-37.899282,145.101395,2,1,unit,1,2016-05-28,222,m2,"$600,000"
property-house-vic-oakleigh-122469078,Oakleigh,3166,66 Haughton Road,-37.905907,145.094811,3,1,house,2,2016-05-19,,,"$720,000"
property-apartment-vic-oakleigh-122431430,Oakleigh,3166,11/79 Atherton Road,-37.898852,145.09391,2,1,apartment,1,2016-05-19,,,"$420,000"
property-house-vic-oakleigh-122300734,Oakleigh,3166,13 Eastgate Street,-37.905177,145.088737,4,2,house,2,2016-04-30,550,m2,"$1,370,000"
property-house-vic-oakleigh-122304466,Oakleigh,3166,1446 Dandenong Road,-37.89522,145.095281,3,1,house,2,2016-04-30,714,m2,"$872,000"
property-house-vic-oakleigh-122324006,Oakleigh,3166,3 Brighton Street,-37.908894,145.095778,5,2,house,,2016-04-28,,,"$1,100,000"
property-unit-vic-oakleigh-122143610,Oakleigh,3166,184 Atherton Road,-37.900895,145.104021,3,1,unit,1,2016-04-21,,,"$805,000"
property-house-vic-oakleigh-122146478,Oakleigh,3166,1 Best Street,-37.908005,145.091708,4,3,house,2,2016-04-09,535,m2,"$951,000"
property-townhouse-vic-oakleigh-122093986,Oakleigh,3166,8/167 Atherton Road,-37.900109,145.102147,2,1,townhouse,1,2016-04-06,,,"$460,000"
property-house-vic-oakleigh-121967654,Oakleigh,3166,22 Westminster Street,-37.901849,145.095708,3,1,house,2,2016-04-05,500,m2,"$980,000"
property-house-vic-oakleigh-121998606,Oakleigh,3166,100 Haughton Road,-37.908066,145.097617,2,1,house,2,2016-03-19,,,"$894,000"
property-house-vic-oakleigh-121759238,Oakleigh,3166,128A Atherton Road,-37.90023,145.098137,4,2,house,1,2016-03-09,500,m2,"$1,115,000"
property-house-vic-oakleigh-121760986,Oakleigh,3166,28 Young Street,-37.910072,145.09515,5,2,house,2,2016-03-05,540,m2,"$1,275,000"
property-townhouse-vic-oakleigh-121903826,Oakleigh,3166,1/38 Estelle Street,-37.893391,145.106401,4,2,townhouse,2,2016-03-04,,,"$965,000"
property-house-vic-oakleigh-121758026,Oakleigh,3166,17 Winifred Street,-37.895728,145.101798,4,2,house,2,2016-02-27,,,"$1,243,000"
property-unit-vic-oakleigh-121713422,Oakleigh,3166,5/16 Regent Street,-37.900643,145.095063,2,1,unit,1,2016-02-20,229,m2,"$543,000"
property-house-vic-oakleigh-121561198,Oakleigh,3166,15 Raymond Court,-37.892105,145.102941,4,1,house,2,2016-01-19,578,m2,"$1,090,000"
property-townhouse-vic-oakleigh-120190201,Oakleigh,3166,20/1650 Dandenong Road,-37.907078,145.114913,2,1,townhouse,1,2015-12-24,,,"$401,000"
property-unit-vic-oakleigh-120834769,Oakleigh,3166,1/15 Gadd Street,-37.908761,145.096702,3,2,unit,1,2015-12-15,,,"$690,000"
property-house-vic-oakleigh-121252718,Oakleigh,3166,10 Westminster Street,-37.90074,145.095921,4,2,house,2,2015-12-14,,,"$1,285,500"
property-house-vic-oakleigh-121291382,Oakleigh,3166,52 Queens Avenue,-37.904294,145.09075,3,2,house,1,2015-12-12,,,"$1,100,000"
property-apartment-vic-oakleigh-121047078,Oakleigh,3166,7/1 Heath Avenue,-37.901027,145.09619,2,1,apartment,1,2015-12-12,,,"$350,000"
property-house-vic-oakleigh-121173942,Oakleigh,3166,35 Burlington Street,-37.902067,145.095574,5,1,house,4,2015-11-28,,,"$980,000"
property-house-vic-oakleigh-120792005,Oakleigh,3166,6 Grant Street,-37.897691,145.098473,3,1,house,2,2015-11-18,820,m2,"$1,200,000"
property-house-vic-oakleigh-121038210,Oakleigh,3166,57 Hatter Street,-37.908732,145.087002,4,1,house,2,2015-11-14,,,"$932,500"
property-townhouse-vic-oakleigh-121051138,Oakleigh,3166,3/28 Devon Grove,-37.896011,145.103603,4,2,townhouse,2,2015-11-14,,,"$775,000"
property-unit-vic-oakleigh-120878181,Oakleigh,3166,4/15 Taylor Street,-37.895554,145.092293,2,1,unit,1,2015-11-14,244,m2,"$618,000"
property-house-vic-oakleigh-120935481,Oakleigh,3166,16 Hatter Street,-37.905268,145.088307,2,1,house,2,2015-11-07,560,m2,"$945,000"
property-house-vic-oakleigh-120832345,Oakleigh,3166,2 Mead Court,-37.907096,145.091968,3,2,house,1,2015-10-24,,,"$975,000"
property-house-vic-oakleigh-120849317,Oakleigh,3166,1181 North Road,-37.910033,145.092287,3,1,house,1,2015-10-23,568,m2,"$830,000"
property-house-vic-oakleigh-120834801,Oakleigh,3166,29 Gadd Street,-37.909947,145.096522,2,1,house,2,2015-10-22,537,m2,"$880,000"
property-house-vic-oakleigh-120760445,Oakleigh,3166,2 Gillon Court,-37.891847,145.104602,4,4,house,2,2015-10-20,658,m2,"$1,050,000"
property-house-vic-oakleigh-120762369,Oakleigh,3166,33 Abbeygate Street,-37.90667,145.0895,5,3,house,2,2015-10-19,547,m2,"$1,575,000"
property-house-vic-oakleigh-120781409,Oakleigh,3166,2 Mill Road,-37.901407,145.087994,4,2,house,2,2015-10-17,563,m2,"$1,451,000"
property-house-vic-oakleigh-120763129,Oakleigh,3166,10 Andrew Street,-37.906737,145.094689,4,2,house,2,2015-10-17,,,"$1,346,000"
property-house-vic-oakleigh-120757053,Oakleigh,3166,51 Henry Street,-37.905432,145.103274,5,2,house,2,2015-10-17,,,"$1,050,000"
property-house-vic-oakleigh-120797561,Oakleigh,3166,1/146 Atherton Road,-37.90056,145.099909,3,1,house,2,2015-10-16,,,"$690,000"
property-apartment-vic-oakleigh-120287401,Oakleigh,3166,402/19-21 Hanover Street,-37.900882,145.091633,1,1,apartment,1,2015-10-16,,,"$320,000"
property-house-vic-oakleigh-120712449,Oakleigh,3166,1/1520 Dandenong Road,-37.898927,145.101499,3,2,house,1,2015-10-13,,,"$685,000"
property-unit-vic-oakleigh-120692641,Oakleigh,3166,1/34 Heath Avenue,-37.90227,145.099604,3,2,unit,1,2015-10-10,240,m2,"$763,000"
property-apartment-vic-oakleigh-120753617,Oakleigh,3166,6/1 Heath Avenue,-37.901027,145.09619,2,1,apartment,1,2015-10-10,,,"$376,000"
property-house-vic-oakleigh-120611169,Oakleigh,3166,7 Nelson Avenue,-37.895589,145.094318,3,1,house,2,2015-09-28,,,"$1,060,000"
property-house-vic-oakleigh-120614473,Oakleigh,3166,18 Heath Avenue,-37.901992,145.097357,3,2,house,3,2015-09-26,,,"$1,380,000"
property-house-vic-oakleigh-120449277,Oakleigh,3166,199 Huntingdale Road,-37.902407,145.104851,3,2,house,1,2015-09-26,543,m2,"$865,000"
property-house-vic-oakleigh-120555997,Oakleigh,3166,8 Norfolk Avenue,-37.899269,145.100899,4,1,house,2,2015-09-19,,,"$1,278,000"
property-house-vic-oakleigh-120592153,Oakleigh,3166,79 Drummond Street,-37.891265,145.090825,3,1,house,2,2015-09-19,,,"$999,000"
property-house-vic-oakleigh-120477193,Oakleigh,3166,38 Andrew Street,-37.909505,145.094192,2,1,house,2,2015-09-12,,,"$1,125,000"
property-house-vic-oakleigh-120513465,Oakleigh,3166,26 Regent Street,-37.901199,145.094908,2,1,house,1,2015-09-12,,,"$960,000"
property-house-vic-oakleigh-120515509,Oakleigh,3166,1/13 Parer Street,-37.909625,145.09774,3,1,house,1,2015-09-12,,,"$715,000"
property-house-vic-oakleigh-120445253,Oakleigh,3166,18 John Street,-37.90214,145.101505,3,2,house,2,2015-09-05,,,"$945,000"
property-house-vic-oakleigh-120407177,Oakleigh,3166,12 Westgate Street,-37.904978,145.08731,5,2,house,2,2015-09-04,,,"$1,365,000"
property-house-vic-oakleigh-120351961,Oakleigh,3166,13 Watsonia Street,-37.910117,145.095532,3,2,house,2,2015-09-02,,,"$1,051,000"
property-house-vic-oakleigh-120427073,Oakleigh,3166,156 Warrigal Road,-37.907426,145.085783,3,2,house,1,2015-08-31,,,"$810,000"
property-house-vic-oakleigh-120415181,Oakleigh,3166,39 Hatter Street,-37.907461,145.087243,4,2,house,2,2015-08-29,,,"$1,280,000"
property-unit-vic-oakleigh-120390393,Oakleigh,3166,2/29 Golf Links Avenue,-37.906901,145.090623,3,2,unit,2,2015-08-29,,,"$700,500"
property-house-vic-oakleigh-120354297,Oakleigh,3166,58 Hatter Street,-37.908668,145.087656,2,1,house,1,2015-08-20,,,"$932,000"
property-apartment-vic-oakleigh-120230197,Oakleigh,3166,16/1 Heath Avenue,-37.901027,145.09619,2,1,apartment,1,2015-08-15,,,"$350,500"
property-house-vic-oakleigh-120174593,Oakleigh,3166,2/233 Huntingdale Road,-37.905779,145.1042,3,1,house,1,2015-08-08,,,"$600,000"
property-house-vic-oakleigh-120225069,Oakleigh,3166,132 Drummond Street,-37.896009,145.090641,3,1,house,1,2015-08-07,809,m2,"$1,660,000"
property-house-vic-oakleigh-120174601,Oakleigh,3166,7 George Street,-37.901377,145.102062,3,1,house,1,2015-08-01,,,"$1,071,000"
property-house-vic-oakleigh-120216517,Oakleigh,3166,16 Grandview Grove,-37.894596,145.105698,3,1,house,2,2015-07-30,,,"$905,000"
property-house-vic-oakleigh-120174633,Oakleigh,3166,2/25 Grant Street,-37.898662,145.097455,3,1,house,2,2015-07-29,,,"$845,000"
property-house-vic-oakleigh-120102921,Oakleigh,3166,45 George Street,-37.904787,145.101404,2,1,house,1,2015-07-25,534,m2,"$930,000"
property-townhouse-vic-oakleigh-119998593,Oakleigh,3166,2/10 Grandview Grove,-37.89417,145.10578,4,2,townhouse,2,2015-07-21,,,"$940,000"
property-house-vic-oakleigh-120018773,Oakleigh,3166,28 Wilson Street,-37.908545,145.095938,4,2,house,,2015-07-11,,,"$1,220,000"
property-house-vic-oakleigh-120035593,Oakleigh,3166,23 Dalgety Street,-37.891583,145.090834,3,1,house,2,2015-07-11,,,"$1,060,000"
property-house-vic-oakleigh-120018065,Oakleigh,3166,212A Huntingdale Road,-37.902591,145.10513,3,2,house,2,2015-07-04,378,m2,"$820,000"
property-unit-vic-oakleigh-119897285,Oakleigh,3166,2/6 Albert Avenue,-37.898331,145.094047,2,1,unit,1,2015-06-27,,,"$535,000"
property-apartment-vic-oakleigh-119528551,Oakleigh,3166,22/82-86 Atherton Road,-37.899535,145.093755,2,1,apartment,1,2015-06-24,,,"$365,000"
property-house-vic-oakleigh-119868193,Oakleigh,3166,60 Westgate Street,-37.908968,145.086548,2,1,house,4,2015-06-20,,,"$965,000"
property-townhouse-vic-oakleigh-118713547,Oakleigh,3166,3/40 Heath Avenue,-37.902336,145.100116,3,2,townhouse,2,2015-06-20,,,"$860,000"
property-house-vic-oakleigh-119772899,Oakleigh,3166,25 George Street,-37.902733,145.101801,4,3,house,2,2015-06-13,549,m2,"$1,163,000"
property-house-vic-oakleigh-119847009,Oakleigh,3166,48 Hatter Street,-37.907964,145.08779,4,2,house,2,2015-06-13,,,"$1,100,000"
property-unit-vic-oakleigh-119800707,Oakleigh,3166,1/2 Fogarty Court,-37.895814,145.10092,2,1,unit,1,2015-06-13,,,"$573,000"
property-house-vic-oakleigh-119706139,Oakleigh,3166,30 Wilson Street,-37.908563,145.096096,3,2,house,1,2015-05-30,,,"$912,000"
property-townhouse-vic-oakleigh-118936495,Oakleigh,3166,2/139 Huntingdale Road,-37.894652,145.106177,4,2,townhouse,2,2015-05-20,,,"$745,000"
property-house-vic-oakleigh-119469991,Oakleigh,3166,51 William Street,-37.905312,145.1023,5,2,house,2,2015-05-02,550,m2,"$1,320,000"
property-house-vic-oakleigh-119469475,Oakleigh,3166,7 Holland Court,-37.900692,145.096832,3,1,house,1,2015-05-02,771,m2,"$1,189,000"
property-house-vic-oakleigh-119337751,Oakleigh,3166,43 Queens Avenue,-37.903723,145.089973,3,1,house,1,2015-04-18,492,m2,"$1,015,000"
property-house-vic-oakleigh-119365511,Oakleigh,3166,39 Henry Street,-37.904615,145.103431,3,1,house,2,2015-04-18,,,"$918,000"
property-house-vic-oakleigh-119099391,Oakleigh,3166,19 Henry Street,-37.902426,145.103853,3,1,house,2,2015-04-14,,,"$905,000"
property-house-vic-oakleigh-119298123,Oakleigh,3166,67 Drummond Street,-37.890056,145.090933,4,2,house,2,2015-04-11,592,m2,"$1,275,000"
property-house-vic-oakleigh-119425607,Oakleigh,3166,12 Mercer Street,-37.898101,145.104902,4,2,house,2,2015-04-10,,,"$1,320,000"
property-house-vic-oakleigh-119198627,Oakleigh,3166,781 Warrigal Road (access via Allen St),-37.889173,145.089335,3,1,house,2,2015-03-28,562,m2,"$845,500"
property-house-vic-oakleigh-119168319,Oakleigh,3166,210 Huntingdale Road,-37.902588,145.105478,3,1,house,1,2015-03-28,,,"$737,000"
property-house-vic-oakleigh-119297979,Oakleigh,3166,29 Queens Avenue,-37.90361,145.088949,4,2,house,2,2015-03-27,,,"$1,220,000"
property-house-vic-oakleigh-119116367,Oakleigh,3166,50 Queens Avenue,-37.904283,145.090646,2,1,house,2,2015-03-21,,,"$785,000"
property-unit-vic-oakleigh-119157427,Oakleigh,3166,1/16 Parer Street,-37.91012,145.098365,3,1,unit,1,2015-03-21,340,m2,"$702,000"
property-house-vic-oakleigh-118624487,Oakleigh,3166,53 Queens Avenue,-37.903813,145.09081,3,1,house,1,2015-03-19,,,"$900,000"
property-apartment-vic-oakleigh-118506387,Oakleigh,3166,15/119 Atkinson Street,-37.897556,145.092233,2,1,apartment,1,2015-01-10,,,"$390,000"
property-house-vic-oakleigh-118424319,Oakleigh,3166,20 Wilson Street,-37.908474,145.095323,3,1,house,4,2014-12-06,,,"$880,000"
property-house-vic-oakleigh-118353587,Oakleigh,3166,25 Andrew Street,-37.907446,145.093916,3,1,house,2,2014-11-29,,,"$852,000"
property-townhouse-vic-oakleigh-118325711,Oakleigh,3166,10/16 Grant Street,-37.898277,145.098465,3,2,townhouse,2,2014-11-29,,,"$710,000"
property-house-vic-oakleigh-118278255,Oakleigh,3166,42 Abbeygate Street,-37.907885,145.089913,3,1,house,2,2014-11-22,660,m2,"$870,000"
property-townhouse-vic-oakleigh-118242447,Oakleigh,3166,106c Burlington Street,-37.903446,145.102146,3,2,townhouse,1,2014-11-22,,,"$700,000"
property-house-vic-oakleigh-118133511,Oakleigh,3166,4 York Avenue,-37.899737,145.102097,3,2,house,1,2014-11-07,747,m2,"$1,080,000"
property-house-vic-oakleigh-118031619,Oakleigh,3166,39 Queens Ave,-37.903689,145.089655,4,2,house,2,2014-10-25,,,"$1,155,000"
property-house-vic-oakleigh-118009863,Oakleigh,3166,6 Garnett Street,-37.902852,145.106577,3,2,house,2,2014-10-25,,,"$821,000"
property-house-vic-oakleigh-117924255,Oakleigh,3166,1687 Dandenong Road,-37.899318,145.103985,3,2,house,2,2014-10-13,,,"$1,035,000"
property-house-vic-oakleigh-117890559,Oakleigh,3166,17 George Street,-37.902052,145.101932,3,1,house,2,2014-10-11,544,m2,"$830,500"
property-house-vic-oakleigh-117924695,Oakleigh,3166,23 Grant Street,-37.898498,145.097478,2,1,house,2,2014-10-07,,,"$740,000"
property-house-vic-oakleigh-117869007,Oakleigh,3166,120 Burlington Street,-37.903714,145.103701,4,2,house,2,2014-10-04,,,"$1,060,000"
property-house-vic-oakleigh-117656623,Oakleigh,3166,26 Oxford Street,-37.900915,145.093111,3,3,house,1,2014-09-26,,,"$1,060,000"
property-townhouse-vic-oakleigh-117752775,Oakleigh,3166,1/5 Winifred Street,-37.894912,145.101792,4,2,townhouse,2,2014-09-20,,,"$950,000"
property-house-vic-oakleigh-117761983,Oakleigh,3166,1 Merbow Street,-37.900765,145.099286,3,1,house,1,2014-09-20,,,"$870,000"
property-house-vic-oakleigh-116850755,Oakleigh,3166,24 Davey Avenue,-37.903162,145.088771,4,2,house,2,2014-09-18,580,m2,"$937,500"
property-house-vic-oakleigh-117719291,Oakleigh,3166,4 William Street,-37.901293,145.103662,3,2,house,2,2014-09-13,,,"$1,115,000"
property-house-vic-oakleigh-117457787,Oakleigh,3166,14 Oxford Street,-37.900209,145.093246,2,1,house,,2014-09-12,,,"$615,000"
property-townhouse-vic-oakleigh-117526211,Oakleigh,3166,2/33 Estelle Street,-37.892614,145.104558,3,2,townhouse,2,2014-09-09,,,"$810,000"
property-house-vic-oakleigh-117658927,Oakleigh,3166,2 Wilson Street,-37.908283,145.093608,4,2,house,2,2014-09-06,,,"$810,000"
property-house-vic-oakleigh-117516291,Oakleigh,3166,2A Norfolk Ave,-37.898585,145.100933,3,1,house,1,2014-09-06,,,"$680,000"
property-house-vic-oakleigh-117292679,Oakleigh,3166,4 George Street,-37.901174,145.102687,4,2,house,2,2014-08-23,,,"$899,000"
property-apartment-vic-oakleigh-117325483,Oakleigh,3166,19/2 Albert Avenue,-37.898281,145.093599,2,2,apartment,1,2014-08-20,,,"$535,000"
property-house-vic-oakleigh-117458815,Oakleigh,3166,5 Mead Court,-37.906764,145.092518,5,2,house,2,2014-08-09,,,"$990,000"
property-house-vic-oakleigh-117410827,Oakleigh,3166,25B Palmerston Grove,-37.896997,145.090892,2,2,house,1,2014-08-04,,,"$758,000"
property-unit-vic-oakleigh-117413255,Oakleigh,3166,1/36 Heath Avenue,-37.902292,145.099775,2,1,unit,1,2014-08-02,,,"$575,000"
property-house-vic-oakleigh-117115699,Oakleigh,3166,67 Eastgate Street,-37.909433,145.088033,3,2,house,2,2014-06-28,,,"$938,000"
property-house-vic-oakleigh-117015983,Oakleigh,3166,70 Eastgate Street,-37.909257,145.088603,4,2,house,2,2014-06-21,,,"$955,000"
property-unit-vic-oakleigh-117053327,Oakleigh,3166,4/7 Albert Avenue,-37.897646,145.094383,2,1,unit,1,2014-06-21,,,"$493,000"
property-apartment-vic-oakleigh-117120731,Oakleigh,3166,6/13 Logie Street,-37.894158,145.090092,2,1,apartment,1,2014-06-21,,,"$440,500"
property-house-vic-oakleigh-117038167,Oakleigh,3166,44 George Street,-37.904992,145.101951,3,1,house,2,2014-06-14,,,"$805,000"
property-house-vic-oakleigh-116881483,Oakleigh,3166,28 Hatter Street,-37.90607,145.088152,3,2,house,3,2014-05-31,,,"$871,000"
property-house-vic-oakleigh-116899967,Oakleigh,3166,2/1221 North Road,-37.91037,145.096542,3,3,house,2,2014-05-31,,,"$772,000"
property-house-vic-oakleigh-116669531,Oakleigh,3166,33A William Street,-37.904155,145.102521,2,1,house,1,2014-05-23,,,"$672,500"
property-townhouse-vic-oakleigh-116649811,Oakleigh,3166,2/14 Gadd Street,-37.909172,145.097481,3,2,townhouse,2,2014-05-10,,,"$750,000"
property-house-vic-oakleigh-116633683,Oakleigh,3166,1219 North Road,-37.910461,145.09633,3,1,house,2,2014-05-05,668,m2,"$650,000"
property-unit-vic-oakleigh-116588471,Oakleigh,3166,4/122 Atherton Road,-37.900366,145.097338,2,1,unit,1,2014-05-05,,,"$517,000"
property-apartment-vic-oakleigh-116675215,Oakleigh,3166,8/82-86 Atherton Road,-37.899535,145.093755,2,1,apartment,2,2014-05-03,,,"$375,000"
property-house-vic-oakleigh-116588435,Oakleigh,3166,13 Young Street,-37.907448,145.095022,3,1,house,2,2014-04-21,,,"$790,000"
property-house-vic-oakleigh-116434631,Oakleigh,3166,40 Eastgate Street,-37.907004,145.089025,3,1,house,2,2014-04-12,,,"$836,000"
property-house-vic-oakleigh-116273731,Oakleigh,3166,2 York Avenue,-37.899585,145.102011,2,2,house,2,2014-04-05,,,"$760,000"
property-house-vic-oakleigh-116102415,Oakleigh,3166,1249 North Road,-37.910808,145.099523,2,1,house,2,2014-03-25,,,"$756,660"
property-house-vic-oakleigh-116218395,Oakleigh,3166,37 Bishop Street,-37.907519,145.092775,4,2,house,2,2014-03-22,,,"$860,000"
property-house-vic-oakleigh-116158159,Oakleigh,3166,3B The Avenue,-37.896517,145.094002,3,2,house,2,2014-03-15,,,"$940,000"
property-house-vic-oakleigh-115898663,Oakleigh,3166,1/28 Devon Grove,-37.895942,145.103615,4,2,house,2,2014-03-06,,,"$697,000"
property-house-vic-oakleigh-116046503,Oakleigh,3166,6 Hatter Street,-37.904591,145.088438,2,1,house,2,2014-03-01,,,"$810,000"
property-townhouse-vic-oakleigh-115993899,Oakleigh,3166,3/3 Heath Avenue,-37.901064,145.09641,4,2,townhouse,2,2014-03-01,,,"$720,000"
property-unit-vic-oakleigh-107812496,Oakleigh,3166,1/48 Burlington Street,-37.902868,145.096422,3,1,unit,2,2014-02-22,,,"$582,500"
property-house-vic-oakleigh-115885583,Oakleigh,3166,15 Burlington Street,-37.901514,145.093476,3,1,house,2,2014-02-17,,,"$720,000"
property-unit-vic-oakleigh-115848891,Oakleigh,3166,4/63 Golf Links Avenue,-37.909444,145.090081,2,1,unit,1,2014-02-15,,,"$570,000"
property-townhouse-vic-oakleigh-114895555,Oakleigh,3166,1/1174 North Road,-37.910172,145.087611,3,2,townhouse,2,2014-02-05,,,"$678,888"
property-house-vic-oakleigh-115509071,Oakleigh,3166,130 Atherton Road,-37.90016,145.098272,4,1,house,1,2014-01-15,,,"$720,000"
property-house-vic-oakleigh-115634159,Oakleigh,3166,14 Downing Street,-37.900419,145.094133,3,1,house,1,2013-12-17,,,"$809,000"
property-house-vic-oakleigh-115446503,Oakleigh,3166,34A Oxford Street,-37.901637,145.092975,3,1,house,1,2013-12-14,,,"$764,000"
property-house-vic-oakleigh-115447171,Oakleigh,3166,116 Warrigal Road,-37.905053,145.086228,3,1,house,1,2013-12-14,,,"$600,500"
property-townhouse-vic-oakleigh-113304579,Oakleigh,3166,3/1478 Dandenong Road ( Property positioned on Grant St),-37.8968412,145.0982046,3,1,townhouse,1,2013-12-12,,,"$599,000"
property-house-vic-oakleigh-114921291,Oakleigh,3166,9 Davey Avenue,-37.90253,145.087863,3,1,house,2,2013-12-08,,,"$960,000"
property-house-vic-oakleigh-115324943,Oakleigh,3166,10 Heath Avenue,-37.901904,145.09667,4,2,house,2,2013-11-30,,,"$1,320,000"
property-house-vic-oakleigh-115374431,Oakleigh,3166,37 Clyde Street,-37.898874,145.095038,4,2,house,4,2013-11-30,735,m2,"$1,288,000"
property-unit-vic-oakleigh-115297131,Oakleigh,3166,2/157 Atherton Road,-37.899969,145.100919,3,2,unit,1,2013-11-23,,,"$620,000"
property-house-vic-oakleigh-115186147,Oakleigh,3166,26 Estelle Street,-37.893195,145.105055,4,2,house,2,2013-11-16,558,m2,"$750,000"
property-house-vic-oakleigh-110723665,Oakleigh,3166,1147 North Road,-37.90956,145.088009,3,1,house,2,2013-11-09,,,"$567,000"
property-house-vic-oakleigh-114782691,Oakleigh,3166,21 Tamar Grove,-37.897678,145.096469,4,2,house,4,2013-11-01,,,"$747,500"
property-house-vic-oakleigh-114976819,Oakleigh,3166,6 William Street,-37.901429,145.103636,4,2,house,2,2013-10-28,,,"$1,300,000"
property-house-vic-oakleigh-114938211,Oakleigh,3166,16 Mora Avenue,-37.902318,145.089048,3,2,house,1,2013-10-26,,,"$641,000"
property-townhouse-vic-oakleigh-114604307,Oakleigh,3166,2/5 Winifred Street,-37.894916,145.101947,3,2,townhouse,2,2013-10-25,,,"$760,000"
property-house-vic-oakleigh-114984683,Oakleigh,3166,24 Heath Avenue,-37.902023,145.098742,3,2,house,2,2013-10-24,,,"$960,000"
property-house-vic-oakleigh-114928983,Oakleigh,3166,17 Grant Street,-37.89808,145.097581,3,1,house,,2013-10-19,,,"$616,500"
property-house-vic-oakleigh-114865835,Oakleigh,3166,42 Westgate Street,-37.907695,145.086788,3,1,house,2,2013-10-14,,,"$863,000"
property-house-vic-oakleigh-114819491,Oakleigh,3166,25 Davey Avenue,-37.902681,145.089237,5,1,house,2,2013-10-12,,,"$745,000"
property-house-vic-oakleigh-114689875,Oakleigh,3166,10 Eastgate Street,-37.9049725,145.0893617,4,2,house,2,2013-09-21,,,"$1,080,000"
property-unit-vic-oakleigh-114679483,Oakleigh,3166,39 Golf Links Avenue,-37.907647,145.090491,4,2,unit,2,2013-09-21,,,"$1,000,000"
property-house-vic-oakleigh-114689883,Oakleigh,3166,25 John Street,-37.902615,145.10082,3,1,house,2,2013-09-21,,,"$793,000"
property-house-vic-oakleigh-114523491,Oakleigh,3166,1474 Dandenong Road,-37.896712,145.097833,4,1,house,1,2013-09-21,,,"$731,000"
property-house-vic-oakleigh-113577027,Oakleigh,3166,1525 Dandenong Road,-37.8930605,145.0905266,2,1,house,,2013-08-10,,,"$2,912,850"
property-townhouse-vic-oakleigh-112908799,Oakleigh,3166,2/1225 North Road,-37.910516,145.097049,4,3,townhouse,2,2013-07-04,,,"$650,000"
property-house-vic-oakleigh-112936231,Oakleigh,3166,Address available on request,,,4,2,house,2,2013-03-02,,,"$901,000"
property-apartment-vic-oakleigh-151021412,Oakleigh,3166,409/2 Dalgety Street,-37.89199272,145.089514,3,2,apartment,2,2026-04-01,,,"$780,000"
property-apartment-vic-oakleigh-150772932,Oakleigh,3166,101/63 Atherton Road,-37.8989481,145.0927662,2,1,apartment,1,2026-03-28,,,"$470,000"
property-apartment-vic-oakleigh-150425072,Oakleigh,3166,g03/6 Dalgety Street,-37.89199272,145.089514,2,1,apartment,1,2026-02-26,,,"$582,540"
property-unit-vic-oakleigh-150159824,Oakleigh,3166,2/791 Warrigal Road,-37.89012881,145.0889956,2,1,unit,1,2026-01-28,,,"$575,000"
property-apartment-vic-oakleigh-149889716,Oakleigh,3166,403/2 Dalgety Street,-37.89199272,145.089514,2,2,apartment,1,2025-12-03,,,"$548,880"
property-apartment-vic-oakleigh-144909432,Oakleigh,3166,102/6 Dalgety Street,-37.89199272,145.089514,2,2,apartment,1,2025-10-22,,,"$580,000"
property-house-vic-oakleigh-149848788,Oakleigh,3166,14 Devon Grove,-37.894932,145.103674,3,1,house,3,2025-10-14,,,"$1,249,600"
property-apartment-vic-oakleigh-149495092,Oakleigh,3166,607/6 Dalgety Street,-37.89199272,145.089514,3,2,apartment,2,2025-09-27,,,"$707,000"
property-townhouse-vic-oakleigh-148830800,Oakleigh,3166,7/2 Dalgety Street,-37.89199272,145.089514,2,2,townhouse,1,2025-08-18,,,"$650,000"
property-house-vic-oakleigh-143762056,Oakleigh,3166,26 Westgate Street,-37.905873,145.087026,4,2,house,2,2025-07-17,579,m2,"$2,025,000"
property-apartment-vic-oakleigh-148543832,Oakleigh,3166,506/19-21 Hanover Street,-37.90085826,145.0917337,1,1,apartment,1,2025-07-16,,,"$380,000"
property-house-vic-oakleigh-148382020,Oakleigh,3166,23 Young Street,-37.908974,145.094874,3,1,house,3,2025-06-20,,,"$1,280,000"
property-house-vic-oakleigh-148178096,Oakleigh,3166,22 Westminster Street,-37.901831,145.095615,3,1,house,2,2025-05-29,,,"$1,119,000"
property-apartment-vic-oakleigh-148575608,Oakleigh,3166,12/2 Dalgety Street,-37.89199272,145.089514,2,2,apartment,1,2025-05-22,,,"$677,000"
property-house-vic-oakleigh-147861720,Oakleigh,3166,21 Young Street,-37.908831,145.0949,3,1,house,2,2025-04-21,,,"$1,410,000"
property-house-vic-oakleigh-147927724,Oakleigh,3166,48 Queens Avenue,-37.90418403,145.0905524,4,2,house,1,2025-04-18,,,"$1,560,000"
property-apartment-vic-oakleigh-147318056,Oakleigh,3166,306/6 Dalgety Street,-37.89199272,145.089514,2,2,apartment,1,2025-01-30,,,"$542,000"
property-apartment-vic-oakleigh-145939460,Oakleigh,3166,12/45 Railway Avenue,-37.91059982,145.1033125,2,1,apartment,1,2025-01-15,,,"$341,300"
property-apartment-vic-oakleigh-146115352,Oakleigh,3166,225/2 Dalgety Street,-37.89199272,145.089514,2,2,apartment,1,2024-09-10,,,"$550,000"
property-house-vic-oakleigh-145442784,Oakleigh,3166,116 Drummond Street,-37.894409,145.090814,2,1,house,1,2024-07-02,401,m2,"$1,210,000"
property-apartment-vic-oakleigh-145989980,Oakleigh,3166,G04/16 Dalgety Street,-37.89212027,145.090512,2,2,apartment,2,2024-07-01,116,m2,"$715,000"
property-apartment-vic-oakleigh-145398392,Oakleigh,3166,1/2 Dalgety Street,-37.89199272,145.089514,2,2,apartment,1,2024-07-01,,,"$700,000"
property-apartment-vic-oakleigh-145225920,Oakleigh,3166,Oros 220/6 Dalgety Street,-37.89199272,145.089514,3,2,apartment,2,2024-05-11,,,"$740,000"
property-apartment-vic-oakleigh-145032856,Oakleigh,3166,309/2 Dalgety Street,-37.89199272,145.089514,2,2,apartment,1,2024-05-10,,,"$560,000"
property-apartment-vic-oakleigh-145990156,Oakleigh,3166,G06/16 16 Dalgety Street,,,2,2,apartment,2,2024-04-04,134,m2,"$715,000"
property-apartment-vic-oakleigh-144684328,Oakleigh,3166,104/2 Dalgety Street,-37.89198965,145.0893929,2,2,apartment,1,2024-03-18,,,"$615,000"
property-apartment-vic-oakleigh-144645240,Oakleigh,3166,706/6 Dalgety Street,-37.89198965,145.0893929,2,2,apartment,1,2024-03-04,,,"$580,000"
property-apartment-vic-oakleigh-144364972,Oakleigh,3166,501/19-21 Hanover Street,-37.90085826,145.0917337,1,1,apartment,1,2024-02-27,,,"$340,500"
property-apartment-vic-oakleigh-142619124,Oakleigh,3166,306/19 Hanover Street,-37.90085826,145.0917337,1,1,apartment,1,2023-11-08,,,"$382,000"
property-house-vic-oakleigh-143316948,Oakleigh,3166,20 Westminster Street,-37.901696,145.095641,3,1,house,2,2023-09-19,,,"$1,455,000"
property-apartment-vic-oakleigh-143285724,Oakleigh,3166,713/6 Dalgety Street,-37.89198965,145.0893929,3,2,apartment,2,2023-08-28,128,m2,"$840,000"
property-apartment-vic-oakleigh-143068684,Oakleigh,3166,6/39 Ferntree Gully Road,-37.89662868,145.1047766,2,1,apartment,1,2023-08-25,,,"$520,000"
property-house-vic-oakleigh-142720460,Oakleigh,3166,21 Dalgety Street,-37.891702,145.090634,5,2,house,2,2023-07-20,633,m2,"$2,110,000"
property-house-vic-oakleigh-142659020,Oakleigh,3166,22 Heath Avenue,-37.901915,145.09857,4,2,house,2,2023-07-18,,,"$1,910,000"
property-townhouse-vic-oakleigh-142688640,Oakleigh,3166,3/39 Ferntree Gully Road,-37.89662868,145.1047766,2,1,townhouse,1,2023-07-17,,,"$581,000"
property-house-vic-oakleigh-142222652,Oakleigh,3166,25 Young Street,-37.90911553,145.0948598,4,1,house,1,2023-05-16,,,"$2,150,000"
property-townhouse-vic-oakleigh-142058524,Oakleigh,3166,1/35 Young Street,-37.909846,145.094726,4,2,townhouse,2,2023-04-22,,,"$1,380,000"
property-retirement living-vic-oakleigh-138337150,Oakleigh,3166,18-20 Grant Street,-37.89842422,145.0980134,2,1,retirement living,1,2022-10-18,,,"$450,000"
property-house-vic-oakleigh-139763699,Oakleigh,3166,29 Downing Street,-37.901328,145.093501,3,1,house,2,2022-06-30,,,"$1,525,000"
property-apartment-vic-oakleigh-139665479,Oakleigh,3166,4/40 Atherton Road,-37.8990529,145.0913061,4,3,apartment,2,2022-06-18,,,"$950,000"
property-apartment-vic-oakleigh-139665455,Oakleigh,3166,3/40 Atherton Road,-37.8990529,145.0913061,3,1,apartment,2,2022-06-18,,,"$711,500"
property-townhouse-vic-oakleigh-139490307,Oakleigh,3166,2/165 Atherton Road,-37.900229,145.101855,4,3,townhouse,2,2022-05-25,,,"$1,180,000"
property-apartment-vic-oakleigh-139383175,Oakleigh,3166,25/82-86 Atherton Road,-37.89942033,145.0937799,1,1,apartment,1,2022-05-06,,,"$310,000"
property-unit-vic-oakleigh-139215683,Oakleigh,3166,1/1249 North Road,-37.9109242,145.099499,3,2,unit,1,2022-04-20,,,"$915,000"
property-house-vic-oakleigh-139263839,Oakleigh,3166,14 George Street,-37.901824,145.102451,2,1,house,1,2022-04-07,,,"$1,300,000"
property-house-vic-oakleigh-138789423,Oakleigh,3166,15 Burlington Street,-37.901571,145.093461,3,1,house,2,2022-03-09,,,"$1,550,000"
property-unit-vic-oakleigh-136901058,Oakleigh,3166,1/133 Huntingdale Road,-37.894246,145.106398,3,1,unit,2,2022-02-09,,,"$875,000"
property-townhouse-vic-oakleigh-137166266,Oakleigh,3166,2/133 Huntingdale Road,-37.894246,145.106398,4,3,townhouse,2,2022-01-07,,,"$1,182,000"
property-house-vic-oakleigh-137980570,Oakleigh,3166,6 Abbeygate Street,-37.90482,145.090397,3,1,house,1,2021-11-22,,,"$1,405,000"
property-apartment-vic-oakleigh-136908382,Oakleigh,3166,806/6 Dalgety Street,-37.89198965,145.0893929,2,2,apartment,1,2021-07-16,,,"$610,000"
property-apartment-vic-oakleigh-136908334,Oakleigh,3166,16/6 Dalgety Street,-37.89198965,145.0893929,3,2,apartment,2,2021-07-16,,,"$610,000"
property-unit-vic-oakleigh-136634706,Oakleigh,3166,3/16-18 Regent Street,-37.90045218,145.0949858,2,1,unit,1,2021-05-31,,,"$675,900"
property-apartment-vic-oakleigh-136072462,Oakleigh,3166,512/2 Dalgety Street,-37.89198965,145.0893929,2,2,apartment,1,2021-04-20,,,"$730,000"
property-house-vic-oakleigh-136198946,Oakleigh,3166,47 Westgate Street,-37.907942,145.086222,4,2,house,1,2021-04-16,,,"$1,285,000"
property-house-vic-oakleigh-137726454,Oakleigh,3166,18 Raymond Court,-37.892098,145.103417,3,2,house,3,2021-03-27,697,m2,"$1,256,000"
property-house-vic-oakleigh-135601434,Oakleigh,3166,18 Raymond Court,-37.892098,145.103417,3,2,house,3,2021-03-27,697,m2,"$1,256,000"
property-house-vic-oakleigh-135944938,Oakleigh,3166,49 Abbeygate Street,-37.907813,145.089399,3,1,house,1,2021-03-19,,,"$1,150,000"
property-apartment-vic-oakleigh-135238550,Oakleigh,3166,4/110 Atherton Road,-37.89981539,145.0963986,2,1,apartment,1,2020-12-09,,,"$546,000"
property-townhouse-vic-oakleigh-134294410,Oakleigh,3166,10/110 Atherton Road,-37.89981539,145.0963986,2,1,townhouse,1,2020-08-07,,,"$545,000"
property-apartment-vic-oakleigh-133633122,Oakleigh,3166,19/79 Atherton Road,-37.89911763,145.0938732,2,1,apartment,1,2020-05-04,,,"$460,000"
property-apartment-vic-oakleigh-132879666,Oakleigh,3166,4/45 Railway Avenue,-37.91059982,145.1033125,1,1,apartment,1,2020-04-02,,,"$255,000"
property-apartment-vic-oakleigh-130800134,Oakleigh,3166,8/79 Atherton Road,-37.898852,145.09391,2,1,apartment,1,2019-03-21,,,"$480,000"
property-apartment-vic-oakleigh-128551954,Oakleigh,3166,5/45 Railway Avenue,-37.910388,145.103224,1,1,apartment,1,2018-06-25,,,"$345,000"
property-house-vic-oakleigh-127477770,Oakleigh,3166,23 William Street,-37.902579,145.102826,2,1,house,1,2018-02-24,,,"$1,150,000"
property-apartment-vic-oakleigh-126370446,Oakleigh,3166,306/19 Hanover Street,-37.900843,145.091641,1,1,apartment,1,2018-02-21,,,"$380,000"
property-apartment-vic-oakleigh-126914626,Oakleigh,3166,501/19 - 21 Hanover St,-37.900843,145.091641,1,1,apartment,1,2018-01-08,,,"$385,000"
property-house-vic-oakleigh-127153762,Oakleigh,3166,19 Westgate Street,-37.905378,145.086597,4,2,house,2,2017-12-05,566,m2,"$1,560,000"
property-house-vic-oakleigh-128479230,Oakleigh,3166,19 Golf Links Avenue,-37.906185,145.090753,3,1,house,1,2017-11-29,,,"$1,750,000"
property-apartment-vic-oakleigh-126837474,Oakleigh,3166,506/83-85 Drummond Street,-37.892402,145.090497,2,2,apartment,1,2017-11-28,,,"$607,000"
property-unit-vic-oakleigh-125864310,Oakleigh,3166,2/6 Albert Avenue,-37.898331,145.094047,2,1,unit,1,2017-08-10,,,"$682,000"
property-apartment-vic-oakleigh-120365429,Oakleigh,3166,3/264 Huntingdale Rd,-37.907371,145.104567,2,1,apartment,1,2017-08-03,,,"$377,000"
property-apartment-vic-oakleigh-125540606,Oakleigh,3166,110/63-65 Atherton Road,-37.898873,145.092727,2,1,apartment,1,2017-06-17,,,"$510,000"
property-apartment-vic-oakleigh-125432698,Oakleigh,3166,3/103 Atherton Road,-37.898982,145.095101,2,1,apartment,1,2017-06-10,,,"$589,000"
property-house-vic-oakleigh-125252526,Oakleigh,3166,36 Westgate Street,-37.906574,145.087002,3,2,house,1,2017-05-13,,,"$1,205,000"
property-apartment-vic-oakleigh-124692090,Oakleigh,3166,1/79 Atherton Road,-37.898852,145.09391,2,1,apartment,1,2017-03-02,,,"$460,000"
property-apartment-vic-oakleigh-119783155,Oakleigh,3166,17/82-86 Atherton Road,-37.899535,145.093755,2,1,apartment,,2016-11-30,,,"$375,000"
property-unit-vic-oakleigh-123554814,Oakleigh,3166,1/122 Burlington Street,-37.90376,145.104079,3,1,unit,2,2016-11-15,366,m2,"$790,625"
property-apartment-vic-oakleigh-123686018,Oakleigh,3166,5/10 Albert Avenue,-37.898388,145.094545,2,1,apartment,1,2016-10-19,,,"$430,000"
property-house-vic-oakleigh-123533206,Oakleigh,3166,Address available on request,,,3,1,house,1,2016-09-21,564,m2,"$1,005,000"
property-house-vic-oakleigh-122186562,Oakleigh,3166,1243 North Road,-37.910724,145.09881,3,1,house,1,2016-08-02,700,m2,"$945,000"
property-apartment-vic-oakleigh-122558882,Oakleigh,3166,19/119 Atkinson Street,-37.897556,145.092233,2,1,apartment,1,2016-06-16,,,"$385,000"
property-townhouse-vic-oakleigh-122745914,Oakleigh,3166,2/10 Winifred Street,-37.895264,145.102551,3,2,townhouse,1,2016-06-12,398,m2,"$812,888"
property-house-vic-oakleigh-122676282,Oakleigh,3166,5/1 Parer Street,-37.908681,145.097719,2,1,house,1,2016-06-03,,,"$600,000"
property-house-vic-oakleigh-121156954,Oakleigh,3166,Address available on request,,,2,3,house,3,2016-05-28,522,m2,"$918,000"
property-apartment-vic-oakleigh-121994634,Oakleigh,3166,8/82-86 Atherton Road,-37.899535,145.093755,2,1,apartment,2,2016-03-22,,,"$380,000"
property-apartment-vic-oakleigh-121799138,Oakleigh,3166,14/13 Logie Street,-37.894158,145.090092,2,1,apartment,1,2016-03-12,,,"$347,500"
property-house-vic-oakleigh-121682406,Oakleigh,3166,151 Atherton Road,-37.899969,145.100162,2,1,house,1,2016-02-09,357,m2,"$652,000"
property-apartment-vic-oakleigh-121371226,Oakleigh,3166,Apartment 207/19-21 Hanover Street,-37.900882,145.091633,1,1,apartment,1,2016-02-03,,,"$380,000"
property-house-vic-oakleigh-120321361,Oakleigh,3166,17/2 Albert Avenue,-37.898281,145.093599,2,2,house,1,2015-10-28,,,"$570,000"
property-house-vic-oakleigh-120190681,Oakleigh,3166,22 Regent Street,-37.900909,145.094964,4,2,house,1,2015-08-01,,,"$1,220,000"
property-house-vic-oakleigh-120251049,Oakleigh,3166,4 Andrew Street,-37.906342,145.094762,3,1,house,,2015-07-30,605,m2,"$1,021,000"
property-house-vic-oakleigh-119913365,Oakleigh,3166,122 Haughton Road,-37.909227,145.099156,2,1,house,1,2015-06-26,700,m2,"$910,000"
property-townhouse-vic-oakleigh-119627559,Oakleigh,3166,35 Tamar Grove,-37.898511,145.096284,2,2,townhouse,1,2015-06-19,,,"$780,000"
property-house-vic-oakleigh-119830995,Oakleigh,3166,10 Wilson Street,-37.90837,145.094388,5,2,house,4,2015-06-11,555,m2,"$916,000"
property-apartment-vic-oakleigh-119741763,Oakleigh,3166,6/79 Atherton Road,-37.898852,145.09391,2,1,apartment,1,2015-06-09,,,"$442,500"
property-apartment-vic-oakleigh-119529704,Oakleigh,3166,10/103 Atherton Road,-37.898982,145.095101,1,1,apartment,1,2015-06-09,,,"$340,000"
property-unit-vic-oakleigh-119760295,Oakleigh,3166,2/122 Atherton Road,-37.900366,145.097338,3,1,unit,2,2015-06-06,221,m2,"$642,500"
property-house-vic-oakleigh-119723531,Oakleigh,3166,7 Ferntree Gully Road,-37.896094,145.100992,3,1,house,1,2015-05-31,,,"$733,000"
property-apartment-vic-oakleigh-119566487,Oakleigh,3166,609/19 Hanover Street,-37.900882,145.091633,1,1,apartment,1,2015-05-29,,,"$380,000"
property-apartment-vic-oakleigh-118997715,Oakleigh,3166,17/79 Atherton Road,-37.898852,145.09391,2,1,apartment,1,2015-05-26,,,"$420,000"
property-unit-vic-oakleigh-119620935,Oakleigh,3166,1/63 Golflinks Avenue,-37.909444,145.090081,2,1,unit,1,2015-05-23,211,m2,"$571,000"
property-house-vic-oakleigh-119336623,Oakleigh,3166,20 George Street,-37.90226,145.102478,4,2,house,1,2015-05-08,,,"$945,000"
property-townhouse-vic-oakleigh-118924095,Oakleigh,3166,1/40 Heath Avenue,-37.902336,145.100116,3,2,townhouse,2,2015-04-17,,,"$925,000"
property-house-vic-oakleigh-119283151,Oakleigh,3166,46 Golf Links Avenue,-37.908241,145.091149,3,1,house,,2015-03-28,,,"$1,055,500"
property-house-vic-oakleigh-119189787,Oakleigh,3166,175 Atherton Road,-37.90024,145.102854,3,1,house,2,2015-03-28,,,"$925,500"
property-apartment-vic-oakleigh-109598596,Oakleigh,3166,3/1 Oxford Street,-37.899546,145.092828,3,2,apartment,1,2015-03-28,,,"$647,500"
property-house-vic-oakleigh-119129047,Oakleigh,3166,32 Estelle Street,-37.893325,145.105836,3,2,house,4,2015-03-21,1085,m2,"$1,478,000"
property-house-vic-oakleigh-119169571,Oakleigh,3166,1/123 Atherton Road,-37.899324,145.097133,3,1,house,4,2015-03-21,,,"$800,000"
property-house-vic-oakleigh-119100259,Oakleigh,3166,2 Princess Street,-37.904436,145.092682,3,1,house,,2015-03-14,,,"$658,000"
property-house-vic-oakleigh-119085203,Oakleigh,3166,110 Burlington Street,-37.903574,145.102529,2,1,house,2,2015-02-28,635,m2,"$826,000"
property-house-vic-oakleigh-119012279,Oakleigh,3166,23 William Street,-37.902579,145.102826,2,1,house,1,2015-02-28,,,"$823,000"
property-townhouse-vic-oakleigh-118912215,Oakleigh,3166,2/1478 Dandenong Road,-37.896892,145.098147,3,1,townhouse,1,2015-02-02,,,"$622,500"
property-house-vic-oakleigh-118619047,Oakleigh,3166,Address available on request,,,3,1,house,1,2014-12-15,703,m2,"$791,000"
property-house-vic-oakleigh-118367099,Oakleigh,3166,2/1 Oxford Street,-37.899546,145.092828,3,2,house,1,2014-12-15,,,"$590,000"
property-unit-vic-oakleigh-118519607,Oakleigh,3166,2/1 York Avenue,-37.899282,145.101395,2,1,unit,1,2014-12-14,163,m2,"$547,000"
property-apartment-vic-oakleigh-118405211,Oakleigh,3166,16/1554 Dandenong Road,-37.901613,145.105678,2,1,apartment,2,2014-12-06,,,"$362,500"
property-apartment-vic-oakleigh-118593603,Oakleigh,3166,10/79 Atherton Road,-37.898852,145.09391,2,2,apartment,1,2014-12-03,,,"$440,000"
property-house-vic-oakleigh-118331991,Oakleigh,3166,38 George Street,-37.904583,145.10203,2,1,house,1,2014-11-29,544,m2,"$803,000"
property-apartment-vic-oakleigh-118350043,Oakleigh,3166,4/119 Atkinson Street,-37.897556,145.092233,2,1,apartment,1,2014-11-29,,,"$450,000"
property-apartment-vic-oakleigh-118317043,Oakleigh,3166,6/264 Huntingdale Road,-37.907371,145.104567,2,1,apartment,1,2014-11-29,,,"$337,500"
property-apartment-vic-oakleigh-117687715,Oakleigh,3166,2/2 Albert Avenue,-37.898281,145.093599,2,1,apartment,1,2014-11-25,,,"$512,000"
property-house-vic-oakleigh-118164611,Oakleigh,3166,21 Oxford Street,-37.900739,145.0926,2,1,house,2,2014-11-08,,,"$960,000"
property-apartment-vic-oakleigh-118131891,Oakleigh,3166,1/105 Atherton Road,-37.89926,145.095539,2,1,apartment,1,2014-11-08,,,"$360,000"
property-house-vic-oakleigh-117977171,Oakleigh,3166,2/1526 Dandenong Road,-37.899297,145.102091,2,1,house,1,2014-10-18,,,"$508,000"
property-house-vic-oakleigh-117814211,Oakleigh,3166,126 Warrigal Road,-37.90576,145.086092,2,1,house,1,2014-10-04,,,"$575,000"
property-apartment-vic-oakleigh-117749091,Oakleigh,3166,1/79 Atherton Road,-37.898852,145.09391,2,1,apartment,1,2014-09-19,,,"$435,000"
property-apartment-vic-oakleigh-117361735,Oakleigh,3166,8/1554-1556 Dandenong Road,-37.901613,145.105678,1,1,apartment,1,2014-09-18,,,"$330,000"
property-house-vic-oakleigh-117516235,Oakleigh,3166,1494 Dandenong Road,-37.897645,145.09952,3,1,house,,2014-08-20,,,"$775,000"
property-apartment-vic-oakleigh-117410271,Oakleigh,3166,15/82-86 Atherton Road,-37.899535,145.093755,2,1,apartment,1,2014-08-18,,,"$372,000"
property-house-vic-oakleigh-116858703,Oakleigh,3166,37 Westgate Street,-37.906654,145.086349,3,1,house,2,2014-08-17,,,"$800,000"
property-townhouse-vic-oakleigh-117337523,Oakleigh,3166,7/13 Heath Avenue,-37.901194,145.097325,3,2,townhouse,2,2014-08-02,,,"$820,000"
property-house-vic-oakleigh-117308799,Oakleigh,3166,68 Eastgate Street,-37.909126,145.088628,3,2,house,2,2014-07-19,,,"$890,000"
property-unit-vic-oakleigh-117211599,Oakleigh,3166,2/1 Leroux Street,-37.896213,145.103873,2,1,unit,1,2014-07-12,,,"$470,000"
property-house-vic-oakleigh-116546171,Oakleigh,3166,24/79 Atherton Road,-37.898852,145.09391,2,1,house,1,2014-07-11,,,"$410,000"
property-house-vic-oakleigh-116235515,Oakleigh,3166,1/48 Haughton Road,-37.904236,145.0928045,3,3,house,1,2014-07-08,170,m2,"$650,000"
property-apartment-vic-oakleigh-116232847,Oakleigh,3166,1/264 Huntingdale Road,-37.9073321,145.1042452,2,1,apartment,1,2014-06-20,,,"$370,000"
property-apartment-vic-oakleigh-116960511,Oakleigh,3166,13/13 Logie Street,-37.894158,145.090092,2,1,apartment,1,2014-06-14,,,"$390,000"
property-house-vic-oakleigh-116992923,Oakleigh,3166,22 Best Street,,,3,1,house,1,2014-06-12,,,"$771,115"
property-apartment-vic-oakleigh-113366223,Oakleigh,3166,170A Warrigal Road,-37.908375,145.085541,2,1,apartment,,2014-06-09,,,"$310,000"
property-house-vic-oakleigh-117052179,Oakleigh,3166,21 George Street,-37.902462,145.101853,3,1,house,1,2014-06-07,,,"$721,000"
property-house-vic-oakleigh-116788003,Oakleigh,3166,158 Warrigal Road,-37.90757,145.085756,3,2,house,1,2014-06-07,576,m2,"$600,000"
property-house-vic-oakleigh-116944787,Oakleigh,3166,1217 North Road,-37.910438,145.096138,3,1,house,2,2014-05-31,,,"$630,000"
property-house-vic-oakleigh-116819927,Oakleigh,3166,39 Hatter Street,-37.907461,145.087243,3,1,house,2,2014-05-27,,,"$780,000"
property-apartment-vic-oakleigh-115340247,Oakleigh,3166,1/1761 Dandenong Road,-37.90272,145.109481,2,1,apartment,1,2014-05-15,,,"$270,000"
property-house-vic-oakleigh-116695419,Oakleigh,3166,1143 North Road,-37.909517,145.087654,4,2,house,2,2014-05-13,663,m2,"$645,888"
property-unit-vic-oakleigh-116854023,Oakleigh,3166,1/15 George Street,-37.901917,145.101958,2,1,unit,1,2014-05-08,,,"$585,000"
property-house-vic-oakleigh-116602043,Oakleigh,3166,14A Oxford Street,-37.900264,145.093236,2,1,house,,2014-05-03,,,"$620,000"
property-unit-vic-oakleigh-116286867,Oakleigh,3166,2/3 Albert Ave,-37.897592,145.093932,2,1,unit,1,2014-04-19,,,"$440,000"
property-apartment-vic-oakleigh-116017127,Oakleigh,3166,3/148 Warrigal Road,-37.906642,145.085923,2,2,apartment,1,2014-04-07,,,"$480,000"
property-townhouse-vic-oakleigh-116298975,Oakleigh,3166,2/106 Burlington Street,-37.903526,145.102134,3,2,townhouse,1,2014-04-02,206,m2,"$716,000"
property-house-vic-oakleigh-116290303,Oakleigh,3166,231 Huntingdale Road,-37.905554,145.104244,2,1,house,2,2014-03-21,,,"$611,000"
property-apartment-vic-oakleigh-116158603,Oakleigh,3166,20/79 Atherton Road,-37.898852,145.09391,2,1,apartment,1,2014-03-15,,,"$405,000"
property-house-vic-oakleigh-116113587,Oakleigh,3166,46 Henry Street,-37.905091,145.103925,2,1,house,2,2014-03-11,,,"$750,000"
property-house-vic-oakleigh-116019023,Oakleigh,3166,1/17 Norfolk Avenue,-37.899439,145.099932,3,1,house,2,2014-03-01,,,"$720,000"
property-house-vic-oakleigh-115913483,Oakleigh,3166,10 Grandview Grove,-37.89417,145.10578,3,1,house,2,2014-02-28,,,"$698,000"
property-apartment-vic-oakleigh-116142867,Oakleigh,3166,22/119 Atkinson Street,-37.897556,145.092233,2,1,apartment,1,2014-02-28,,,"$431,000"
property-house-vic-oakleigh-115794147,Oakleigh,3166,26 Westgate Street,-37.905866,145.087138,2,1,house,1,2014-02-17,,,"$820,000"
property-house-vic-oakleigh-115904063,Oakleigh,3166,64 Haughton Road,-37.90582,145.094694,4,2,house,2,2014-02-15,,,"$745,000"
property-apartment-vic-oakleigh-115582427,Oakleigh,3166,2/264 Huntingdale Rd,-37.9073321,145.1042452,2,1,apartment,1,2014-02-15,,,"$345,000"
property-house-vic-oakleigh-112318587,Oakleigh,3166,59 Bishop Street,-37.909342,145.092447,3,2,house,3,2014-02-10,606,m2,"$830,000"
property-townhouse-vic-oakleigh-115881463,Oakleigh,3166,1546A Dandenong Road,-37.900116,145.103532,3,2,townhouse,1,2014-02-03,351,m2,"$750,000"
property-townhouse-vic-oakleigh-114647839,Oakleigh,3166,2/131 Huntingdale Road,-37.894087,145.106287,3,2,townhouse,2,2014-01-14,,,"$325,000"
property-apartment-vic-oakleigh-114720563,Oakleigh,3166,105/63 Atherton Road,-37.898865,145.092668,2,2,apartment,1,2013-12-19,,,"$525,000"
property-townhouse-vic-oakleigh-107567550,Oakleigh,3166,2/1169 North Road,-37.909908,145.091078,3,2,townhouse,2,2013-12-18,,,"$300,000"
property-house-vic-oakleigh-115568343,Oakleigh,3166,14 Berkeley Street,-37.906847,145.10601,3,1,house,1,2013-11-30,,,"$721,739"
property-house-vic-oakleigh-115364515,Oakleigh,3166,62 Westgate Street,-37.909111,145.086521,3,2,house,2,2013-11-15,,,"$906,000"
property-apartment-vic-oakleigh-114937395,Oakleigh,3166,16/79 Atherton Road,-37.898852,145.09391,2,1,apartment,1,2013-11-09,,,"$411,000"
property-apartment-vic-oakleigh-114659975,Oakleigh,3166,9/1554 Dandenong Road,-37.9013573,145.1059319,1,1,apartment,1,2013-10-31,,,"$275,000"
property-house-vic-oakleigh-114875803,Oakleigh,3166,16 Parer Street,-37.91012,145.098365,3,1,house,1,2013-10-19,,,"$787,000"
property-unit-vic-oakleigh-114764399,Oakleigh,3166,2/37 Young Street,-37.909982,145.094586,3,1,unit,1,2013-10-18,,,"$570,000"
property-house-vic-oakleigh-114856947,Oakleigh,3166,11 Ferntree Gully Road,-37.896086,145.101348,3,1,house,1,2013-10-12,,,"$605,000"
property-house-vic-oakleigh-114757279,Oakleigh,3166,21 Dalgety Street,-37.891564,145.090684,3,1,house,2,2013-10-05,,,"$631,000"
property-townhouse-vic-oakleigh-114757299,Oakleigh,3166,1259a North Road,-37.910987,145.100567,3,2,townhouse,1,2013-10-05,,,"$531,000"
property-townhouse-vic-oakleigh-114827819,Oakleigh,3166,2/5 Heath Avenue,-37.900827,145.096657,4,2,townhouse,2,2013-09-30,,,"$712,250"
property-townhouse-vic-oakleigh-114740383,Oakleigh,3166,19 Raymond Court,-37.8922753,145.1032046,4,2,townhouse,1,2013-09-20,,,"$700,000"
property-house-vic-oakleigh-113122939,Oakleigh,3166,1 Ferntree Gully Road,-37.8959301,145.0978417,3,1,house,1,2013-09-12,584,m2,"$570,000"
property-apartment-vic-oakleigh-114462067,Oakleigh,3166,9/79 Atherton Road,-37.898852,145.09391,2,2,apartment,1,2013-09-09,,,"$360,000"
property-house-vic-oakleigh-114096831,Oakleigh,3166,1184 North Road,-37.9099681,145.08884,3,1,house,1,2013-08-05,,,"$545,000"
property-house-vic-oakleigh-114223839,Oakleigh,3166,4  Connell Road,-37.900688,145.098974,3,1,house,4,2013-07-22,,,"$660,000"
property-house-vic-oakleigh-114002959,Oakleigh,3166,62 Burlington Street,-37.903021,145.097394,3,2,house,1,2013-07-06,,,"$636,000"
property-apartment-vic-oakleigh-114079443,Oakleigh,3166,14/82-86 Atherton Road,-37.8994232,145.0939505,2,1,apartment,1,2013-06-29,,,"$373,000"
property-unit-vic-oakleigh-113488055,Oakleigh,3166,2/233 Huntingdale Road,-37.905779,145.1042,3,1,unit,1,2013-06-24,,,"$455,000"
property-house-vic-oakleigh-111815175,Oakleigh,3166,18/82-86 Atherton Rd,-37.899535,145.093755,2,1,house,2,2013-06-19,,,"$395,000"
property-residential land-vic-oakleigh-200515331,Oakleigh,3166,6 Saxon Court,-37.8929697,145.1045245,,,residential land,,2013-05-31,839,m2,"$640,000"
property-townhouse-vic-oakleigh-113231975,Oakleigh,3166,Unit 1/42 Golf Links Avenue,-37.907982,145.091401,4,3,townhouse,2,2013-05-17,330,m2,"$670,000"
property-unit-vic-oakleigh-113424123,Oakleigh,3166,3/7 Albert Ave,-37.897646,145.094383,2,1,unit,1,2013-05-12,,,"$425,777"
property-townhouse-vic-oakleigh-113576055,Oakleigh,3166,2/108 Atherton Road,-37.899887,145.096082,3,2,townhouse,1,2013-05-11,,,"$520,000"
property-house-vic-oakleigh-113524591,Oakleigh,3166,9 Golf Links Avenue,-37.9051691,145.091078,3,1,house,1,2013-05-04,,,"$511,000"
property-apartment-vic-oakleigh-112894127,Oakleigh,3166,4/82-86 Atherton Road,-37.8994232,145.0939505,2,1,apartment,1,2013-04-30,,,"$375,000"
property-apartment-vic-oakleigh-113020267,Oakleigh,3166,6/11 Logie Street,-37.894135,145.089854,2,1,apartment,1,2013-04-25,,,"$395,500"
property-house-vic-oakleigh-113297427,Oakleigh,3166,52 John Street,-37.905284,145.1009,3,2,house,2,2013-04-06,,,"$575,000"
property-apartment-vic-oakleigh-113297251,Oakleigh,3166,3/24 Haughton Road,-37.901554,145.089015,2,1,apartment,1,2013-04-02,,,"$342,000"
property-house-vic-oakleigh-113087427,Oakleigh,3166,1243 North Road,-37.910724,145.09881,3,1,house,1,2013-03-27,,,"$550,555"
property-unit-vic-oakleigh-112918839,Oakleigh,3166,1/8 Parer Street,-37.909575,145.098462,3,2,unit,2,2013-03-23,,,"$605,000"
property-unit-vic-oakleigh-113163779,Oakleigh,3166,5/22 Golf Links Avenue,-37.906253,145.091492,2,1,unit,1,2013-03-23,,,"$412,000"
property-house-vic-oakleigh-111418967,Oakleigh,3166,2/27 Oxford Street,-37.901088,145.09253,3,2,house,1,2013-03-06,,,"$500,000"
property-house-vic-oakleigh-112992967,Oakleigh,3166,3 Norfolk Avenue,-37.898634,145.10028,3,1,house,1,2013-02-28,,,"$625,000"
property-unit-vic-oakleigh-112748915,Oakleigh,3166,4/4 Lincoln Avenue,-37.8976745,145.0997797,2,1,unit,1,2013-02-09,249,m2,"$451,000"
property-apartment-vic-oakleigh-112650727,Oakleigh,3166,2/79 Atherton Road,-37.898852,145.09391,2,1,apartment,1,2013-02-06,,,"$375,000"
property-apartment-vic-oakleigh-112564367,Oakleigh,3166,6/24 Haughton Road,-37.901554,145.089015,1,1,apartment,1,2013-01-25,,,"$362,251"
property-townhouse-vic-oakleigh-110477953,Oakleigh,3166,2/1225 North Road,-37.910516,145.097049,4,3,townhouse,2,2013-01-08,,,"$255,000"
property-house-vic-oakleigh-112076975,Oakleigh,3166,47 Berkeley Street,-37.907035,145.111718,3,1,house,1,2012-12-15,,,"$513,000"
property-house-vic-oakleigh-112279535,Oakleigh,3166,1 Hatter Street,-37.904256,145.087944,3,2,house,1,2012-12-12,,,"$593,000"
property-apartment-vic-oakleigh-111730431,Oakleigh,3166,2/82-86 Atherton Road,-37.8994232,145.0939505,2,1,apartment,1,2012-11-26,,,"$372,500"
property-house-vic-oakleigh-111933179,Oakleigh,3166,18 Merbow Street,-37.901485,145.100718,3,1,house,2,2012-11-15,,,"$738,500"
property-house-vic-oakleigh-111838051,Oakleigh,3166,5 Wilson Street,-37.907583,145.091981,3,1,house,1,2012-11-10,,,"$726,000"
property-apartment-vic-oakleigh-111482775,Oakleigh,3166,7/13 Logie Street,-37.894158,145.090092,2,1,apartment,1,2012-11-07,,,"$410,000"
property-apartment-vic-oakleigh-111730435,Oakleigh,3166,3/119 Atkinson Street,-37.897556,145.092233,2,1,apartment,1,2012-10-27,,,"$372,500"
property-unit-vic-oakleigh-111466683,Oakleigh,3166,1/14 Gadd Street,-37.909172,145.097481,2,1,unit,2,2012-10-08,,,"$496,000"
property-unit-vic-oakleigh-111355063,Oakleigh,3166,1/55 William Street,-37.905605,145.102242,2,1,unit,1,2012-09-22,,,"$430,000"
property-townhouse-vic-oakleigh-110032713,Oakleigh,3166,3/15A Golf Links Avenue,-37.905858,145.090813,4,2,townhouse,2,2012-08-30,,,"$645,000"
property-unit-vic-oakleigh-111121535,Oakleigh,3166,3/24 Grant Street,-37.898881,145.098311,2,1,unit,1,2012-08-29,,,"$443,000"
property-apartment-vic-oakleigh-111132887,Oakleigh,3166,20/41 Railway Avenue,-37.9104516,145.1028658,1,1,apartment,1,2012-08-29,,,"$165,000"
property-house-vic-oakleigh-111189019,Oakleigh,3166,25 Young Street,-37.909102,145.094747,3,1,house,2,2012-08-28,,,"$675,000"
property-apartment-vic-oakleigh-110620705,Oakleigh,3166,23c/79 Atherton Road,-37.898852,145.09391,2,1,apartment,1,2012-08-09,,,"$367,500"
property-house-vic-oakleigh-110994207,Oakleigh,3166,16 Henry St,-37.902223,145.104477,3,1,house,1,2012-08-01,,,"$626,500"
property-townhouse-vic-oakleigh-110922119,Oakleigh,3166,7/16 Grant Street,-37.898139,145.098587,3,2,townhouse,2,2012-07-28,,,"$620,000"
property-house-vic-oakleigh-110714517,Oakleigh,3166,47 Henry Street,-37.90516,145.103328,3,1,house,1,2012-07-27,,,"$585,000"
property-house-vic-oakleigh-110730721,Oakleigh,3166,58 Beauford Street,-37.909208,145.111617,4,1,house,1,2012-07-04,,,"$500,000"
property-house-vic-oakleigh-110419725,Oakleigh,3166,50 George Street,-37.9054,145.101872,5,2,house,2,2012-07-02,,,"$740,000"
property-villa-vic-oakleigh-110773011,Oakleigh,3166,62A Burlington Street,-37.903039,145.097536,3,2,villa,1,2012-06-27,,,"$525,136"
property-house-vic-oakleigh-110666353,Oakleigh,3166,25 Palmerston Grove,-37.897013,145.09104,3,2,house,1,2012-06-23,,,"$585,000"
property-house-vic-oakleigh-110534873,Oakleigh,3166,41 Burlington Street,-37.9022941,145.0960408,3,1,house,2,2012-06-16,409,m2,"$493,000"
property-unit-vic-oakleigh-110531297,Oakleigh,3166,1/26 Grant Street,-37.899118,145.098177,2,1,unit,2,2012-06-11,,,"$472,000"
property-house-vic-oakleigh-110476697,Oakleigh,3166,53 Ross Street,-37.907843,145.11152,3,1,house,1,2012-06-01,,,"$550,167"
property-house-vic-oakleigh-109889136,Oakleigh,3166,9A McIntosh Street,-37.910169,145.098733,3,2,house,2,2012-05-22,,,"$571,500"
property-townhouse-vic-oakleigh-110301109,Oakleigh,3166,2/62 Golf Links Avenue,-37.909288,145.0906774,4,2,townhouse,2,2012-05-19,,,"$705,500"
property-house-vic-oakleigh-110321137,Oakleigh,3166,33 Berkeley Street,-37.906793,145.109527,3,2,house,3,2012-05-19,,,"$695,000"
property-house-vic-oakleigh-110564353,Oakleigh,3166,1 Voumard Street,-37.913474,145.094222,3,2,house,4,2012-05-19,,,"$670,000"
property-house-vic-oakleigh-110228117,Oakleigh,3166,1201 North Road,-37.910204,145.094221,3,1,house,1,2012-05-12,536,m2,"$500,000"
property-house-vic-oakleigh-110276637,Oakleigh,3166,46 Westgate Street,-37.907978,145.086735,5,2,house,2,2012-05-11,,,"$1,065,000"
property-house-vic-oakleigh-110044709,Oakleigh,3166,28 Andrew Street,-37.908772,145.094326,2,1,house,1,2012-04-28,685,m2,"$590,000"
property-house-vic-oakleigh-110218705,Oakleigh,3166,12 Young Street,-37.907758,145.095611,2,1,house,1,2012-04-22,,,"$590,000"
property-unit-vic-oakleigh-110053909,Oakleigh,3166,1/103 Burlington Street,-37.902991,145.1012408,3,2,unit,1,2012-04-21,450,m2,"$518,000"
property-apartment-vic-oakleigh-109845501,Oakleigh,3166,2/11 Logie Street,-37.894135,145.089854,2,1,apartment,1,2012-04-20,,,"$404,000"
property-house-vic-oakleigh-110096041,Oakleigh,3166,5 Grant Street,-37.897307,145.09775,2,1,house,2,2012-04-16,,,"$620,000"
property-house-vic-oakleigh-109794951,Oakleigh,3166,44 Ross Street,-37.908008,145.109865,3,1,house,2,2012-03-31,,,"$529,000"
property-house-vic-oakleigh-110032721,Oakleigh,3166,24 Ross Street,-37.90771,145.107089,2,1,house,1,2012-03-26,502,m2,"$530,430"
property-apartment-vic-oakleigh-109359021,Oakleigh,3166,12/1554 Dandenong Road,-37.9013575,145.1059317,1,1,apartment,1,2012-03-26,,,"$295,000"
property-townhouse-vic-oakleigh-110028305,Oakleigh,3166,1/19 John Street,-37.9021571,145.1011906,4,2,townhouse,1,2012-03-24,,,"$645,000"
property-house-vic-oakleigh-109681531,Oakleigh,3166,26 Regent Street,-37.901199,145.094908,2,1,house,,2012-03-17,,,"$576,500"
property-unit-vic-oakleigh-109461651,Oakleigh,3166,1/13 Parer Street,-37.909596,145.097573,3,1,unit,1,2012-03-15,,,"$491,500"
property-apartment-vic-oakleigh-109344356,Oakleigh,3166,5/119 Atkinson Street,-37.897556,145.092233,2,1,apartment,1,2012-03-01,,,"$370,000"
property-house-vic-oakleigh-109359001,Oakleigh,3166,39 Heath Avenue,-37.902108,145.100921,4,2,house,1,2012-02-22,,,"$660,500"
property-house-vic-oakleigh-109289871,Oakleigh,3166,21 Merbow Street,-37.900981,145.100831,3,1,house,2,2012-02-18,,,"$666,000"
property-apartment-vic-oakleigh-109250841,Oakleigh,3166,24/82-86 Atherton Road,-37.8994232,145.0939505,1,1,apartment,1,2012-02-17,,,"$321,500"
property-apartment-vic-oakleigh-108023646,Oakleigh,3166,2/24 Haughton Rd,-37.901554,145.089015,1,1,apartment,1,2012-01-25,,,"$364,500"
property-house-vic-oakleigh-108874611,Oakleigh,3166,1/3 Tamar Grove,-37.896458,145.096729,3,1,house,2,2012-01-11,,,"$520,000"
property-house-vic-oakleigh-108359921,Oakleigh,3166,9 Dalgety Street,-37.891471,145.089904,3,1,house,1,2011-12-19,,,"$710,000"
property-house-vic-oakleigh-108676586,Oakleigh,3166,26 George Street,-37.902667,145.1024,3,1,house,3,2011-12-10,,,"$700,000"
property-house-vic-oakleigh-108066546,Oakleigh,3166,183 Atherton Road,-37.900346,145.103744,3,1,house,2,2011-12-06,,,"$780,000"
property-house-vic-oakleigh-108445331,Oakleigh,3166,49 Burlington St,-37.902363,145.09658,3,1,house,1,2011-11-30,,,"$530,000"
property-house-vic-oakleigh-108383131,Oakleigh,3166,1145 North Road,-37.909539,145.087831,3,1,house,1,2011-11-26,,,"$470,000"
property-townhouse-vic-oakleigh-108369381,Oakleigh,3166,10/16 Grant Street,-37.898139,145.098587,3,2,townhouse,1,2011-11-19,,,"$555,000"
property-unit-vic-oakleigh-108255261,Oakleigh,3166,4/3 Albert Avenue,-37.897592,145.093932,2,1,unit,1,2011-11-19,,,"$387,000"
property-apartment-vic-oakleigh-108374366,Oakleigh,3166,1/82-86 Atherton Road,-37.8994232,145.0939505,2,1,apartment,1,2011-11-17,,,"$325,000"
property-unit-vic-oakleigh-107592214,Oakleigh,3166,1/42 Golflinks Avenue,-37.907982,145.091401,4,2,unit,2,2011-09-05,333,m2,"$610,000"
property-house-vic-oakleigh-107586078,Oakleigh,3166,1/112 Haughton Road,-37.908754,145.09853,3,2,house,2,2011-09-03,424,m2,"$515,000"
property-house-vic-oakleigh-107567415,Oakleigh,3166,178 Atherton Road,-37.900859,145.103263,3,1,house,,2011-08-20,713,m2,"$740,000"
property-house-vic-oakleigh-107552455,Oakleigh,3166,6 Westgate Street,-37.904579,145.087387,4,2,house,2,2011-08-13,,,"$680,000"
property-house-vic-oakleigh-107512880,Oakleigh,3166,1149B North Road,-37.909692,145.088473,2,1,house,2,2011-08-09,,,"$455,000"
property-house-vic-oakleigh-107549038,Oakleigh,3166,110 Atherton Rd,-37.900011,145.096352,5,2,house,8,2011-08-08,,,"$1,300,000"
property-house-vic-oakleigh-107528203,Oakleigh,3166,47 Queens Avenue,-37.903756,145.090276,3,1,house,1,2011-08-06,,,"$730,000"
property-house-vic-oakleigh-107522566,Oakleigh,3166,14 & 14A Palmer Street,-37.896857,145.092017,2,1,house,1,2011-07-30,,,"$1,079,000"
property-house-vic-oakleigh-107462899,Oakleigh,3166,41 Hargreaves Street,-37.908976,145.109249,3,1,house,2,2011-07-26,,,"$616,000"
property-house-vic-oakleigh-107505216,Oakleigh,3166,14 Greville Street,-37.906141,145.106294,3,1,house,2,2011-07-23,,,"$610,000"
property-house-vic-oakleigh-107505218,Oakleigh,3166,9 Garnett Street,-37.902397,145.106571,2,1,house,2,2011-07-23,,,"$521,500"
property-house-vic-oakleigh-107567412,Oakleigh,3166,48 Bishop Street,-37.9086881,145.093075,3,1,house,,2011-07-20,720,m2,"$738,000"
property-apartment-vic-oakleigh-107452117,Oakleigh,3166,15/82-86 Atherton Road,-37.8994232,145.0939505,2,1,apartment,1,2011-07-16,,,"$371,600"
property-apartment-vic-oakleigh-107516583,Oakleigh,3166,17/119 Atkinson Street,-37.897556,145.092233,2,1,apartment,1,2011-07-14,,,"$395,000"
property-apartment-vic-oakleigh-107431451,Oakleigh,3166,2/79 Atherton Road,-37.898852,145.09391,2,1,apartment,1,2011-06-23,,,"$410,000"
property-house-vic-oakleigh-107424829,Oakleigh,3166,13 Mora Avenue,-37.901857,145.088961,3,2,house,2,2011-06-18,,,"$780,000"
property-house-vic-oakleigh-107412812,Oakleigh,3166,5 William Street,-37.901359,145.103062,4,2,house,1,2011-06-11,,,"$860,000"
property-house-vic-oakleigh-107401448,Oakleigh,3166,55 Golf Links Avenue,-37.908805,145.090286,4,1,house,,2011-06-11,,,"$780,000"
property-house-vic-oakleigh-107390649,Oakleigh,3166,7/122 Atherton Road,-37.900366,145.097338,2,1,house,1,2011-06-04,,,"$437,500"
property-apartment-vic-oakleigh-107331749,Oakleigh,3166,4/264 Huntingdale Road,-37.9073327,145.1042502,2,1,apartment,1,2011-04-23,,,"$340,000"
property-house-vic-oakleigh-107301083,Oakleigh,3166,3 Gadd Street,-37.907813,145.096874,4,1,house,1,2011-04-22,,,"$655,000"
property-apartment-vic-oakleigh-107272275,Oakleigh,3166,2/82-86 Atherton Road,-37.899535,145.093755,2,1,apartment,1,2011-04-18,,,"$385,000"
property-house-vic-oakleigh-107259927,Oakleigh,3166,13 Grandview Grove,-37.89441,145.105115,3,2,house,2,2011-04-08,,,"$700,000"
property-unit-vic-oakleigh-107179264,Oakleigh,3166,2/98 Burlington Street,-37.903353,145.10117,3,1,unit,1,2011-03-10,,,"$495,000"
property-townhouse-vic-oakleigh-106926455,Oakleigh,3166,1/15 A Golf Links  Avenue,-37.905732,145.091079,4,2,townhouse,2,2011-03-08,,,"$770,000"
property-house-vic-oakleigh-107182266,Oakleigh,3166,2 Stamford Road,-37.891636,145.101427,3,2,house,,2011-03-05,,,"$1,000,000"
property-house-vic-oakleigh-107073537,Oakleigh,3166,37 Golf Links Avenue,-37.9078321,145.0908159,1,1,house,,2011-02-26,,,"$420,000"
property-house-vic-oakleigh-107109962,Oakleigh,3166,19 William Street,-37.902307,145.102878,2,1,house,1,2011-02-19,,,"$662,000"
property-house-vic-oakleigh-106911393,Oakleigh,3166,20 Ferntree Gully Rd,-37.896763,145.101569,6,3,house,2,2011-01-11,,,"$642,719"
property-apartment-vic-oakleigh-106999192,Oakleigh,3166,6/82-86 Atherton Road,-37.899535,145.093755,2,1,apartment,2,2010-12-24,,,"$367,000"
property-apartment-vic-oakleigh-107056690,Oakleigh,3166,3/6 Willgilson Ct,-37.906602,145.092402,1,1,apartment,1,2010-12-20,,,"$399,000"
property-house-vic-oakleigh-106993381,Oakleigh,3166,9 Lincoln Ave,-37.898366,145.099054,2,1,house,1,2010-12-02,,,"$635,000"
property-house-vic-oakleigh-106984763,Oakleigh,3166,158 Warrigal Road,-37.90757,145.085756,3,1,house,1,2010-11-26,,,"$523,000"
property-house-vic-oakleigh-106898434,Oakleigh,3166,1472 Dandenong Road,-37.896448,145.097662,2,2,house,1,2010-11-17,,,"$515,000"
property-house-vic-oakleigh-106876284,Oakleigh,3166,8 Elizabeth St,-37.898619,145.107144,4,1,house,1,2010-11-10,,,"$760,495"
property-house-vic-oakleigh-106898428,Oakleigh,3166,23 Clyde Street,-37.897431,145.095478,5,3,house,2,2010-11-06,,,"$890,000"
property-apartment-vic-oakleigh-106846819,Oakleigh,3166,16/82-86 Atherton Road,-37.8992729,145.0938157,2,1,apartment,2,2010-10-25,,,"$368,000"
property-house-vic-oakleigh-106873284,Oakleigh,3166,26 Oxford Street,-37.900906,145.093012,3,1,house,,2010-10-23,,,"$546,000"
property-house-vic-oakleigh-106892026,Oakleigh,3166,1/1 Leroux Street,-37.896205,145.104063,2,1,house,1,2010-10-20,,,"$522,500"
property-apartment-vic-oakleigh-106695164,Oakleigh,3166,22/82-86 Atherton Road,-37.8992729,145.0938157,2,1,apartment,1,2010-10-15,,,"$350,000"
property-townhouse-vic-oakleigh-106784922,Oakleigh,3166,1/16 Winifred Street,-37.895717,145.102674,3,2,townhouse,2,2010-10-11,,,"$635,000"
property-house-vic-oakleigh-106695768,Oakleigh,3166,11 George Street,-37.901657,145.102125,3,1,house,1,2010-10-05,,,"$680,000"
property-townhouse-vic-oakleigh-106793462,Oakleigh,3166,2/5 Heath Avenue,-37.901359,145.096515,4,2,townhouse,2,2010-09-18,,,"$695,000"
property-house-vic-oakleigh-106718138,Oakleigh,3166,29 William Street,-37.903829,145.102695,3,2,house,2,2010-09-05,,,"$650,000"
property-house-vic-oakleigh-106739111,Oakleigh,3166,4 Ford St,-37.90769,145.096091,3,1,house,2,2010-09-01,,,"$626,777"
property-house-vic-oakleigh-106631212,Oakleigh,3166,43 Henry Street,-37.904887,145.103475,3,1,house,2,2010-08-16,,,"$650,000"
property-unit-vic-oakleigh-106571446,Oakleigh,3166,2/48 Burlington Street,-37.902714,145.096431,3,1,unit,1,2010-08-03,,,"$505,000"
property-house-vic-oakleigh-105859586,Oakleigh,3166,2/50 Golflinks Avenue,-37.90848541,145.0909271,1,1,house,1,2010-08-02,,,"$340,000"
property-house-vic-oakleigh-106654587,Oakleigh,3166,15 Fenton Street,-37.908145,145.110489,7,2,house,1,2010-07-31,,,"$623,500"
property-house-vic-oakleigh-106649528,Oakleigh,3166,13 Watsonia Street,-37.910122,145.095629,3,2,house,1,2010-07-24,,,"$750,000"
property-house-vic-oakleigh-106622378,Oakleigh,3166,9 Westley Street,-37.896129,145.094636,4,1,house,,2010-07-08,,,"$770,000"
property-house-vic-oakleigh-106609941,Oakleigh,3166,31 Sumersett Ave,-37.916212,145.086042,3,2,house,4,2010-07-08,,,"$610,000"
property-house-vic-oakleigh-106604945,Oakleigh,3166,12 Hatter Street,-37.904992,145.088266,4,2,house,2,2010-07-06,,,"$886,000"
property-house-vic-oakleigh-106509945,Oakleigh,3166,139 Huntingdale Rd,-37.894641,145.10602,3,1,house,1,2010-07-03,,,"$655,000"
property-unit-vic-oakleigh-106571414,Oakleigh,3166,1/1 Fenton Street,-37.905245,145.110439,3,1,unit,,2010-06-22,,,"$430,000"
property-house-vic-oakleigh-106571226,Oakleigh,3166,40 Bishop Street,-37.908091,145.093156,3,1,house,2,2010-06-19,,,"$741,000"
property-unit-vic-oakleigh-106553828,Oakleigh,3166,1/38 Golflinks Avenue,-37.907469,145.091091,3,1,unit,1,2010-05-31,,,"$555,000"
property-apartment-vic-oakleigh-106521830,Oakleigh,3166,5/264 Huntingdale Road,-37.907344,145.104425,2,1,apartment,,2010-05-24,,,"$322,500"
property-house-vic-oakleigh-106495160,Oakleigh,3166,11 Westgate St,-37.904835,145.086698,3,1,house,1,2010-05-15,,,"$710,500"
property-house-vic-oakleigh-106519372,Oakleigh,3166,34 Golflinks Avenue,-37.907139,145.091179,3,1,house,4,2010-05-08,,,"$1,405,000"
property-unit-vic-oakleigh-106258037,Oakleigh,3166,11/13 Logie Street,-37.894308,145.090052,2,1,unit,1,2010-04-18,,,"$415,000"
property-unit-vic-oakleigh-106418872,Oakleigh,3166,1/11 Albert Avenue,-37.897832,145.094911,3,1,unit,1,2010-04-17,,,"$475,000"
property-apartment-vic-oakleigh-106367685,Oakleigh,3166,1/11 Logie Street,-37.894279,145.089833,2,1,apartment,1,2010-03-30,,,"$385,000"
property-house-vic-oakleigh-106371147,Oakleigh,3166,4 Abbeygate Street,-37.904676,145.090424,2,1,house,1,2010-03-27,,,"$796,000"
property-house-vic-oakleigh-106210714,Oakleigh,3166,777 Warrigal Road,-37.888886,145.089274,5,2,house,,2010-03-23,,,"$641,000"
property-unit-vic-oakleigh-106387850,Oakleigh,3166,4/126 Atherton Road,-37.900491,145.097784,2,1,unit,1,2010-03-17,,,"$480,000"
property-house-vic-oakleigh-106276362,Oakleigh,3166,72 Eastgate St,-37.909396,145.088578,3,1,house,1,2010-03-05,,,"$660,125"
property-house-vic-oakleigh-106151397,Oakleigh,3166,1592 Dandenong Road,-37.903546,145.109186,6,2,house,2,2010-02-20,,,"$650,000"
property-unit-vic-oakleigh-105697359,Oakleigh,3166,2/13 Parer Street,-37.90964508,145.0979157,3,2,unit,1,2010-02-20,,,"$555,000"
property-house-vic-oakleigh-106235083,Oakleigh,3166,29 Hatter Street,-37.906234,145.087597,3,2,house,1,2010-01-06,,,"$920,000"
property-unit-vic-oakleigh-106108456,Oakleigh,3166,5/6 Albert Avenue,-37.89835358,145.0940247,2,1,unit,2,2010-01-01,,,"$413,000"
property-house-vic-oakleigh-106220607,Oakleigh,3166,18 Westgate St,-37.905361,145.08713,4,2,house,1,2009-12-24,,,"$1,000,000"
property-house-vic-oakleigh-106221779,Oakleigh,3166,13 Abbeygate Street,-37.905352,145.089872,4,1,house,1,2009-12-22,,,"$810,000"
property-house-vic-oakleigh-106180275,Oakleigh,3166,29 Downing St,-37.901307,145.093411,3,1,house,2,2009-12-21,,,"$585,341"
property-unit-vic-oakleigh-106174186,Oakleigh,3166,2/21 Parer Street,-37.910191,145.097806,3,2,unit,1,2009-12-19,,,"$557,000"
property-house-vic-oakleigh-106159534,Oakleigh,3166,25 Heath Avenue,-37.901759,145.099518,3,1,house,1,2009-12-12,,,"$755,000"
property-house-vic-oakleigh-106062381,Oakleigh,3166,20 Tamar Grove,-37.89788818,145.0969696,1,1,house,,2009-12-12,,,"$720,000"
property-unit-vic-oakleigh-106081968,Oakleigh,3166,5/24 Grant Street,-37.8989296,145.0979919,2,1,unit,1,2009-12-10,,,"$465,000"
property-house-vic-oakleigh-106104076,Oakleigh,3166,1/3 Ross St,-37.907062,145.105241,2,1,house,1,2009-12-08,,,"$441,299"
property-house-vic-oakleigh-106054488,Oakleigh,3166,35 Wilson Street,-37.90811539,145.0956879,3,2,house,2,2009-11-16,,,"$820,000"
property-house-vic-oakleigh-106125783,Oakleigh,3166,36 Beauford St,-37.908617,145.108667,3,2,house,2,2009-11-14,,,"$630,000"
property-unit-vic-oakleigh-106077637,Oakleigh,3166,1/24 Grant Street,-37.8989296,145.0979919,2,1,unit,2,2009-11-14,,,"$460,000"
property-unit-vic-oakleigh-106084924,Oakleigh,3166,2/6 Shafton Street,-37.90424347,145.1084595,2,1,unit,1,2009-11-07,,,"$420,000"
property-apartment-vic-oakleigh-106035556,Oakleigh,3166,7/82-86 Atherton Road,-37.8992424,145.0938263,2,1,apartment,1,2009-11-07,,,"$340,000"
property-house-vic-oakleigh-106080540,Oakleigh,3166,1/21 Parer St,-37.910172,145.097639,2,1,house,1,2009-10-28,,,"$510,000"
property-unit-vic-oakleigh-106037442,Oakleigh,3166,1/48 Golflinks Avenue,-37.90649033,145.091095,2,1,unit,1,2009-10-18,,,"$488,000"
property-unit-vic-oakleigh-106037704,Oakleigh,3166,3/6 Albert Avenue,-37.89835358,145.0940247,2,1,unit,1,2009-10-12,,,"$450,500"
property-house-vic-oakleigh-105996831,Oakleigh,3166,4 Connell Road,-37.90067673,145.0988464,3,1,house,1,2009-10-10,,,"$590,500"
property-house-vic-oakleigh-105990400,Oakleigh,3166,35 Andrew Street,-37.90901947,145.0937805,3,1,house,2,2009-10-03,704,m2,"$665,000"
property-house-vic-oakleigh-106017781,Oakleigh,3166,19 Henry St,-37.902426,145.103853,3,1,house,1,2009-09-29,,,"$545,000"
property-house-vic-oakleigh-105946613,Oakleigh,3166,4 Vernon Street,-37.90452576,145.1056519,3,1,house,2,2009-09-19,,,"$643,000"
property-house-vic-oakleigh-105916662,Oakleigh,3166,47 Heath Ave,-37.902833,145.100698,3,2,house,1,2009-08-23,,,"$550,207"
property-house-vic-oakleigh-105935786,Oakleigh,3166,24 Oxford Street,-37.9007988,145.0930328,4,2,house,3,2009-08-22,,,"$765,000"
property-house-vic-oakleigh-105834837,Oakleigh,3166,9 Palmerston Grove,-37.89785385,145.0910339,3,1,house,,2009-08-15,,,"$567,000"
property-house-vic-oakleigh-105935155,Oakleigh,3166,11 Abbeygate St,-37.905186,145.089788,3,2,house,,2009-08-12,,,"$810,000"
property-house-vic-oakleigh-105936849,Oakleigh,3166,7 Henry St,-37.901612,145.10401,3,2,house,2,2009-08-12,,,"$595,000"
property-house-vic-oakleigh-105822572,Oakleigh,3166,120 Burlington Street,-37.9036293,145.103714,4,2,house,2,2009-07-25,,,"$810,000"
property-unit-vic-oakleigh-105662274,Oakleigh,3166,3/34 Heath Avenue,-37.90246964,145.0995789,3,2,unit,1,2009-07-10,,,"$483,200"
property-house-vic-oakleigh-105776862,Oakleigh,3166,1480 Dandenong Road,-37.897052,145.098505,3,1,house,2,2009-07-05,,,"$685,000"
property-unit-vic-oakleigh-105801763,Oakleigh,3166,2/172 Atherton Rd,-37.900782,145.10266,2,1,unit,2,2009-06-17,,,"$445,000"
property-unit-vic-oakleigh-105761864,Oakleigh,3166,2/47 Golflinks Avenue,-37.90829086,145.0901337,2,1,unit,1,2009-06-13,,,"$390,000"
property-unit-vic-oakleigh-105505293,Oakleigh,3166,1/40 Fenton Street,-37.90901184,145.1107788,2,1,unit,1,2009-05-31,,,"$438,500"
property-house-vic-oakleigh-105730937,Oakleigh,3166,2 Bishop Street,-37.90537643,145.0936585,3,2,house,2,2009-05-30,,,"$622,000"
property-house-vic-oakleigh-105330008,Oakleigh,3166,42 Oxford Street,-37.902554,145.092796,1,1,house,1,2009-05-28,,,"$510,000"
property-house-vic-oakleigh-105746520,Oakleigh,3166,15 Fenton Street,-37.9081459,145.1104889,3,1,house,,2009-05-26,,,"$460,000"
property-unit-vic-oakleigh-105666690,Oakleigh,3166,3/11 Albert Avenue,-37.89783096,145.0949097,3,1,unit,1,2009-05-16,,,"$416,500"
property-house-vic-oakleigh-105745359,Oakleigh,3166,56 Abbeygate St,-37.908866,145.089728,2,1,house,1,2009-05-15,,,"$559,000"
property-house-vic-oakleigh-105680506,Oakleigh,3166,7/220-230 Huntingdale Rd,-37.903959,145.105223,3,2,house,1,2009-05-15,,,"$481,000"
property-house-vic-oakleigh-105664718,Oakleigh,3166,4 Mead Court,-37.90670395,145.0921478,2,1,house,,2009-05-09,,,"$361,000"
property-house-vic-oakleigh-105682887,Oakleigh,3166,65 Drummond Street,-37.88993454,145.091095,5,2,house,1,2009-05-07,,,"$690,000"
property-house-vic-oakleigh-105643761,Oakleigh,3166,4/24 Grant Street,-37.89881897,145.0986633,2,1,house,1,2009-04-15,,,"$407,000"
property-house-vic-oakleigh-105555633,Oakleigh,3166,29 Bishop Street,-37.9069519,145.0930176,4,2,house,4,2009-04-08,,,"$560,000"
property-house-vic-oakleigh-105662824,Oakleigh,3166,49 Henry St,-37.905297,145.1033,2,1,house,2,2009-04-08,,,"$550,000"
property-house-vic-oakleigh-105603195,Oakleigh,3166,1546B Dandenong Rd,-37.900171,145.103651,3,2,house,1,2009-04-08,,,"$530,000"
property-apartment-vic-oakleigh-105598291,Oakleigh,3166,6/167 Atherton Road,-37.900109,145.102147,2,1,apartment,1,2009-04-04,,,"$325,000"
property-house-vic-oakleigh-105531028,Oakleigh,3166,1699 Dandenong Rd,-37.899766,145.104694,3,1,house,2,2009-04-03,,,"$575,000"
property-apartment-vic-oakleigh-105636481,Oakleigh,3166,2/82-86 Atherton Road,-37.89942169,145.0937805,2,1,apartment,1,2009-03-30,,,"$355,000"
property-unit-vic-oakleigh-105477812,Oakleigh,3166,1/13 Parer Street,-37.90964508,145.0979157,3,1,unit,1,2009-03-26,,,"$446,000"
property-house-vic-oakleigh-105608096,Oakleigh,3166,27 Eastgate St,-37.906115,145.088556,3,2,house,1,2009-03-24,,,"$590,000"
property-unit-vic-oakleigh-105125100,Oakleigh,3166,1/54 Carmichael Rd,-37.902161,145.113016,4,2,unit,2,2009-03-22,,,"$575,000"
property-unit-vic-oakleigh-105572487,Oakleigh,3166,2/116 Burlington Street,-37.90381241,145.1033173,2,1,unit,1,2009-03-21,,,"$400,250"
property-house-vic-oakleigh-105545695,Oakleigh,3166,209 Huntingdale Rd,-37.903089,145.104719,3,1,house,2,2009-03-14,,,"$401,000"
property-house-vic-oakleigh-105439057,Oakleigh,3166,6 Oxford St,-37.899896,145.093307,5,2,house,1,2009-03-13,,,"$480,000"
property-house-vic-oakleigh-105424804,Oakleigh,3166,2 Heath Avenue,-37.901577,145.0960388,4,2,house,2,2009-03-10,,,"$575,000"
property-house-vic-oakleigh-105462993,Oakleigh,3166,3/126 Atherton Road,-37.90034103,145.0978088,2,1,house,1,2009-02-16,,,"$342,500"
property-house-vic-oakleigh-105416490,Oakleigh,3166,73 Drummond St,-37.890428,145.090867,3,1,house,1,2009-01-24,,,"$620,000"
property-apartment-vic-oakleigh-105420175,Oakleigh,3166,1/167 Atherton Road,-37.90027237,145.1021423,2,1,apartment,1,2009-01-24,,,"$340,500"
property-house-vic-oakleigh-105398812,Oakleigh,3166,1a Moroney St,-37.910784,145.100267,3,2,house,1,2009-01-10,,,"$420,000"
property-house-vic-oakleigh-105420342,Oakleigh,3166,1616 Dandenong Road,-37.90514755,145.1118012,3,1,house,1,2009-01-07,,,"$530,000"
property-unit-vic-oakleigh-105383167,Oakleigh,3166,3/14 Rugby Road,-37.89400101,145.0867462,2,1,unit,2,2008-12-19,,,"$300,000"
property-house-vic-oakleigh-105353384,Oakleigh,3166,1/122 Burlington St,-37.90367126,145.104126,3,1,house,1,2008-12-16,,,"$420,000"
property-house-vic-oakleigh-105340982,Oakleigh,3166,3 Lanham St,-37.910606,145.113352,3,1,house,,2008-12-09,,,"$468,000"
property-house-vic-oakleigh-105308400,Oakleigh,3166,1638 Dandenong Road,-37.90616608,145.1134796,5,2,house,2,2008-11-24,,,"$370,000"
property-house-vic-oakleigh-105235613,Oakleigh,3166,1584 Dandenong Rd,-37.903209,145.108299,3,1,house,1,2008-11-21,,,"$480,000"
property-house-vic-oakleigh-105249125,Oakleigh,3166,94 Haughton Road,-37.90730286,145.0968933,5,3,house,2,2008-10-30,740,m2,"$622,000"
property-house-vic-oakleigh-105230646,Oakleigh,3166,6 Worcester St,-37.903165,145.106075,3,1,house,1,2008-10-21,530,m2,"$478,888"
property-townhouse-vic-oakleigh-105177894,Oakleigh,3166,4/1248 North Road,-37.91155624,145.0960083,4,2,townhouse,2,2008-10-09,,,"$495,000"
property-house-vic-oakleigh-105116390,Oakleigh,3166,3 Vivian Crt,-37.918879,145.110635,3,1,house,2,2008-10-02,,,"$439,950"
property-house-vic-oakleigh-105181408,Oakleigh,3166,191 Huntingdale Road,-37.90186691,145.1050415,3,1,house,2,2008-09-29,,,"$505,000"
property-house-vic-oakleigh-105197206,Oakleigh,3166,72 Haughton Road,-37.90601349,145.0951843,3,2,house,,2008-09-29,,,"$485,000"
property-villa-vic-oakleigh-105102003,Oakleigh,3166,2/180a Warrigal Road,-37.90886307,145.0853882,2,1,villa,1,2008-09-16,,,"$400,000"
property-unit-vic-oakleigh-104982917,Oakleigh,3165,Address available on request,,,2,1,unit,1,2008-08-30,,,"$305,688"
property-house-vic-oakleigh-105083264,Oakleigh,3166,27 Henry St,-37.902971,145.103749,3,1,house,2,2008-08-27,,,"$580,000"
property-house-vic-oakleigh-105068289,Oakleigh,3166,42 George St,-37.904856,145.101977,3,1,house,2,2008-08-25,,,"$527,000"
property-house-vic-oakleigh-104919259,Oakleigh,3166,1592 Dandenong Road,-37.90354538,145.1091919,2,1,house,3,2008-08-22,662,m2,"$495,000"
property-house-vic-oakleigh-105075555,Oakleigh,3166,2 Sherbrooke Avenue,-37.935959,145.080695,6,2,house,2,2008-08-16,,,"$535,000"
property-villa-vic-oakleigh-104986041,Oakleigh,3166,4/1 McIntosh Street,-37.90969086,145.0990601,2,1,villa,1,2008-08-04,,,"$318,000"
property-unit-vic-oakleigh-105060293,Oakleigh,3166,1/76 Haughton Road,-37.90645218,145.0953369,3,1,unit,1,2008-07-29,,,"$370,000"
property-house-vic-oakleigh-104945439,Oakleigh,3166,1169 North Road,-37.90999222,145.0910645,3,1,house,2,2008-07-12,,,"$463,000"
property-villa-vic-oakleigh-104969346,Oakleigh,3166,6/24 Grant Street,-37.89881897,145.0986633,2,1,villa,1,2008-07-02,,,"$390,000"
property-house-vic-oakleigh-104952115,Oakleigh,3166,5 Andrew St,-37.90612411,145.0942993,3,1,house,2,2008-06-27,,,"$586,000"
property-apartment-vic-oakleigh-104917647,Oakleigh,3166,15/1554 Dandenong Road,-37.89340591,145.0928955,1,1,apartment,1,2008-06-26,,,"$290,000"
property-house-vic-oakleigh-104892733,Oakleigh,3166,3/220 Huntingdale Road,-37.90407181,145.1053619,3,2,house,1,2008-06-23,,,"$405,000"
property-house-vic-oakleigh-104925237,Oakleigh,3166,2 Andrew Street,-37.90613937,145.0946503,3,2,house,2,2008-06-21,,,"$765,000"
property-house-vic-oakleigh-104801307,Oakleigh,3166,132 Ferntree Gully Road,-37.898564,145.11751,4,2,house,2,2008-06-19,733,m2,"$524,760"
property-house-vic-oakleigh-104793119,Oakleigh,3166,14 Abercrombie Street,-37.931461,145.083261,3,2,house,1,2008-06-04,,,"$630,000"
property-house-vic-oakleigh-104864391,Oakleigh,3166,1/89 Burlington St,-37.90291977,145.1006317,3,1,house,1,2008-06-04,,,"$476,000"
property-house-vic-oakleigh-104818631,Oakleigh,3166,42 Heath Avenue,-37.90216827,145.1003571,3,2,house,3,2008-05-17,876,m2,"$735,000"
property-house-vic-oakleigh-104815413,Oakleigh,3166,4 Greville Street,-37.90595245,145.1053314,3,1,house,1,2008-05-10,709,m2,"$495,000"
property-unit-vic-oakleigh-104711643,Oakleigh,3166,1/1438 Dandenong Road,-37.89474869,145.0942535,3,1,unit,1,2008-04-30,,,"$340,000"
property-townhouse-vic-oakleigh-104607891,Oakleigh,3166,8/16 Grant Street,-37.89813614,145.0986176,3,2,townhouse,2,2008-04-26,,,"$530,000"
property-townhouse-vic-oakleigh-150379248,Oakleigh,3166,43 Devon Grove,-37.89642449,145.1030099,4,3,townhouse,3,2026-04-29,380,m2,Contact agent
property-townhouse-vic-oakleigh-149873660,Oakleigh,3166,6/183 Atherton Road,-37.90048054,145.1036618,2,2,townhouse,1,2026-04-13,,,Contact agent
property-apartment-vic-oakleigh-149835940,Oakleigh,3166,6/41 Railway Avenue,-37.91059982,145.1033125,1,1,apartment,,2026-04-08,,,Contact agent
property-house-vic-oakleigh-150809988,Oakleigh,3166,8 Heath Avenue,-37.901639,145.096553,3,1,house,1,2026-04-01,,,Contact agent
property-apartment-vic-oakleigh-150628032,Oakleigh,3166,15/1 Heath Avenue,-37.901308,145.09614,2,1,apartment,1,2026-03-27,,,Contact agent
property-townhouse-vic-oakleigh-150324760,Oakleigh,3166,2/98 Haughton Road,-37.90809949,145.0974021,4,3,townhouse,2,2026-03-21,,,Contact agent
property-apartment-vic-oakleigh-150658272,Oakleigh,3166,704/6 Dalgety Street,-37.89199272,145.089514,2,2,apartment,1,2026-03-05,,,"$550,000"
property-house-vic-oakleigh-150116372,Oakleigh,3166,22 William Street,-37.902496,145.103321,3,1,house,2,2026-02-28,,,Contact agent
property-house-vic-oakleigh-150024364,Oakleigh,3166,130 Drummond Street,-37.895819,145.090516,3,1,house,2,2026-02-28,,,Contact agent
property-house-vic-oakleigh-149574508,Oakleigh,3166,60 Abbeygate Street,-37.909114,145.089581,3,2,house,2,2026-02-16,,,"$1,490,000"
property-apartment-vic-oakleigh-149926420,Oakleigh,3166,108/2 Dalgety Street,-37.89199272,145.089514,1,1,apartment,1,2026-01-30,,,"$416,888"
property-apartment-vic-oakleigh-148557216,Oakleigh,3166,106/35-41 Dalgety Street,-37.89189246,145.0934262,3,2,apartment,2,2026-01-28,,,"$721,000"
property-apartment-vic-oakleigh-149945080,Oakleigh,3166,401/2 Dalgety Street,-37.89199272,145.089514,2,1,apartment,1,2026-01-28,,,"$510,000"
property-townhouse-vic-oakleigh-149906072,Oakleigh,3166,3/183 Atherton Road,-37.90048054,145.1036618,2,2,townhouse,1,2026-01-24,,,"$906,000"
property-house-vic-oakleigh-149046792,Oakleigh,3166,16 William Street,-37.902092,145.103388,5,2,house,2,2026-01-23,540,m2,Contact agent
property-house-vic-oakleigh-150340940,Oakleigh,3166,8 Allen Street,-37.889684,145.090106,3,1,house,2,2026-01-19,650,m2,Contact agent
property-residential land-vic-oakleigh-204403740,Oakleigh,3166,1436 Dandenong Road,-37.89439939,145.0941128,,,residential land,,2026-01-13,1011,m2,"$1,300,000"
property-house-vic-oakleigh-148479760,Oakleigh,3166,1165 North Road,-37.909952,145.090663,4,1,house,3,2026-01-06,863,m2,Contact agent
property-apartment-vic-oakleigh-149879496,Oakleigh,3166,303/1525 Dandenong Road,-37.89289355,145.0905128,2,2,apartment,1,2025-12-24,,,"$447,500"
property-house-vic-oakleigh-149626224,Oakleigh,3166,17 Princess Street,-37.904869,145.093421,3,1,house,2,2025-12-12,,,"$1,090,000"
property-house-vic-oakleigh-149636380,Oakleigh,3166,22A Clyde Street,-37.89752024,145.0958639,2,1,house,2,2025-12-06,294,m2,"$1,071,000"
property-townhouse-vic-oakleigh-149499120,Oakleigh,3166,2/38 Andrew Street,-37.90950061,145.0943382,4,3,townhouse,2,2025-11-29,,,"$1,370,000"
property-house-vic-oakleigh-149430108,Oakleigh,3166,33 Andrew Street,-37.908867,145.093807,4,3,house,2,2025-11-28,695,m2,"$1,430,000"
property-townhouse-vic-oakleigh-149409852,Oakleigh,3166,1/28 William Street,-37.90289149,145.1032415,3,3,townhouse,2,2025-11-22,,,"$990,000"
property-house-vic-oakleigh-148794064,Oakleigh,3166,23 Ferntree Gully Road,-37.896364,145.102511,3,2,house,2,2025-11-18,727,m2,"$1,160,000"
property-apartment-vic-oakleigh-149390000,Oakleigh,3166,22/41 Railway Avenue,-37.91059982,145.1033125,1,1,apartment,,2025-11-18,,,"$275,000"
property-apartment-vic-oakleigh-149202944,Oakleigh,3166,108/6 Dalgety Street,-37.89199272,145.089514,2,2,apartment,1,2025-11-14,,,"$593,000"
property-house-vic-oakleigh-148870464,Oakleigh,3166,10 Wilson Street,-37.908264,145.094414,5,2,house,4,2025-11-11,548,m2,"$1,655,000"
property-townhouse-vic-oakleigh-149291184,Oakleigh,3166,2/20 Grandview Grove,-37.89484515,145.1054978,4,3,townhouse,2,2025-11-07,,,"$1,330,000"
property-apartment-vic-oakleigh-149275604,Oakleigh,3166,6/110 Atherton Road,-37.89981539,145.0963986,2,1,apartment,1,2025-11-01,71,m2,"$593,600"
property-townhouse-vic-oakleigh-149136560,Oakleigh,3166,2/37 Andrew Street,-37.90914301,145.0934098,4,3,townhouse,2,2025-10-25,,,"$1,550,000"
property-townhouse-vic-oakleigh-149186368,Oakleigh,3166,23B Logie Street,-37.89451531,145.0918126,4,2,townhouse,1,2025-10-25,,,Contact agent
property-apartment-vic-oakleigh-149317716,Oakleigh,3166,14B/79 Atherton Road,-37.89912265,145.093875,2,1,apartment,1,2025-10-23,,,Contact agent
property-unit-vic-oakleigh-149201552,Oakleigh,3166,3/8 Westminster Street,-37.90061007,145.0960376,3,1,unit,1,2025-10-22,,,"$878,000"
property-house-vic-oakleigh-149059096,Oakleigh,3166,1177 North Road,-37.910099,145.091944,3,1,house,2,2025-10-18,567,m2,"$981,000"
property-townhouse-vic-oakleigh-149385276,Oakleigh,3166,32 Estelle Street,-37.89320551,145.1059318,4,2,townhouse,3,2025-10-17,,,Contact agent
property-townhouse-vic-oakleigh-149010192,Oakleigh,3166,12/6 Willgilson Court,-37.90565755,145.0926023,3,2,townhouse,2,2025-10-11,,,"$950,000"
property-apartment-vic-oakleigh-148895200,Oakleigh,3166,7/119-123 Atkinson Street,-37.89761544,145.0923695,2,1,apartment,1,2025-09-24,2659,m2,"$460,000"
property-apartment-vic-oakleigh-148751564,Oakleigh,3166,206/63-65 Atherton Road,-37.8989481,145.0927662,2,1,apartment,,2025-09-24,,,"$410,000"
property-townhouse-vic-oakleigh-148244176,Oakleigh,3166,2/12 Leroux Street,-37.89544259,145.1047076,3,2,townhouse,1,2025-09-19,,,"$1,020,000"
property-townhouse-vic-oakleigh-148469804,Oakleigh,3166,2/1478 Dandenong Road,-37.89692308,145.0981112,3,2,townhouse,2,2025-09-11,176,m2,"$970,000"
property-townhouse-vic-oakleigh-148827976,Oakleigh,3166,1/16 Mora Avenue,-37.90226606,145.0890649,2,2,townhouse,1,2025-09-10,,,"$1,251,000"
property-apartment-vic-oakleigh-148759024,Oakleigh,3166,9/10 Albert Avenue,-37.8982,145.09456,2,1,apartment,1,2025-09-06,2653,m2,"$567,000"
property-house-vic-oakleigh-148639956,Oakleigh,3166,160 Warrigal Road,-37.907716,145.085614,3,2,house,2,2025-08-30,573,m2,"$902,000"
property-apartment-vic-oakleigh-147927060,Oakleigh,3166,21/119 Atkinson Street,-37.89761544,145.0923695,2,1,apartment,1,2025-08-19,,,"$465,000"
property-apartment-vic-oakleigh-148648280,Oakleigh,3166,16/6 Dalgety Street,-37.89199272,145.089514,2,2,apartment,1,2025-08-16,,,"$597,000"
property-townhouse-vic-oakleigh-148711292,Oakleigh,3166,4/201 Huntingdale Road,-37.90262743,145.1049148,3,1,townhouse,1,2025-08-13,,,"$717,000"
property-apartment-vic-oakleigh-148403168,Oakleigh,3166,3/4 Albert Avenue,-37.898109,145.0938729,2,1,apartment,1,2025-08-07,,,"$550,000"
property-apartment-vic-oakleigh-145231152,Oakleigh,3166,409/89 Atherton Road,-37.89920414,145.0943799,3,2,apartment,2,2025-08-04,,,Contact agent
property-townhouse-vic-oakleigh-150198480,Oakleigh,3166,4/41 Golf Links Avenue,-37.90787,145.09066,4,3,townhouse,2,2025-07-30,,,Contact agent
property-house-vic-oakleigh-148637452,Oakleigh,3166,23 Abbeygate Street,-37.906017,145.089752,3,1,house,2,2025-07-29,539,m2,"$1,362,500"
property-house-vic-oakleigh-147551936,Oakleigh,3166,4 Mead Court,-37.90673528,145.0920836,2,1,house,3,2025-07-24,256,m2,"$795,000"
property-apartment-vic-oakleigh-147566140,Oakleigh,3166,204/23 Oxford Street,-37.90092999,145.0926553,2,2,apartment,1,2025-07-24,,,"$460,000"
property-house-vic-oakleigh-147653372,Oakleigh,3166,60 Eastgate Street,-37.908513,145.088641,4,2,house,3,2025-07-06,,,"$1,750,000"
property-townhouse-vic-oakleigh-146366228,Oakleigh,3166,1/1255 North Road,-37.910987,145.100054,4,3,townhouse,2,2025-07-05,,,"$1,268,188"
property-unit-vic-oakleigh-148153124,Oakleigh,3166,4/8 Albert Avenue,-37.89817243,145.094428,2,1,unit,2,2025-07-03,,,"$660,000"
property-apartment-vic-oakleigh-147743720,Oakleigh,3166,11/79 Atherton Road,-37.89911763,145.0938732,2,1,apartment,1,2025-06-28,,,"$540,000"
property-unit-vic-oakleigh-148642696,Oakleigh,3166,7/6 Willgilson Court,-37.90565755,145.0926023,1,1,unit,1,2025-06-20,,,"$422,000"
property-apartment-vic-oakleigh-148065736,Oakleigh,3166,501/1525 Dandenong Road,-37.89289355,145.0905128,2,2,apartment,1,2025-06-17,,,"$500,000"
property-house-vic-oakleigh-147906948,Oakleigh,3166,1516 Dandenong Road,-37.89866189,145.1013497,3,1,house,1,2025-06-14,697,m2,"$1,138,888"
property-house-vic-oakleigh-147945000,Oakleigh,3166,20 Mora Avenue,-37.902317,145.089461,6,5,house,9,2025-05-31,723,m2,Contact agent
property-house-vic-oakleigh-144530648,Oakleigh,3166,6 Clyde Street,-37.89636551,145.0961184,2,1,house,,2025-05-31,,,"$1,100,000"
property-unit-vic-oakleigh-147963152,Oakleigh,3166,3/26 Golf Links Avenue,-37.9065605,145.0913006,2,1,unit,1,2025-05-31,,,"$640,000"
property-house-vic-oakleigh-147957280,Oakleigh,3166,33 Queens Avenue,-37.903764,145.089185,2,1,house,1,2025-05-28,457,m2,"$1,245,000"
property-house-vic-oakleigh-147755692,Oakleigh,3166,2 The Avenue,-37.896809,145.093777,4,1,house,1,2025-05-13,1048,m2,"$1,600,000"
property-apartment-vic-oakleigh-147210904,Oakleigh,3166,311/89 Atherton Road,-37.89920414,145.0943799,2,1,apartment,1,2025-05-08,,,"$560,000"
property-townhouse-vic-oakleigh-147742736,Oakleigh,3166,35C Ferntree Gully Road,-37.89635324,145.1041896,4,3,townhouse,2,2025-05-03,230,m2,"$1,200,000"
property-house-vic-oakleigh-147561420,Oakleigh,3166,10 Leroux Street,-37.895624,145.104668,3,1,house,3,2025-04-24,,,"$1,250,000"
property-townhouse-vic-oakleigh-146978172,Oakleigh,3166,12/4 Albert Avenue,-37.898109,145.0938729,2,1,townhouse,1,2025-04-15,,,"$580,000"
property-house-vic-oakleigh-147413356,Oakleigh,3166,25 Abbeygate Street,-37.906151,145.089726,5,2,house,3,2025-04-08,,,"$1,400,000"
property-house-vic-oakleigh-147722136,Oakleigh,3166,96 Haughton Road,-37.907737,145.097453,3,2,house,5,2025-04-07,,,"$1,255,000"
property-house-vic-oakleigh-147493208,Oakleigh,3166,50 Queens Avenue,-37.904175,145.090664,2,1,house,2,2025-04-05,340,m2,"$1,020,000"
property-unit-vic-oakleigh-147527368,Oakleigh,3166,5/33-35 Golf Links Avenue,-37.90713558,145.0906516,2,1,unit,1,2025-04-05,,,"$710,000"
property-house-vic-oakleigh-146680936,Oakleigh,3166,1/37 Andrew Street,-37.90914301,145.0934098,4,3,house,2,2025-04-01,,,"$1,505,000"
property-apartment-vic-oakleigh-147235868,Oakleigh,3166,105/6 Dalgety Street,-37.89199272,145.089514,2,2,apartment,1,2025-03-25,,,"$585,000"
property-house-vic-oakleigh-146813684,Oakleigh,3166,1253 North Road,-37.910957,145.099862,5,4,house,2,2025-03-17,685,m2,"$990,000"
property-house-vic-oakleigh-147264788,Oakleigh,3166,18 John Street,-37.902123,145.101397,3,1,house,2,2025-03-15,543,m2,"$1,400,000"
property-townhouse-vic-oakleigh-146891048,Oakleigh,3166,1/110 Atherton Road,-37.89981539,145.0963986,2,1,townhouse,1,2025-03-13,,,"$600,000"
property-apartment-vic-oakleigh-146221080,Oakleigh,3166,10/1 Heath Avenue,-37.901308,145.09614,2,1,apartment,1,2025-03-11,,,"$450,000"
property-townhouse-vic-oakleigh-147029444,Oakleigh,3166,4/13-15 Heath Avenue,-37.90146696,145.0972921,3,2,townhouse,2,2025-02-25,,,Contact agent
property-unit-vic-oakleigh-147058800,Oakleigh,3166,3/29 Clyde Street,-37.89792818,145.095085,2,1,unit,2,2025-02-22,211,m2,"$895,000"
property-house-vic-oakleigh-147083928,Oakleigh,3166,121 Burlington Street,-37.903275,145.103574,4,2,house,3,2025-02-20,636,m2,"$1,350,000"
property-unit-vic-oakleigh-147001996,Oakleigh,3166,5/2 Albert Avenue,-37.89808065,145.0936248,2,1,unit,1,2025-02-20,,,"$545,000"
property-apartment-vic-oakleigh-147068788,Oakleigh,3166,UG01/6 Dalgety Street,-37.89199272,145.089514,2,2,apartment,1,2025-02-12,,,Contact agent
property-apartment-vic-oakleigh-147059108,Oakleigh,3166,23/119 Atkinson Street,-37.89761544,145.0923695,2,1,apartment,1,2025-02-03,,,"$500,000"
property-unit-vic-oakleigh-139322239,Oakleigh,3166,6/105 Atherton Road,-37.89936142,145.0954801,2,1,unit,1,2025-01-29,,,"$412,000"
property-house-vic-oakleigh-147188872,Oakleigh,3166,1510 Dandenong Road,-37.89829184,145.1007564,3,2,house,1,2025-01-17,,,"$910,000"
property-apartment-vic-oakleigh-138140710,Oakleigh,3166,16/41 Railway Avenue,-37.91059982,145.1033125,1,1,apartment,,2025-01-14,,,"$190,000"
property-apartment-vic-oakleigh-146162632,Oakleigh,3166,903/6 Dalgety Street,-37.89199272,145.089514,2,2,apartment,1,2024-12-19,,,"$660,800"
property-house-vic-oakleigh-146683644,Oakleigh,3166,53 Abbeygate Street,-37.908047,145.089358,3,1,house,2,2024-12-14,,,"$1,325,000"
property-duplex+semi-detached-vic-oakleigh-146580668,Oakleigh,3166,32 Haughton Road,-37.902466,145.090299,2,1,duplex/semi-detached,2,2024-12-03,478,m2,"$885,000"
property-house-vic-oakleigh-146549276,Oakleigh,3166,107 Burlington Street,-37.903058,145.101805,3,1,house,,2024-11-30,,,"$1,656,000"
property-townhouse-vic-oakleigh-146496692,Oakleigh,3166,2/5 Winifred Street,-37.89488976,145.102119,3,2,townhouse,2,2024-11-29,,,"$1,050,000"
property-house-vic-oakleigh-146399432,Oakleigh,3166,4 Queens Avenue,-37.903798,145.086898,3,2,house,2,2024-11-23,511,m2,"$1,500,000"
property-house-vic-oakleigh-146717216,Oakleigh,3166,110 Warrigal Road,-37.904661,145.086205,2,1,house,1,2024-11-22,,,"$906,000"
property-house-vic-oakleigh-146415032,Oakleigh,3166,33 Westminster Street,-37.901843,145.095262,3,2,house,2,2024-11-19,,,"$1,150,000"
property-apartment-vic-oakleigh-145965444,Oakleigh,3166,2/46 Abbeygate Street,-37.908207,145.089752,2,1,apartment,1,2024-11-16,,,Contact agent
property-apartment-vic-oakleigh-146514668,Oakleigh,3166,19/79 Atherton Road,-37.89911763,145.0938732,2,1,apartment,1,2024-11-13,,,"$477,000"
property-house-vic-oakleigh-146039980,Oakleigh,3166,1/64 Golf Links Avenue,-37.909439,145.090744,2,1,house,2,2024-10-29,323,m2,"$970,000"
property-unit-vic-oakleigh-145990116,Oakleigh,3166,4/33-35 Golf Links Avenue,-37.90713558,145.0906516,2,1,unit,1,2024-10-29,,,"$667,000"
property-house-vic-oakleigh-146170820,Oakleigh,3166,27 Eastgate Street,-37.906143,145.088668,4,2,house,2,2024-10-26,534,m2,"$1,415,000"
property-house-vic-oakleigh-145877452,Oakleigh,3166,52 John Street,-37.905267,145.100793,4,2,house,2,2024-10-26,544,m2,"$1,330,500"
property-house-vic-oakleigh-146145320,Oakleigh,3166,73 Burlington Street,-37.902744,145.099152,3,1,house,2,2024-10-26,557,m2,"$1,110,000"
property-apartment-vic-oakleigh-145767352,Oakleigh,3166,118/2 Dalgety Street,-37.89199272,145.089514,2,2,apartment,1,2024-10-18,,,"$501,000"
property-apartment-vic-oakleigh-145728164,Oakleigh,3166,210/83-85 Drummond Street,-37.89241813,145.0906601,2,1,apartment,1,2024-10-14,,,"$420,000"
property-house-vic-oakleigh-146055948,Oakleigh,3166,5 Davey Avenue,-37.902628,145.087497,4,2,house,4,2024-10-12,677,m2,"$1,500,000"
property-house-vic-oakleigh-146317260,Oakleigh,3166,136 Atherton Road,-37.900194,145.099172,4,2,house,2,2024-10-10,,,"$1,690,000"
property-house-vic-oakleigh-145616700,Oakleigh,3166,26 Mora Avenue,-37.902391,145.09013,5,2,house,2,2024-10-09,545,m2,"$1,410,000"
property-apartment-vic-oakleigh-145662996,Oakleigh,3166,211/83-85 Drummond Street,-37.89241813,145.0906601,2,1,apartment,1,2024-10-02,,,"$460,000"
property-townhouse-vic-oakleigh-146150600,Oakleigh,3166,lot 1/41 Golf Links Avenue,-37.90787,145.09066,3,3,townhouse,2,2024-09-23,,,Contact agent
property-house-vic-oakleigh-145812852,Oakleigh,3166,15 Golf Links Avenue,-37.905732,145.091079,4,2,house,2,2024-09-21,885,m2,"$1,760,000"
property-house-vic-oakleigh-145871504,Oakleigh,3166,8 Clyde Street,-37.896486,145.096083,2,1,house,,2024-09-21,302,m2,Contact agent
property-unit-vic-oakleigh-145818212,Oakleigh,3166,9/122 Atherton Road,-37.899955,145.097417,2,1,unit,1,2024-09-13,159,m2,"$662,000"
property-house-vic-oakleigh-145813780,Oakleigh,3166,20 Parer Street,-37.910361,145.098137,3,2,house,2,2024-09-05,736,m2,"$1,392,000"
property-apartment-vic-oakleigh-145638620,Oakleigh,3166,502/83-85 Drummond Street,-37.89241813,145.0906601,2,1,apartment,1,2024-08-30,,,"$447,000"
property-house-vic-oakleigh-145572084,Oakleigh,3166,6 Queens Avenue,-37.90381,145.087057,3,1,house,2,2024-08-26,,,"$1,250,000"
property-house-vic-oakleigh-145558724,Oakleigh,3166,75 Drummond Street,-37.890531,145.090698,3,2,house,2,2024-08-17,610,m2,"$1,330,000"
property-townhouse-vic-oakleigh-144916252,Oakleigh,3166,1/1145 North Road,-37.9093855,145.0878537,4,2,townhouse,2,2024-08-09,273,m2,"$1,154,500"
property-apartment-vic-oakleigh-145425320,Oakleigh,3166,4/2 Albert Avenue,-37.89808065,145.0936248,2,2,apartment,1,2024-07-31,,,Contact agent
property-apartment-vic-oakleigh-145022104,Oakleigh,3166,7/105 Atherton Road,-37.89936142,145.0954801,2,1,apartment,1,2024-07-26,,,"$430,000"
property-house-vic-oakleigh-145319256,Oakleigh,3166,67 Eastgate Street,-37.90943379,145.0880323,3,2,house,2,2024-07-20,219,m2,"$1,220,000"
property-unit-vic-oakleigh-145351028,Oakleigh,3166,2/22 Golf Links Avenue,-37.9061666,145.0913684,2,1,unit,1,2024-07-18,,,"$705,000"
property-house-vic-oakleigh-145117140,Oakleigh,3166,13 Queens Avenue,-37.903616,145.087858,3,1,house,,2024-07-10,475,m2,"$1,300,000"
property-unit-vic-oakleigh-145223428,Oakleigh,3166,5/201-203 Huntingdale Road,-37.90262743,145.1049148,2,1,unit,1,2024-07-06,187,m2,"$683,000"
property-townhouse-vic-oakleigh-145145216,Oakleigh,3166,10a Merbow Street,-37.90128411,145.1000104,4,3,townhouse,2,2024-07-02,,,Contact agent
property-house-vic-oakleigh-145137004,Oakleigh,3166,1A Lincoln Avenue,-37.897836,145.099357,4,1,house,3,2024-06-22,1128,m2,"$1,600,000"
property-house-vic-oakleigh-145011740,Oakleigh,3166,78 Haughton Road,-37.906509,145.095808,3,1,house,2,2024-06-19,,,"$940,000"
property-townhouse-vic-oakleigh-145267740,Oakleigh,3166,lot 2/41 Golf Links Avenue,-37.90787,145.09066,4,3,townhouse,2,2024-06-13,,,Contact agent
property-apartment-vic-oakleigh-145111204,Oakleigh,3166,16/119-123 Atkinson Street,-37.89761544,145.0923695,2,1,apartment,1,2024-06-13,,,"$505,000"
property-unit-vic-oakleigh-145110792,Oakleigh,3166,6/33-35 Golf Links Avenue,-37.90713558,145.0906516,2,1,unit,2,2024-06-12,,,"$785,000"
property-house-vic-oakleigh-144939556,Oakleigh,3166,170 Atherton Road,-37.900633,145.102345,3,2,house,2,2024-06-01,466,m2,"$1,112,500"
property-house-vic-oakleigh-144710620,Oakleigh,3166,118 Atherton Road,-37.899897,145.096973,4,1,house,4,2024-05-31,631,m2,"$1,700,000"
property-apartment-vic-oakleigh-145268144,Oakleigh,3166,1/39 Ferntree Gully Road,-37.89662868,145.1047766,2,1,apartment,,2024-05-27,,,"$514,000"
property-unit-vic-oakleigh-144893556,Oakleigh,3166,3/24 Golf Links Avenue,-37.90628806,145.0913032,2,1,unit,2,2024-05-23,,,"$745,000"
property-apartment-vic-oakleigh-144886740,Oakleigh,3166,3/1 Heath Avenue,-37.901308,145.09614,2,1,apartment,1,2024-05-20,,,"$484,200"
property-house-vic-oakleigh-144854492,Oakleigh,3166,141 Atherton Road,-37.89989,145.099305,4,3,house,4,2024-05-18,697,m2,"$1,850,000"
property-apartment-vic-oakleigh-145033400,Oakleigh,3166,119/6 Dalgety Street,-37.89199272,145.089514,2,2,apartment,1,2024-05-13,,,"$515,000"
property-house-vic-oakleigh-144766656,Oakleigh,3166,11 Westminster Street,-37.900549,145.0955,3,1,house,2,2024-05-11,455,m2,"$1,250,000"
property-apartment-vic-oakleigh-144779360,Oakleigh,3166,19/119-123 Atkinson Street,-37.89761544,145.0923695,2,1,apartment,1,2024-05-11,,,"$482,000"
property-apartment-vic-oakleigh-145032284,Oakleigh,3166,504/6 Dalgety Street,-37.89199272,145.089514,3,2,apartment,2,2024-05-06,,,"$730,000"
property-apartment-vic-oakleigh-144382456,Oakleigh,3166,5/103 Atherton Road,-37.89929566,145.0950164,1,1,apartment,1,2024-05-04,,,"$335,000"
property-house-vic-oakleigh-144659236,Oakleigh,3166,17 Westminster Street,-37.900837,145.095448,3,1,house,,2024-05-01,,,"$1,370,000"
property-apartment-vic-oakleigh-144897688,Oakleigh,3166,404/6 Dalgety Street,-37.89199272,145.089514,3,2,apartment,2,2024-04-28,,,"$745,000"
property-house-vic-oakleigh-144647036,Oakleigh,3166,6 Taylor Street,-37.895805,145.091358,4,2,house,2,2024-04-27,,,"$1,890,000"
property-townhouse-vic-oakleigh-145033152,Oakleigh,3166,4/2 Dalgety Street,-37.89199272,145.089514,2,2,townhouse,1,2024-04-26,,,"$670,000"
property-apartment-vic-oakleigh-144608780,Oakleigh,3166,206/83-85 Drummond Street,-37.89241813,145.0906601,1,1,apartment,1,2024-04-24,,,"$360,000"
property-house-vic-oakleigh-144953076,Oakleigh,3166,39 Bishop Street,-37.907654,145.092895,3,1,house,2,2024-04-19,546,m2,"$1,290,000"
property-unit-vic-oakleigh-143190868,Oakleigh,3166,4/126 Atherton Road,-37.90001173,145.0978298,2,1,unit,2,2024-04-18,,,"$705,000"
property-house-vic-oakleigh-144290584,Oakleigh,3166,59 Golf Links Avenue,-37.909119,145.090434,2,1,house,2,2024-04-13,905,m2,"$1,390,000"
property-apartment-vic-oakleigh-143826832,Oakleigh,3166,508/89 Atherton Road,-37.899197,145.094341,2,1,apartment,1,2024-04-10,,,"$570,000"
property-house-vic-oakleigh-144108880,Oakleigh,3166,31 Queens Avenue,-37.903743,145.089049,4,2,house,2,2024-04-04,,,"$1,650,000"
property-apartment-vic-oakleigh-145564772,Oakleigh,3166,109/63-65 Atherton Road,-37.8989481,145.0927662,2,1,apartment,1,2024-04-04,,,Contact agent
property-apartment-vic-oakleigh-144509784,Oakleigh,3166,109/63-65 Atherton Road,-37.8989481,145.0927662,2,1,apartment,1,2024-04-04,,,"$555,000"
property-apartment-vic-oakleigh-143060972,Oakleigh,3166,8/6 Dalgety Street,-37.89198965,145.0893929,2,1,apartment,1,2024-03-27,,,"$480,000"
property-apartment-vic-oakleigh-144006852,Oakleigh,3166,13/13 Logie Street,-37.89432127,145.0900745,2,1,apartment,1,2024-03-26,,,"$481,000"
property-house-vic-oakleigh-143569376,Oakleigh,3166,11 Eastgate Street,-37.905056,145.088878,5,3,house,2,2024-03-25,545,m2,"$2,150,000"
property-house-vic-oakleigh-144387432,Oakleigh,3166,10 Heath Avenue,-37.901669,145.096723,4,2,house,2,2024-03-23,,,"$1,870,000"
property-house-vic-oakleigh-144223424,Oakleigh,3166,19 Abbeygate Street,-37.905747,145.089793,2,1,house,2,2024-03-16,,,"$1,290,000"
property-apartment-vic-oakleigh-144421568,Oakleigh,3166,406/6 Dalgety Street,-37.89198965,145.0893929,2,2,apartment,1,2024-03-05,,,"$570,888"
property-apartment-vic-oakleigh-144422188,Oakleigh,3166,307/6 Dalgety Street,-37.89198965,145.0893929,2,2,apartment,1,2024-03-05,,,"$566,000"
property-apartment-vic-oakleigh-143412672,Oakleigh,3166,6/45 Railway Avenue,-37.91059982,145.1033125,2,1,apartment,1,2024-03-01,,,Contact agent
property-house-vic-oakleigh-143539912,Oakleigh,3166,14 Andrew Street,-37.906968,145.094505,5,5,house,3,2024-02-27,613,m2,"$2,745,000"
property-house-vic-oakleigh-144063968,Oakleigh,3166,23 Downing Street,-37.900879,145.093581,3,2,house,2,2024-02-24,400,m2,"$1,616,000"
property-apartment-vic-oakleigh-143882728,Oakleigh,3166,113/1525 Dandenong Road,-37.89289355,145.0905128,1,1,apartment,1,2024-02-20,,,"$292,500"
property-house-vic-oakleigh-144089100,Oakleigh,3166,7 Westley Street,-37.895985,145.094663,3,2,house,1,2024-02-17,,,"$1,455,000"
property-apartment-vic-oakleigh-144092020,Oakleigh,3166,7/39 Ferntree Gully Road,-37.89662868,145.1047766,2,1,apartment,1,2024-02-15,,,"$520,000"
property-unit-vic-oakleigh-143755468,Oakleigh,3166,6/3 Albert Avenue,-37.89758571,145.0940126,2,1,unit,1,2024-02-14,,,"$594,117"
property-apartment-vic-oakleigh-144421880,Oakleigh,3166,218/6 Dalgety Street,-37.89198965,145.0893929,2,2,apartment,1,2024-02-14,,,"$550,000"
property-apartment-vic-oakleigh-143932420,Oakleigh,3166,504/63-65 Atherton Road,-37.8989481,145.0927662,2,1,apartment,1,2024-02-13,,,"$520,000"
property-house-vic-oakleigh-143991796,Oakleigh,3166,3 Young Street,-37.906692,145.095308,3,2,house,1,2024-02-10,,,"$1,580,000"
property-house-vic-oakleigh-143631036,Oakleigh,3166,8 Mill Road,-37.901361,145.088314,2,1,house,1,2024-01-09,,,"$990,000"
property-apartment-vic-oakleigh-143706340,Oakleigh,3166,8/82-86 Atherton Road,-37.89942033,145.0937799,2,1,apartment,2,2023-12-18,,,"$430,000"
property-house-vic-oakleigh-143665516,Oakleigh,3166,13 Connell Road,-37.901307,145.09829,3,1,house,2,2023-12-16,696,m2,"$1,377,000"
property-house-vic-oakleigh-143717780,Oakleigh,3166,27 Young Street,-37.909253,145.094832,4,2,house,3,2023-12-15,,,"$1,450,000"
property-apartment-vic-oakleigh-143769388,Oakleigh,3166,101/148 Warrigal Road,-37.90662977,145.0858247,2,1,apartment,1,2023-12-14,,,"$400,000"
property-apartment-vic-oakleigh-143580752,Oakleigh,3166,602/19-21 Hanover Street,-37.90085826,145.0917337,1,1,apartment,1,2023-12-06,,,"$372,000"
property-unit-vic-oakleigh-143635488,Oakleigh,3166,5/24 Grant Street,-37.898831,145.0979987,2,1,unit,1,2023-12-05,,,"$815,000"
property-apartment-vic-oakleigh-143446604,Oakleigh,3166,1/4 Albert Avenue,-37.898109,145.0938729,2,1,apartment,1,2023-12-04,,,"$500,000"
property-house-vic-oakleigh-143574620,Oakleigh,3166,7 McIntosh Street,-37.910053,145.099123,3,2,house,2,2023-12-02,,,"$1,385,000"
property-townhouse-vic-oakleigh-143500980,Oakleigh,3166,2/12 Golf Links Avenue,-37.905351,145.091498,3,2,townhouse,2,2023-11-25,244,m2,"$1,000,000"
property-house-vic-oakleigh-143314308,Oakleigh,3166,12 Wilson Street,-37.908275,145.094562,3,1,house,1,2023-11-23,548,m2,"$1,135,000"
property-house-vic-oakleigh-143303636,Oakleigh,3166,57 Bishop Street,-37.909208,145.092593,2,1,house,1,2023-11-18,600,m2,"$1,241,000"
property-house-vic-oakleigh-143677476,Oakleigh,3166,114/2 Dalgety Street,-37.89198965,145.0893929,2,1,house,1,2023-11-17,,,"$530,000"
property-house-vic-oakleigh-143831604,Oakleigh,3166,18 Raymond Court,-37.892098,145.103417,3,2,house,3,2023-11-16,691,m2,"$1,350,000"
property-house-vic-oakleigh-142813300,Oakleigh,3166,18 Raymond Court,-37.892098,145.103417,3,2,house,3,2023-11-16,691,m2,Contact agent
property-house-vic-oakleigh-143395160,Oakleigh,3166,35 Bishop Street,-37.907375,145.092936,3,1,house,1,2023-11-11,,,"$1,205,000"
property-house-vic-oakleigh-143199860,Oakleigh,3166,1/1526 Dandenong Road,-37.8991983,145.1022002,4,2,house,2,2023-11-08,428,m2,"$1,825,000"
property-apartment-vic-oakleigh-143464520,Oakleigh,3166,402/83-85 Drummond Street,-37.89241813,145.0906601,1,1,apartment,1,2023-11-01,,,"$342,500"
property-house-vic-oakleigh-143253608,Oakleigh,3166,785 Warrigal Road,-37.889748,145.08907,5,2,house,4,2023-10-28,626,m2,"$1,575,000"
property-apartment-vic-oakleigh-142966008,Oakleigh,3166,601/19-21 Hanover Street,-37.90085826,145.0917337,1,1,apartment,1,2023-10-26,,,"$370,000"
property-apartment-vic-oakleigh-143044340,Oakleigh,3166,307/2 Dalgety Street,-37.89198965,145.0893929,1,1,apartment,1,2023-10-25,,,"$400,000"
property-apartment-vic-oakleigh-142939872,Oakleigh,3166,8/39 Ferntree Gully Road,-37.89662868,145.1047766,2,1,apartment,1,2023-10-20,,,"$510,000"
property-house-vic-oakleigh-143168128,Oakleigh,3166,114 Drummond Street,-37.894301,145.090851,2,1,house,1,2023-10-17,405,m2,"$1,210,000"
property-house-vic-oakleigh-143120720,Oakleigh,3166,45 Tamar Grove,-37.89913572,145.0962888,3,1,house,2,2023-10-14,,,"$1,310,000"
property-apartment-vic-oakleigh-142892752,Oakleigh,3166,104/83-85 Drummond Street,-37.89241813,145.0906601,2,1,apartment,1,2023-10-13,,,"$445,000"
property-apartment-vic-oakleigh-143089528,Oakleigh,3166,502/2 Dalgety Street,-37.89198965,145.0893929,2,2,apartment,1,2023-10-10,,,"$548,000"
property-house-vic-oakleigh-143046820,Oakleigh,3166,31 Gadd Street,-37.910102,145.096608,2,1,house,1,2023-10-05,536,m2,"$1,170,000"
property-apartment-vic-oakleigh-138440475,Oakleigh,3166,605/1525 Dandenong Road,-37.89289355,145.0905128,2,2,apartment,2,2023-10-04,,,"$482,000"
property-apartment-vic-oakleigh-143089780,Oakleigh,3166,601/2 Dalgety Street,-37.89198965,145.0893929,2,1,apartment,1,2023-09-13,,,"$540,000"
property-house-vic-oakleigh-142794940,Oakleigh,3166,1/17 Norfolk Avenue,-37.899467,145.100271,3,1,house,2,2023-09-02,289,m2,"$1,160,000"
property-house-vic-oakleigh-142803676,Oakleigh,3166,7 John Street,-37.901263,145.101201,3,1,house,2,2023-08-31,313,m2,"$1,110,000"
property-house-vic-oakleigh-142711624,Oakleigh,3166,27 Ferntree Gully Road,-37.896416,145.102953,3,1,house,2,2023-08-26,,,"$1,545,000"
property-house-vic-oakleigh-142525100,Oakleigh,3166,43 Westgate Street,-37.907654,145.086275,4,2,house,2,2023-08-06,577,m2,"$1,630,000"
property-house-vic-oakleigh-142596504,Oakleigh,3166,19 Young Street,-37.908687,145.094927,3,1,house,2,2023-08-05,,,"$1,430,000"
property-residential land-vic-oakleigh-203467779,Oakleigh,3166,4-6 Heath Avenue,-37.901597,145.096213,,,residential land,,2023-08-02,2101,m2,Contact agent
property-house-vic-oakleigh-142521152,Oakleigh,3166,211A Huntingdale Road,-37.904067,145.104634,3,1,house,4,2023-08-01,561,m2,"$970,000"
property-townhouse-vic-oakleigh-142481636,Oakleigh,3166,8/13 Heath Avenue,-37.90146696,145.0972921,3,2,townhouse,2,2023-07-22,291,m2,"$1,258,000"
property-house-vic-oakleigh-142460652,Oakleigh,3166,1201 North Road,-37.910315,145.094202,3,1,house,1,2023-07-22,,,"$955,000"
property-house-vic-oakleigh-142659112,Oakleigh,3166,50 Davey Avenue,-37.903287,145.090937,4,2,house,3,2023-07-18,,,"$2,125,000"
property-unit-vic-oakleigh-141482984,Oakleigh,3166,8/122 Atherton Road,-37.899955,145.097417,2,1,unit,1,2023-07-07,,,"$612,000"
property-apartment-vic-oakleigh-143859020,Oakleigh,3166,802/6 Dalgety Street,-37.89198965,145.0893929,2,1,apartment,1,2023-07-07,,,Contact agent
property-house-vic-oakleigh-140050303,Oakleigh,3166,56 Burlington Street,-37.902792,145.097103,5,3,house,4,2023-07-04,,,"$2,200,000"
property-house-vic-oakleigh-142375784,Oakleigh,3166,1/38 Andrew Street,-37.90950061,145.0943382,4,3,house,2,2023-07-03,,,"$1,490,888"
property-apartment-vic-oakleigh-142332140,Oakleigh,3166,G01/83-85 Drummond Street,-37.89241813,145.0906601,2,1,apartment,1,2023-06-28,111,m2,Contact agent
property-house-vic-oakleigh-142196796,Oakleigh,3166,41 Golf Links Avenue,-37.90787,145.09066,4,1,house,4,2023-06-26,1056,m2,Contact agent
property-apartment-vic-oakleigh-142252928,Oakleigh,3166,210/63-65 Atherton Road,-37.8989481,145.0927662,2,1,apartment,1,2023-06-24,,,"$446,000"
property-villa-vic-oakleigh-142342752,Oakleigh,3166,3/1 Mcintosh Street,-37.9096906,145.0991818,2,1,villa,1,2023-06-22,,,"$740,104"
property-apartment-vic-oakleigh-142410140,Oakleigh,3166,217/6 Dalgety Street,-37.89198965,145.0893929,2,2,apartment,1,2023-06-21,,,"$578,000"
property-house-vic-oakleigh-142170684,Oakleigh,3166,13 Lincoln Avenue,-37.898608,145.099167,3,2,house,1,2023-06-03,650,m2,Contact agent
property-townhouse-vic-oakleigh-142026336,Oakleigh,3166,1/19 John Street,-37.90218079,145.1010231,4,2,townhouse,2,2023-05-27,251,m2,"$1,025,000"
property-house-vic-oakleigh-141487064,Oakleigh,3166,1203 North Road,-37.910328,145.094407,4,1,house,4,2023-05-24,,,"$1,155,122"
property-apartment-vic-oakleigh-141819308,Oakleigh,3166,7/2 Albert Avenue,-37.89808065,145.0936248,2,2,apartment,1,2023-05-23,,,Contact agent
property-house-vic-oakleigh-142302364,Oakleigh,3166,63 Eastgate Street,-37.909162,145.08809,4,2,house,2,2023-05-20,,,"$1,835,000"
property-house-vic-oakleigh-142017260,Oakleigh,3166,38 Regent Street,-37.90177599,145.0946977,3,2,house,,2023-05-20,352,m2,"$1,245,000"
property-townhouse-vic-oakleigh-141242112,Oakleigh,3166,3/201 Huntingdale Road,-37.90262743,145.1049148,3,1,townhouse,1,2023-05-16,,,"$628,000"
property-house-vic-oakleigh-141091204,Oakleigh,3166,2 Rua Court,-37.891514,145.102431,2,1,house,1,2023-05-12,1380,m2,Contact agent
property-house-vic-oakleigh-141821940,Oakleigh,3166,78 Burlington Street,-37.903033,145.099178,3,1,house,2,2023-05-04,557,m2,"$985,000"
property-house-vic-oakleigh-141842352,Oakleigh,3166,5 Downing Street,-37.900017,145.093751,3,2,house,4,2023-04-29,697,m2,"$1,350,000"
property-unit-vic-oakleigh-141840896,Oakleigh,3166,4/1 York Avenue,-37.89929086,145.1015915,2,1,unit,1,2023-04-22,,,"$725,000"
property-unit-vic-oakleigh-141681588,Oakleigh,3166,102/83-85 Drummond Street,-37.89241813,145.0906601,1,1,unit,1,2023-04-17,,,"$351,500"
property-house-vic-oakleigh-141772724,Oakleigh,3166,30 Henry Street,-37.903994,145.104021,3,1,house,4,2023-04-15,543,m2,"$1,150,000"
property-townhouse-vic-oakleigh-137842986,Oakleigh,3166,3/165 Atherton Road,-37.900229,145.101855,4,3,townhouse,2,2023-04-14,,,Contact agent
property-apartment-vic-oakleigh-138473091,Oakleigh,3166,25/41 Railway Avenue,-37.91059982,145.1033125,1,1,apartment,,2023-04-11,,,"$198,000"
property-apartment-vic-oakleigh-140050095,Oakleigh,3166,403/6 Dalgety Street,-37.89198965,145.0893929,2,2,apartment,1,2023-03-29,,,Contact agent
property-unit-vic-oakleigh-141295532,Oakleigh,3166,2/7 Rua Court,-37.89177437,145.1020437,4,2,unit,2,2023-03-17,,,"$1,090,000"
property-unit-vic-oakleigh-141152328,Oakleigh,3166,1/1169 North Road,-37.91000979,145.0909849,4,2,unit,1,2023-03-17,321,m2,"$855,000"
property-townhouse-vic-oakleigh-141502808,Oakleigh,3166,2/111 Burlington Street,-37.90313873,145.102436,2,2,townhouse,2,2023-03-16,,,"$1,111,000"
property-apartment-vic-oakleigh-143859176,Oakleigh,3166,503/6 Dalgety Street,-37.89198965,145.0893929,2,2,apartment,,2023-03-16,,,Contact agent
property-house-vic-oakleigh-141106344,Oakleigh,3166,17 Hatter Street,-37.905425,145.087743,4,2,house,2,2023-03-02,,,Contact agent
property-house-vic-oakleigh-141451860,Oakleigh,3166,17 Hatter Street,-37.905425,145.087743,4,2,house,2,2023-03-02,,,"$1,850,000"
property-house-vic-oakleigh-141379068,Oakleigh,3166,26 Estelle Street,-37.893098,145.105086,4,2,house,2,2023-02-25,,,"$1,265,000"
property-apartment-vic-oakleigh-141423960,Oakleigh,3166,G3/89 Atherton Road,-37.899197,145.094341,2,2,apartment,1,2023-02-23,,,Contact agent
property-house-vic-oakleigh-141225284,Oakleigh,3166,1/20 Grandview Grove,-37.89484515,145.1054978,3,1,house,2,2023-02-11,,,"$1,080,000"
property-unit-vic-oakleigh-140924836,Oakleigh,3166,208/83-85 Drummond Street,-37.89241813,145.0906601,2,1,unit,1,2023-02-09,,,"$465,000"
property-house-vic-oakleigh-141167740,Oakleigh,3166,2 Queens Avenue,-37.903778,145.086773,4,2,house,2,2023-02-04,417,m2,"$1,111,000"
property-unit-vic-oakleigh-140658215,Oakleigh,3166,305/83-85 Drummond Street,-37.89241813,145.0906601,1,1,unit,1,2023-01-25,,,"$365,000"
property-apartment-vic-oakleigh-141242980,Oakleigh,3166,8/105 Atherton Road,-37.89936142,145.0954801,2,1,apartment,1,2023-01-24,,,"$360,000"
property-house-vic-oakleigh-140948708,Oakleigh,3166,34 Oxford Street,-37.90149,145.092906,3,1,house,1,2022-12-17,506,m2,"$1,251,000"
property-apartment-vic-oakleigh-140508835,Oakleigh,3166,5/4 Albert Avenue,-37.898109,145.0938729,2,1,apartment,1,2022-12-07,,,"$510,000"
property-apartment-vic-oakleigh-140751379,Oakleigh,3166,17/2 Albert Avenue,-37.89808065,145.0936248,2,2,apartment,1,2022-11-30,,,"$602,000"
property-house-vic-oakleigh-140543891,Oakleigh,3166,40 John Street,-37.904441,145.10095,4,2,house,2,2022-11-25,545,m2,"$1,431,000"
property-apartment-vic-oakleigh-140984428,Oakleigh,3166,G06/6 Dalgety Street,-37.89198965,145.0893929,2,1,apartment,1,2022-11-25,,,Contact agent
property-house-vic-oakleigh-140708431,Oakleigh,3166,2 Logie Court,-37.895123,145.093775,4,2,house,2,2022-11-19,,,"$1,836,000"
property-unit-vic-oakleigh-140545931,Oakleigh,3166,5/105 Atherton Road,-37.89936142,145.0954801,2,1,unit,1,2022-10-30,,,"$426,000"
property-apartment-vic-oakleigh-140882720,Oakleigh,3166,206/19-21 Hanover Street,-37.90085826,145.0917337,1,1,apartment,1,2022-10-14,52,m2,"$326,578"
property-unit-vic-oakleigh-140201823,Oakleigh,3166,306/83-85 Drummond Street,-37.89241813,145.0906601,1,1,unit,1,2022-10-12,,,"$365,000"
property-house-vic-oakleigh-140276191,Oakleigh,3166,127 Atkinson Street,-37.898136,145.092276,3,1,house,4,2022-10-08,756,m2,"$1,498,000"
property-house-vic-oakleigh-140070619,Oakleigh,3166,4 Tamar Grove,-37.896783,145.097178,3,1,house,4,2022-10-08,667,m2,"$1,288,888"
property-house-vic-oakleigh-140530283,Oakleigh,3166,1205 North Road,-37.91036372,145.0946654,4,1,house,1,2022-10-01,,,"$890,000"
property-house-vic-oakleigh-139980015,Oakleigh,3166,9 Tamar Grove,-37.896902,145.096766,4,2,house,3,2022-09-23,,,"$1,850,000"
property-apartment-vic-oakleigh-140473007,Oakleigh,3166,806/6 Dalgety Street,-37.89198965,145.0893929,2,2,apartment,1,2022-09-19,,,Contact agent
property-townhouse-vic-oakleigh-140047895,Oakleigh,3166,3/4 Lincoln Avenue,-37.89813109,145.0996873,2,1,townhouse,1,2022-09-09,94,m2,"$685,500"
property-house-vic-oakleigh-139249639,Oakleigh,3166,46 George Street,-37.905112,145.101809,3,1,house,2,2022-09-07,542,m2,Contact agent
property-townhouse-vic-oakleigh-139724575,Oakleigh,3166,2/108 Atherton Road,-37.89980108,145.0962522,3,2,townhouse,1,2022-08-04,,,Contact agent
property-apartment-vic-oakleigh-136066482,Oakleigh,3166,"406,124,TH03/2-6 Dalgety Street",-37.89198965,145.0893929,3,2,apartment,2,2022-08-01,,,Contact agent
property-apartment-vic-oakleigh-137543178,Oakleigh,3166,603/19-21 Hanover Street,-37.90085826,145.0917337,1,1,apartment,1,2022-07-29,,,Contact agent
property-apartment-vic-oakleigh-139467019,Oakleigh,3166,109/83-85 Drummond Street,-37.89241813,145.0906601,1,1,apartment,1,2022-07-15,,,"$355,000"
property-house-vic-oakleigh-139514695,Oakleigh,3166,18 Westgate Street,-37.905361,145.08713,4,2,house,2,2022-07-14,,,"$1,540,000"
property-townhouse-vic-oakleigh-139326023,Oakleigh,3166,2A Grant Street,-37.8972973,145.0983255,3,1,townhouse,2,2022-07-09,,,"$915,000"
property-townhouse-vic-oakleigh-139531935,Oakleigh,3166,1/16 Grant Street,-37.89818585,145.0982852,3,2,townhouse,2,2022-07-04,,,Contact agent
property-apartment-vic-oakleigh-139487271,Oakleigh,3166,105/83-85 Drummond Street,-37.89241813,145.0906601,1,1,apartment,1,2022-07-04,,,"$353,000"
property-townhouse-vic-oakleigh-139805595,Oakleigh,3166,3/46 Golf Links Avenue,-37.908217,145.090969,4,3,townhouse,2,2022-07-02,,,Contact agent
property-house-vic-oakleigh-139441419,Oakleigh,3166,126 Haughton Road,-37.90932,145.099528,2,1,house,2,2022-06-20,700,m2,Contact agent
property-house-vic-oakleigh-139463743,Oakleigh,3166,14 Mora Avenue,-37.902245,145.088894,3,1,house,1,2022-06-18,,,"$1,150,000"
property-apartment-vic-oakleigh-139397387,Oakleigh,3166,4/40-42 Atherton Road,-37.8990529,145.0913061,4,3,apartment,2,2022-06-18,,,Contact agent
property-townhouse-vic-oakleigh-139389755,Oakleigh,3166,1/14 Mill Road,-37.90163927,145.0888293,2,2,townhouse,1,2022-06-18,,,"$715,000"
property-apartment-vic-oakleigh-139397383,Oakleigh,3166,3/40-42 Atherton Road,-37.8990529,145.0913061,3,2,apartment,2,2022-06-18,,,Contact agent
property-apartment-vic-oakleigh-139032879,Oakleigh,3166,6/2 Albert Avenue,-37.89808065,145.0936248,2,2,apartment,1,2022-06-18,,,"$581,000"
property-house-vic-oakleigh-139335187,Oakleigh,3166,10 Classic Court,-37.893891,145.104508,5,3,house,2,2022-06-04,532,m2,"$1,230,000"
property-house-vic-oakleigh-138313382,Oakleigh,3166,1 Norfolk Avenue,-37.8985325,145.1005025,5,2,house,3,2022-06-02,765,m2,"$1,740,000"
property-apartment-vic-oakleigh-139398039,Oakleigh,3166,2/40-42 Atherton Road,-37.8990529,145.0913061,2,2,apartment,2,2022-06-01,,,Contact agent
property-unit-vic-oakleigh-139132655,Oakleigh,3166,2/1 Gadd Street,-37.90765382,145.0967589,3,1,unit,2,2022-05-21,,,"$750,000"
property-townhouse-vic-oakleigh-139430987,Oakleigh,3166,119/2 Dalgety Street,-37.89198965,145.0893929,2,2,townhouse,1,2022-05-20,,,Contact agent
property-apartment-vic-oakleigh-138121034,Oakleigh,3166,9/119 Atkinson Street,-37.89761544,145.0923695,2,1,apartment,1,2022-05-11,,,"$448,000"
property-house-vic-oakleigh-139020551,Oakleigh,3166,1/119 Burlington Street,-37.90325,145.103349,3,1,house,1,2022-04-30,285,m2,"$845,000"
property-house-vic-oakleigh-138649803,Oakleigh,3166,27 Bishop Street,-37.906818,145.093041,5,3,house,2,2022-04-22,,,Contact agent
property-apartment-vic-oakleigh-133767262,Oakleigh,3166,104/1525 Dandenong Road,-37.89289355,145.0905128,2,2,apartment,1,2022-04-22,,,"$450,000"
property-apartment-vic-oakleigh-132155354,Oakleigh,3166,510/1525 Dandenong Road,-37.89289355,145.0905128,2,2,apartment,1,2022-04-13,,,Contact agent
property-apartment-vic-oakleigh-138820711,Oakleigh,3166,13/45 Railway Avenue,-37.91059982,145.1033125,2,1,apartment,1,2022-04-09,,,"$317,000"
property-house-vic-oakleigh-138515391,Oakleigh,3166,4 Winifred Street,-37.894831,145.10246,5,2,house,3,2022-04-04,,,"$1,700,000"
property-house-vic-oakleigh-138652331,Oakleigh,3166,39 Eastgate Street,-37.906943,145.088523,4,2,house,3,2022-03-26,,,"$1,767,000"
property-house-vic-oakleigh-138684047,Oakleigh,3166,5 Abbeygate Street,-37.904804,145.089977,2,1,house,1,2022-03-26,,,"$1,351,000"
property-unit-vic-oakleigh-138711771,Oakleigh,3166,1/105 Atherton Road,-37.89936142,145.0954801,2,1,unit,1,2022-03-26,,,"$510,000"
property-apartment-vic-oakleigh-138217966,Oakleigh,3166,24/79 Atherton Road,-37.89911763,145.0938732,2,1,apartment,1,2022-03-25,,,Contact agent
property-house-vic-oakleigh-138633399,Oakleigh,3166,1179 North Road,-37.91011,145.092103,3,1,house,2,2022-03-23,569,m2,"$1,055,000"
property-house-vic-oakleigh-138629959,Oakleigh,3166,32 John Street,-37.903911,145.101055,3,1,house,2,2022-03-12,,,"$1,270,000"
property-house-vic-oakleigh-138319186,Oakleigh,3166,94 Atkinson Street,-37.89606,145.093194,3,2,house,3,2022-03-11,1369,m2,"$2,200,000"
property-unit-vic-oakleigh-138443443,Oakleigh,3166,2/233 Huntingdale Road,-37.9058631,145.1041714,3,1,unit,1,2022-02-26,,,"$779,000"
property-house-vic-oakleigh-138328726,Oakleigh,3166,21 Logie Street,-37.894493,145.091597,7,3,house,4,2022-02-24,1200,m2,Contact agent
property-house-vic-oakleigh-138343223,Oakleigh,3166,50 Westgate Street,-37.908227,145.08659,3,2,house,2,2022-02-19,,,"$1,695,000"
property-townhouse-vic-oakleigh-138347531,Oakleigh,3166,2/184 Atherton Road,-37.90086117,145.1040317,4,2,townhouse,2,2022-02-19,,,"$1,300,000"
property-house-vic-oakleigh-138051338,Oakleigh,3166,2 Ford Avenue,-37.90755979,145.0959685,4,2,house,2,2022-02-18,548,m2,Contact agent
property-apartment-vic-oakleigh-136735278,Oakleigh,3166,6.02/89 Atherton Road,-37.899197,145.094341,2,2,apartment,1,2022-02-14,,,Contact agent
property-apartment-vic-oakleigh-138395367,Oakleigh,3166,12/13 Logie Street,-37.89432127,145.0900745,2,1,apartment,1,2022-02-12,,,"$462,000"
property-apartment-vic-oakleigh-138701011,Oakleigh,3166,6/41 Railway Avenue,-37.91059982,145.1033125,1,1,apartment,,2022-01-21,,,Contact agent
property-apartment-vic-oakleigh-134046102,Oakleigh,3166,8/4 Albert Avenue,-37.898126,145.093868,2,1,apartment,1,2022-01-14,,,"$500,000"
property-house-vic-oakleigh-138045518,Oakleigh,3166,5 Hilbert Court,-37.894868,145.101367,3,1,house,2,2021-12-22,698,m2,"$1,515,000"
property-apartment-vic-oakleigh-137987410,Oakleigh,3166,9/39 Ferntree Gully Road,-37.896626,145.104756,2,1,apartment,1,2021-12-21,,,Contact agent
property-unit-vic-oakleigh-137916622,Oakleigh,3166,23/79 Atherton Road,-37.89911763,145.0938732,2,1,unit,1,2021-12-09,,,"$466,000"
property-house-vic-oakleigh-137834278,Oakleigh,3166,12 Grant Street,-37.898062,145.098168,4,1,house,2,2021-12-04,612,m2,"$1,580,000"
property-apartment-vic-oakleigh-137557954,Oakleigh,3166,15/2 Albert Ave,-37.89808065,145.0936248,2,2,apartment,1,2021-12-02,,,"$629,000"
property-house-vic-oakleigh-137501414,Oakleigh,3166,47 Edward Street,-37.905749,145.103317,3,1,house,2,2021-12-01,,,"$1,370,000"
property-house-vic-oakleigh-137627626,Oakleigh,3166,97 Atkinson Street,-37.894362,145.092965,3,1,house,2,2021-11-30,,,"$1,450,000"
property-townhouse-vic-oakleigh-137663170,Oakleigh,3166,1494C Dandenong Road,-37.89773375,145.0994417,3,2,townhouse,2,2021-11-27,,,"$1,050,000"
property-apartment-vic-oakleigh-137750850,Oakleigh,3166,310/89 Atherton Road,-37.899197,145.094341,1,1,apartment,1,2021-11-24,,,Contact agent
property-apartment-vic-oakleigh-137755626,Oakleigh,3166,8/119 Atkinson Street,-37.89761544,145.0923695,2,1,apartment,1,2021-11-23,,,"$506,000"
property-unit-vic-oakleigh-137644166,Oakleigh,3166,1/6 Parer Street,-37.9094321,145.0983018,2,1,unit,1,2021-11-18,326,m2,"$894,250"
property-unit-vic-oakleigh-137653234,Oakleigh,3166,5/22 Golf Links Avenue,-37.9061666,145.0913684,2,1,unit,1,2021-11-17,,,"$755,000"
property-apartment-vic-oakleigh-136030934,Oakleigh,3166,TH02/2-6 Dalgety Street,-37.89198965,145.0893929,2,2,apartment,1,2021-11-15,,,Contact agent
property-apartment-vic-oakleigh-136358006,Oakleigh,3166,10/13 Logie Street,-37.89432127,145.0900745,2,1,apartment,1,2021-11-03,,,"$448,500"
property-house-vic-oakleigh-136712126,Oakleigh,3166,7 York Avenue,-37.899763,145.101491,3,1,house,1,2021-10-20,,,"$1,600,000"
property-house-vic-oakleigh-137603694,Oakleigh,3166,13 George Street,-37.901783,145.102099,5,2,house,2,2021-10-19,,,"$1,600,000"
property-house-vic-oakleigh-137406050,Oakleigh,3166,18 Tamar Grove,-37.897762,145.096994,4,2,house,,2021-10-16,461,m2,"$1,605,556"
property-townhouse-vic-oakleigh-136891066,Oakleigh,3166,2/20 Grandview Grove,-37.89484515,145.1054978,4,3,townhouse,2,2021-10-06,,,"$1,350,000"
property-unit-vic-oakleigh-136941802,Oakleigh,3166,2/22 Golf Links Avenue,-37.9061666,145.0913684,2,1,unit,1,2021-09-23,,,"$632,000"
property-house-vic-oakleigh-136979326,Oakleigh,3166,74 Haughton Road,-37.906098,145.095312,3,1,house,1,2021-09-20,,,"$1,035,000"
property-house-vic-oakleigh-137384110,Oakleigh,3166,1 & 2/64 Abbeygate Street,-37.909356,145.089529,2,1,house,1,2021-09-16,,,Contact agent
property-house-vic-oakleigh-137083974,Oakleigh,3166,6A Clyde Street,-37.8964365,145.0961032,2,1,house,,2021-09-13,,,"$1,160,000"
property-house-vic-oakleigh-136912210,Oakleigh,3166,26 Henry Street,-37.902889,145.104232,2,1,house,1,2021-08-28,547,m2,Contact agent
property-house-vic-oakleigh-137680730,Oakleigh,3166,26 Henry Street,-37.902889,145.104232,2,1,house,1,2021-08-28,547,m2,"$1,245,000"
property-unit-vic-oakleigh-137154670,Oakleigh,3166,1/20 Grandview Grove,-37.89484515,145.1054978,3,1,unit,2,2021-08-28,300,m2,"$1,065,000"
property-apartment-vic-oakleigh-136145654,Oakleigh,3166,503/63-65 Atherton Road,-37.8989481,145.0927662,2,2,apartment,1,2021-08-23,,,"$580,000"
property-house-vic-oakleigh-136288430,Oakleigh,3166,128 Atherton Road,-37.900051,145.098084,5,3,house,2,2021-08-20,554,m2,Contact agent
property-apartment-vic-oakleigh-135724866,Oakleigh,3166,403/83-85 Drummond Street,-37.89241813,145.0906601,1,1,apartment,1,2021-08-10,,,"$330,000"
property-apartment-vic-oakleigh-135842994,Oakleigh,3166,604/1525 Dandenong Road,-37.89289355,145.0905128,2,2,apartment,2,2021-08-06,,,"$580,000"
property-house-vic-oakleigh-137106766,Oakleigh,3166,29 Queens Avenue,-37.903732,145.088924,3,2,house,1,2021-07-27,,,"$1,740,000"
property-house-vic-oakleigh-136305318,Oakleigh,3166,13 Station Street,-37.899129,145.088474,2,3,house,5,2021-07-17,193,m2,Contact agent
property-apartment-vic-oakleigh-136430666,Oakleigh,3166,207/19-21 Hanover Street,-37.90085826,145.0917337,1,1,apartment,1,2021-07-14,,,"$385,000"
property-townhouse-vic-oakleigh-136516458,Oakleigh,3166,1/127 Huntingdale Road,-37.893823,145.106477,4,3,townhouse,2,2021-07-09,268,m2,Contact agent
property-house-vic-oakleigh-137106674,Oakleigh,3166,21 Abbeygate Street,-37.905882,145.089767,3,1,house,2,2021-07-06,,,"$1,130,000"
property-unit-vic-oakleigh-136175082,Oakleigh,3166,4/8 Albert Avenue,-37.89817243,145.094428,2,1,unit,3,2021-06-21,,,"$682,000"
property-house-vic-oakleigh-135767086,Oakleigh,3166,88 Atkinson Street,-37.895377,145.093314,4,2,house,4,2021-06-08,,,"$1,710,000"
property-unit-vic-oakleigh-135841062,Oakleigh,3166,9/110 Atherton Road,-37.89981539,145.0963986,2,1,unit,1,2021-05-27,,,"$581,500"
property-house-vic-oakleigh-136013078,Oakleigh,3166,37 Abbeygate Street,-37.906906,145.089581,3,1,house,2,2021-05-10,383,m2,"$1,050,000"
property-house-vic-oakleigh-135923510,Oakleigh,3166,14-16 Palmerston Grove,-37.897619,145.091505,4,2,house,6,2021-05-01,814,m2,Contact agent
property-house-vic-oakleigh-135944706,Oakleigh,3166,17 Leroux Street,-37.895034,145.104411,4,1,house,1,2021-05-01,702,m2,"$1,387,000"
property-apartment-vic-oakleigh-136027386,Oakleigh,3166,4/79 Atherton Road,-37.89911763,145.0938732,2,1,apartment,2,2021-04-27,,,"$522,000"
property-apartment-vic-oakleigh-135825730,Oakleigh,3166,304/63-65 Atherton Road,-37.8989481,145.0927662,2,1,apartment,1,2021-04-09,,,"$545,000"
property-house-vic-oakleigh-135577642,Oakleigh,3166,50 Bishop Street,-37.9088,145.093036,4,2,house,3,2021-03-27,,,"$2,060,000"
property-house-vic-oakleigh-135786482,Oakleigh,3166,1153  North Road,-37.909777,145.08879,2,1,house,1,2021-03-25,511,m2,"$975,000"
property-house-vic-oakleigh-134958042,Oakleigh,3166,6 Cambridge Street,-37.904464,145.092374,3,1,house,2,2021-03-03,,,"$1,250,000"
property-apartment-vic-oakleigh-135339958,Oakleigh,3166,7/79 Atherton Road,-37.89911763,145.0938732,2,1,apartment,1,2021-02-26,,,"$510,000"
property-apartment-vic-oakleigh-135613726,Oakleigh,3166,603/2 Dalgety Street,-37.89198965,145.0893929,3,2,apartment,2,2021-02-24,,,Contact agent
property-apartment-vic-oakleigh-134887930,Oakleigh,3166,11/1 Heath Avenue,-37.901308,145.09614,2,1,apartment,1,2021-02-24,,,"$446,000"
property-house-vic-oakleigh-135309110,Oakleigh,3166,12  Albert Avenue,-37.89819149,145.0948333,8,3,house,3,2021-02-20,1297,m2,Contact agent
property-apartment-vic-oakleigh-135323682,Oakleigh,3166,11/79 Atherton Road,-37.89911763,145.0938732,2,1,apartment,1,2021-02-06,,,"$494,500"
property-townhouse-vic-oakleigh-134808210,Oakleigh,3166,3/21 Golf Links Avenue,-37.90637,145.09096,4,3,townhouse,1,2021-01-23,,,Contact agent
property-house-vic-oakleigh-134851014,Oakleigh,3166,50 Henry Street,-37.905351,145.103759,4,2,house,6,2021-01-14,542,m2,"$1,342,000"
property-apartment-vic-oakleigh-132765010,Oakleigh,3166,1/2 Albert  Avenue,-37.89808065,145.0936248,2,1,apartment,1,2020-12-20,,,"$600,000"
property-townhouse-vic-oakleigh-135116518,Oakleigh,3166,2/21 Golf Links Avenue,-37.90637,145.09096,4,3,townhouse,1,2020-12-04,,,Contact agent
property-house-vic-oakleigh-134552830,Oakleigh,3166,20 Bishop Street,-37.906572,145.093434,4,2,house,2,2020-12-03,,,"$1,700,000"
property-residential land-vic-oakleigh-202678186,Oakleigh,3166,81 Drummond Street,-37.89144532,145.0908443,,,residential land,,2020-11-26,267,m2,"$570,000"
property-townhouse-vic-oakleigh-134680750,Oakleigh,3166,2/29 Golf Links Avenue,-37.9069723,145.090823,3,2,townhouse,2,2020-11-14,239,m2,"$881,000"
property-unit-vic-oakleigh-134065186,Oakleigh,3166,1/1249 North Road,-37.910924,145.099498,3,2,unit,1,2020-10-02,,,Contact agent
property-unit-vic-oakleigh-134471678,Oakleigh,3166,5/6 Albert Avenue,-37.89814282,145.0941689,2,1,unit,2,2020-09-24,,,"$755,000"
property-townhouse-vic-oakleigh-133882542,Oakleigh,3166,5/2 Stamford Road,-37.89160032,145.1012866,3,3,townhouse,2,2020-08-01,,,"$881,000"
property-house-vic-oakleigh-133894998,Oakleigh,3166,23 Grant Street,-37.89854336,145.0976492,2,1,house,2,2020-07-11,,,"$870,000"
property-unit-vic-oakleigh-133140534,Oakleigh,3166,2/15 Gadd Street,-37.90879327,145.0968421,3,2,unit,1,2020-06-30,,,"$821,000"
property-house-vic-oakleigh-133498086,Oakleigh,3166,11 Lincoln Avenue,-37.898491,145.099193,4,2,house,,2020-06-29,,,"$1,424,800"
property-house-vic-oakleigh-133103294,Oakleigh,3166,31 Logie Street,-37.89460028,145.0926065,4,2,house,,2020-05-19,410,m2,"$1,150,000"
property-house-vic-oakleigh-133304334,Oakleigh,3166,64 Golflinks Avenue,-37.909439,145.090744,3,1,house,2,2020-05-06,,,"$1,040,000"
property-unit-vic-oakleigh-133155254,Oakleigh,3166,3/167 Atherton Road,-37.90027156,145.1021447,2,1,unit,1,2020-04-30,,,"$484,999"
property-house-vic-oakleigh-133209426,Oakleigh,3166,4 Princess Street,-37.904508,145.092828,3,1,house,1,2020-04-16,,,"$895,000"
property-unit-vic-oakleigh-133262458,Oakleigh,3166,40 Bishop Street,-37.90810842,145.0931388,3,2,unit,2,2020-04-08,416,m2,"$963,000"
property-house-vic-oakleigh-133013366,Oakleigh,3166,36 Eastgate Street,-37.906743,145.08896,4,1,house,1,2020-03-31,500,m2,"$1,133,000"
property-apartment-vic-oakleigh-132971482,Oakleigh,3166,202/23 Oxford Street,-37.90092999,145.0926553,2,2,apartment,1,2020-03-29,,,"$555,000"
property-house-vic-oakleigh-133018414,Oakleigh,3166,182 Atherton Road,-37.900838,145.103852,4,2,house,2,2020-03-24,,,"$1,200,000"
property-house-vic-oakleigh-132981410,Oakleigh,3166,8 Heath Avenue,-37.901639,145.096553,3,1,house,3,2020-03-18,1039,m2,"$1,550,000"
property-house-vic-oakleigh-132968138,Oakleigh,3166,15 Raymond Court,-37.892119,145.103052,3,1,house,2,2020-03-16,578,m2,"$1,150,000"
property-apartment-vic-oakleigh-132155358,Oakleigh,3166,413/1525 Dandenong Road,-37.89289355,145.0905128,1,1,apartment,1,2020-02-21,,,"$370,000"
property-apartment-vic-oakleigh-131875690,Oakleigh,3166,709/19-21 Hanover Street,-37.90085826,145.0917337,2,2,apartment,1,2020-02-18,,,Contact agent
property-house-vic-oakleigh-132748298,Oakleigh,3166,37 Ferntree Gully Road,-37.896595,145.104518,5,2,house,2,2020-02-15,,,"$1,200,000"
property-house-vic-oakleigh-132464402,Oakleigh,3166,2 Heath Avenue,-37.901577,145.096043,4,2,house,2,2019-12-14,684,m2,"$1,350,000"
property-house-vic-oakleigh-132464678,Oakleigh,3166,39 Burlington Street,-37.902214,145.09589,3,1,house,1,2019-12-14,575,m2,"$925,000"
property-house-vic-oakleigh-132322054,Oakleigh,3166,50 Abbeygate Street,-37.908467,145.0897,3,1,house,1,2019-11-08,509,m2,"$1,120,000"
property-townhouse-vic-oakleigh-133326598,Oakleigh,3166,Lot 2/4 Albert Avenue,-37.898126,145.093868,2,1,townhouse,1,2019-11-08,,,Contact agent
property-house-vic-oakleigh-132027322,Oakleigh,3166,2 Taylor Street,-37.895773,145.091029,3,1,house,,2019-10-19,,,"$1,115,000"
property-house-vic-oakleigh-131983290,Oakleigh,3166,15 Young Street,-37.907573,145.095149,3,1,house,1,2019-10-12,,,"$1,101,000"
property-unit-vic-oakleigh-132003606,Oakleigh,3166,4/7 Albert Avenue,-37.89775815,145.0944417,2,1,unit,1,2019-10-12,,,"$540,000"
property-studio-vic-oakleigh-131665230,Oakleigh,3166,29/41 Railway Avenue,-37.91059982,145.1033125,,1,studio,,2019-10-09,,,"$185,000"
property-townhouse-vic-oakleigh-132575678,Oakleigh,3166,35B Ferntree Gully Road,-37.8964485,145.104173,4,3,townhouse,2,2019-09-30,,,"$1,020,800"
property-apartment-vic-oakleigh-130353730,Oakleigh,3166,402/1525 Dandenong Road,-37.892759,145.090538,2,2,apartment,1,2019-09-25,,,"$461,000"
property-house-vic-oakleigh-131708810,Oakleigh,3166,116 Warrigal Road,-37.905066,145.086126,3,1,house,2,2019-08-31,,,"$955,000"
property-townhouse-vic-oakleigh-131741418,Oakleigh,3166,29 Best Street,-37.91003119,145.0914399,4,3,townhouse,2,2019-08-28,,,Contact agent
property-unit-vic-oakleigh-131513622,Oakleigh,3166,22/119-123 Atkinson Street,-37.897556,145.092233,2,1,unit,1,2019-08-08,,,"$540,000"
property-house-vic-oakleigh-131210734,Oakleigh,3166,86 Warrigal Road,-37.902943,145.086683,3,1,house,1,2019-08-05,522,m2,"$725,000"
property-house-vic-oakleigh-131531578,Oakleigh,3166,1460 Dandenong Road,-37.895924,145.096535,3,1,house,1,2019-07-10,589,m2,"$700,000"
property-house-vic-oakleigh-130896050,Oakleigh,3166,9 Queens Avenue,-37.903462,145.087588,4,2,house,3,2019-07-05,,,"$1,385,000"
property-apartment-vic-oakleigh-131303478,Oakleigh,3166,4/46 Abbeygate Street,-37.908217,145.08985,2,2,apartment,1,2019-06-29,,,"$591,000"
property-house-vic-oakleigh-128497666,Oakleigh,3166,92 Haughton Road,-37.907252,145.09666,2,1,house,2,2019-05-27,475,m2,"$830,000"
property-house-vic-oakleigh-132756490,Oakleigh,3166,1 Golf Links Avenue,-37.904607,145.09121,3,1,house,4,2019-04-30,,,Contact agent
property-house-vic-oakleigh-130594958,Oakleigh,3166,1 Golf Links Avenue,-37.904585,145.091002,3,1,house,4,2019-04-30,,,Contact agent
property-unit-vic-oakleigh-130565314,Oakleigh,3166,2/1438 Dandenong Road,-37.894646,145.094355,2,1,unit,1,2019-04-18,,,"$535,000"
property-house-vic-oakleigh-130503298,Oakleigh,3166,42 Andrew Street,-37.909796,145.09414,4,1,house,2,2019-04-04,726,m2,"$977,500"
property-house-vic-oakleigh-129491358,Oakleigh,3166,11a Clyde Street,-37.896631,145.095561,3,1,house,,2019-02-27,,,"$880,000"
property-apartment-vic-oakleigh-129338982,Oakleigh,3166,15/103 Atherton Road,-37.898982,145.095101,2,1,apartment,1,2019-02-24,,,Contact agent
property-apartment-vic-oakleigh-126984378,Oakleigh,3166,11/45 Railway Avenue,-37.910388,145.103224,1,1,apartment,1,2019-02-04,,,"$310,000"
property-apartment-vic-oakleigh-129539298,Oakleigh,3166,206/63 Atherton Road,-37.898873,145.092702,2,1,apartment,,2019-01-14,,,"$382,000"
property-apartment-vic-oakleigh-129988606,Oakleigh,3166,207/63-65 Atherton Road,-37.898873,145.092702,2,2,apartment,1,2018-12-27,,,"$530,000"
property-house-vic-oakleigh-130843502,Oakleigh,3166,98 Atkinson Street,-37.896423,145.093265,4,2,house,2,2018-12-06,,,"$2,600,000"
property-apartment-vic-oakleigh-127607826,Oakleigh,3166,109/1525 Dandenong Road,-37.892759,145.090538,1,1,apartment,1,2018-12-05,,,Contact agent
property-townhouse-vic-oakleigh-129632218,Oakleigh,3166,21/6 Willgilson Court,-37.90618,145.092482,3,2,townhouse,2,2018-11-28,,,"$805,000"
property-unit-vic-oakleigh-129797314,Oakleigh,3166,2/22 Palmerston Grove,-37.89714,145.091756,2,1,unit,1,2018-11-19,,,"$679,950"
property-apartment-vic-oakleigh-129631758,Oakleigh,3166,"1, 2 & 3/40-42 Atherton Road",-37.89915,145.091227,4,3,apartment,2,2018-11-07,,,Contact agent
property-house-vic-oakleigh-129461546,Oakleigh,3166,25 Westgate Street,-37.90582,145.08651,5,1,house,2,2018-11-02,,,"$1,000,000"
property-apartment-vic-oakleigh-129523906,Oakleigh,3166,203/63-65 Atherton Road,-37.898873,145.092702,2,2,apartment,1,2018-10-25,,,"$530,000"
property-house-vic-oakleigh-131021898,Oakleigh,3166,86 Atkinson Street,-37.895251,145.093462,4,3,house,2,2018-10-24,,,"$1,500,000"
property-house-vic-oakleigh-129415446,Oakleigh,3166,1 Grandview Gve,-37.89345,145.105298,6,3,house,2,2018-10-13,,,"$1,150,000"
property-house-vic-oakleigh-129376938,Oakleigh,3166,4/29-31 Heath Avenue,-37.90161,145.099899,2,1,house,1,2018-09-27,,,"$654,000"
property-unit-vic-oakleigh-128588042,Oakleigh,3166,6/122 Atherton Road,-37.900366,145.097338,2,1,unit,1,2018-09-14,,,"$565,000"
property-house-vic-oakleigh-128142534,Oakleigh,3166,6 Logie Street,-37.895094,145.091493,4,2,house,4,2018-09-11,,,Contact agent
property-house-vic-oakleigh-128895678,Oakleigh,3166,3 McIntosh Street,-37.909777,145.098982,3,1,house,1,2018-09-06,,,"$1,060,000"
property-house-vic-oakleigh-128485438,Oakleigh,3166,70 Eastgate Street,-37.909257,145.088603,3,2,house,3,2018-08-31,,,"$1,451,500"
property-house-vic-oakleigh-128353406,Oakleigh,3166,223 Huntingdale Road,-37.904867,145.104376,3,1,house,2,2018-08-24,,,"$970,000"
property-apartment-vic-oakleigh-128679538,Oakleigh,3166,Address available on request,,,2,1,apartment,1,2018-08-16,,,"$391,500"
property-townhouse-vic-oakleigh-128691022,Oakleigh,3166,3/17 Golf Links Avenue,-37.906021,145.090783,3,2,townhouse,2,2018-08-10,,,Contact agent
property-house-vic-oakleigh-128290182,Oakleigh,3166,11A Golf Links Avenue,-37.905403,145.090896,4,2,house,2,2018-07-13,762,m2,"$1,520,000"
property-house-vic-oakleigh-128515566,Oakleigh,3166,12 Young Street,-37.907758,145.095611,2,1,house,2,2018-06-30,560,m2,"$1,150,000"
property-unit-vic-oakleigh-128411626,Oakleigh,3166,3/1 Parer Street,-37.908681,145.097719,2,1,unit,1,2018-06-23,,,"$655,000"
property-house-vic-oakleigh-127683182,Oakleigh,3166,57 Hatter Street,-37.908732,145.087002,5,3,house,2,2018-06-22,568,m2,"$1,950,000"
property-townhouse-vic-oakleigh-128173978,Oakleigh,3166,2/122 Haughton Road,-37.909227,145.099156,4,3,townhouse,2,2018-06-15,,,"$1,038,888"
property-townhouse-vic-oakleigh-128077914,Oakleigh,3166,2/122 Burlington Street,-37.90376,145.104079,4,2,townhouse,2,2018-05-31,,,"$1,075,000"
property-unit-vic-oakleigh-128276330,Oakleigh,3166,1/3 Tamar Grove,-37.896458,145.096729,3,1,unit,2,2018-05-30,265,m2,"$840,000"
property-house-vic-oakleigh-128254310,Oakleigh,3166,17A Grant Street,-37.898148,145.097569,3,1,house,1,2018-05-26,,,Contact agent
property-house-vic-oakleigh-128284294,Oakleigh,3166,30 Gadd Street,-37.910245,145.097101,3,1,house,2,2018-05-21,703,m2,"$1,075,000"
property-house-vic-oakleigh-128280790,Oakleigh,3166,15 Mora Avenue,-37.901878,145.089133,3,1,house,2,2018-05-11,558,m2,Contact agent
property-house-vic-oakleigh-127771270,Oakleigh,3166,33 William Street,-37.904047,145.102543,3,2,house,2,2018-05-01,435,m2,"$1,000,000"
property-townhouse-vic-oakleigh-127466838,Oakleigh,3166,3/108 ATHERTON ROAD,-37.899887,145.096082,2,1,townhouse,1,2018-04-18,,,Contact agent
property-apartment-vic-oakleigh-127705938,Oakleigh,3166,102/63-65 Atherton Road,-37.898873,145.092727,2,2,apartment,1,2018-03-21,,,"$545,000"
property-townhouse-vic-oakleigh-127432430,Oakleigh,3166,3/5 Heath Avenue,-37.900827,145.096657,4,2,townhouse,2,2018-03-15,,,"$1,050,000"
property-apartment-vic-oakleigh-126917122,Oakleigh,3166,507/19-21 Hanover Street,-37.900843,145.091641,2,2,apartment,1,2018-03-15,,,"$505,000"
property-unit-vic-oakleigh-126725886,Oakleigh,3166,1/172 Atherton Road,-37.900782,145.10266,3,1,unit,3,2018-02-16,400,m2,"$891,000"
property-apartment-vic-oakleigh-127331850,Oakleigh,3166,4/13 Logie Street,-37.894158,145.090092,2,1,apartment,1,2018-02-10,,,"$505,000"
property-house-vic-oakleigh-126719086,Oakleigh,3166,3 Young Street,-37.906698,145.09516,3,1,house,2,2018-01-30,,,"$1,140,000"
property-apartment-vic-oakleigh-127325530,Oakleigh,3166,15/79 Atherton Road,-37.898852,145.09391,2,1,apartment,1,2018-01-28,,,"$472,500"
property-house-vic-oakleigh-126759218,Oakleigh,3166,12 George Street,-37.901717,145.102582,4,2,house,2,2018-01-09,,,"$1,560,000"
property-apartment-vic-oakleigh-127247126,Oakleigh,3166,4/105 Atherton Road,-37.89926,145.095539,2,1,apartment,1,2017-12-31,,,"$418,000"
property-apartment-vic-oakleigh-126948230,Oakleigh,3166,5/105 Atherton Road,-37.89926,145.095539,2,1,apartment,,2017-12-22,,,"$410,000"
property-house-vic-oakleigh-127022102,Oakleigh,3166,11 The Avenue,-37.896498,145.094896,2,1,house,2,2017-12-20,1072,m2,"$1,800,000"
property-house-vic-oakleigh-126823446,Oakleigh,3166,805 Warrigal Road,-37.891499,145.088866,4,3,house,2,2017-12-06,578,m2,"$1,200,000"
property-house-vic-oakleigh-126976138,Oakleigh,3166,96 Warrigal Road,-37.903715,145.086484,4,2,house,2,2017-12-05,,,"$1,000,888"
property-house-vic-oakleigh-126814678,Oakleigh,3166,2/8 Lincoln Avenue,-37.898568,145.099932,4,2,house,2,2017-12-03,,,"$1,150,000"
property-house-vic-oakleigh-126959094,Oakleigh,3166,38 Abbeygate Street,-37.907616,145.089964,4,2,house,1,2017-11-28,,,"$1,550,000"
property-house-vic-oakleigh-126124266,Oakleigh,3166,3 Ford Avenue,-37.907296,145.096197,3,2,house,2,2017-11-06,,,"$1,150,000"
property-house-vic-oakleigh-126619742,Oakleigh,3166,60 Abbeygate Street,-37.909116,145.08968,2,1,house,1,2017-11-02,,,"$1,000,000"
property-unit-vic-oakleigh-126580918,Oakleigh,3166,4/4 Lincoln Avenue,-37.898254,145.099812,2,1,unit,2,2017-10-28,,,"$735,000"
property-house-vic-oakleigh-125954842,Oakleigh,3166,1448 Dandenong Road,-37.895321,145.095497,4,2,house,2,2017-10-17,,,Contact agent
property-house-vic-oakleigh-126423498,Oakleigh,3166,8 Mill Road,-37.901469,145.088509,2,1,house,1,2017-10-17,280,m2,Contact agent
property-house-vic-oakleigh-126449526,Oakleigh,3166,26a George Street,-37.902802,145.102375,4,2,house,2,2017-10-14,,,"$1,575,000"
property-apartment-vic-oakleigh-126391722,Oakleigh,3166,102/63-65 Atherton Road,-37.898873,145.092727,2,2,apartment,1,2017-10-07,,,"$550,000"
property-house-vic-oakleigh-126278230,Oakleigh,3166,68 Haughton Road,-37.905994,145.094926,3,1,house,1,2017-09-27,,,"$800,000"
property-house-vic-oakleigh-114124411,Oakleigh,3166,3 Grant Street,-37.897198,145.097775,2,1,house,,2017-09-22,419,m2,"$982,500"
property-house-vic-oakleigh-126160914,Oakleigh,3166,8 Abbeygate Street,-37.90497,145.090473,3,1,house,2,2017-09-16,567,m2,"$1,295,000"
property-apartment-vic-oakleigh-126239178,Oakleigh,3166,10/13 Logie Street,-37.894158,145.090092,2,1,apartment,1,2017-09-16,,,Contact agent
property-apartment-vic-oakleigh-126088150,Oakleigh,3166,207/83 Drummond Street,-37.892402,145.090497,1,1,apartment,1,2017-09-05,,,Contact agent
property-townhouse-vic-oakleigh-126099786,Oakleigh,3166,3/34 Golf Links Avenue,-37.907179,145.091406,4,2,townhouse,2,2017-09-02,210,m2,"$1,065,000"
property-townhouse-vic-oakleigh-126345826,Oakleigh,3166,4/34 Golf Links Avenue,-37.907179,145.091406,4,2,townhouse,2,2017-09-02,220,m2,"$1,006,000"
property-house-vic-oakleigh-126123378,Oakleigh,3166,6 Clyde Street,-37.896377,145.096252,2,1,house,,2017-09-02,,,"$995,000"
property-unit-vic-oakleigh-126470146,Oakleigh,3166,7/7 Albert Avenue,-37.897646,145.094383,2,1,unit,1,2017-09-02,,,Contact agent
property-house-vic-oakleigh-126121846,Oakleigh,3166,6 Mead Court,-37.906957,145.092508,3,2,house,2,2017-08-25,,,"$1,230,000"
property-apartment-vic-oakleigh-125127074,Oakleigh,3166,Address available on request,,,1,1,apartment,1,2017-08-23,,,Contact agent
property-townhouse-vic-oakleigh-106986521,Oakleigh,3166,4/8 Willgilson Court,-37.9055904,145.092314,3,2,townhouse,2,2017-08-16,,,Contact agent
property-house-vic-oakleigh-125851378,Oakleigh,3166,30 Oxford Street,-37.901255,145.093047,4,2,house,1,2017-08-06,,,Contact agent
property-house-vic-oakleigh-125895386,Oakleigh,3166,1/1526 Dandenong Road,-37.899297,145.102091,3,1,house,2,2017-08-05,,,"$868,000"
property-apartment-vic-oakleigh-124756918,Oakleigh,3166,109/63-65 Atherton Road,-37.898873,145.092727,2,1,apartment,1,2017-06-28,,,"$494,000"
property-apartment-vic-oakleigh-125384922,Oakleigh,3166,1/103 Atherton Road,-37.898982,145.095101,2,1,apartment,1,2017-06-02,,,"$465,000"
property-apartment-vic-oakleigh-125381182,Oakleigh,3166,16/79 Atherton Road,-37.898852,145.09391,2,1,apartment,2,2017-05-30,,,Contact agent
property-apartment-vic-oakleigh-125397174,Oakleigh,3166,17/79 Atherton Road,-37.898852,145.09391,2,1,apartment,1,2017-05-25,,,Contact agent
property-unit-vic-oakleigh-125227310,Oakleigh,3166,4 Mead Court,-37.906748,145.092015,2,1,unit,2,2017-05-20,258,m2,"$676,000"
property-house-vic-oakleigh-125236518,Oakleigh,3166,100 Atkinson Street,-37.896842,145.093214,3,1,house,3,2017-05-13,,,"$2,500,000"
property-apartment-vic-oakleigh-124955858,Oakleigh,3166,14/82-86 Atherton Road,-37.899535,145.093755,2,1,apartment,1,2017-05-12,,,"$370,000"
property-townhouse-vic-oakleigh-124885602,Oakleigh,3166,3/134 Atherton Road,-37.90029,145.09896,3,2,townhouse,2,2017-05-11,340,m2,Contact agent
property-house-vic-oakleigh-125095134,Oakleigh,3166,110 Atkinson Street,-37.898018,145.092924,4,2,house,2,2017-04-29,,,Contact agent
property-house-vic-oakleigh-124811494,Oakleigh,3166,43 George Street,-37.904651,145.10143,3,2,house,2,2017-03-25,545,m2,"$1,320,000"
property-house-vic-oakleigh-123729538,Oakleigh,3166,94 Burlington Street,-37.903338,145.100574,3,1,house,1,2017-03-22,670,m2,"$830,000"
property-house-vic-oakleigh-124792522,Oakleigh,3166,1482 Dandenong Road,-37.897142,145.09866,3,1,house,1,2017-03-16,,,Contact agent
property-house-vic-oakleigh-124903566,Oakleigh,3166,57 Bishop Street,-37.909197,145.092473,2,1,house,1,2017-03-04,610,m2,"$1,050,100"
property-apartment-vic-oakleigh-124491426,Oakleigh,3166,2/82 Atherton Road,-37.899535,145.093755,2,1,apartment,1,2017-03-02,,,Contact agent
property-townhouse-vic-oakleigh-124550566,Oakleigh,3166,4/28 Devon Grove,-37.896011,145.103603,4,2,townhouse,2,2017-02-25,208,m2,Contact agent
property-apartment-vic-oakleigh-124271750,Oakleigh,3166,U 5/79 Atherton Road,-37.898852,145.09391,2,1,apartment,2,2017-02-24,,,"$452,000"
property-townhouse-vic-oakleigh-124548790,Oakleigh,3166,1/12 Parer Street,-37.909873,145.098591,4,2,townhouse,2,2017-02-10,305,m2,"$1,120,000"
property-apartment-vic-oakleigh-124379498,Oakleigh,3166,207/19-21 Hanover Street,-37.900882,145.091633,1,1,apartment,1,2017-01-30,,,"$350,000"
property-apartment-vic-oakleigh-124128418,Oakleigh,3166,108/63-65 Atherton Road,-37.898873,145.092702,2,1,apartment,1,2016-12-15,,,"$525,000"
property-townhouse-vic-oakleigh-123969038,Oakleigh,3166,2/34 Golf Links Avenue,-37.907179,145.091406,4,2,townhouse,2,2016-11-26,220,m2,"$1,040,000"
property-apartment-vic-oakleigh-123948674,Oakleigh,3166,19/82-86 Atherton Road,-37.899535,145.093755,2,1,apartment,1,2016-11-12,,,Contact agent
property-house-vic-oakleigh-123374910,Oakleigh,3166,23 Heath Avenue,-37.901653,145.099326,4,2,house,2,2016-11-07,,,"$1,640,000"
property-unit-vic-oakleigh-123609138,Oakleigh,3166,2/26 Grant Street,-37.899118,145.098177,2,1,unit,1,2016-10-08,,,Contact agent
property-house-vic-oakleigh-123337766,Oakleigh,3166,1249 North Road,-37.910808,145.099523,3,1,house,2,2016-09-14,693,m2,Contact agent
property-house-vic-oakleigh-122448766,Oakleigh,3166,1472 Dandenong Road,-37.896579,145.097727,2,2,house,2,2016-08-29,,,"$800,000"
property-house-vic-oakleigh-123060326,Oakleigh,3166,98 Haughton Road,-37.907965,145.097487,2,1,house,1,2016-08-06,733,m2,"$780,000"
property-house-vic-oakleigh-122774094,Oakleigh,3166,24 Mora Avenue,-37.902414,145.08988,3,1,house,2,2016-06-25,550,m2,Contact agent
property-house-vic-oakleigh-122597590,Oakleigh,3166,8/105 Atherton Road,-37.89926,145.095539,2,1,house,1,2016-06-18,70,m2,"$347,000"
property-house-vic-oakleigh-122572906,Oakleigh,3166,2/77 Burlington Street,-37.902695,145.099504,3,2,house,2,2016-06-14,196,m2,"$845,000"
property-house-vic-oakleigh-122253966,Oakleigh,3166,37 Clyde Street,-37.898874,145.095038,4,2,house,3,2016-04-30,735,m2,"$1,480,000"
property-house-vic-oakleigh-122077602,Oakleigh,3166,47 Hatter Street,-37.908027,145.087136,3,2,house,2,2016-04-21,,,"$1,240,000"
property-house-vic-oakleigh-121996762,Oakleigh,3166,37 Westgate Street,-37.906654,145.086349,3,1,house,3,2016-03-19,553,m2,"$950,000"
property-apartment-vic-oakleigh-121462346,Oakleigh,3166,213/19-21 Hanover Street,-37.900882,145.091633,1,1,apartment,1,2016-01-21,,,Contact agent
property-house-vic-oakleigh-121344722,Oakleigh,3166,110 Haughton Road,-37.908564,145.098276,3,1,house,2,2015-12-12,,,"$1,025,000"
property-townhouse-vic-oakleigh-121319942,Oakleigh,3166,2/16 Parer Street,-37.91012,145.098365,4,3,townhouse,2,2015-12-12,220,m2,"$860,000"
property-house-vic-oakleigh-121225222,Oakleigh,3166,7 Mora Avenue,-37.901796,145.088446,3,1,house,2,2015-12-11,556,m2,"$1,060,000"
property-house-vic-oakleigh-121137394,Oakleigh,3166,20 Grandview Grove,-37.894879,145.105644,3,1,house,2,2015-12-01,676,m2,Contact agent
property-apartment-vic-oakleigh-120846681,Oakleigh,3166,603/19-21 Hanover Street,-37.900882,145.091633,1,1,apartment,1,2015-10-30,,,"$382,500"
property-house-vic-oakleigh-120846173,Oakleigh,3166,38 Estelle Street,-37.893391,145.106401,3,1,house,1,2015-10-24,,,Contact agent
property-house-vic-oakleigh-120832357,Oakleigh,3166,136 Atherton Road,-37.900314,145.099142,3,2,house,2,2015-10-17,625,m2,"$900,000"
property-apartment-vic-oakleigh-119448767,Oakleigh,3166,8/103 Atherton Road,-37.898982,145.095101,2,1,apartment,1,2015-09-30,,,"$425,000"
property-house-vic-oakleigh-120508769,Oakleigh,3166,51 Golf Links Avenue,-37.908562,145.09033,3,2,house,2,2015-09-14,728,m2,"$950,000"
property-house-vic-oakleigh-120109309,Oakleigh,3166,17 Palmerston Grove,-37.897415,145.090967,4,2,house,2,2015-07-13,898,m2,"$2,000,000"
property-house-vic-oakleigh-119893693,Oakleigh,3166,9 Winifred Street,-37.895187,145.101896,3,1,house,1,2015-06-16,697,m2,"$1,005,000"
property-house-vic-oakleigh-119476735,Oakleigh,3166,41 Bishop Street,-37.907791,145.092722,3,1,house,2,2015-05-18,,,"Range: $915,000 - $1,065,000"
property-apartment-vic-oakleigh-118376359,Oakleigh,3166,40/1554 Dandenong Road,-37.901613,145.105678,2,2,apartment,2,2015-05-02,,,"Range: $395,000 - $465,000"
property-townhouse-vic-oakleigh-119331188,Oakleigh,3166,20/6 Willgilson Court,-37.90618,145.092482,3,2,townhouse,2,2015-04-15,172,m2,"$690,100"
property-house-vic-oakleigh-119217375,Oakleigh,3166,26 George Street,-37.902667,145.1024,2,1,house,2,2015-04-10,,,Contact agent
property-apartment-vic-oakleigh-118691331,Oakleigh,3166,6/6 Willgilson Court,-37.90618,145.092482,1,1,apartment,1,2015-03-16,,,"$342,000"
property-house-vic-oakleigh-118998827,Oakleigh,3166,129 Huntingdale Road,-37.893945,145.106314,3,1,house,1,2015-02-28,,,"$734,500"
property-house-vic-oakleigh-118968551,Oakleigh,3166,43 Clyde Street,-37.89925,145.094902,2,2,house,1,2015-02-28,,,Contact agent
property-house-vic-oakleigh-118204867,Oakleigh,3166,21 Queens Avenue,-37.903552,145.088414,3,2,house,2,2014-12-10,,,"$1,250,000"
property-house-vic-oakleigh-118242451,Oakleigh,3166,1542 Dandenong Road,-37.899959,145.103198,3,2,house,2,2014-11-22,611,m2,"$785,000"
property-house-vic-oakleigh-118015507,Oakleigh,3166,24 Gadd Street,-37.909839,145.097176,5,2,house,2,2014-10-29,700,m2,"$1,020,000"
property-house-vic-oakleigh-117938431,Oakleigh,3166,3 Raymond Court,-37.891289,145.10308,5,3,house,2,2014-10-18,593,m2,"$1,125,000"
property-house-vic-oakleigh-117911951,Oakleigh,3166,1456 Dandenong Road,-37.895756,145.096244,4,3,house,3,2014-10-11,,,"$800,000"
property-house-vic-oakleigh-117844347,Oakleigh,3166,789 Warrigal Road,-37.89005,145.089153,4,2,house,3,2014-09-23,620,m2,Contact agent
property-house-vic-oakleigh-117544012,Oakleigh,3166,47 George Street,-37.904922,145.101378,2,1,house,2,2014-08-18,,,"$712,000"
property-townhouse-vic-oakleigh-117460275,Oakleigh,3166,2/1151 North Road,-37.909544,145.088658,4,3,townhouse,2,2014-08-16,,,Contact agent
property-apartment-vic-oakleigh-117515619,Oakleigh,3166,20/82-86 Atherton Road,-37.899535,145.093755,1,1,apartment,1,2014-08-16,,,"$330,000"
property-house-vic-oakleigh-117468459,Oakleigh,3166,35 Ferntree Gully Road,-37.896463,145.10414,3,2,house,2,2014-08-09,776,m2,"$900,000"
property-house-vic-oakleigh-117274543,Oakleigh,3166,13 Palmerston Grove,-37.897639,145.090927,4,1,house,2,2014-08-04,439,m2,Contact agent
property-house-vic-oakleigh-117352599,Oakleigh,3166,16 Raymond Court,-37.891986,145.10362,4,2,house,2,2014-07-26,697,m2,"$796,000"
property-townhouse-vic-oakleigh-115053191,Oakleigh,3166,2/131 Huntingdale Road,-37.894087,145.106287,3,2,townhouse,2,2014-07-16,320,m2,Contact agent
property-apartment-vic-oakleigh-115884199,Oakleigh,3166,4/45 Railway Ave,-37.9108447,145.1034191,1,1,apartment,1,2014-07-07,,,Contact agent
property-apartment-vic-oakleigh-117213631,Oakleigh,3166,1 & 5/1707 Dandenong Road,-37.9001,145.105261,2,1,apartment,1,2014-07-05,,,"$383,333"
property-house-vic-oakleigh-116771955,Oakleigh,3166,15 Westminster Street,-37.900587,145.095399,3,1,house,1,2014-05-30,436,m2,"$675,000"
property-townhouse-vic-oakleigh-116506059,Oakleigh,3166,1/16 Winifred Street,-37.895672,145.102479,3,2,townhouse,2,2014-05-23,276,m2,"$650,000"
property-house-vic-oakleigh-116719767,Oakleigh,3166,22A Clyde Street,-37.897528,145.096013,2,1,house,3,2014-05-22,,,"$720,000"
property-house-vic-oakleigh-116538099,Oakleigh,3166,15 Clyde Street,-37.896867,145.095509,4,1,house,3,2014-04-29,607,m2,"$970,000"
property-house-vic-oakleigh-116289607,Oakleigh,3166,94 Haughton Road,-37.9073105,145.0969456,5,3,house,2,2014-03-31,,,"$815,000"
property-apartment-vic-oakleigh-116286927,Oakleigh,3166,16/13 Logie Street,-37.894158,145.090092,1,1,apartment,1,2014-03-29,,,"$352,500"
property-house-vic-oakleigh-115033183,Oakleigh,3166,Address available on request,,,3,1,house,2,2014-03-27,585,m2,Contact agent
property-townhouse-vic-oakleigh-116218655,Oakleigh,3166,43 Estelle Street,-37.89284,145.105669,2,2,townhouse,1,2014-03-22,,,"$691,000"
property-apartment-vic-oakleigh-116217455,Oakleigh,3166,6/19-21 Willesden Road,-37.894447,145.077694,2,1,apartment,1,2014-03-22,,,"$360,001"
property-apartment-vic-oakleigh-116217451,Oakleigh,3166,9/19-21 Willesden Road,-37.894447,145.077694,2,1,apartment,1,2014-03-22,,,"$360,000"
property-house-vic-oakleigh-116104895,Oakleigh,3166,1 Holland Court,-37.900225,145.096985,3,1,house,2,2014-03-15,618,m2,Contact agent
property-apartment-vic-oakleigh-116164875,Oakleigh,3166,10/45 Railway Ave,-37.9108447,145.1034191,1,1,apartment,1,2014-03-12,,,Contact agent
property-unit-vic-oakleigh-116022355,Oakleigh,3166,2/35 Garnett Street,-37.904123,145.109385,2,1,unit,1,2014-03-02,,,Contact agent
property-house-vic-oakleigh-116072511,Oakleigh,3166,52 Abbeygate Street,-37.908614,145.089775,2,1,house,2,2014-02-28,,,"$735,000"
property-apartment-vic-oakleigh-114970547,Oakleigh,3166,17/41 Railway Avenue,-37.9108447,145.1034191,1,1,apartment,,2014-02-21,,,"$250,000"
property-house-vic-oakleigh-115849475,Oakleigh,3166,35 Grant Street,-37.899497,145.097447,3,2,house,4,2014-02-15,295,m2,"$810,000"
property-house-vic-oakleigh-115949443,Oakleigh,3166,77 Burlington Street,-37.902695,145.099504,3,1,house,2,2014-02-04,,,Contact agent
property-house-vic-oakleigh-115324955,Oakleigh,3166,33 Westgate Street,-37.906375,145.086403,3,2,house,3,2014-01-14,,,"$997,000"
property-apartment-vic-oakleigh-113844951,Oakleigh,3166,7/119 Atkinson Street,-37.897556,145.092233,2,1,apartment,1,2014-01-14,,,Contact agent
property-residential land-vic-oakleigh-200667955,Oakleigh,3166,Address available on request,,,,,residential land,,2013-12-21,919,m2,Contact agent
property-house-vic-oakleigh-113223455,Oakleigh,3166,16/2 Albert Avenue,-37.898281,145.093599,2,2,house,1,2013-11-25,,,Contact agent
property-townhouse-vic-oakleigh-115017699,Oakleigh,3166,2-4/2 Stamford Road,-37.891636,145.101427,4,3,townhouse,2,2013-11-22,,,Contact agent
property-house-vic-oakleigh-115197495,Oakleigh,3166,14 Allen Street,-37.889864,145.090624,3,1,house,2,2013-11-16,,,"$900,000"
property-apartment-vic-oakleigh-114720767,Oakleigh,3166,305/63 Atherton Road,-37.898865,145.092668,2,1,apartment,1,2013-10-14,,,Contact agent
property-apartment-vic-oakleigh-114727031,Oakleigh,3166,406/63 Atherton St,-37.898865,145.092668,1,1,apartment,1,2013-10-14,,,Contact agent
property-apartment-vic-oakleigh-109066276,Oakleigh,3166,4/103 Atherton Road,-37.899167,145.095051,2,1,apartment,1,2013-10-04,,,Contact agent
property-house-vic-oakleigh-114631631,Oakleigh,3166,34 Davey Avenue,-37.903252,145.089595,5,2,house,2,2013-09-21,,,"$1,155,000"
property-unit-vic-oakleigh-114617331,Oakleigh,3166,3/29 Clyde Street,-37.897927,145.095247,2,1,unit,1,2013-09-21,,,"$662,000"
property-unit-vic-oakleigh-114650103,Oakleigh,3166,3/22 Golf Links Avenue,-37.906253,145.091492,2,1,unit,2,2013-09-21,,,"$510,000"
property-apartment-vic-oakleigh-114076355,Oakleigh,3166,21/1554 Dandenong Road,-37.9013573,145.1059319,1,1,apartment,1,2013-09-16,,,Contact agent
property-house-vic-oakleigh-114560939,Oakleigh,3166,8 Westley Street,-37.895919,145.095204,2,1,house,1,2013-09-14,,,"$830,000"
property-apartment-vic-oakleigh-114249119,Oakleigh,3166,13/45 Railway Avenue,-37.9104418,145.1028781,2,1,apartment,1,2013-09-05,,,Contact agent
property-house-vic-oakleigh-114325243,Oakleigh,3166,1488 Dandenong Road,-37.897386,145.099078,3,1,house,2,2013-08-10,533,m2,"$722,000"
property-house-vic-oakleigh-114285875,Oakleigh,3166,10 Abbeygate Street,-37.905113,145.090445,3,1,house,2,2013-07-29,,,"$782,500"
property-house-vic-oakleigh-114182159,Oakleigh,3166,13 Winifred Street,-37.895457,145.101846,3,1,house,2,2013-07-27,689,m2,"$765,000"
property-townhouse-vic-oakleigh-113626711,Oakleigh,3166,24/6 Willgilson Court,-37.90605,145.092664,3,2,townhouse,2,2013-07-27,,,Contact agent
property-house-vic-oakleigh-114109491,Oakleigh,3166,24 Hatter Street,-37.905806,145.088203,3,2,house,2,2013-07-13,,,"$890,000"
property-unit-vic-oakleigh-114095595,Oakleigh,3166,6/3 Albert Avenue,-37.897592,145.093932,2,1,unit,1,2013-07-03,,,"$405,000"
property-townhouse-vic-oakleigh-113780375,Oakleigh,3166,26/6 Willgilson Court,-37.90605,145.092664,3,2,townhouse,2,2013-06-06,,,"$585,000"
property-apartment-vic-oakleigh-113929183,Oakleigh,3166,5/45 Railway Ave,-37.9104419,145.1028782,1,1,apartment,1,2013-06-06,,,Contact agent
property-apartment-vic-oakleigh-112915491,Oakleigh,3166,10/41 Railway Avenue,-37.9104419,145.1028782,1,1,apartment,,2013-06-04,,,Contact agent
property-house-vic-oakleigh-113730495,Oakleigh,3166,45 William Street,-37.904904,145.102378,3,2,house,2,2013-06-01,,,"$772,000"
property-house-vic-oakleigh-113756243,Oakleigh,3166,19 Queens Avenue,-37.903539,145.08828,4,1,house,1,2013-06-01,,,"$732,500"
property-house-vic-oakleigh-113605195,Oakleigh,3166,6 Ross Street,-37.907517,145.105363,3,1,house,1,2013-05-22,,,"$575,100"
property-house-vic-oakleigh-113588047,Oakleigh,3166,23 Burlington Street,-37.901955,145.094637,2,2,house,2,2013-05-18,,,"$555,000"
property-townhouse-vic-oakleigh-111790179,Oakleigh,3166,2/10 Mill Road,-37.901597,145.088648,3,2,townhouse,2,2013-04-29,,,"$575,000"
property-house-vic-oakleigh-113207747,Oakleigh,3166,3 Parer Street,-37.908938,145.097868,3,1,house,1,2013-04-18,700,m2,"$760,000"
property-house-vic-oakleigh-111278527,Oakleigh,3166,40 Heath  Ave,-37.902336,145.100116,2,1,house,,2013-03-21,889,m2,Contact agent
property-apartment-vic-oakleigh-112630463,Oakleigh,3166,3/45 Railway Avenue,-37.9104419,145.1028782,2,1,apartment,1,2013-03-12,,,Contact agent
property-townhouse-vic-oakleigh-113050639,Oakleigh,3166,1/10 Mill Road,-37.901597,145.088648,3,2,townhouse,2,2013-03-05,,,"$599,999"
property-apartment-vic-oakleigh-112980975,Oakleigh,3166,1/13 Logie,-37.894158,145.090092,1,1,apartment,1,2013-03-02,,,Contact agent
property-house-vic-oakleigh-112881539,Oakleigh,3166,15 Hatter Street,-37.905278,145.087663,4,2,house,2,2013-02-23,,,"$903,000"
property-house-vic-oakleigh-112825303,Oakleigh,3166,41 Westgate Street,-37.907476,145.086187,2,1,house,2,2013-02-23,,,"$690,000"
property-house-vic-oakleigh-111893587,Oakleigh,3166,61 Hatter Street,-37.909017,145.086949,3,1,house,2,2013-02-09,,,"$705,000"
property-apartment-vic-oakleigh-112125847,Oakleigh,3166,4/24 Haughton Road,-37.901554,145.089015,2,1,apartment,1,2013-01-25,,,"$362,251"
property-apartment-vic-oakleigh-112564175,Oakleigh,3166,1/24 Haughton Road,-37.901554,145.089015,1,1,apartment,1,2013-01-19,,,"$350,002"
property-residential land-vic-oakleigh-200434207,Oakleigh,3166,2/139 Huntingdale Road,-37.894652,145.106177,,,residential land,,2013-01-19,,,"$272,000"
property-townhouse-vic-oakleigh-112948463,Oakleigh,3166,2/139 Huntingdale Road,-37.894652,145.106177,3,2,townhouse,1,2013-01-19,,,Contact agent
property-house-vic-oakleigh-112547835,Oakleigh,3166,13 Princess Street,-37.904928,145.0931,2,1,house,1,2012-12-27,,,"$567,500"
property-house-vic-oakleigh-112457339,Oakleigh,3166,98 Warrigal Road,-37.903831,145.086463,3,1,house,1,2012-12-22,,,"$506,000"
property-house-vic-oakleigh-110279253,Oakleigh,3166,6 Parer Street,-37.909439,145.098488,2,1,house,2,2012-12-21,,,Contact agent
property-house-vic-oakleigh-112459587,Oakleigh,3166,51 Golf Links Avenue,-37.9086021,145.0906059,3,2,house,2,2012-12-15,,,"$788,000"
property-unit-vic-oakleigh-112487663,Oakleigh,3166,1/1 Parer Street,-37.908713,145.097866,2,1,unit,1,2012-12-15,198,m2,"$395,000"
property-house-vic-oakleigh-111773355,Oakleigh,3166,23 Estelle Street,-37.892519,145.1037,2,1,house,2,2012-12-11,,,"$580,000"
property-house-vic-oakleigh-112224627,Oakleigh,3166,9 Grant Street,-37.897576,145.097693,3,1,house,2,2012-12-03,,,"$750,000"
property-house-vic-oakleigh-111659799,Oakleigh,3166,33 Estelle Street,-37.892614,145.104558,3,1,house,,2012-12-03,576,m2,"$610,000"
property-townhouse-vic-oakleigh-112002151,Oakleigh,3166,8/8 Willgilson Court,-37.9055802,145.0923156,3,2,townhouse,2,2012-11-24,,,"$598,000"
property-house-vic-oakleigh-111680735,Oakleigh,3166,2 Queens Avenue,-37.903854,145.086744,3,1,house,1,2012-11-22,,,Contact agent
property-apartment-vic-oakleigh-111979419,Oakleigh,3166,7a/79 Atherton Road,-37.898852,145.09391,2,1,apartment,1,2012-11-17,,,Contact agent
property-house-vic-oakleigh-111550011,Oakleigh,3166,5 Cambridge Street,-37.904203,145.091937,4,2,house,2,2012-11-12,,,"$725,000"
property-house-vic-oakleigh-111962691,Oakleigh,3166,Address available on request,,,3,1,house,,2012-11-12,,,Contact agent
property-house-vic-oakleigh-111860530,Oakleigh,3166,2A Fogarty Court,-37.895814,145.10092,2,1,house,2,2012-11-10,,,Contact agent
property-townhouse-vic-oakleigh-111804947,Oakleigh,3166,1/23 Fenton Street,-37.908934,145.110168,4,2,townhouse,2,2012-11-08,400,m2,Contact agent
property-house-vic-oakleigh-111773379,Oakleigh,3166,215 Huntingdale Road,-37.904325,145.10448,3,1,house,2,2012-10-27,,,"$605,000"
property-apartment-vic-oakleigh-111859566,Oakleigh,3166,2/13 Logie Street,-37.894158,145.090092,1,1,apartment,1,2012-10-25,,,"$320,000"
property-house-vic-oakleigh-111568067,Oakleigh,3166,5 York Avenue,-37.899609,145.101353,2,1,house,2,2012-10-13,,,"$647,000"
property-house-vic-oakleigh-111550035,Oakleigh,3166,35 Hargreaves Street,-37.908909,145.108613,3,1,house,1,2012-10-13,,,Contact agent
property-house-vic-oakleigh-111570875,Oakleigh,3166,34 Westgate Street,-37.906432,145.08703,3,1,house,1,2012-10-05,,,"$675,000"
property-townhouse-vic-oakleigh-106926562,Oakleigh,3166,2/15A Golf Links Avenue,-37.905858,145.090813,4,2,townhouse,2,2012-09-29,357,m2,"$630,000"
property-house-vic-oakleigh-111350623,Oakleigh,3166,2/147 Atherton Road,-37.899689,145.099869,3,1,house,2,2012-09-15,,,Contact agent
property-unit-vic-oakleigh-111275419,Oakleigh,3166,1/37 Young Street,-37.909982,145.094586,2,1,unit,1,2012-09-08,,,"$510,000"
property-unit-vic-oakleigh-110934391,Oakleigh,3166,2/40 Fenton Street,-37.909046,145.110667,3,1,unit,2,2012-07-28,,,"$540,000"
property-apartment-vic-oakleigh-110457009,Oakleigh,3166,1/46 Abbeygate Street,-37.9081765,145.0896629,2,1,apartment,1,2012-06-08,,,Contact agent
property-house-vic-oakleigh-110388073,Oakleigh,3166,1/5 Rua Court,-37.891651,145.101846,2,1,house,2,2012-05-26,346,m2,Contact agent
property-house-vic-oakleigh-110266393,Oakleigh,3166,1488 Dandenong Road,-37.897386,145.099078,3,1,house,2,2012-05-25,,,Contact agent
property-residential land-vic-oakleigh-200222817,Oakleigh,3166,2 Franklyn Street,-37.906982,145.113944,,,residential land,,2012-05-21,,,Contact agent
property-townhouse-vic-oakleigh-110097757,Oakleigh,3166,3/42 Golf Links Avenue,-37.907982,145.091401,4,2,townhouse,1,2012-05-18,,,Contact agent
property-house-vic-oakleigh-108430121,Oakleigh,3166,3 Golf Links Avenue,-37.904709,145.091016,3,1,house,1,2012-05-12,,,"$630,000"
property-house-vic-oakleigh-109466071,Oakleigh,3166,63 Hatter Street,-37.90916,145.086922,4,2,house,2,2012-05-11,,,"$821,500"
property-house-vic-oakleigh-110219741,Oakleigh,3166,15 Golflinks Avenue,-37.905701,145.090842,4,2,house,2,2012-05-05,,,Contact agent
property-house-vic-oakleigh-110200493,Oakleigh,3166,1/16 Bishop Street,-37.906334,145.093634,3,1,house,2,2012-05-05,,,"$530,000"
property-house-vic-oakleigh-110138897,Oakleigh,3166,65 Garnett Street,-37.905959,145.112349,3,1,house,1,2012-04-28,,,"$540,000"
property-house-vic-oakleigh-109860201,Oakleigh,3166,34 Henry Street,-37.904274,145.10408,3,2,house,1,2012-04-12,,,Contact agent
property-house-vic-oakleigh-109068421,Oakleigh,3166,3 Norfolk Avenue,-37.898634,145.10028,2,1,house,1,2012-04-11,,,"$607,000"
property-unit-vic-oakleigh-108688826,Oakleigh,3166,5/6 Reid Street,-37.90714,145.07271,2,1,unit,1,2012-04-03,,,Contact agent
property-villa-vic-oakleigh-109839546,Oakleigh,3166,1/122 Atherton Road,-37.900366,145.097338,3,1,villa,1,2012-03-31,,,"$519,500"
property-house-vic-oakleigh-109713776,Oakleigh,3166,53 Golf Links Avenue,-37.908684,145.090309,5,3,house,2,2012-03-24,,,"$1,050,000"
property-house-vic-oakleigh-109797831,Oakleigh,3166,69 Burlington Street,-37.90253,145.098003,3,1,house,1,2012-03-17,,,Contact agent
property-house-vic-oakleigh-109303591,Oakleigh,3166,41 Beauford Street,-37.908256,145.109385,3,1,house,2,2012-03-10,,,"$540,000"
property-house-vic-oakleigh-109446381,Oakleigh,3166,36 Bishop Street,-37.907642,145.093394,3,1,house,2,2012-03-03,,,Contact agent
property-house-vic-oakleigh-109458616,Oakleigh,3166,5 Dalgety Street,-37.89142,145.089462,2,1,house,1,2012-03-03,,,"$500,000"
property-apartment-vic-oakleigh-108667741,Oakleigh,3166,8/82-86 Atherton Rd,-37.899535,145.093755,2,1,apartment,2,2012-02-29,,,"$355,000"
property-house-vic-oakleigh-109434186,Oakleigh,3166,49 Golf Links Avenue,-37.908439,145.090351,3,1,house,1,2012-02-27,,,Contact agent
property-house-vic-oakleigh-109469821,Oakleigh,3166,14 Mora Avenue,-37.902298,145.088877,3,1,house,1,2012-02-25,,,"$510,411"
property-house-vic-oakleigh-109420646,Oakleigh,3166,48 Davey Avenue,,,3,2,house,1,2012-02-25,,,Contact agent
property-house-vic-oakleigh-108886051,Oakleigh,3166,15 Westgate Street,-37.905106,145.086647,4,2,house,2,2012-02-18,,,"$902,500"
property-house-vic-oakleigh-109048766,Oakleigh,3166,121 Atherton Road,-37.899453,145.096929,4,3,house,3,2012-02-18,528,m2,Contact agent
property-house-vic-oakleigh-108706326,Oakleigh,3166,9 Lincoln Avenue,-37.898421,145.099044,3,1,house,1,2012-01-31,,,"$651,000"
property-house-vic-oakleigh-108153261,Oakleigh,3166,6/10 Daly Street,-37.901401,145.111322,2,1,house,1,2012-01-25,,,Contact agent
property-house-vic-oakleigh-109154241,Oakleigh,3166,59 Westgate Street,-37.908755,145.085945,3,1,house,1,2012-01-07,,,"$603,158"
property-apartment-vic-oakleigh-108482901,Oakleigh,3166,7/24 Haughton Rd,-37.901554,145.089015,2,1,apartment,1,2011-12-21,,,Contact agent
property-house-vic-oakleigh-108779991,Oakleigh,3166,22 Regent Street,-37.900909,145.094964,4,2,house,2,2011-12-17,,,Contact agent
property-house-vic-oakleigh-108352471,Oakleigh,3166,92 Drummond Street,-37.89117,145.091558,4,2,house,2,2011-12-14,,,Contact agent
property-house-vic-oakleigh-108825461,Oakleigh,3166,32A George Street,-37.904152,145.102112,2,1,house,,2011-12-14,,,"$541,998"
property-unit-vic-oakleigh-107906401,Oakleigh,3166,21 Cleek Ave,-37.911799,145.087629,3,1,unit,1,2011-12-07,,,Contact agent
property-house-vic-oakleigh-108434311,Oakleigh,3166,10 Raymond Court,-37.891578,145.103693,2,1,house,1,2011-11-26,692,m2,Contact agent
property-house-vic-oakleigh-108335276,Oakleigh,3166,8 Nelson Avenue,-37.896012,145.094236,3,1,house,1,2011-11-19,,,Contact agent
property-apartment-vic-oakleigh-107539983,Oakleigh,3166,12/1366 Dandenong Road,-37.893172,145.085978,1,1,apartment,1,2011-11-14,,,Contact agent
property-house-vic-oakleigh-107594286,Oakleigh,3166,1484 Dandenong Rd,-37.897225,145.098802,4,1,house,2,2011-11-10,,,"$625,000"
property-house-vic-oakleigh-108232421,Oakleigh,3166,35 William Street,-37.904263,145.102502,3,2,house,2,2011-11-05,,,"$725,000"
property-apartment-vic-oakleigh-107973336,Oakleigh,3166,8/11 Logie Street,-37.894135,145.089854,2,1,apartment,1,2011-11-04,,,"$420,000"
property-house-vic-oakleigh-108044966,Oakleigh,3166,30 Abbeygate Street,-37.906956,145.09009,2,1,house,2,2011-10-22,,,Contact agent
property-house-vic-oakleigh-107604552,Oakleigh,3166,1476 Dandenong Road,-37.896801,145.097993,3,1,house,1,2011-10-21,,,Contact agent
property-house-vic-oakleigh-107893891,Oakleigh,3166,6 Merbow Street,-37.901334,145.099615,4,1,house,2,2011-10-15,660,m2,"$751,000"
property-house-vic-oakleigh-107520835,Oakleigh,3166,35 Westgate Street,-37.906514,145.086377,3,1,house,2,2011-08-25,,,"$687,000"
property-unit-vic-oakleigh-107397415,Oakleigh,3166,1/26 Golflinks Avenue,-37.906564,145.091816,2,1,unit,2,2011-08-06,,,"$411,000"
property-house-vic-oakleigh-107540929,Oakleigh,3166,13 Grant Street,-37.897835,145.097636,3,1,house,1,2011-08-06,,,Contact agent
property-house-vic-oakleigh-107480493,Oakleigh,3166,38 Heath Avenue,-37.902314,145.099944,3,1,house,2,2011-08-01,,,Contact agent
property-house-vic-oakleigh-107458684,Oakleigh,3166,4/22 Golflinks Avenue,-37.906253,145.091492,2,1,house,1,2011-07-09,,,Contact agent
property-house-vic-oakleigh-107395995,Oakleigh,3166,5 Norfolk Avenue,-37.898751,145.100255,3,1,house,3,2011-07-07,604,m2,"$620,000"
property-house-vic-oakleigh-107448108,Oakleigh,3166,9 Taylor Street,-37.895492,145.09178,4,2,house,4,2011-06-25,,,Contact agent
property-townhouse-vic-oakleigh-107424696,Oakleigh,3166,5/167 Atherton Road,-37.900109,145.102147,2,1,townhouse,1,2011-06-18,,,"$395,000"
property-house-vic-oakleigh-107203804,Oakleigh,3166,1151 North Road,-37.909657,145.088631,4,1,house,1,2011-05-31,,,Contact agent
property-townhouse-vic-oakleigh-107278753,Oakleigh,3166,2/13 Heath Avenue,-37.901194,145.09735,3,2,townhouse,2,2011-05-18,,,Contact agent
property-house-vic-oakleigh-107272676,Oakleigh,3166,3 Hargreaves Street,-37.908493,145.104802,4,2,house,2,2011-04-16,,,Contact agent
property-apartment-vic-oakleigh-107233946,Oakleigh,3166,4/122 Atherton Road,-37.900366,145.097338,2,1,apartment,1,2011-04-02,,,"$415,000"
property-house-vic-oakleigh-107240229,Oakleigh,3166,3 Fenton Street,-37.905492,145.110518,3,1,house,2,2011-04-02,,,Contact agent
property-house-vic-oakleigh-107206291,Oakleigh,3166,79 Greville Street,-37.906504,145.113526,2,1,house,2,2011-04-01,,,Contact agent
property-house-vic-oakleigh-107097382,Oakleigh,3166,61 Hatter Street,-37.909017,145.086949,3,1,house,6,2011-03-28,,,"$720,002"
property-house-vic-oakleigh-107207651,Oakleigh,3166,22 Palmerston Grove,-37.897139,145.091757,3,1,house,2,2011-03-26,,,Contact agent
property-house-vic-oakleigh-107215838,Oakleigh,3166,148 Warrigal Road,-37.906642,145.085923,1,1,house,2,2011-03-17,,,Contact agent
property-house-vic-oakleigh-107019466,Oakleigh,3166,3 Logie Court,-37.894818,145.094098,3,1,house,2,2011-03-05,,,"$735,000"
property-house-vic-oakleigh-107139687,Oakleigh,3166,61 Eastgate Street,-37.909,145.088004,3,1,house,1,2011-03-05,,,"$710,000"
property-house-vic-oakleigh-107128545,Oakleigh,3166,16 Downing Street,-37.900515,145.094116,2,1,house,1,2011-02-26,,,Contact agent
property-house-vic-oakleigh-107185311,Oakleigh,3166,39 Hargreaves Street,-37.908953,145.109033,3,1,house,2,2011-02-16,,,Contact agent
property-house-vic-oakleigh-107100840,Oakleigh,3166,2 Vernon Street,-37.904571,145.105446,3,2,house,4,2011-02-12,,,"$730,000"
property-house-vic-oakleigh-107023521,Oakleigh,3166,32 Andrew Street,-37.909065,145.094273,3,1,house,1,2011-01-25,,,Contact agent
property-house-vic-oakleigh-107043898,Oakleigh,3166,27 Hatter Street,-37.90606,145.087512,4,2,house,2,2010-12-24,,,"$935,000"
property-house-vic-oakleigh-107045817,Oakleigh,3166,156 Warrigal Road,-37.907426,145.085783,3,1,house,2,2010-12-19,,,"$535,000"
property-house-vic-oakleigh-106917586,Oakleigh,3166,24 Hatter Street,-37.905801,145.088109,4,2,house,2,2010-12-03,,,"$880,000"
property-apartment-vic-oakleigh-106973119,Oakleigh,3166,4/167 Atherton Rd,-37.900272,145.102145,2,1,apartment,1,2010-11-30,,,Contact agent
property-house-vic-oakleigh-106932028,Oakleigh,3166,7 Estelle Street,-37.892386,145.101715,3,1,house,4,2010-11-26,,,"$540,000"
property-apartment-vic-oakleigh-106982572,Oakleigh,3166,5A/79 Atherton Road,-37.898852,145.09391,2,1,apartment,1,2010-11-23,,,Contact agent
property-house-vic-oakleigh-106936685,Oakleigh,3166,21 Queens Avenue,-37.903679,145.088391,3,2,house,2,2010-11-20,,,"$975,000"
property-house-vic-oakleigh-106917133,Oakleigh,3166,6/8-10 Palmerston Grove,-37.897895,145.091724,3,1,house,1,2010-11-10,,,Contact agent
property-apartment-vic-oakleigh-106913823,Oakleigh,3166,19/79 Atherton Road,-37.898852,145.09391,2,1,apartment,1,2010-10-31,,,Contact agent
property-house-vic-oakleigh-106883444,Oakleigh,3166,3 Parer Street,-37.908954,145.098048,3,1,house,2,2010-10-30,,,"$765,000"
property-house-vic-oakleigh-106898604,Oakleigh,3166,12 Ross St,-37.907579,145.105922,3,2,house,2,2010-10-21,,,"Range: $595,000 - $695,000"
property-house-vic-oakleigh-106858190,Oakleigh,3166,3 Norfolk Ave,-37.898634,145.10028,2,1,house,2,2010-10-12,,,"$684,214"